ISO-10303-21;
HEADER;
FILE_DESCRIPTION(('KiCad electronic assembly'),'2;1');
FILE_NAME('KVL+KCL.step','2026-01-20T18:58:01',('Pcbnew'),('Kicad'),
  'Open CASCADE STEP processor 7.9','KiCad to STEP converter','Unknown'
  );
FILE_SCHEMA(('AUTOMOTIVE_DESIGN { 1 0 10303 214 1 1 1 1 }'));
ENDSEC;
DATA;
#1 = APPLICATION_PROTOCOL_DEFINITION('international standard',
  'automotive_design',2000,#2);
#2 = APPLICATION_CONTEXT(
  'core data for automotive mechanical design processes');
#3 = SHAPE_DEFINITION_REPRESENTATION(#4,#10);
#4 = PRODUCT_DEFINITION_SHAPE('','',#5);
#5 = PRODUCT_DEFINITION('design','',#6,#9);
#6 = PRODUCT_DEFINITION_FORMATION('','',#7);
#7 = PRODUCT('KVL+KCL 1','KVL+KCL 1','',(#8));
#8 = PRODUCT_CONTEXT('',#2,'mechanical');
#9 = PRODUCT_DEFINITION_CONTEXT('part definition',#2,'design');
#10 = SHAPE_REPRESENTATION('',(#11,#15,#19,#23,#27,#31,#35,#39,#43,#47,
    #51,#55),#59);
#11 = AXIS2_PLACEMENT_3D('',#12,#13,#14);
#12 = CARTESIAN_POINT('',(0.,0.,0.));
#13 = DIRECTION('',(0.,0.,1.));
#14 = DIRECTION('',(1.,0.,-0.));
#15 = AXIS2_PLACEMENT_3D('',#16,#17,#18);
#16 = CARTESIAN_POINT('',(222.509872,-107.490128,1.595));
#17 = DIRECTION('',(0.,-0.,1.));
#18 = DIRECTION('',(0.707106781187,0.707106781187,0.));
#19 = AXIS2_PLACEMENT_3D('',#20,#21,#22);
#20 = CARTESIAN_POINT('',(143.475,-46.,1.595));
#21 = DIRECTION('',(0.,0.,1.));
#22 = DIRECTION('',(1.,0.,0.));
#23 = AXIS2_PLACEMENT_3D('',#24,#25,#26);
#24 = CARTESIAN_POINT('',(202.,-85.475,1.595));
#25 = DIRECTION('',(-0.,0.,1.));
#26 = DIRECTION('',(1.110223024625E-16,-1.,0.));
#27 = AXIS2_PLACEMENT_3D('',#28,#29,#30);
#28 = CARTESIAN_POINT('',(179.264808,-68.735192,1.595));
#29 = DIRECTION('',(0.,0.,1.));
#30 = DIRECTION('',(-0.707106781187,-0.707106781187,0.));
#31 = AXIS2_PLACEMENT_3D('',#32,#33,#34);
#32 = CARTESIAN_POINT('',(224.735192,-68.735192,1.595));
#33 = DIRECTION('',(-0.,0.,1.));
#34 = DIRECTION('',(0.707106781187,-0.707106781187,0.));
#35 = AXIS2_PLACEMENT_3D('',#36,#37,#38);
#36 = CARTESIAN_POINT('',(143.525,-127.873,1.595));
#37 = DIRECTION('',(0.,0.,1.));
#38 = DIRECTION('',(-1.,1.224646799147E-16,0.));
#39 = AXIS2_PLACEMENT_3D('',#40,#41,#42);
#40 = CARTESIAN_POINT('',(93.3,-128.,1.595));
#41 = DIRECTION('',(0.,0.,1.));
#42 = DIRECTION('',(1.,0.,0.));
#43 = AXIS2_PLACEMENT_3D('',#44,#45,#46);
#44 = CARTESIAN_POINT('',(57.997306,-87.,1.595));
#45 = DIRECTION('',(0.,0.,1.));
#46 = DIRECTION('',(-2.334869823773E-16,1.,0.));
#47 = AXIS2_PLACEMENT_3D('',#48,#49,#50);
#48 = CARTESIAN_POINT('',(172.509872,-98.509872,1.595));
#49 = DIRECTION('',(-0.,0.,1.));
#50 = DIRECTION('',(0.707106781187,-0.707106781187,0.));
#51 = AXIS2_PLACEMENT_3D('',#52,#53,#54);
#52 = CARTESIAN_POINT('',(93.65,-46.,1.595));
#53 = DIRECTION('',(0.,0.,1.));
#54 = DIRECTION('',(1.,0.,0.));
#55 = AXIS2_PLACEMENT_3D('',#56,#57,#58);
#56 = CARTESIAN_POINT('',(0.,0.,0.));
#57 = DIRECTION('',(0.,0.,1.));
#58 = DIRECTION('',(1.,0.,-0.));
#59 = ( GEOMETRIC_REPRESENTATION_CONTEXT(3) 
GLOBAL_UNCERTAINTY_ASSIGNED_CONTEXT((#63)) GLOBAL_UNIT_ASSIGNED_CONTEXT(
(#60,#61,#62)) REPRESENTATION_CONTEXT('Context #1',
  '3D Context with UNIT and UNCERTAINTY') );
#60 = ( LENGTH_UNIT() NAMED_UNIT(*) SI_UNIT(.MILLI.,.METRE.) );
#61 = ( NAMED_UNIT(*) PLANE_ANGLE_UNIT() SI_UNIT($,.RADIAN.) );
#62 = ( NAMED_UNIT(*) SI_UNIT($,.STERADIAN.) SOLID_ANGLE_UNIT() );
#63 = UNCERTAINTY_MEASURE_WITH_UNIT(LENGTH_MEASURE(1.E-06),#60,
  'distance_accuracy_value','confusion accuracy');
#64 = PRODUCT_RELATED_PRODUCT_CATEGORY('part',$,(#7));
#65 = SHAPE_DEFINITION_REPRESENTATION(#66,#72);
#66 = PRODUCT_DEFINITION_SHAPE('','',#67);
#67 = PRODUCT_DEFINITION('design','',#68,#71);
#68 = PRODUCT_DEFINITION_FORMATION('','',#69);
#69 = PRODUCT('R_Axial_DIN0309_L9.0mm_D3.2mm_P12.70mm_Horizontal',
  'R_Axial_DIN0309_L9.0mm_D3.2mm_P12.70mm_Horizontal','',(#70));
#70 = PRODUCT_CONTEXT('',#2,'mechanical');
#71 = PRODUCT_DEFINITION_CONTEXT('part definition',#2,'design');
#72 = ADVANCED_BREP_SHAPE_REPRESENTATION('',(#11,#73),#460);
#73 = MANIFOLD_SOLID_BREP('',#74);
#74 = CLOSED_SHELL('',(#75,#108,#134,#154,#174,#199,#224,#244,#270,#295,
    #320,#346,#355,#375,#400,#426,#451));
#75 = ADVANCED_FACE('',(#76),#103,.T.);
#76 = FACE_BOUND('',#77,.T.);
#77 = EDGE_LOOP('',(#78,#87,#95,#102));
#78 = ORIENTED_EDGE('',*,*,#79,.T.);
#79 = EDGE_CURVE('',#80,#80,#82,.T.);
#80 = VERTEX_POINT('',#81);
#81 = CARTESIAN_POINT('',(2.65,1.6,1.6));
#82 = CIRCLE('',#83,1.6);
#83 = AXIS2_PLACEMENT_3D('',#84,#85,#86);
#84 = CARTESIAN_POINT('',(2.65,0.,1.6));
#85 = DIRECTION('',(1.,0.,0.));
#86 = DIRECTION('',(-0.,1.,0.));
#87 = ORIENTED_EDGE('',*,*,#88,.T.);
#88 = EDGE_CURVE('',#80,#89,#91,.T.);
#89 = VERTEX_POINT('',#90);
#90 = CARTESIAN_POINT('',(4.1,1.6,1.6));
#91 = LINE('',#92,#93);
#92 = CARTESIAN_POINT('',(1.85,1.6,1.6));
#93 = VECTOR('',#94,1.);
#94 = DIRECTION('',(1.,0.,0.));
#95 = ORIENTED_EDGE('',*,*,#96,.F.);
#96 = EDGE_CURVE('',#89,#89,#97,.T.);
#97 = CIRCLE('',#98,1.6);
#98 = AXIS2_PLACEMENT_3D('',#99,#100,#101);
#99 = CARTESIAN_POINT('',(4.1,0.,1.6));
#100 = DIRECTION('',(1.,0.,0.));
#101 = DIRECTION('',(-0.,1.,0.));
#102 = ORIENTED_EDGE('',*,*,#88,.F.);
#103 = CYLINDRICAL_SURFACE('',#104,1.6);
#104 = AXIS2_PLACEMENT_3D('',#105,#106,#107);
#105 = CARTESIAN_POINT('',(1.85,0.,1.6));
#106 = DIRECTION('',(-1.,-0.,-0.));
#107 = DIRECTION('',(0.,1.,0.));
#108 = ADVANCED_FACE('',(#109),#129,.T.);
#109 = FACE_BOUND('',#110,.T.);
#110 = EDGE_LOOP('',(#111,#120,#127,#128));
#111 = ORIENTED_EDGE('',*,*,#112,.T.);
#112 = EDGE_CURVE('',#113,#113,#115,.T.);
#113 = VERTEX_POINT('',#114);
#114 = CARTESIAN_POINT('',(1.85,0.8,1.6));
#115 = CIRCLE('',#116,0.8);
#116 = AXIS2_PLACEMENT_3D('',#117,#118,#119);
#117 = CARTESIAN_POINT('',(1.85,0.,1.6));
#118 = DIRECTION('',(1.,0.,0.));
#119 = DIRECTION('',(-0.,1.,0.));
#120 = ORIENTED_EDGE('',*,*,#121,.F.);
#121 = EDGE_CURVE('',#80,#113,#122,.T.);
#122 = CIRCLE('',#123,0.8);
#123 = AXIS2_PLACEMENT_3D('',#124,#125,#126);
#124 = CARTESIAN_POINT('',(2.65,0.8,1.6));
#125 = DIRECTION('',(0.,-0.,1.));
#126 = DIRECTION('',(0.,1.,0.));
#127 = ORIENTED_EDGE('',*,*,#79,.F.);
#128 = ORIENTED_EDGE('',*,*,#121,.T.);
#129 = TOROIDAL_SURFACE('',#130,0.8,0.8);
#130 = AXIS2_PLACEMENT_3D('',#131,#132,#133);
#131 = CARTESIAN_POINT('',(2.65,0.,1.6));
#132 = DIRECTION('',(-1.,0.,0.));
#133 = DIRECTION('',(0.,1.,0.));
#134 = ADVANCED_FACE('',(#135,#138),#149,.F.);
#135 = FACE_BOUND('',#136,.F.);
#136 = EDGE_LOOP('',(#137));
#137 = ORIENTED_EDGE('',*,*,#96,.F.);
#138 = FACE_BOUND('',#139,.F.);
#139 = EDGE_LOOP('',(#140));
#140 = ORIENTED_EDGE('',*,*,#141,.F.);
#141 = EDGE_CURVE('',#142,#142,#144,.T.);
#142 = VERTEX_POINT('',#143);
#143 = CARTESIAN_POINT('',(4.1,1.44,1.6));
#144 = CIRCLE('',#145,1.44);
#145 = AXIS2_PLACEMENT_3D('',#146,#147,#148);
#146 = CARTESIAN_POINT('',(4.1,0.,1.6));
#147 = DIRECTION('',(-1.,0.,0.));
#148 = DIRECTION('',(0.,1.,0.));
#149 = PLANE('',#150);
#150 = AXIS2_PLACEMENT_3D('',#151,#152,#153);
#151 = CARTESIAN_POINT('',(4.1,1.6,1.6));
#152 = DIRECTION('',(-1.,0.,0.));
#153 = DIRECTION('',(0.,0.,-1.));
#154 = ADVANCED_FACE('',(#155,#158),#169,.T.);
#155 = FACE_BOUND('',#156,.T.);
#156 = EDGE_LOOP('',(#157));
#157 = ORIENTED_EDGE('',*,*,#112,.F.);
#158 = FACE_BOUND('',#159,.T.);
#159 = EDGE_LOOP('',(#160));
#160 = ORIENTED_EDGE('',*,*,#161,.T.);
#161 = EDGE_CURVE('',#162,#162,#164,.T.);
#162 = VERTEX_POINT('',#163);
#163 = CARTESIAN_POINT('',(1.85,0.,1.25));
#164 = CIRCLE('',#165,0.35);
#165 = AXIS2_PLACEMENT_3D('',#166,#167,#168);
#166 = CARTESIAN_POINT('',(1.85,0.,1.6));
#167 = DIRECTION('',(1.,-0.,0.));
#168 = DIRECTION('',(0.,0.,-1.));
#169 = PLANE('',#170);
#170 = AXIS2_PLACEMENT_3D('',#171,#172,#173);
#171 = CARTESIAN_POINT('',(1.85,1.6,1.6));
#172 = DIRECTION('',(-1.,0.,0.));
#173 = DIRECTION('',(0.,0.,-1.));
#174 = ADVANCED_FACE('',(#175),#194,.T.);
#175 = FACE_BOUND('',#176,.T.);
#176 = EDGE_LOOP('',(#177,#186,#192,#193));
#177 = ORIENTED_EDGE('',*,*,#178,.T.);
#178 = EDGE_CURVE('',#179,#179,#181,.T.);
#179 = VERTEX_POINT('',#180);
#180 = CARTESIAN_POINT('',(8.6,1.44,1.6));
#181 = CIRCLE('',#182,1.44);
#182 = AXIS2_PLACEMENT_3D('',#183,#184,#185);
#183 = CARTESIAN_POINT('',(8.6,0.,1.6));
#184 = DIRECTION('',(-1.,0.,0.));
#185 = DIRECTION('',(0.,1.,0.));
#186 = ORIENTED_EDGE('',*,*,#187,.F.);
#187 = EDGE_CURVE('',#142,#179,#188,.T.);
#188 = LINE('',#189,#190);
#189 = CARTESIAN_POINT('',(1.85,1.44,1.6));
#190 = VECTOR('',#191,1.);
#191 = DIRECTION('',(1.,0.,0.));
#192 = ORIENTED_EDGE('',*,*,#141,.F.);
#193 = ORIENTED_EDGE('',*,*,#187,.T.);
#194 = CYLINDRICAL_SURFACE('',#195,1.44);
#195 = AXIS2_PLACEMENT_3D('',#196,#197,#198);
#196 = CARTESIAN_POINT('',(1.85,0.,1.6));
#197 = DIRECTION('',(-1.,-0.,-0.));
#198 = DIRECTION('',(0.,1.,0.));
#199 = ADVANCED_FACE('',(#200),#219,.T.);
#200 = FACE_BOUND('',#201,.T.);
#201 = EDGE_LOOP('',(#202,#211,#217,#218));
#202 = ORIENTED_EDGE('',*,*,#203,.F.);
#203 = EDGE_CURVE('',#204,#204,#206,.T.);
#204 = VERTEX_POINT('',#205);
#205 = CARTESIAN_POINT('',(1.05,0.,1.25));
#206 = CIRCLE('',#207,0.35);
#207 = AXIS2_PLACEMENT_3D('',#208,#209,#210);
#208 = CARTESIAN_POINT('',(1.05,0.,1.6));
#209 = DIRECTION('',(-1.,0.,6.049014748177E-16));
#210 = DIRECTION('',(6.049014748177E-16,0.,1.));
#211 = ORIENTED_EDGE('',*,*,#212,.T.);
#212 = EDGE_CURVE('',#204,#162,#213,.T.);
#213 = LINE('',#214,#215);
#214 = CARTESIAN_POINT('',(1.05,0.,1.25));
#215 = VECTOR('',#216,1.);
#216 = DIRECTION('',(1.,0.,0.));
#217 = ORIENTED_EDGE('',*,*,#161,.F.);
#218 = ORIENTED_EDGE('',*,*,#212,.F.);
#219 = CYLINDRICAL_SURFACE('',#220,0.35);
#220 = AXIS2_PLACEMENT_3D('',#221,#222,#223);
#221 = CARTESIAN_POINT('',(1.05,0.,1.6));
#222 = DIRECTION('',(1.,0.,0.));
#223 = DIRECTION('',(0.,0.,-1.));
#224 = ADVANCED_FACE('',(#225,#236),#239,.T.);
#225 = FACE_BOUND('',#226,.T.);
#226 = EDGE_LOOP('',(#227));
#227 = ORIENTED_EDGE('',*,*,#228,.F.);
#228 = EDGE_CURVE('',#229,#229,#231,.T.);
#229 = VERTEX_POINT('',#230);
#230 = CARTESIAN_POINT('',(8.6,1.6,1.6));
#231 = CIRCLE('',#232,1.6);
#232 = AXIS2_PLACEMENT_3D('',#233,#234,#235);
#233 = CARTESIAN_POINT('',(8.6,0.,1.6));
#234 = DIRECTION('',(1.,0.,0.));
#235 = DIRECTION('',(-0.,1.,0.));
#236 = FACE_BOUND('',#237,.T.);
#237 = EDGE_LOOP('',(#238));
#238 = ORIENTED_EDGE('',*,*,#178,.F.);
#239 = PLANE('',#240);
#240 = AXIS2_PLACEMENT_3D('',#241,#242,#243);
#241 = CARTESIAN_POINT('',(8.6,1.6,1.6));
#242 = DIRECTION('',(-1.,0.,0.));
#243 = DIRECTION('',(0.,0.,-1.));
#244 = ADVANCED_FACE('',(#245),#265,.T.);
#245 = FACE_BOUND('',#246,.T.);
#246 = EDGE_LOOP('',(#247,#256,#257,#258));
#247 = ORIENTED_EDGE('',*,*,#248,.T.);
#248 = EDGE_CURVE('',#249,#204,#251,.T.);
#249 = VERTEX_POINT('',#250);
#250 = CARTESIAN_POINT('',(0.35,0.,0.55));
#251 = CIRCLE('',#252,0.7);
#252 = AXIS2_PLACEMENT_3D('',#253,#254,#255);
#253 = CARTESIAN_POINT('',(1.05,1.285879139105E-16,0.55));
#254 = DIRECTION('',(0.,1.,-0.));
#255 = DIRECTION('',(-1.,0.,0.));
#256 = ORIENTED_EDGE('',*,*,#203,.T.);
#257 = ORIENTED_EDGE('',*,*,#248,.F.);
#258 = ORIENTED_EDGE('',*,*,#259,.T.);
#259 = EDGE_CURVE('',#249,#249,#260,.T.);
#260 = CIRCLE('',#261,0.35);
#261 = AXIS2_PLACEMENT_3D('',#262,#263,#264);
#262 = CARTESIAN_POINT('',(0.,0.,0.55));
#263 = DIRECTION('',(0.,0.,1.));
#264 = DIRECTION('',(1.,0.,-0.));
#265 = TOROIDAL_SURFACE('',#266,1.05,0.35);
#266 = AXIS2_PLACEMENT_3D('',#267,#268,#269);
#267 = CARTESIAN_POINT('',(1.05,0.,0.55));
#268 = DIRECTION('',(0.,1.,0.));
#269 = DIRECTION('',(-1.,0.,0.));
#270 = ADVANCED_FACE('',(#271),#290,.T.);
#271 = FACE_BOUND('',#272,.T.);
#272 = EDGE_LOOP('',(#273,#274,#282,#289));
#273 = ORIENTED_EDGE('',*,*,#228,.T.);
#274 = ORIENTED_EDGE('',*,*,#275,.T.);
#275 = EDGE_CURVE('',#229,#276,#278,.T.);
#276 = VERTEX_POINT('',#277);
#277 = CARTESIAN_POINT('',(10.05,1.6,1.6));
#278 = LINE('',#279,#280);
#279 = CARTESIAN_POINT('',(8.6,1.6,1.6));
#280 = VECTOR('',#281,1.);
#281 = DIRECTION('',(1.,0.,0.));
#282 = ORIENTED_EDGE('',*,*,#283,.F.);
#283 = EDGE_CURVE('',#276,#276,#284,.T.);
#284 = CIRCLE('',#285,1.6);
#285 = AXIS2_PLACEMENT_3D('',#286,#287,#288);
#286 = CARTESIAN_POINT('',(10.05,0.,1.6));
#287 = DIRECTION('',(1.,0.,0.));
#288 = DIRECTION('',(-0.,1.,0.));
#289 = ORIENTED_EDGE('',*,*,#275,.F.);
#290 = CYLINDRICAL_SURFACE('',#291,1.6);
#291 = AXIS2_PLACEMENT_3D('',#292,#293,#294);
#292 = CARTESIAN_POINT('',(8.6,0.,1.6));
#293 = DIRECTION('',(-1.,-0.,-0.));
#294 = DIRECTION('',(0.,1.,0.));
#295 = ADVANCED_FACE('',(#296),#315,.T.);
#296 = FACE_BOUND('',#297,.T.);
#297 = EDGE_LOOP('',(#298,#306,#307,#308));
#298 = ORIENTED_EDGE('',*,*,#299,.T.);
#299 = EDGE_CURVE('',#300,#249,#302,.T.);
#300 = VERTEX_POINT('',#301);
#301 = CARTESIAN_POINT('',(0.35,-8.572527594031E-17,-3.));
#302 = LINE('',#303,#304);
#303 = CARTESIAN_POINT('',(0.35,0.,-3.));
#304 = VECTOR('',#305,1.);
#305 = DIRECTION('',(0.,0.,1.));
#306 = ORIENTED_EDGE('',*,*,#259,.F.);
#307 = ORIENTED_EDGE('',*,*,#299,.F.);
#308 = ORIENTED_EDGE('',*,*,#309,.T.);
#309 = EDGE_CURVE('',#300,#300,#310,.T.);
#310 = CIRCLE('',#311,0.35);
#311 = AXIS2_PLACEMENT_3D('',#312,#313,#314);
#312 = CARTESIAN_POINT('',(0.,0.,-3.));
#313 = DIRECTION('',(0.,0.,1.));
#314 = DIRECTION('',(1.,0.,-0.));
#315 = CYLINDRICAL_SURFACE('',#316,0.35);
#316 = AXIS2_PLACEMENT_3D('',#317,#318,#319);
#317 = CARTESIAN_POINT('',(0.,0.,-3.));
#318 = DIRECTION('',(0.,0.,1.));
#319 = DIRECTION('',(1.,0.,-0.));
#320 = ADVANCED_FACE('',(#321),#341,.T.);
#321 = FACE_BOUND('',#322,.T.);
#322 = EDGE_LOOP('',(#323,#332,#333,#334));
#323 = ORIENTED_EDGE('',*,*,#324,.F.);
#324 = EDGE_CURVE('',#276,#325,#327,.T.);
#325 = VERTEX_POINT('',#326);
#326 = CARTESIAN_POINT('',(10.85,0.8,1.6));
#327 = CIRCLE('',#328,0.8);
#328 = AXIS2_PLACEMENT_3D('',#329,#330,#331);
#329 = CARTESIAN_POINT('',(10.05,0.8,1.6));
#330 = DIRECTION('',(0.,0.,-1.));
#331 = DIRECTION('',(0.,1.,0.));
#332 = ORIENTED_EDGE('',*,*,#283,.T.);
#333 = ORIENTED_EDGE('',*,*,#324,.T.);
#334 = ORIENTED_EDGE('',*,*,#335,.F.);
#335 = EDGE_CURVE('',#325,#325,#336,.T.);
#336 = CIRCLE('',#337,0.8);
#337 = AXIS2_PLACEMENT_3D('',#338,#339,#340);
#338 = CARTESIAN_POINT('',(10.85,0.,1.6));
#339 = DIRECTION('',(1.,0.,0.));
#340 = DIRECTION('',(-0.,1.,0.));
#341 = TOROIDAL_SURFACE('',#342,0.8,0.8);
#342 = AXIS2_PLACEMENT_3D('',#343,#344,#345);
#343 = CARTESIAN_POINT('',(10.05,0.,1.6));
#344 = DIRECTION('',(1.,0.,0.));
#345 = DIRECTION('',(-0.,1.,0.));
#346 = ADVANCED_FACE('',(#347),#350,.T.);
#347 = FACE_BOUND('',#348,.F.);
#348 = EDGE_LOOP('',(#349));
#349 = ORIENTED_EDGE('',*,*,#309,.T.);
#350 = PLANE('',#351);
#351 = AXIS2_PLACEMENT_3D('',#352,#353,#354);
#352 = CARTESIAN_POINT('',(0.35,0.,-3.));
#353 = DIRECTION('',(0.,0.,-1.));
#354 = DIRECTION('',(-1.,0.,0.));
#355 = ADVANCED_FACE('',(#356,#359),#370,.F.);
#356 = FACE_BOUND('',#357,.F.);
#357 = EDGE_LOOP('',(#358));
#358 = ORIENTED_EDGE('',*,*,#335,.F.);
#359 = FACE_BOUND('',#360,.F.);
#360 = EDGE_LOOP('',(#361));
#361 = ORIENTED_EDGE('',*,*,#362,.T.);
#362 = EDGE_CURVE('',#363,#363,#365,.T.);
#363 = VERTEX_POINT('',#364);
#364 = CARTESIAN_POINT('',(10.85,0.,1.25));
#365 = CIRCLE('',#366,0.35);
#366 = AXIS2_PLACEMENT_3D('',#367,#368,#369);
#367 = CARTESIAN_POINT('',(10.85,0.,1.6));
#368 = DIRECTION('',(1.,-0.,0.));
#369 = DIRECTION('',(0.,0.,-1.));
#370 = PLANE('',#371);
#371 = AXIS2_PLACEMENT_3D('',#372,#373,#374);
#372 = CARTESIAN_POINT('',(10.85,1.6,1.6));
#373 = DIRECTION('',(-1.,0.,0.));
#374 = DIRECTION('',(0.,0.,-1.));
#375 = ADVANCED_FACE('',(#376),#395,.T.);
#376 = FACE_BOUND('',#377,.T.);
#377 = EDGE_LOOP('',(#378,#379,#387,#394));
#378 = ORIENTED_EDGE('',*,*,#362,.T.);
#379 = ORIENTED_EDGE('',*,*,#380,.T.);
#380 = EDGE_CURVE('',#363,#381,#383,.T.);
#381 = VERTEX_POINT('',#382);
#382 = CARTESIAN_POINT('',(11.65,0.,1.25));
#383 = LINE('',#384,#385);
#384 = CARTESIAN_POINT('',(1.05,0.,1.25));
#385 = VECTOR('',#386,1.);
#386 = DIRECTION('',(1.,0.,0.));
#387 = ORIENTED_EDGE('',*,*,#388,.F.);
#388 = EDGE_CURVE('',#381,#381,#389,.T.);
#389 = CIRCLE('',#390,0.35);
#390 = AXIS2_PLACEMENT_3D('',#391,#392,#393);
#391 = CARTESIAN_POINT('',(11.65,0.,1.6));
#392 = DIRECTION('',(1.,-0.,0.));
#393 = DIRECTION('',(0.,0.,-1.));
#394 = ORIENTED_EDGE('',*,*,#380,.F.);
#395 = CYLINDRICAL_SURFACE('',#396,0.35);
#396 = AXIS2_PLACEMENT_3D('',#397,#398,#399);
#397 = CARTESIAN_POINT('',(1.05,0.,1.6));
#398 = DIRECTION('',(1.,0.,0.));
#399 = DIRECTION('',(0.,0.,-1.));
#400 = ADVANCED_FACE('',(#401),#421,.T.);
#401 = FACE_BOUND('',#402,.T.);
#402 = EDGE_LOOP('',(#403,#412,#419,#420));
#403 = ORIENTED_EDGE('',*,*,#404,.T.);
#404 = EDGE_CURVE('',#381,#405,#407,.T.);
#405 = VERTEX_POINT('',#406);
#406 = CARTESIAN_POINT('',(12.35,0.,0.55));
#407 = CIRCLE('',#408,0.7);
#408 = AXIS2_PLACEMENT_3D('',#409,#410,#411);
#409 = CARTESIAN_POINT('',(11.65,1.285879139105E-16,0.55));
#410 = DIRECTION('',(0.,1.,0.));
#411 = DIRECTION('',(0.,-0.,1.));
#412 = ORIENTED_EDGE('',*,*,#413,.T.);
#413 = EDGE_CURVE('',#405,#405,#414,.T.);
#414 = CIRCLE('',#415,0.35);
#415 = AXIS2_PLACEMENT_3D('',#416,#417,#418);
#416 = CARTESIAN_POINT('',(12.7,0.,0.55));
#417 = DIRECTION('',(-1.171455364583E-15,0.,1.));
#418 = DIRECTION('',(1.,0.,1.171455364583E-15));
#419 = ORIENTED_EDGE('',*,*,#404,.F.);
#420 = ORIENTED_EDGE('',*,*,#388,.T.);
#421 = TOROIDAL_SURFACE('',#422,1.05,0.35);
#422 = AXIS2_PLACEMENT_3D('',#423,#424,#425);
#423 = CARTESIAN_POINT('',(11.65,0.,0.55));
#424 = DIRECTION('',(0.,1.,0.));
#425 = DIRECTION('',(0.,-0.,1.));
#426 = ADVANCED_FACE('',(#427),#446,.T.);
#427 = FACE_BOUND('',#428,.T.);
#428 = EDGE_LOOP('',(#429,#437,#444,#445));
#429 = ORIENTED_EDGE('',*,*,#430,.T.);
#430 = EDGE_CURVE('',#405,#431,#433,.T.);
#431 = VERTEX_POINT('',#432);
#432 = CARTESIAN_POINT('',(12.35,-8.572527594031E-17,-3.));
#433 = LINE('',#434,#435);
#434 = CARTESIAN_POINT('',(12.35,0.,0.55));
#435 = VECTOR('',#436,1.);
#436 = DIRECTION('',(0.,0.,-1.));
#437 = ORIENTED_EDGE('',*,*,#438,.F.);
#438 = EDGE_CURVE('',#431,#431,#439,.T.);
#439 = CIRCLE('',#440,0.35);
#440 = AXIS2_PLACEMENT_3D('',#441,#442,#443);
#441 = CARTESIAN_POINT('',(12.7,0.,-3.));
#442 = DIRECTION('',(0.,0.,-1.));
#443 = DIRECTION('',(-1.,0.,0.));
#444 = ORIENTED_EDGE('',*,*,#430,.F.);
#445 = ORIENTED_EDGE('',*,*,#413,.F.);
#446 = CYLINDRICAL_SURFACE('',#447,0.35);
#447 = AXIS2_PLACEMENT_3D('',#448,#449,#450);
#448 = CARTESIAN_POINT('',(12.7,0.,0.55));
#449 = DIRECTION('',(0.,0.,-1.));
#450 = DIRECTION('',(-1.,0.,0.));
#451 = ADVANCED_FACE('',(#452),#455,.F.);
#452 = FACE_BOUND('',#453,.T.);
#453 = EDGE_LOOP('',(#454));
#454 = ORIENTED_EDGE('',*,*,#438,.T.);
#455 = PLANE('',#456);
#456 = AXIS2_PLACEMENT_3D('',#457,#458,#459);
#457 = CARTESIAN_POINT('',(12.35,0.,-3.));
#458 = DIRECTION('',(0.,0.,1.));
#459 = DIRECTION('',(1.,0.,-0.));
#460 = ( GEOMETRIC_REPRESENTATION_CONTEXT(3) 
GLOBAL_UNCERTAINTY_ASSIGNED_CONTEXT((#464)) GLOBAL_UNIT_ASSIGNED_CONTEXT
((#461,#462,#463)) REPRESENTATION_CONTEXT('Context #1',
  '3D Context with UNIT and UNCERTAINTY') );
#461 = ( LENGTH_UNIT() NAMED_UNIT(*) SI_UNIT(.MILLI.,.METRE.) );
#462 = ( NAMED_UNIT(*) PLANE_ANGLE_UNIT() SI_UNIT($,.RADIAN.) );
#463 = ( NAMED_UNIT(*) SI_UNIT($,.STERADIAN.) SOLID_ANGLE_UNIT() );
#464 = UNCERTAINTY_MEASURE_WITH_UNIT(LENGTH_MEASURE(1.E-07),#461,
  'distance_accuracy_value','confusion accuracy');
#465 = CONTEXT_DEPENDENT_SHAPE_REPRESENTATION(#466,#468);
#466 = ( REPRESENTATION_RELATIONSHIP('','',#72,#10) 
REPRESENTATION_RELATIONSHIP_WITH_TRANSFORMATION(#467) 
SHAPE_REPRESENTATION_RELATIONSHIP() );
#467 = ITEM_DEFINED_TRANSFORMATION('','',#11,#15);
#468 = PRODUCT_DEFINITION_SHAPE('Placement','Placement of an item',#469
  );
#469 = NEXT_ASSEMBLY_USAGE_OCCURRENCE('1','R3','',#5,#67,$);
#470 = PRODUCT_RELATED_PRODUCT_CATEGORY('part',$,(#69));
#471 = SHAPE_DEFINITION_REPRESENTATION(#472,#478);
#472 = PRODUCT_DEFINITION_SHAPE('','',#473);
#473 = PRODUCT_DEFINITION('design','',#474,#477);
#474 = PRODUCT_DEFINITION_FORMATION('','',#475);
#475 = PRODUCT('JumperConnector','JumperConnector','',(#476));
#476 = PRODUCT_CONTEXT('',#2,'mechanical');
#477 = PRODUCT_DEFINITION_CONTEXT('part definition',#2,'design');
#478 = SHAPE_REPRESENTATION('',(#11,#479,#483),#487);
#479 = AXIS2_PLACEMENT_3D('',#480,#481,#482);
#480 = CARTESIAN_POINT('',(-9.525,-8.230816393907E-32,
    -1.292400357418E-30));
#481 = DIRECTION('',(-4.163336342344E-17,-1.,-9.347412843036E-16));
#482 = DIRECTION('',(1.,-4.163336342344E-17,-8.673617379884E-16));
#483 = AXIS2_PLACEMENT_3D('',#484,#485,#486);
#484 = CARTESIAN_POINT('',(9.525,-6.181759467828E-15,-1.427325271864E-14
    ));
#485 = DIRECTION('',(-2.189221026683E-15,-1.,-1.84947995304E-15));
#486 = DIRECTION('',(1.,-2.189221026683E-15,-7.47665818146E-16));
#487 = ( GEOMETRIC_REPRESENTATION_CONTEXT(3) 
GLOBAL_UNCERTAINTY_ASSIGNED_CONTEXT((#491)) GLOBAL_UNIT_ASSIGNED_CONTEXT
((#488,#489,#490)) REPRESENTATION_CONTEXT('Context #1',
  '3D Context with UNIT and UNCERTAINTY') );
#488 = ( LENGTH_UNIT() NAMED_UNIT(*) SI_UNIT(.MILLI.,.METRE.) );
#489 = ( NAMED_UNIT(*) PLANE_ANGLE_UNIT() SI_UNIT($,.RADIAN.) );
#490 = ( NAMED_UNIT(*) SI_UNIT($,.STERADIAN.) SOLID_ANGLE_UNIT() );
#491 = UNCERTAINTY_MEASURE_WITH_UNIT(LENGTH_MEASURE(1.E-07),#488,
  'distance_accuracy_value','confusion accuracy');
#492 = CONTEXT_DEPENDENT_SHAPE_REPRESENTATION(#493,#495);
#493 = ( REPRESENTATION_RELATIONSHIP('','',#478,#10) 
REPRESENTATION_RELATIONSHIP_WITH_TRANSFORMATION(#494) 
SHAPE_REPRESENTATION_RELATIONSHIP() );
#494 = ITEM_DEFINED_TRANSFORMATION('','',#11,#19);
#495 = PRODUCT_DEFINITION_SHAPE('Placement','Placement of an item',#496
  );
#496 = NEXT_ASSEMBLY_USAGE_OCCURRENCE('4','J1','',#5,#473,$);
#497 = PRODUCT_RELATED_PRODUCT_CATEGORY('part',$,(#475));
#498 = SHAPE_DEFINITION_REPRESENTATION(#499,#505);
#499 = PRODUCT_DEFINITION_SHAPE('','',#500);
#500 = PRODUCT_DEFINITION('design','',#501,#504);
#501 = PRODUCT_DEFINITION_FORMATION('','',#502);
#502 = PRODUCT('575-8','575-8','',(#503));
#503 = PRODUCT_CONTEXT('',#2,'mechanical');
#504 = PRODUCT_DEFINITION_CONTEXT('part definition',#2,'design');
#505 = ADVANCED_BREP_SHAPE_REPRESENTATION('',(#11,#506),#678);
#506 = MANIFOLD_SOLID_BREP('',#507);
#507 = CLOSED_SHELL('',(#508,#550,#583,#609,#642,#654,#666));
#508 = ADVANCED_FACE('',(#509),#545,.F.);
#509 = FACE_BOUND('',#510,.F.);
#510 = EDGE_LOOP('',(#511,#521,#528,#529,#538));
#511 = ORIENTED_EDGE('',*,*,#512,.T.);
#512 = EDGE_CURVE('',#513,#515,#517,.T.);
#513 = VERTEX_POINT('',#514);
#514 = CARTESIAN_POINT('',(-2.566247367613E-16,0.7874,-2.0955));
#515 = VERTEX_POINT('',#516);
#516 = CARTESIAN_POINT('',(-3.679709958243E-16,2.3622,-3.00471120392));
#517 = LINE('',#518,#519);
#518 = CARTESIAN_POINT('',(-2.566247367613E-16,0.7874,-2.0955));
#519 = VECTOR('',#520,1.);
#520 = DIRECTION('',(-6.123233995737E-17,0.866025403784,-0.5));
#521 = ORIENTED_EDGE('',*,*,#522,.T.);
#522 = EDGE_CURVE('',#515,#515,#523,.T.);
#523 = CIRCLE('',#524,3.00471120392);
#524 = AXIS2_PLACEMENT_3D('',#525,#526,#527);
#525 = CARTESIAN_POINT('',(0.,2.3622,0.));
#526 = DIRECTION('',(0.,-1.,0.));
#527 = DIRECTION('',(0.,0.,1.));
#528 = ORIENTED_EDGE('',*,*,#512,.F.);
#529 = ORIENTED_EDGE('',*,*,#530,.T.);
#530 = EDGE_CURVE('',#513,#531,#533,.T.);
#531 = VERTEX_POINT('',#532);
#532 = CARTESIAN_POINT('',(2.566247367613E-16,0.7874,2.0955));
#533 = CIRCLE('',#534,2.0955);
#534 = AXIS2_PLACEMENT_3D('',#535,#536,#537);
#535 = CARTESIAN_POINT('',(0.,0.7874,0.));
#536 = DIRECTION('',(0.,1.,0.));
#537 = DIRECTION('',(0.,-0.,1.));
#538 = ORIENTED_EDGE('',*,*,#539,.T.);
#539 = EDGE_CURVE('',#531,#513,#540,.T.);
#540 = CIRCLE('',#541,2.0955);
#541 = AXIS2_PLACEMENT_3D('',#542,#543,#544);
#542 = CARTESIAN_POINT('',(0.,0.7874,0.));
#543 = DIRECTION('',(0.,1.,0.));
#544 = DIRECTION('',(0.,-0.,1.));
#545 = CONICAL_SURFACE('',#546,2.0955,0.523598775598);
#546 = AXIS2_PLACEMENT_3D('',#547,#548,#549);
#547 = CARTESIAN_POINT('',(0.,0.7874,0.));
#548 = DIRECTION('',(0.,1.,0.));
#549 = DIRECTION('',(0.,-0.,1.));
#550 = ADVANCED_FACE('',(#551),#578,.T.);
#551 = FACE_BOUND('',#552,.T.);
#552 = EDGE_LOOP('',(#553,#562,#570,#577));
#553 = ORIENTED_EDGE('',*,*,#554,.T.);
#554 = EDGE_CURVE('',#555,#555,#557,.T.);
#555 = VERTEX_POINT('',#556);
#556 = CARTESIAN_POINT('',(-3.157261912882E-16,0.,-2.5781));
#557 = CIRCLE('',#558,2.5781);
#558 = AXIS2_PLACEMENT_3D('',#559,#560,#561);
#559 = CARTESIAN_POINT('',(0.,0.,0.));
#560 = DIRECTION('',(0.,-1.,0.));
#561 = DIRECTION('',(0.,0.,1.));
#562 = ORIENTED_EDGE('',*,*,#563,.T.);
#563 = EDGE_CURVE('',#555,#564,#566,.T.);
#564 = VERTEX_POINT('',#565);
#565 = CARTESIAN_POINT('',(-3.157261912882E-16,-8.89,-2.5781));
#566 = LINE('',#567,#568);
#567 = CARTESIAN_POINT('',(-3.157261912882E-16,-8.89,-2.5781));
#568 = VECTOR('',#569,1.);
#569 = DIRECTION('',(0.,-1.,0.));
#570 = ORIENTED_EDGE('',*,*,#571,.F.);
#571 = EDGE_CURVE('',#564,#564,#572,.T.);
#572 = CIRCLE('',#573,2.5781);
#573 = AXIS2_PLACEMENT_3D('',#574,#575,#576);
#574 = CARTESIAN_POINT('',(0.,-8.89,0.));
#575 = DIRECTION('',(0.,-1.,0.));
#576 = DIRECTION('',(0.,0.,-1.));
#577 = ORIENTED_EDGE('',*,*,#563,.F.);
#578 = CYLINDRICAL_SURFACE('',#579,2.5781);
#579 = AXIS2_PLACEMENT_3D('',#580,#581,#582);
#580 = CARTESIAN_POINT('',(0.,-8.89,0.));
#581 = DIRECTION('',(0.,1.,0.));
#582 = DIRECTION('',(0.,-0.,1.));
#583 = ADVANCED_FACE('',(#584),#604,.F.);
#584 = FACE_BOUND('',#585,.F.);
#585 = EDGE_LOOP('',(#586,#594,#601,#602,#603));
#586 = ORIENTED_EDGE('',*,*,#587,.T.);
#587 = EDGE_CURVE('',#531,#588,#590,.T.);
#588 = VERTEX_POINT('',#589);
#589 = CARTESIAN_POINT('',(-2.566247367613E-16,-8.89,2.0955));
#590 = LINE('',#591,#592);
#591 = CARTESIAN_POINT('',(-2.566247367613E-16,2.3622,2.0955));
#592 = VECTOR('',#593,1.);
#593 = DIRECTION('',(0.,-1.,0.));
#594 = ORIENTED_EDGE('',*,*,#595,.F.);
#595 = EDGE_CURVE('',#588,#588,#596,.T.);
#596 = CIRCLE('',#597,2.0955);
#597 = AXIS2_PLACEMENT_3D('',#598,#599,#600);
#598 = CARTESIAN_POINT('',(0.,-8.89,0.));
#599 = DIRECTION('',(0.,-1.,0.));
#600 = DIRECTION('',(0.,0.,-1.));
#601 = ORIENTED_EDGE('',*,*,#587,.F.);
#602 = ORIENTED_EDGE('',*,*,#530,.F.);
#603 = ORIENTED_EDGE('',*,*,#539,.F.);
#604 = CYLINDRICAL_SURFACE('',#605,2.0955);
#605 = AXIS2_PLACEMENT_3D('',#606,#607,#608);
#606 = CARTESIAN_POINT('',(0.,2.3622,0.));
#607 = DIRECTION('',(0.,-1.,0.));
#608 = DIRECTION('',(0.,0.,-1.));
#609 = ADVANCED_FACE('',(#610),#637,.T.);
#610 = FACE_BOUND('',#611,.T.);
#611 = EDGE_LOOP('',(#612,#621,#629,#636));
#612 = ORIENTED_EDGE('',*,*,#613,.T.);
#613 = EDGE_CURVE('',#614,#614,#616,.T.);
#614 = VERTEX_POINT('',#615);
#615 = CARTESIAN_POINT('',(-4.852540476941E-16,0.,3.9624));
#616 = CIRCLE('',#617,3.9624);
#617 = AXIS2_PLACEMENT_3D('',#618,#619,#620);
#618 = CARTESIAN_POINT('',(0.,0.,0.));
#619 = DIRECTION('',(0.,1.,0.));
#620 = DIRECTION('',(0.,-0.,1.));
#621 = ORIENTED_EDGE('',*,*,#622,.T.);
#622 = EDGE_CURVE('',#614,#623,#625,.T.);
#623 = VERTEX_POINT('',#624);
#624 = CARTESIAN_POINT('',(-4.852540476941E-16,2.3622,3.9624));
#625 = LINE('',#626,#627);
#626 = CARTESIAN_POINT('',(-4.852540476941E-16,2.3622,3.9624));
#627 = VECTOR('',#628,1.);
#628 = DIRECTION('',(0.,1.,0.));
#629 = ORIENTED_EDGE('',*,*,#630,.F.);
#630 = EDGE_CURVE('',#623,#623,#631,.T.);
#631 = CIRCLE('',#632,3.9624);
#632 = AXIS2_PLACEMENT_3D('',#633,#634,#635);
#633 = CARTESIAN_POINT('',(0.,2.3622,0.));
#634 = DIRECTION('',(0.,1.,0.));
#635 = DIRECTION('',(0.,-0.,1.));
#636 = ORIENTED_EDGE('',*,*,#622,.F.);
#637 = CYLINDRICAL_SURFACE('',#638,3.9624);
#638 = AXIS2_PLACEMENT_3D('',#639,#640,#641);
#639 = CARTESIAN_POINT('',(0.,2.3622,0.));
#640 = DIRECTION('',(0.,-1.,0.));
#641 = DIRECTION('',(0.,0.,-1.));
#642 = ADVANCED_FACE('',(#643,#646),#649,.F.);
#643 = FACE_BOUND('',#644,.T.);
#644 = EDGE_LOOP('',(#645));
#645 = ORIENTED_EDGE('',*,*,#613,.F.);
#646 = FACE_BOUND('',#647,.T.);
#647 = EDGE_LOOP('',(#648));
#648 = ORIENTED_EDGE('',*,*,#554,.F.);
#649 = PLANE('',#650);
#650 = AXIS2_PLACEMENT_3D('',#651,#652,#653);
#651 = CARTESIAN_POINT('',(0.,0.,0.));
#652 = DIRECTION('',(0.,1.,0.));
#653 = DIRECTION('',(0.,-0.,1.));
#654 = ADVANCED_FACE('',(#655,#658),#661,.T.);
#655 = FACE_BOUND('',#656,.T.);
#656 = EDGE_LOOP('',(#657));
#657 = ORIENTED_EDGE('',*,*,#630,.T.);
#658 = FACE_BOUND('',#659,.T.);
#659 = EDGE_LOOP('',(#660));
#660 = ORIENTED_EDGE('',*,*,#522,.T.);
#661 = PLANE('',#662);
#662 = AXIS2_PLACEMENT_3D('',#663,#664,#665);
#663 = CARTESIAN_POINT('',(0.,2.3622,0.));
#664 = DIRECTION('',(0.,1.,0.));
#665 = DIRECTION('',(0.,-0.,1.));
#666 = ADVANCED_FACE('',(#667,#670),#673,.T.);
#667 = FACE_BOUND('',#668,.T.);
#668 = EDGE_LOOP('',(#669));
#669 = ORIENTED_EDGE('',*,*,#571,.T.);
#670 = FACE_BOUND('',#671,.T.);
#671 = EDGE_LOOP('',(#672));
#672 = ORIENTED_EDGE('',*,*,#595,.F.);
#673 = PLANE('',#674);
#674 = AXIS2_PLACEMENT_3D('',#675,#676,#677);
#675 = CARTESIAN_POINT('',(0.,-8.89,0.));
#676 = DIRECTION('',(0.,-1.,0.));
#677 = DIRECTION('',(0.,0.,-1.));
#678 = ( GEOMETRIC_REPRESENTATION_CONTEXT(3) 
GLOBAL_UNCERTAINTY_ASSIGNED_CONTEXT((#682)) GLOBAL_UNIT_ASSIGNED_CONTEXT
((#679,#680,#681)) REPRESENTATION_CONTEXT('Context #1',
  '3D Context with UNIT and UNCERTAINTY') );
#679 = ( LENGTH_UNIT() NAMED_UNIT(*) SI_UNIT(.MILLI.,.METRE.) );
#680 = ( NAMED_UNIT(*) PLANE_ANGLE_UNIT() SI_UNIT($,.RADIAN.) );
#681 = ( NAMED_UNIT(*) SI_UNIT($,.STERADIAN.) SOLID_ANGLE_UNIT() );
#682 = UNCERTAINTY_MEASURE_WITH_UNIT(LENGTH_MEASURE(1.E-07),#679,
  'distance_accuracy_value','confusion accuracy');
#683 = CONTEXT_DEPENDENT_SHAPE_REPRESENTATION(#684,#686);
#684 = ( REPRESENTATION_RELATIONSHIP('','',#505,#478) 
REPRESENTATION_RELATIONSHIP_WITH_TRANSFORMATION(#685) 
SHAPE_REPRESENTATION_RELATIONSHIP() );
#685 = ITEM_DEFINED_TRANSFORMATION('','',#11,#479);
#686 = PRODUCT_DEFINITION_SHAPE('Placement','Placement of an item',#687
  );
#687 = NEXT_ASSEMBLY_USAGE_OCCURRENCE('2','575-8:1','',#473,#500,$);
#688 = PRODUCT_RELATED_PRODUCT_CATEGORY('part',$,(#502));
#689 = CONTEXT_DEPENDENT_SHAPE_REPRESENTATION(#690,#692);
#690 = ( REPRESENTATION_RELATIONSHIP('','',#505,#478) 
REPRESENTATION_RELATIONSHIP_WITH_TRANSFORMATION(#691) 
SHAPE_REPRESENTATION_RELATIONSHIP() );
#691 = ITEM_DEFINED_TRANSFORMATION('','',#11,#483);
#692 = PRODUCT_DEFINITION_SHAPE('Placement','Placement of an item',#693
  );
#693 = NEXT_ASSEMBLY_USAGE_OCCURRENCE('3','575-8:2','',#473,#500,$);
#694 = CONTEXT_DEPENDENT_SHAPE_REPRESENTATION(#695,#697);
#695 = ( REPRESENTATION_RELATIONSHIP('','',#478,#10) 
REPRESENTATION_RELATIONSHIP_WITH_TRANSFORMATION(#696) 
SHAPE_REPRESENTATION_RELATIONSHIP() );
#696 = ITEM_DEFINED_TRANSFORMATION('','',#11,#23);
#697 = PRODUCT_DEFINITION_SHAPE('Placement','Placement of an item',#698
  );
#698 = NEXT_ASSEMBLY_USAGE_OCCURRENCE('5','J4','',#5,#473,$);
#699 = CONTEXT_DEPENDENT_SHAPE_REPRESENTATION(#700,#702);
#700 = ( REPRESENTATION_RELATIONSHIP('','',#478,#10) 
REPRESENTATION_RELATIONSHIP_WITH_TRANSFORMATION(#701) 
SHAPE_REPRESENTATION_RELATIONSHIP() );
#701 = ITEM_DEFINED_TRANSFORMATION('','',#11,#27);
#702 = PRODUCT_DEFINITION_SHAPE('Placement','Placement of an item',#703
  );
#703 = NEXT_ASSEMBLY_USAGE_OCCURRENCE('6','J2','',#5,#473,$);
#704 = CONTEXT_DEPENDENT_SHAPE_REPRESENTATION(#705,#707);
#705 = ( REPRESENTATION_RELATIONSHIP('','',#478,#10) 
REPRESENTATION_RELATIONSHIP_WITH_TRANSFORMATION(#706) 
SHAPE_REPRESENTATION_RELATIONSHIP() );
#706 = ITEM_DEFINED_TRANSFORMATION('','',#11,#31);
#707 = PRODUCT_DEFINITION_SHAPE('Placement','Placement of an item',#708
  );
#708 = NEXT_ASSEMBLY_USAGE_OCCURRENCE('7','J3','',#5,#473,$);
#709 = CONTEXT_DEPENDENT_SHAPE_REPRESENTATION(#710,#712);
#710 = ( REPRESENTATION_RELATIONSHIP('','',#478,#10) 
REPRESENTATION_RELATIONSHIP_WITH_TRANSFORMATION(#711) 
SHAPE_REPRESENTATION_RELATIONSHIP() );
#711 = ITEM_DEFINED_TRANSFORMATION('','',#11,#35);
#712 = PRODUCT_DEFINITION_SHAPE('Placement','Placement of an item',#713
  );
#713 = NEXT_ASSEMBLY_USAGE_OCCURRENCE('8','J5','',#5,#473,$);
#714 = CONTEXT_DEPENDENT_SHAPE_REPRESENTATION(#715,#717);
#715 = ( REPRESENTATION_RELATIONSHIP('','',#72,#10) 
REPRESENTATION_RELATIONSHIP_WITH_TRANSFORMATION(#716) 
SHAPE_REPRESENTATION_RELATIONSHIP() );
#716 = ITEM_DEFINED_TRANSFORMATION('','',#11,#39);
#717 = PRODUCT_DEFINITION_SHAPE('Placement','Placement of an item',#718
  );
#718 = NEXT_ASSEMBLY_USAGE_OCCURRENCE('9','R4','',#5,#67,$);
#719 = SHAPE_DEFINITION_REPRESENTATION(#720,#726);
#720 = PRODUCT_DEFINITION_SHAPE('','',#721);
#721 = PRODUCT_DEFINITION('design','',#722,#725);
#722 = PRODUCT_DEFINITION_FORMATION('','',#723);
#723 = PRODUCT('PowerConnector','PowerConnector','',(#724));
#724 = PRODUCT_CONTEXT('',#2,'mechanical');
#725 = PRODUCT_DEFINITION_CONTEXT('part definition',#2,'design');
#726 = SHAPE_REPRESENTATION('',(#11,#727,#731),#735);
#727 = AXIS2_PLACEMENT_3D('',#728,#729,#730);
#728 = CARTESIAN_POINT('',(-9.525,13.5,5.5));
#729 = DIRECTION('',(-1.380839886878E-15,-6.106226635438E-16,1.));
#730 = DIRECTION('',(-1.,-9.806970050856E-16,-1.380839886878E-15));
#731 = AXIS2_PLACEMENT_3D('',#732,#733,#734);
#732 = CARTESIAN_POINT('',(9.525,1.28,4.440892098501E-14));
#733 = DIRECTION('',(-1.,1.387778780781E-17,-1.01828708638E-15));
#734 = DIRECTION('',(-1.387778780781E-17,-1.,-6.106226635438E-16));
#735 = ( GEOMETRIC_REPRESENTATION_CONTEXT(3) 
GLOBAL_UNCERTAINTY_ASSIGNED_CONTEXT((#739)) GLOBAL_UNIT_ASSIGNED_CONTEXT
((#736,#737,#738)) REPRESENTATION_CONTEXT('Context #1',
  '3D Context with UNIT and UNCERTAINTY') );
#736 = ( LENGTH_UNIT() NAMED_UNIT(*) SI_UNIT(.MILLI.,.METRE.) );
#737 = ( NAMED_UNIT(*) PLANE_ANGLE_UNIT() SI_UNIT($,.RADIAN.) );
#738 = ( NAMED_UNIT(*) SI_UNIT($,.STERADIAN.) SOLID_ANGLE_UNIT() );
#739 = UNCERTAINTY_MEASURE_WITH_UNIT(LENGTH_MEASURE(2.E-06),#736,
  'distance_accuracy_value','confusion accuracy');
#740 = CONTEXT_DEPENDENT_SHAPE_REPRESENTATION(#741,#743);
#741 = ( REPRESENTATION_RELATIONSHIP('','',#726,#10) 
REPRESENTATION_RELATIONSHIP_WITH_TRANSFORMATION(#742) 
SHAPE_REPRESENTATION_RELATIONSHIP() );
#742 = ITEM_DEFINED_TRANSFORMATION('','',#11,#43);
#743 = PRODUCT_DEFINITION_SHAPE('Placement','Placement of an item',#744
  );
#744 = NEXT_ASSEMBLY_USAGE_OCCURRENCE('12','U1','',#5,#721,$);
#745 = PRODUCT_RELATED_PRODUCT_CATEGORY('part',$,(#723));
#746 = SHAPE_DEFINITION_REPRESENTATION(#747,#753);
#747 = PRODUCT_DEFINITION_SHAPE('','',#748);
#748 = PRODUCT_DEFINITION('design','',#749,#752);
#749 = PRODUCT_DEFINITION_FORMATION('','',#750);
#750 = PRODUCT('FCR7350','FCR7350','',(#751));
#751 = PRODUCT_CONTEXT('',#2,'mechanical');
#752 = PRODUCT_DEFINITION_CONTEXT('part definition',#2,'design');
#753 = ADVANCED_BREP_SHAPE_REPRESENTATION('',(#11,#754),#8828);
#754 = MANIFOLD_SOLID_BREP('',#755);
#755 = CLOSED_SHELL('',(#756,#789,#831,#926,#969,#1041,#1066,#1091,#1100
    ,#1134,#1181,#1221,#1277,#1333,#1380,#1420,#1442,#1498,#1529,#1576,
    #1623,#1677,#1731,#1762,#1786,#1815,#1832,#1844,#1882,#1911,#1935,
    #1952,#1976,#1988,#2019,#2048,#2072,#2089,#2120,#2153,#2165,#2196,
    #2227,#2256,#2273,#2285,#2309,#2326,#2343,#2365,#2387,#2409,#2426,
    #2438,#2457,#2469,#2481,#2521,#2552,#2574,#2614,#2645,#2676,#2707,
    #2738,#2769,#2800,#2831,#2862,#2893,#2915,#2939,#3062,#3095,#3104,
    #3137,#3146,#3171,#3211,#3242,#3283,#3314,#3345,#3376,#3417,#3448,
    #3479,#3510,#3541,#3572,#3613,#3644,#3675,#3716,#3747,#3778,#3809,
    #3840,#3871,#3912,#3943,#3984,#4015,#4046,#4068,#4103,#4143,#4174,
    #4215,#4246,#4279,#4312,#4345,#4376,#4417,#4448,#4479,#4510,#4541,
    #4572,#4613,#4644,#4685,#4716,#4747,#4769,#4797,#4837,#4868,#4901,
    #4938,#4979,#5020,#5057,#5088,#5121,#5158,#5191,#5224,#5265,#5302,
    #5333,#5355,#5379,#5419,#5450,#5491,#5522,#5563,#5594,#5625,#5656,
    #5687,#5718,#5759,#5790,#5831,#5862,#5893,#5915,#5939,#5979,#6010,
    #6051,#6082,#6113,#6144,#6185,#6216,#6247,#6278,#6309,#6340,#6381,
    #6412,#6443,#6484,#6515,#6546,#6577,#6608,#6639,#6680,#6711,#6752,
    #6783,#6814,#6836,#6871,#6913,#6944,#6977,#6999,#7127,#7169,#7201,
    #7299,#7332,#7357,#7383,#7409,#7454,#7479,#7504,#7530,#7561,#7586,
    #7611,#7637,#7668,#7693,#7718,#7747,#7778,#7803,#7827,#7852,#7876,
    #7901,#7912,#7944,#7961,#8105,#8122,#8139,#8156,#8168,#8200,#8232,
    #8257,#8291,#8313,#8327,#8359,#8383,#8408,#8425,#8443,#8460,#8477,
    #8496,#8522,#8565,#8600,#8612,#8646,#8666,#8700,#8735,#8770,#8790,
    #8814));
#756 = ADVANCED_FACE('',(#757),#784,.T.);
#757 = FACE_BOUND('',#758,.T.);
#758 = EDGE_LOOP('',(#759,#768,#776,#783));
#759 = ORIENTED_EDGE('',*,*,#760,.F.);
#760 = EDGE_CURVE('',#761,#761,#763,.T.);
#761 = VERTEX_POINT('',#762);
#762 = CARTESIAN_POINT('',(1.,13.5,-9.65));
#763 = CIRCLE('',#764,1.);
#764 = AXIS2_PLACEMENT_3D('',#765,#766,#767);
#765 = CARTESIAN_POINT('',(2.297121956108E-44,13.5,-9.65));
#766 = DIRECTION('',(2.68319918352E-45,1.405345600791E-16,-1.));
#767 = DIRECTION('',(-1.,-2.627434620609E-46,-2.68319918352E-45));
#768 = ORIENTED_EDGE('',*,*,#769,.T.);
#769 = EDGE_CURVE('',#761,#770,#772,.T.);
#770 = VERTEX_POINT('',#771);
#771 = CARTESIAN_POINT('',(1.,13.5,-5.5));
#772 = LINE('',#773,#774);
#773 = CARTESIAN_POINT('',(1.,13.5,-2.));
#774 = VECTOR('',#775,1.);
#775 = DIRECTION('',(-2.68319918352E-45,-1.405345600791E-16,1.));
#776 = ORIENTED_EDGE('',*,*,#777,.F.);
#777 = EDGE_CURVE('',#770,#770,#778,.T.);
#778 = CIRCLE('',#779,1.);
#779 = AXIS2_PLACEMENT_3D('',#780,#781,#782);
#780 = CARTESIAN_POINT('',(1.183594294947E-44,13.5,-5.5));
#781 = DIRECTION('',(5.116149740848E-16,1.479114197289E-31,1.));
#782 = DIRECTION('',(-1.,-1.870697648894E-46,5.116149740848E-16));
#783 = ORIENTED_EDGE('',*,*,#769,.F.);
#784 = CYLINDRICAL_SURFACE('',#785,1.);
#785 = AXIS2_PLACEMENT_3D('',#786,#787,#788);
#786 = CARTESIAN_POINT('',(2.444745807145E-45,13.5,-2.));
#787 = DIRECTION('',(2.68319918352E-45,1.405345600791E-16,-1.));
#788 = DIRECTION('',(-1.,-2.627434620609E-46,-2.68319918352E-45));
#789 = ADVANCED_FACE('',(#790),#826,.F.);
#790 = FACE_BOUND('',#791,.F.);
#791 = EDGE_LOOP('',(#792,#802,#811,#818,#819));
#792 = ORIENTED_EDGE('',*,*,#793,.T.);
#793 = EDGE_CURVE('',#794,#796,#798,.T.);
#794 = VERTEX_POINT('',#795);
#795 = CARTESIAN_POINT('',(-2.516649172248E-16,-8.75,-2.055));
#796 = VERTEX_POINT('',#797);
#797 = CARTESIAN_POINT('',(2.694222958124E-16,-8.895,-2.2));
#798 = LINE('',#799,#800);
#799 = CARTESIAN_POINT('',(2.669730022141E-16,-8.875,-2.18));
#800 = VECTOR('',#801,1.);
#801 = DIRECTION('',(8.659560562355E-17,-0.707106781187,-0.707106781187)
  );
#802 = ORIENTED_EDGE('',*,*,#803,.T.);
#803 = EDGE_CURVE('',#796,#804,#806,.T.);
#804 = VERTEX_POINT('',#805);
#805 = CARTESIAN_POINT('',(2.2,-8.895,4.156139884327E-15));
#806 = CIRCLE('',#807,2.2);
#807 = AXIS2_PLACEMENT_3D('',#808,#809,#810);
#808 = CARTESIAN_POINT('',(6.115980535693E-15,-8.895,5.551115123126E-15)
  );
#809 = DIRECTION('',(-3.71230823859E-16,1.,4.201582859919E-32));
#810 = DIRECTION('',(-1.,-3.71230823859E-16,5.116149740848E-16));
#811 = ORIENTED_EDGE('',*,*,#812,.T.);
#812 = EDGE_CURVE('',#804,#796,#813,.T.);
#813 = CIRCLE('',#814,2.2);
#814 = AXIS2_PLACEMENT_3D('',#815,#816,#817);
#815 = CARTESIAN_POINT('',(6.115980535693E-15,-8.895,5.551115123126E-15)
  );
#816 = DIRECTION('',(-3.71230823859E-16,1.,4.201582859919E-32));
#817 = DIRECTION('',(-1.,-3.71230823859E-16,5.116149740848E-16));
#818 = ORIENTED_EDGE('',*,*,#793,.F.);
#819 = ORIENTED_EDGE('',*,*,#820,.F.);
#820 = EDGE_CURVE('',#794,#794,#821,.T.);
#821 = CIRCLE('',#822,2.055);
#822 = AXIS2_PLACEMENT_3D('',#823,#824,#825);
#823 = CARTESIAN_POINT('',(2.80259692865E-45,-8.75,-6.621448502504E-46)
  );
#824 = DIRECTION('',(-2.572696399346E-46,1.,7.567369717147E-47));
#825 = DIRECTION('',(-2.68319918352E-45,-7.567369717147E-47,1.));
#826 = CONICAL_SURFACE('',#827,2.18,0.785398163397);
#827 = AXIS2_PLACEMENT_3D('',#828,#829,#830);
#828 = CARTESIAN_POINT('',(2.834755633641E-45,-8.875,-6.716040623968E-46
    ));
#829 = DIRECTION('',(2.572696399346E-46,-1.,-7.567369717147E-47));
#830 = DIRECTION('',(-2.68319918352E-45,-7.567369717147E-47,1.));
#831 = ADVANCED_FACE('',(#832,#873),#921,.T.);
#832 = FACE_BOUND('',#833,.T.);
#833 = EDGE_LOOP('',(#834));
#834 = ORIENTED_EDGE('',*,*,#835,.F.);
#835 = EDGE_CURVE('',#836,#836,#838,.T.);
#836 = VERTEX_POINT('',#837);
#837 = CARTESIAN_POINT('',(-0.6,7.,-2.529822128135));
#838 = B_SPLINE_CURVE_WITH_KNOTS('',3,(#839,#840,#841,#842,#843,#844,
    #845,#846,#847,#848,#849,#850,#851,#852,#853,#854,#855,#856,#857,
    #858,#859,#860,#861,#862,#863,#864,#865,#866,#867,#868,#869,#870,
    #871,#872),.UNSPECIFIED.,.T.,.F.,(1,3,2,2,2,2,2,2,2,2,2,2,2,2,2,2,2,
    3,1),(-0.385722523656,-0.363031889222,-0.340341254788,
    -0.317650620354,-0.294962268635,-0.272273916917,-0.249585565198,
    -0.226897213479,-0.204206579045,-0.181515944611,-0.158825310177,
    -0.136134675743,-0.113446324024,-9.075797230556E-02,
    -6.806962058687E-02,-4.538126886818E-02,-2.269063443409E-02,0.,
    2.269063443409E-02),.UNSPECIFIED.);
#839 = CARTESIAN_POINT('',(-0.6,7.,-2.529822128135));
#840 = CARTESIAN_POINT('',(-0.6,6.924364551886,-2.529822128135));
#841 = CARTESIAN_POINT('',(-0.584828239595,6.843882399485,
    -2.533566764495));
#842 = CARTESIAN_POINT('',(-0.52351338114,6.69614058832,-2.546942939437)
  );
#843 = CARTESIAN_POINT('',(-0.477384356142,6.628856218718,
    -2.556365218936));
#844 = CARTESIAN_POINT('',(-0.371149125271,6.522620987847,
    -2.573936032545));
#845 = CARTESIAN_POINT('',(-0.303862512043,6.476487787702,
    -2.583247589187));
#846 = CARTESIAN_POINT('',(-0.15611281022,6.41516989022,-2.5963684876));
#847 = CARTESIAN_POINT('',(-7.562783906231E-02,6.4,-2.6));
#848 = CARTESIAN_POINT('',(7.562783906231E-02,6.4,-2.6));
#849 = CARTESIAN_POINT('',(0.15611281022,6.41516989022,-2.5963684876));
#850 = CARTESIAN_POINT('',(0.303862512043,6.476487787702,-2.583247589187
    ));
#851 = CARTESIAN_POINT('',(0.371149125271,6.522620987847,-2.573936032545
    ));
#852 = CARTESIAN_POINT('',(0.477384356142,6.628856218718,-2.556365218936
    ));
#853 = CARTESIAN_POINT('',(0.52351338114,6.69614058832,-2.546942939437)
  );
#854 = CARTESIAN_POINT('',(0.584828239595,6.843882399485,-2.533566764495
    ));
#855 = CARTESIAN_POINT('',(0.6,6.924364551886,-2.529822128135));
#856 = CARTESIAN_POINT('',(0.6,7.075635448114,-2.529822128135));
#857 = CARTESIAN_POINT('',(0.584828239595,7.156117600515,-2.533566764495
    ));
#858 = CARTESIAN_POINT('',(0.52351338114,7.30385941168,-2.546942939437)
  );
#859 = CARTESIAN_POINT('',(0.477384356142,7.371143781282,-2.556365218936
    ));
#860 = CARTESIAN_POINT('',(0.371149125271,7.477379012153,-2.573936032545
    ));
#861 = CARTESIAN_POINT('',(0.303862512043,7.523512212298,-2.583247589187
    ));
#862 = CARTESIAN_POINT('',(0.15611281022,7.58483010978,-2.5963684876));
#863 = CARTESIAN_POINT('',(7.562783906231E-02,7.6,-2.6));
#864 = CARTESIAN_POINT('',(-7.562783906231E-02,7.6,-2.6));
#865 = CARTESIAN_POINT('',(-0.15611281022,7.58483010978,-2.5963684876));
#866 = CARTESIAN_POINT('',(-0.303862512043,7.523512212298,
    -2.583247589187));
#867 = CARTESIAN_POINT('',(-0.371149125271,7.477379012153,
    -2.573936032545));
#868 = CARTESIAN_POINT('',(-0.477384356142,7.371143781282,
    -2.556365218936));
#869 = CARTESIAN_POINT('',(-0.52351338114,7.30385941168,-2.546942939437)
  );
#870 = CARTESIAN_POINT('',(-0.584828239595,7.156117600515,
    -2.533566764495));
#871 = CARTESIAN_POINT('',(-0.6,7.075635448114,-2.529822128135));
#872 = CARTESIAN_POINT('',(-0.6,7.,-2.529822128135));
#873 = FACE_BOUND('',#874,.T.);
#874 = EDGE_LOOP('',(#875,#908));
#875 = ORIENTED_EDGE('',*,*,#876,.T.);
#876 = EDGE_CURVE('',#877,#879,#881,.T.);
#877 = VERTEX_POINT('',#878);
#878 = CARTESIAN_POINT('',(0.55,7.,-2.541161151915));
#879 = VERTEX_POINT('',#880);
#880 = CARTESIAN_POINT('',(-6.73555739531E-17,6.45,-2.6));
#881 = B_SPLINE_CURVE_WITH_KNOTS('',3,(#882,#883,#884,#885,#886,#887,
    #888,#889,#890,#891,#892,#893,#894,#895,#896,#897,#898,#899,#900,
    #901,#902,#903,#904,#905,#906,#907),.UNSPECIFIED.,.F.,.F.,(4,2,2,2,2
    ,2,2,2,2,2,2,2,4),(-0.332567773078,-0.31178155507,-0.290995337062,
    -0.270210583435,-0.249425829808,-0.228641076181,-0.207856322554,
    -0.187070104547,-0.166283886539,-0.145497668531,-0.124711450523,
    -0.103926696896,-8.314194326946E-02),.UNSPECIFIED.);
#882 = CARTESIAN_POINT('',(0.55,7.,-2.541161151915));
#883 = CARTESIAN_POINT('',(0.55,7.069287393359,-2.541161151915));
#884 = CARTESIAN_POINT('',(0.536109918409,7.143044747917,-2.544289079225
    ));
#885 = CARTESIAN_POINT('',(0.479916638888,7.278488210303,-2.555484448577
    ));
#886 = CARTESIAN_POINT('',(0.43762437767,7.340193081635,-2.563379104344)
  );
#887 = CARTESIAN_POINT('',(0.340196513633,7.437620945672,-2.57811821269)
  );
#888 = CARTESIAN_POINT('',(0.278490190788,7.479915892752,-2.585935058947
    ));
#889 = CARTESIAN_POINT('',(0.143041662079,7.536111123138,-2.596951289124
    ));
#890 = CARTESIAN_POINT('',(6.928251208996E-02,7.55,-2.6));
#891 = CARTESIAN_POINT('',(-6.928251208996E-02,7.55,-2.6));
#892 = CARTESIAN_POINT('',(-0.143041662079,7.536111123138,
    -2.596951289124));
#893 = CARTESIAN_POINT('',(-0.278490190788,7.479915892752,
    -2.585935058947));
#894 = CARTESIAN_POINT('',(-0.340196513633,7.437620945672,-2.57811821269
    ));
#895 = CARTESIAN_POINT('',(-0.43762437767,7.340193081635,-2.563379104344
    ));
#896 = CARTESIAN_POINT('',(-0.479916638888,7.278488210303,
    -2.555484448577));
#897 = CARTESIAN_POINT('',(-0.536109918409,7.143044747917,
    -2.544289079225));
#898 = CARTESIAN_POINT('',(-0.55,7.069287393359,-2.541161151915));
#899 = CARTESIAN_POINT('',(-0.55,6.930712606641,-2.541161151915));
#900 = CARTESIAN_POINT('',(-0.536109918409,6.856955252083,
    -2.544289079225));
#901 = CARTESIAN_POINT('',(-0.479916638888,6.721511789697,
    -2.555484448577));
#902 = CARTESIAN_POINT('',(-0.43762437767,6.659806918364,-2.563379104344
    ));
#903 = CARTESIAN_POINT('',(-0.340196513633,6.562379054328,-2.57811821269
    ));
#904 = CARTESIAN_POINT('',(-0.278490190788,6.520084107248,
    -2.585935058947));
#905 = CARTESIAN_POINT('',(-0.143041662079,6.463888876862,
    -2.596951289124));
#906 = CARTESIAN_POINT('',(-6.928251208996E-02,6.45,-2.6));
#907 = CARTESIAN_POINT('',(-5.637851296925E-17,6.45,-2.6));
#908 = ORIENTED_EDGE('',*,*,#909,.T.);
#909 = EDGE_CURVE('',#879,#877,#910,.T.);
#910 = B_SPLINE_CURVE_WITH_KNOTS('',3,(#911,#912,#913,#914,#915,#916,
    #917,#918,#919,#920),.UNSPECIFIED.,.F.,.F.,(4,2,2,2,4),(
    -8.314194326946E-02,-6.235718964247E-02,-4.157243601548E-02,
    -2.078621800774E-02,0.),.UNSPECIFIED.);
#911 = CARTESIAN_POINT('',(-5.637851296925E-17,6.45,-2.6));
#912 = CARTESIAN_POINT('',(6.928251208996E-02,6.45,-2.6));
#913 = CARTESIAN_POINT('',(0.143041662079,6.463888876862,-2.596951289124
    ));
#914 = CARTESIAN_POINT('',(0.278490190788,6.520084107248,-2.585935058947
    ));
#915 = CARTESIAN_POINT('',(0.340196513633,6.562379054328,-2.57811821269)
  );
#916 = CARTESIAN_POINT('',(0.43762437767,6.659806918364,-2.563379104344)
  );
#917 = CARTESIAN_POINT('',(0.479916638888,6.721511789697,-2.555484448577
    ));
#918 = CARTESIAN_POINT('',(0.536109918409,6.856955252083,-2.544289079225
    ));
#919 = CARTESIAN_POINT('',(0.55,6.930712606641,-2.541161151915));
#920 = CARTESIAN_POINT('',(0.55,7.,-2.541161151915));
#921 = CYLINDRICAL_SURFACE('',#922,2.6);
#922 = AXIS2_PLACEMENT_3D('',#923,#924,#925);
#923 = CARTESIAN_POINT('',(-1.76393918019E-45,9.,6.810632745432E-46));
#924 = DIRECTION('',(2.572696399346E-46,-1.,-7.567369717147E-47));
#925 = DIRECTION('',(-1.,-2.572696399346E-46,-2.68319918352E-45));
#926 = ADVANCED_FACE('',(#927),#964,.T.);
#927 = FACE_BOUND('',#928,.T.);
#928 = EDGE_LOOP('',(#929,#940,#949,#958));
#929 = ORIENTED_EDGE('',*,*,#930,.F.);
#930 = EDGE_CURVE('',#931,#933,#935,.T.);
#931 = VERTEX_POINT('',#932);
#932 = CARTESIAN_POINT('',(-0.248605273143,7.490607193349,
    -1.002155255368E-46));
#933 = VERTEX_POINT('',#934);
#934 = CARTESIAN_POINT('',(-5.5E-02,7.5,4.199767736924E-46));
#935 = CIRCLE('',#936,2.);
#936 = AXIS2_PLACEMENT_3D('',#937,#938,#939);
#937 = CARTESIAN_POINT('',(-5.5E-02,5.5,2.686293793495E-46));
#938 = DIRECTION('',(2.68319918352E-45,7.567369717147E-47,-1.));
#939 = DIRECTION('',(-1.,-2.627434620609E-46,-2.68319918352E-45));
#940 = ORIENTED_EDGE('',*,*,#941,.T.);
#941 = EDGE_CURVE('',#931,#942,#944,.T.);
#942 = VERTEX_POINT('',#943);
#943 = CARTESIAN_POINT('',(0.248605273143,7.490607193349,
    1.233899406297E-45));
#944 = CIRCLE('',#945,0.55);
#945 = AXIS2_PLACEMENT_3D('',#946,#947,#948);
#946 = CARTESIAN_POINT('',(-1.249399900321E-45,7.,5.297158802003E-46));
#947 = DIRECTION('',(2.68319918352E-45,7.567369717147E-47,-1.));
#948 = DIRECTION('',(-2.572696399346E-46,1.,7.567369717147E-47));
#949 = ORIENTED_EDGE('',*,*,#950,.F.);
#950 = EDGE_CURVE('',#951,#942,#953,.T.);
#951 = VERTEX_POINT('',#952);
#952 = CARTESIAN_POINT('',(5.5E-02,7.5,7.151286838797E-46));
#953 = CIRCLE('',#954,2.);
#954 = AXIS2_PLACEMENT_3D('',#955,#956,#957);
#955 = CARTESIAN_POINT('',(5.5E-02,5.5,5.637812895367E-46));
#956 = DIRECTION('',(2.68319918352E-45,7.567369717147E-47,-1.));
#957 = DIRECTION('',(1.,2.627434620609E-46,2.68319918352E-45));
#958 = ORIENTED_EDGE('',*,*,#959,.F.);
#959 = EDGE_CURVE('',#933,#951,#960,.T.);
#960 = LINE('',#961,#962);
#961 = CARTESIAN_POINT('',(-1.378034720288E-45,7.5,5.67552728786E-46));
#962 = VECTOR('',#963,1.);
#963 = DIRECTION('',(1.,2.627434620609E-46,2.68319918352E-45));
#964 = PLANE('',#965);
#965 = AXIS2_PLACEMENT_3D('',#966,#967,#968);
#966 = CARTESIAN_POINT('',(-1.249399900321E-45,7.,5.297158802003E-46));
#967 = DIRECTION('',(2.68319918352E-45,7.567369717147E-47,-1.));
#968 = DIRECTION('',(-2.572696399346E-46,1.,7.567369717147E-47));
#969 = ADVANCED_FACE('',(#970),#1036,.F.);
#970 = FACE_BOUND('',#971,.F.);
#971 = EDGE_LOOP('',(#972,#980,#981,#982,#983,#1008,#1009));
#972 = ORIENTED_EDGE('',*,*,#973,.T.);
#973 = EDGE_CURVE('',#974,#879,#976,.T.);
#974 = VERTEX_POINT('',#975);
#975 = CARTESIAN_POINT('',(-3.22061921168E-16,6.45,-1.81497159068));
#976 = LINE('',#977,#978);
#977 = CARTESIAN_POINT('',(-6.73555739531E-17,6.45,4.88095346756E-46));
#978 = VECTOR('',#979,1.);
#979 = DIRECTION('',(2.68319918352E-45,7.567369717147E-47,-1.));
#980 = ORIENTED_EDGE('',*,*,#909,.T.);
#981 = ORIENTED_EDGE('',*,*,#876,.T.);
#982 = ORIENTED_EDGE('',*,*,#973,.F.);
#983 = ORIENTED_EDGE('',*,*,#984,.T.);
#984 = EDGE_CURVE('',#974,#931,#985,.T.);
#985 = B_SPLINE_CURVE_WITH_KNOTS('',3,(#986,#987,#988,#989,#990,#991,
    #992,#993,#994,#995,#996,#997,#998,#999,#1000,#1001,#1002,#1003,
    #1004,#1005,#1006,#1007),.UNSPECIFIED.,.F.,.F.,(4,2,2,2,2,2,2,2,2,2,
    4),(-1.015981180755,-1.003110920929,-0.978985441152,-0.941644663516,
    -0.896064625694,-0.836880022866,-0.751813542541,-0.712212365737,
    -0.6851142468,-0.66344018909,-0.639631815698),.UNSPECIFIED.);
#986 = CARTESIAN_POINT('',(-5.767682683829E-16,6.45,-1.81497159068));
#987 = CARTESIAN_POINT('',(-2.656822261743E-02,6.45,-1.81497159068));
#988 = CARTESIAN_POINT('',(-5.262493417382E-02,6.451924468499,
    -1.813351595467));
#989 = CARTESIAN_POINT('',(-0.125514172299,6.46236457446,-1.804528411916
    ));
#990 = CARTESIAN_POINT('',(-0.169802094993,6.475030725471,
    -1.793805555033));
#991 = CARTESIAN_POINT('',(-0.273100264166,6.517787436502,
    -1.757006967195));
#992 = CARTESIAN_POINT('',(-0.32580862014,6.553046480477,-1.726199015586
    ));
#993 = CARTESIAN_POINT('',(-0.422058290158,6.640193623559,
    -1.647025984813));
#994 = CARTESIAN_POINT('',(-0.464040553349,6.696875536643,-1.59381487375
    ));
#995 = CARTESIAN_POINT('',(-0.533336588552,6.838733290482,
    -1.450756648635));
#996 = CARTESIAN_POINT('',(-0.551527544,6.925453260893,-1.356634696735)
  );
#997 = CARTESIAN_POINT('',(-0.547558978635,7.132799202327,
    -1.097359954893));
#998 = CARTESIAN_POINT('',(-0.5049369321,7.241435562032,-0.932370714024)
  );
#999 = CARTESIAN_POINT('',(-0.415116647195,7.364017085545,-0.66780054457
    ));
#1000 = CARTESIAN_POINT('',(-0.384319961016,7.39529088595,
    -0.585176253069));
#1001 = CARTESIAN_POINT('',(-0.335237813484,7.436803950869,
    -0.445636780138));
#1002 = CARTESIAN_POINT('',(-0.316236849716,7.450406616711,
    -0.389212346778));
#1003 = CARTESIAN_POINT('',(-0.287150040699,7.469342892374,
    -0.288381533082));
#1004 = CARTESIAN_POINT('',(-0.276104777917,7.475771554485,
    -0.243952406319));
#1005 = CARTESIAN_POINT('',(-0.258482024913,7.485590940331,
    -0.150969606262));
#1006 = CARTESIAN_POINT('',(-0.248605273143,7.490607193348,
    -8.187508595727E-02));
#1007 = CARTESIAN_POINT('',(-0.248605273143,7.490607193348,
    -9.051129811055E-17));
#1008 = ORIENTED_EDGE('',*,*,#941,.T.);
#1009 = ORIENTED_EDGE('',*,*,#1010,.T.);
#1010 = EDGE_CURVE('',#942,#974,#1011,.T.);
#1011 = B_SPLINE_CURVE_WITH_KNOTS('',3,(#1012,#1013,#1014,#1015,#1016,
    #1017,#1018,#1019,#1020,#1021,#1022,#1023,#1024,#1025,#1026,#1027,
    #1028,#1029,#1030,#1031,#1032,#1033,#1034,#1035),.UNSPECIFIED.,.F.,
  .F.,(4,2,2,2,2,2,2,2,2,2,2,4),(-1.312958039316,-1.304451192953,
    -1.286257070977,-1.271184966789,-1.239295580142,-1.181048514658,
    -1.135102226896,-1.098410135418,-1.069678170929,-1.040196144881,
    -1.021156992305,-1.015981180755),.UNSPECIFIED.);
#1012 = CARTESIAN_POINT('',(0.248605273143,7.490607193349,
    8.03634474927E-16));
#1013 = CARTESIAN_POINT('',(0.248605273143,7.490607193349,
    -2.835615454421E-02));
#1014 = CARTESIAN_POINT('',(0.249759715027,7.490027389402,
    -5.674690707801E-02));
#1015 = CARTESIAN_POINT('',(0.257011678675,7.486287886347,
    -0.145513797888));
#1016 = CARTESIAN_POINT('',(0.266969682068,7.481107636573,
    -0.202334503034));
#1017 = CARTESIAN_POINT('',(0.291208958676,7.466755008699,
    -0.304268484885));
#1018 = CARTESIAN_POINT('',(0.304159778627,7.458543246937,
    -0.348592382075));
#1019 = CARTESIAN_POINT('',(0.346343552694,7.428692847081,
    -0.481276636058));
#1020 = CARTESIAN_POINT('',(0.380403243769,7.400329270853,
    -0.572316182491));
#1021 = CARTESIAN_POINT('',(0.473117884649,7.29478884238,-0.83292009563)
  );
#1022 = CARTESIAN_POINT('',(0.52202557988,7.203874622405,-0.988554204914
    ));
#1023 = CARTESIAN_POINT('',(0.556320547466,7.014496343561,
    -1.250969349066));
#1024 = CARTESIAN_POINT('',(0.551633161814,6.930507453527,
    -1.349216887886));
#1025 = CARTESIAN_POINT('',(0.512254260202,6.789470318437,
    -1.501708120404));
#1026 = CARTESIAN_POINT('',(0.482892093061,6.72733382073,-1.563752144175
    ));
#1027 = CARTESIAN_POINT('',(0.407127648208,6.626058360222,
    -1.660137922529));
#1028 = CARTESIAN_POINT('',(0.366081255133,6.585293975226,
    -1.697176443687));
#1029 = CARTESIAN_POINT('',(0.268301984209,6.516062442178,
    -1.758651671435));
#1030 = CARTESIAN_POINT('',(0.21209623244,6.488622011521,-1.782171015089
    ));
#1031 = CARTESIAN_POINT('',(0.112123021369,6.460006138255,-1.80654419277
    ));
#1032 = CARTESIAN_POINT('',(7.215573131947E-02,6.453293157404,
    -1.812194956585));
#1033 = CARTESIAN_POINT('',(2.145169752665E-02,6.450311282045,
    -1.814709301098));
#1034 = CARTESIAN_POINT('',(1.068448619889E-02,6.45,-1.81497159068));
#1035 = CARTESIAN_POINT('',(-5.767682683829E-16,6.45,-1.81497159068));
#1036 = CYLINDRICAL_SURFACE('',#1037,0.55);
#1037 = AXIS2_PLACEMENT_3D('',#1038,#1039,#1040);
#1038 = CARTESIAN_POINT('',(-1.249399900321E-45,7.,5.297158802003E-46));
#1039 = DIRECTION('',(2.68319918352E-45,7.567369717147E-47,-1.));
#1040 = DIRECTION('',(-2.572696399346E-46,1.,7.567369717147E-47));
#1041 = ADVANCED_FACE('',(#1042),#1061,.F.);
#1042 = FACE_BOUND('',#1043,.T.);
#1043 = EDGE_LOOP('',(#1044,#1045,#1054));
#1044 = ORIENTED_EDGE('',*,*,#959,.T.);
#1045 = ORIENTED_EDGE('',*,*,#1046,.F.);
#1046 = EDGE_CURVE('',#1047,#951,#1049,.T.);
#1047 = VERTEX_POINT('',#1048);
#1048 = CARTESIAN_POINT('',(-9.558420432779E-13,7.5,5.5E-02));
#1049 = CIRCLE('',#1050,5.5E-02);
#1050 = AXIS2_PLACEMENT_3D('',#1051,#1052,#1053);
#1051 = CARTESIAN_POINT('',(-1.378034720288E-45,7.5,5.67552728786E-46));
#1052 = DIRECTION('',(-2.572696399346E-46,1.,7.567369717147E-47));
#1053 = DIRECTION('',(-2.68319918352E-45,-7.567369717147E-47,1.));
#1054 = ORIENTED_EDGE('',*,*,#1055,.F.);
#1055 = EDGE_CURVE('',#933,#1047,#1056,.T.);
#1056 = CIRCLE('',#1057,5.5E-02);
#1057 = AXIS2_PLACEMENT_3D('',#1058,#1059,#1060);
#1058 = CARTESIAN_POINT('',(-1.378034720288E-45,7.5,5.67552728786E-46));
#1059 = DIRECTION('',(-2.572696399346E-46,1.,7.567369717147E-47));
#1060 = DIRECTION('',(-2.68319918352E-45,-7.567369717147E-47,1.));
#1061 = PLANE('',#1062);
#1062 = AXIS2_PLACEMENT_3D('',#1063,#1064,#1065);
#1063 = CARTESIAN_POINT('',(-1.378034720288E-45,7.5,5.67552728786E-46));
#1064 = DIRECTION('',(-2.572696399346E-46,1.,7.567369717147E-47));
#1065 = DIRECTION('',(-2.68319918352E-45,-7.567369717147E-47,1.));
#1066 = ADVANCED_FACE('',(#1067),#1086,.T.);
#1067 = FACE_BOUND('',#1068,.T.);
#1068 = EDGE_LOOP('',(#1069,#1070,#1078,#1085));
#1069 = ORIENTED_EDGE('',*,*,#760,.T.);
#1070 = ORIENTED_EDGE('',*,*,#1071,.T.);
#1071 = EDGE_CURVE('',#761,#1072,#1074,.T.);
#1072 = VERTEX_POINT('',#1073);
#1073 = CARTESIAN_POINT('',(0.75,13.5,-9.9));
#1074 = LINE('',#1075,#1076);
#1075 = CARTESIAN_POINT('',(0.875,13.5,-9.775));
#1076 = VECTOR('',#1077,1.);
#1077 = DIRECTION('',(-0.707106781187,-8.659560562355E-17,
    -0.707106781187));
#1078 = ORIENTED_EDGE('',*,*,#1079,.T.);
#1079 = EDGE_CURVE('',#1072,#1072,#1080,.T.);
#1080 = CIRCLE('',#1081,0.75);
#1081 = AXIS2_PLACEMENT_3D('',#1082,#1083,#1084);
#1082 = CARTESIAN_POINT('',(2.364201935696E-44,13.5,-9.9));
#1083 = DIRECTION('',(-2.68319918352E-45,-1.405345600791E-16,1.));
#1084 = DIRECTION('',(-1.,-2.627434620609E-46,-2.68319918352E-45));
#1085 = ORIENTED_EDGE('',*,*,#1071,.F.);
#1086 = CONICAL_SURFACE('',#1087,0.875,0.785398163397);
#1087 = AXIS2_PLACEMENT_3D('',#1088,#1089,#1090);
#1088 = CARTESIAN_POINT('',(2.330661945902E-44,13.5,-9.775));
#1089 = DIRECTION('',(-2.68319918352E-45,-7.567369717147E-47,1.));
#1090 = DIRECTION('',(-1.,-2.627434620609E-46,-2.68319918352E-45));
#1091 = ADVANCED_FACE('',(#1092),#1095,.T.);
#1092 = FACE_BOUND('',#1093,.T.);
#1093 = EDGE_LOOP('',(#1094));
#1094 = ORIENTED_EDGE('',*,*,#1079,.F.);
#1095 = PLANE('',#1096);
#1096 = AXIS2_PLACEMENT_3D('',#1097,#1098,#1099);
#1097 = CARTESIAN_POINT('',(2.364201935696E-44,13.5,-9.9));
#1098 = DIRECTION('',(2.68319918352E-45,1.405345600791E-16,-1.));
#1099 = DIRECTION('',(-2.572696399346E-46,1.,1.405345600791E-16));
#1100 = ADVANCED_FACE('',(#1101),#1129,.F.);
#1101 = FACE_BOUND('',#1102,.F.);
#1102 = EDGE_LOOP('',(#1103,#1111,#1120,#1127,#1128));
#1103 = ORIENTED_EDGE('',*,*,#1104,.T.);
#1104 = EDGE_CURVE('',#794,#1105,#1107,.T.);
#1105 = VERTEX_POINT('',#1106);
#1106 = CARTESIAN_POINT('',(2.516649172248E-16,5.5,-2.055));
#1107 = LINE('',#1108,#1109);
#1108 = CARTESIAN_POINT('',(-2.516649172248E-16,-9.,-2.055));
#1109 = VECTOR('',#1110,1.);
#1110 = DIRECTION('',(-2.572696399346E-46,1.,7.567369717147E-47));
#1111 = ORIENTED_EDGE('',*,*,#1112,.T.);
#1112 = EDGE_CURVE('',#1105,#1113,#1115,.T.);
#1113 = VERTEX_POINT('',#1114);
#1114 = CARTESIAN_POINT('',(-2.709244494838E-14,5.5,2.055));
#1115 = CIRCLE('',#1116,2.055);
#1116 = AXIS2_PLACEMENT_3D('',#1117,#1118,#1119);
#1117 = CARTESIAN_POINT('',(-8.634954404189E-46,5.5,4.162053344431E-46)
  );
#1118 = DIRECTION('',(2.572696399346E-46,-1.,-7.567369717147E-47));
#1119 = DIRECTION('',(-2.68319918352E-45,-7.567369717147E-47,1.));
#1120 = ORIENTED_EDGE('',*,*,#1121,.T.);
#1121 = EDGE_CURVE('',#1113,#1105,#1122,.T.);
#1122 = CIRCLE('',#1123,2.055);
#1123 = AXIS2_PLACEMENT_3D('',#1124,#1125,#1126);
#1124 = CARTESIAN_POINT('',(-8.634954404189E-46,5.5,4.162053344431E-46)
  );
#1125 = DIRECTION('',(2.572696399346E-46,-1.,-7.567369717147E-47));
#1126 = DIRECTION('',(-2.68319918352E-45,-7.567369717147E-47,1.));
#1127 = ORIENTED_EDGE('',*,*,#1104,.F.);
#1128 = ORIENTED_EDGE('',*,*,#820,.T.);
#1129 = CYLINDRICAL_SURFACE('',#1130,2.055);
#1130 = AXIS2_PLACEMENT_3D('',#1131,#1132,#1133);
#1131 = CARTESIAN_POINT('',(2.866914338633E-45,-9.,-6.810632745433E-46)
  );
#1132 = DIRECTION('',(-2.572696399346E-46,1.,7.567369717147E-47));
#1133 = DIRECTION('',(-2.68319918352E-45,-7.567369717147E-47,1.));
#1134 = ADVANCED_FACE('',(#1135),#1153,.T.);
#1135 = FACE_BOUND('',#1136,.T.);
#1136 = EDGE_LOOP('',(#1137,#1138,#1145,#1146,#1147,#1148,#1149,#1150,
    #1151,#1152));
#1137 = ORIENTED_EDGE('',*,*,#1112,.T.);
#1138 = ORIENTED_EDGE('',*,*,#1139,.T.);
#1139 = EDGE_CURVE('',#1113,#1047,#1140,.T.);
#1140 = CIRCLE('',#1141,2.);
#1141 = AXIS2_PLACEMENT_3D('',#1142,#1143,#1144);
#1142 = CARTESIAN_POINT('',(-2.684751558999E-14,5.5,5.499999999998E-02)
  );
#1143 = DIRECTION('',(-1.,-4.64497263844E-13,-1.224646792229E-16));
#1144 = DIRECTION('',(-1.224646799147E-16,1.489481692891E-12,1.));
#1145 = ORIENTED_EDGE('',*,*,#1046,.T.);
#1146 = ORIENTED_EDGE('',*,*,#950,.T.);
#1147 = ORIENTED_EDGE('',*,*,#1010,.T.);
#1148 = ORIENTED_EDGE('',*,*,#984,.T.);
#1149 = ORIENTED_EDGE('',*,*,#930,.T.);
#1150 = ORIENTED_EDGE('',*,*,#1055,.T.);
#1151 = ORIENTED_EDGE('',*,*,#1139,.F.);
#1152 = ORIENTED_EDGE('',*,*,#1121,.T.);
#1153 = ( BOUNDED_SURFACE() B_SPLINE_SURFACE(2,2,(
    (#1154,#1155,#1156,#1157,#1158,#1159,#1160,#1161,#1162)
    ,(#1163,#1164,#1165,#1166,#1167,#1168,#1169,#1170,#1171)
    ,(#1172,#1173,#1174,#1175,#1176,#1177,#1178,#1179,#1180
)),.UNSPECIFIED.,.F.,.T.,.F.) B_SPLINE_SURFACE_WITH_KNOTS((3,3),(1,2,2,2
    ,2,2,1),(-1.570796326795,1.677817526532E-12),(-4.712388980385,
    -3.14159265359,-1.570796326795,0.,1.570796326795,3.14159265359,
4.712388980385),.UNSPECIFIED.) GEOMETRIC_REPRESENTATION_ITEM() 
RATIONAL_B_SPLINE_SURFACE((
    (1.,0.707106781187,1.,0.707106781187,1.,0.707106781187,1.
      ,0.707106781187,1.)
    ,(0.707106781186,0.499999999999,0.707106781186,0.499999999999
      ,0.707106781186,0.499999999999,0.707106781186,0.499999999999
      ,0.707106781186)
    ,(1.,0.707106781187,1.,0.707106781187,1.,0.707106781187,1.
,0.707106781187,1.))) REPRESENTATION_ITEM('') SURFACE() );
#1154 = CARTESIAN_POINT('',(-9.558353077205E-13,7.5,5.499999999594E-02)
  );
#1155 = CARTESIAN_POINT('',(-5.5E-02,7.5,5.499999999594E-02));
#1156 = CARTESIAN_POINT('',(-5.5E-02,7.5,-3.102301636166E-12));
#1157 = CARTESIAN_POINT('',(-5.5E-02,7.5,-5.500000000215E-02));
#1158 = CARTESIAN_POINT('',(-9.558353077205E-13,7.5,-5.500000000215E-02)
  );
#1159 = CARTESIAN_POINT('',(5.499999999809E-02,7.5,-5.500000000215E-02)
  );
#1160 = CARTESIAN_POINT('',(5.499999999809E-02,7.5,-3.102301636166E-12)
  );
#1161 = CARTESIAN_POINT('',(5.499999999809E-02,7.5,5.499999999594E-02));
#1162 = CARTESIAN_POINT('',(-9.558353077205E-13,7.5,5.499999999594E-02)
  );
#1163 = CARTESIAN_POINT('',(-9.55835307721E-13,7.500000000004,2.055));
#1164 = CARTESIAN_POINT('',(-2.055000000004,7.500000000003,2.055));
#1165 = CARTESIAN_POINT('',(-2.055000000004,7.5,-3.102301636166E-12));
#1166 = CARTESIAN_POINT('',(-2.055000000004,7.499999999997,
    -2.055000000006));
#1167 = CARTESIAN_POINT('',(-9.55835307721E-13,7.499999999998,
    -2.055000000006));
#1168 = CARTESIAN_POINT('',(2.055000000002,7.499999999999,
    -2.055000000006));
#1169 = CARTESIAN_POINT('',(2.055000000002,7.500000000002,
    -3.102301636169E-12));
#1170 = CARTESIAN_POINT('',(2.055000000002,7.500000000005,2.055));
#1171 = CARTESIAN_POINT('',(-9.55835307721E-13,7.500000000004,2.055));
#1172 = CARTESIAN_POINT('',(-2.684078003104E-14,5.5,2.055));
#1173 = CARTESIAN_POINT('',(-2.055,5.499999999999,2.055));
#1174 = CARTESIAN_POINT('',(-2.055,5.499999999996,-1.229073266709E-13));
#1175 = CARTESIAN_POINT('',(-2.055,5.499999999993,-2.055));
#1176 = CARTESIAN_POINT('',(-2.684078003104E-14,5.499999999994,-2.055));
#1177 = CARTESIAN_POINT('',(2.055,5.499999999995,-2.055));
#1178 = CARTESIAN_POINT('',(2.055,5.499999999998,-1.229073266737E-13));
#1179 = CARTESIAN_POINT('',(2.055,5.500000000001,2.055));
#1180 = CARTESIAN_POINT('',(-2.684078003104E-14,5.5,2.055));
#1181 = ADVANCED_FACE('',(#1182),#1216,.F.);
#1182 = FACE_BOUND('',#1183,.T.);
#1183 = EDGE_LOOP('',(#1184,#1194,#1202,#1210));
#1184 = ORIENTED_EDGE('',*,*,#1185,.F.);
#1185 = EDGE_CURVE('',#1186,#1188,#1190,.T.);
#1186 = VERTEX_POINT('',#1187);
#1187 = CARTESIAN_POINT('',(-4.68,8.22,-5.5));
#1188 = VERTEX_POINT('',#1189);
#1189 = CARTESIAN_POINT('',(-5.48,8.22,-5.5));
#1190 = LINE('',#1191,#1192);
#1191 = CARTESIAN_POINT('',(-3.526692826661E-15,8.22,-5.5));
#1192 = VECTOR('',#1193,1.);
#1193 = DIRECTION('',(-1.,0.,5.116149740848E-16));
#1194 = ORIENTED_EDGE('',*,*,#1195,.F.);
#1195 = EDGE_CURVE('',#1196,#1186,#1198,.T.);
#1196 = VERTEX_POINT('',#1197);
#1197 = CARTESIAN_POINT('',(-4.68,8.22,-6.3));
#1198 = LINE('',#1199,#1200);
#1199 = CARTESIAN_POINT('',(-4.68,8.22,-6.3));
#1200 = VECTOR('',#1201,1.);
#1201 = DIRECTION('',(6.041335594703E-16,0.,1.));
#1202 = ORIENTED_EDGE('',*,*,#1203,.F.);
#1203 = EDGE_CURVE('',#1204,#1196,#1206,.T.);
#1204 = VERTEX_POINT('',#1205);
#1205 = CARTESIAN_POINT('',(-5.48,8.22,-6.3));
#1206 = LINE('',#1207,#1208);
#1207 = CARTESIAN_POINT('',(-2.74,8.22,-6.3));
#1208 = VECTOR('',#1209,1.);
#1209 = DIRECTION('',(1.,0.,-6.953059271582E-16));
#1210 = ORIENTED_EDGE('',*,*,#1211,.F.);
#1211 = EDGE_CURVE('',#1188,#1204,#1212,.T.);
#1212 = LINE('',#1213,#1214);
#1213 = CARTESIAN_POINT('',(-5.48,8.22,-3.3));
#1214 = VECTOR('',#1215,1.);
#1215 = DIRECTION('',(-8.816893156266E-16,0.,-1.));
#1216 = PLANE('',#1217);
#1217 = AXIS2_PLACEMENT_3D('',#1218,#1219,#1220);
#1218 = CARTESIAN_POINT('',(-4.092919792679E-16,8.22,-6.3));
#1219 = DIRECTION('',(0.,-1.,0.));
#1220 = DIRECTION('',(-5.116149740848E-16,-0.,-1.));
#1221 = ADVANCED_FACE('',(#1222),#1272,.T.);
#1222 = FACE_BOUND('',#1223,.T.);
#1223 = EDGE_LOOP('',(#1224,#1234,#1242,#1250,#1258,#1266));
#1224 = ORIENTED_EDGE('',*,*,#1225,.F.);
#1225 = EDGE_CURVE('',#1226,#1228,#1230,.T.);
#1226 = VERTEX_POINT('',#1227);
#1227 = CARTESIAN_POINT('',(-5.48,17.7,-5.5));
#1228 = VERTEX_POINT('',#1229);
#1229 = CARTESIAN_POINT('',(-5.48,16.22,-5.5));
#1230 = LINE('',#1231,#1232);
#1231 = CARTESIAN_POINT('',(-5.48,15.61,-5.5));
#1232 = VECTOR('',#1233,1.);
#1233 = DIRECTION('',(1.304119184342E-46,-1.,1.479114197289E-31));
#1234 = ORIENTED_EDGE('',*,*,#1235,.T.);
#1235 = EDGE_CURVE('',#1226,#1236,#1238,.T.);
#1236 = VERTEX_POINT('',#1237);
#1237 = CARTESIAN_POINT('',(-5.48,17.7,-8.966987298108));
#1238 = LINE('',#1239,#1240);
#1239 = CARTESIAN_POINT('',(-5.48,17.7,-6.3));
#1240 = VECTOR('',#1241,1.);
#1241 = DIRECTION('',(-5.116149740848E-16,0.,-1.));
#1242 = ORIENTED_EDGE('',*,*,#1243,.F.);
#1243 = EDGE_CURVE('',#1244,#1236,#1246,.T.);
#1244 = VERTEX_POINT('',#1245);
#1245 = CARTESIAN_POINT('',(-5.48,16.9,-8.966987298108));
#1246 = LINE('',#1247,#1248);
#1247 = CARTESIAN_POINT('',(-5.48,14.76,-8.966987298108));
#1248 = VECTOR('',#1249,1.);
#1249 = DIRECTION('',(0.,1.,0.));
#1250 = ORIENTED_EDGE('',*,*,#1251,.F.);
#1251 = EDGE_CURVE('',#1252,#1244,#1254,.T.);
#1252 = VERTEX_POINT('',#1253);
#1253 = CARTESIAN_POINT('',(-5.48,16.9,-6.3));
#1254 = LINE('',#1255,#1256);
#1255 = CARTESIAN_POINT('',(-5.48,16.9,-6.3));
#1256 = VECTOR('',#1257,1.);
#1257 = DIRECTION('',(-5.116149740848E-16,0.,-1.));
#1258 = ORIENTED_EDGE('',*,*,#1259,.F.);
#1259 = EDGE_CURVE('',#1260,#1252,#1262,.T.);
#1260 = VERTEX_POINT('',#1261);
#1261 = CARTESIAN_POINT('',(-5.48,16.22,-6.3));
#1262 = LINE('',#1263,#1264);
#1263 = CARTESIAN_POINT('',(-5.48,12.22,-6.3));
#1264 = VECTOR('',#1265,1.);
#1265 = DIRECTION('',(0.,1.,0.));
#1266 = ORIENTED_EDGE('',*,*,#1267,.T.);
#1267 = EDGE_CURVE('',#1260,#1228,#1268,.T.);
#1268 = LINE('',#1269,#1270);
#1269 = CARTESIAN_POINT('',(-5.48,16.22,-2.4));
#1270 = VECTOR('',#1271,1.);
#1271 = DIRECTION('',(8.816893156266E-16,0.,1.));
#1272 = PLANE('',#1273);
#1273 = AXIS2_PLACEMENT_3D('',#1274,#1275,#1276);
#1274 = CARTESIAN_POINT('',(-5.48,12.22,-0.3));
#1275 = DIRECTION('',(-1.,0.,8.816893156266E-16));
#1276 = DIRECTION('',(8.816893156266E-16,0.,1.));
#1277 = ADVANCED_FACE('',(#1278),#1328,.T.);
#1278 = FACE_BOUND('',#1279,.T.);
#1279 = EDGE_LOOP('',(#1280,#1290,#1298,#1306,#1314,#1322));
#1280 = ORIENTED_EDGE('',*,*,#1281,.F.);
#1281 = EDGE_CURVE('',#1282,#1284,#1286,.T.);
#1282 = VERTEX_POINT('',#1283);
#1283 = CARTESIAN_POINT('',(-4.68,16.22,-5.5));
#1284 = VERTEX_POINT('',#1285);
#1285 = CARTESIAN_POINT('',(-4.68,17.7,-5.5));
#1286 = LINE('',#1287,#1288);
#1287 = CARTESIAN_POINT('',(-4.68,15.61,-5.5));
#1288 = VECTOR('',#1289,1.);
#1289 = DIRECTION('',(-8.935825248714E-47,1.,-1.479114197289E-31));
#1290 = ORIENTED_EDGE('',*,*,#1291,.T.);
#1291 = EDGE_CURVE('',#1282,#1292,#1294,.T.);
#1292 = VERTEX_POINT('',#1293);
#1293 = CARTESIAN_POINT('',(-4.68,16.22,-6.3));
#1294 = LINE('',#1295,#1296);
#1295 = CARTESIAN_POINT('',(-4.68,16.22,-5.4));
#1296 = VECTOR('',#1297,1.);
#1297 = DIRECTION('',(-6.041335594703E-16,0.,-1.));
#1298 = ORIENTED_EDGE('',*,*,#1299,.T.);
#1299 = EDGE_CURVE('',#1292,#1300,#1302,.T.);
#1300 = VERTEX_POINT('',#1301);
#1301 = CARTESIAN_POINT('',(-4.68,16.9,-6.3));
#1302 = LINE('',#1303,#1304);
#1303 = CARTESIAN_POINT('',(-4.68,12.22,-6.3));
#1304 = VECTOR('',#1305,1.);
#1305 = DIRECTION('',(0.,1.,0.));
#1306 = ORIENTED_EDGE('',*,*,#1307,.T.);
#1307 = EDGE_CURVE('',#1300,#1308,#1310,.T.);
#1308 = VERTEX_POINT('',#1309);
#1309 = CARTESIAN_POINT('',(-4.68,16.9,-8.966987298108));
#1310 = LINE('',#1311,#1312);
#1311 = CARTESIAN_POINT('',(-4.68,16.9,-6.3));
#1312 = VECTOR('',#1313,1.);
#1313 = DIRECTION('',(-5.116149740848E-16,0.,-1.));
#1314 = ORIENTED_EDGE('',*,*,#1315,.F.);
#1315 = EDGE_CURVE('',#1316,#1308,#1318,.T.);
#1316 = VERTEX_POINT('',#1317);
#1317 = CARTESIAN_POINT('',(-4.68,17.7,-8.966987298108));
#1318 = LINE('',#1319,#1320);
#1319 = CARTESIAN_POINT('',(-4.68,14.76,-8.966987298108));
#1320 = VECTOR('',#1321,1.);
#1321 = DIRECTION('',(0.,-1.,0.));
#1322 = ORIENTED_EDGE('',*,*,#1323,.T.);
#1323 = EDGE_CURVE('',#1316,#1284,#1324,.T.);
#1324 = LINE('',#1325,#1326);
#1325 = CARTESIAN_POINT('',(-4.68,17.7,-0.3));
#1326 = VECTOR('',#1327,1.);
#1327 = DIRECTION('',(6.041335594703E-16,0.,1.));
#1328 = PLANE('',#1329);
#1329 = AXIS2_PLACEMENT_3D('',#1330,#1331,#1332);
#1330 = CARTESIAN_POINT('',(-4.68,12.22,-6.3));
#1331 = DIRECTION('',(1.,0.,-6.041335594703E-16));
#1332 = DIRECTION('',(-6.041335594703E-16,0.,-1.));
#1333 = ADVANCED_FACE('',(#1334),#1375,.T.);
#1334 = FACE_BOUND('',#1335,.T.);
#1335 = EDGE_LOOP('',(#1336,#1344,#1352,#1360,#1368,#1374));
#1336 = ORIENTED_EDGE('',*,*,#1337,.F.);
#1337 = EDGE_CURVE('',#1338,#1186,#1340,.T.);
#1338 = VERTEX_POINT('',#1339);
#1339 = CARTESIAN_POINT('',(-4.68,6.74,-5.5));
#1340 = LINE('',#1341,#1342);
#1341 = CARTESIAN_POINT('',(-4.68,15.61,-5.5));
#1342 = VECTOR('',#1343,1.);
#1343 = DIRECTION('',(-8.935825248714E-47,1.,-1.479114197289E-31));
#1344 = ORIENTED_EDGE('',*,*,#1345,.T.);
#1345 = EDGE_CURVE('',#1338,#1346,#1348,.T.);
#1346 = VERTEX_POINT('',#1347);
#1347 = CARTESIAN_POINT('',(-4.68,6.74,-8.966987298108));
#1348 = LINE('',#1349,#1350);
#1349 = CARTESIAN_POINT('',(-4.68,6.74,-6.3));
#1350 = VECTOR('',#1351,1.);
#1351 = DIRECTION('',(-5.116149740848E-16,0.,-1.));
#1352 = ORIENTED_EDGE('',*,*,#1353,.F.);
#1353 = EDGE_CURVE('',#1354,#1346,#1356,.T.);
#1354 = VERTEX_POINT('',#1355);
#1355 = CARTESIAN_POINT('',(-4.68,7.54,-8.966987298108));
#1356 = LINE('',#1357,#1358);
#1357 = CARTESIAN_POINT('',(-4.68,9.68,-8.966987298108));
#1358 = VECTOR('',#1359,1.);
#1359 = DIRECTION('',(0.,-1.,0.));
#1360 = ORIENTED_EDGE('',*,*,#1361,.F.);
#1361 = EDGE_CURVE('',#1362,#1354,#1364,.T.);
#1362 = VERTEX_POINT('',#1363);
#1363 = CARTESIAN_POINT('',(-4.68,7.54,-6.3));
#1364 = LINE('',#1365,#1366);
#1365 = CARTESIAN_POINT('',(-4.68,7.54,-6.3));
#1366 = VECTOR('',#1367,1.);
#1367 = DIRECTION('',(-5.116149740848E-16,0.,-1.));
#1368 = ORIENTED_EDGE('',*,*,#1369,.T.);
#1369 = EDGE_CURVE('',#1362,#1196,#1370,.T.);
#1370 = LINE('',#1371,#1372);
#1371 = CARTESIAN_POINT('',(-4.68,12.22,-6.3));
#1372 = VECTOR('',#1373,1.);
#1373 = DIRECTION('',(0.,1.,0.));
#1374 = ORIENTED_EDGE('',*,*,#1195,.T.);
#1375 = PLANE('',#1376);
#1376 = AXIS2_PLACEMENT_3D('',#1377,#1378,#1379);
#1377 = CARTESIAN_POINT('',(-4.68,12.22,-6.3));
#1378 = DIRECTION('',(1.,0.,-6.041335594703E-16));
#1379 = DIRECTION('',(-6.041335594703E-16,0.,-1.));
#1380 = ADVANCED_FACE('',(#1381),#1415,.T.);
#1381 = FACE_BOUND('',#1382,.T.);
#1382 = EDGE_LOOP('',(#1383,#1393,#1401,#1409));
#1383 = ORIENTED_EDGE('',*,*,#1384,.F.);
#1384 = EDGE_CURVE('',#1385,#1387,#1389,.T.);
#1385 = VERTEX_POINT('',#1386);
#1386 = CARTESIAN_POINT('',(5.48,17.7,-5.5));
#1387 = VERTEX_POINT('',#1388);
#1388 = CARTESIAN_POINT('',(4.68,17.7,-5.5));
#1389 = LINE('',#1390,#1391);
#1390 = CARTESIAN_POINT('',(-3.804248582817E-15,17.7,-5.5));
#1391 = VECTOR('',#1392,1.);
#1392 = DIRECTION('',(-1.,0.,5.116149740848E-16));
#1393 = ORIENTED_EDGE('',*,*,#1394,.F.);
#1394 = EDGE_CURVE('',#1395,#1385,#1397,.T.);
#1395 = VERTEX_POINT('',#1396);
#1396 = CARTESIAN_POINT('',(5.48,17.7,-8.966987298108));
#1397 = LINE('',#1398,#1399);
#1398 = CARTESIAN_POINT('',(5.48,17.7,-0.3));
#1399 = VECTOR('',#1400,1.);
#1400 = DIRECTION('',(5.116149740848E-16,0.,1.));
#1401 = ORIENTED_EDGE('',*,*,#1402,.F.);
#1402 = EDGE_CURVE('',#1403,#1395,#1405,.T.);
#1403 = VERTEX_POINT('',#1404);
#1404 = CARTESIAN_POINT('',(4.68,17.7,-8.966987298108));
#1405 = LINE('',#1406,#1407);
#1406 = CARTESIAN_POINT('',(2.54,17.7,-8.966987298108));
#1407 = VECTOR('',#1408,1.);
#1408 = DIRECTION('',(1.,0.,-5.116149740848E-16));
#1409 = ORIENTED_EDGE('',*,*,#1410,.F.);
#1410 = EDGE_CURVE('',#1387,#1403,#1411,.T.);
#1411 = LINE('',#1412,#1413);
#1412 = CARTESIAN_POINT('',(4.68,17.7,-6.3));
#1413 = VECTOR('',#1414,1.);
#1414 = DIRECTION('',(-5.116149740848E-16,0.,-1.));
#1415 = PLANE('',#1416);
#1416 = AXIS2_PLACEMENT_3D('',#1417,#1418,#1419);
#1417 = CARTESIAN_POINT('',(2.212427432483E-15,17.7,-9.058259632446E-02)
  );
#1418 = DIRECTION('',(0.,1.,0.));
#1419 = DIRECTION('',(5.116149740848E-16,-0.,1.));
#1420 = ADVANCED_FACE('',(#1421),#1437,.T.);
#1421 = FACE_BOUND('',#1422,.T.);
#1422 = EDGE_LOOP('',(#1423,#1429,#1430,#1436));
#1423 = ORIENTED_EDGE('',*,*,#1424,.F.);
#1424 = EDGE_CURVE('',#1284,#1226,#1425,.T.);
#1425 = LINE('',#1426,#1427);
#1426 = CARTESIAN_POINT('',(-3.804248582817E-15,17.7,-5.5));
#1427 = VECTOR('',#1428,1.);
#1428 = DIRECTION('',(-1.,0.,5.116149740848E-16));
#1429 = ORIENTED_EDGE('',*,*,#1323,.F.);
#1430 = ORIENTED_EDGE('',*,*,#1431,.F.);
#1431 = EDGE_CURVE('',#1236,#1316,#1432,.T.);
#1432 = LINE('',#1433,#1434);
#1433 = CARTESIAN_POINT('',(-2.54,17.7,-8.966987298108));
#1434 = VECTOR('',#1435,1.);
#1435 = DIRECTION('',(1.,0.,-5.116149740848E-16));
#1436 = ORIENTED_EDGE('',*,*,#1235,.F.);
#1437 = PLANE('',#1438);
#1438 = AXIS2_PLACEMENT_3D('',#1439,#1440,#1441);
#1439 = CARTESIAN_POINT('',(2.212427432483E-15,17.7,-9.058259632446E-02)
  );
#1440 = DIRECTION('',(0.,1.,0.));
#1441 = DIRECTION('',(5.116149740848E-16,-0.,1.));
#1442 = ADVANCED_FACE('',(#1443),#1493,.T.);
#1443 = FACE_BOUND('',#1444,.T.);
#1444 = EDGE_LOOP('',(#1445,#1455,#1463,#1471,#1479,#1487));
#1445 = ORIENTED_EDGE('',*,*,#1446,.F.);
#1446 = EDGE_CURVE('',#1447,#1449,#1451,.T.);
#1447 = VERTEX_POINT('',#1448);
#1448 = CARTESIAN_POINT('',(5.48,6.74,-5.5));
#1449 = VERTEX_POINT('',#1450);
#1450 = CARTESIAN_POINT('',(5.48,8.22,-5.5));
#1451 = LINE('',#1452,#1453);
#1452 = CARTESIAN_POINT('',(5.48,15.61,-5.5));
#1453 = VECTOR('',#1454,1.);
#1454 = DIRECTION('',(-7.567369717147E-47,1.,-1.479114197289E-31));
#1455 = ORIENTED_EDGE('',*,*,#1456,.T.);
#1456 = EDGE_CURVE('',#1447,#1457,#1459,.T.);
#1457 = VERTEX_POINT('',#1458);
#1458 = CARTESIAN_POINT('',(5.48,6.74,-8.966987298108));
#1459 = LINE('',#1460,#1461);
#1460 = CARTESIAN_POINT('',(5.48,6.74,-6.3));
#1461 = VECTOR('',#1462,1.);
#1462 = DIRECTION('',(-5.116149740848E-16,0.,-1.));
#1463 = ORIENTED_EDGE('',*,*,#1464,.F.);
#1464 = EDGE_CURVE('',#1465,#1457,#1467,.T.);
#1465 = VERTEX_POINT('',#1466);
#1466 = CARTESIAN_POINT('',(5.48,7.54,-8.966987298108));
#1467 = LINE('',#1468,#1469);
#1468 = CARTESIAN_POINT('',(5.48,9.68,-8.966987298108));
#1469 = VECTOR('',#1470,1.);
#1470 = DIRECTION('',(0.,-1.,0.));
#1471 = ORIENTED_EDGE('',*,*,#1472,.F.);
#1472 = EDGE_CURVE('',#1473,#1465,#1475,.T.);
#1473 = VERTEX_POINT('',#1474);
#1474 = CARTESIAN_POINT('',(5.48,7.54,-6.3));
#1475 = LINE('',#1476,#1477);
#1476 = CARTESIAN_POINT('',(5.48,7.54,-6.3));
#1477 = VECTOR('',#1478,1.);
#1478 = DIRECTION('',(-5.116149740848E-16,0.,-1.));
#1479 = ORIENTED_EDGE('',*,*,#1480,.F.);
#1480 = EDGE_CURVE('',#1481,#1473,#1483,.T.);
#1481 = VERTEX_POINT('',#1482);
#1482 = CARTESIAN_POINT('',(5.48,8.22,-6.3));
#1483 = LINE('',#1484,#1485);
#1484 = CARTESIAN_POINT('',(5.48,12.22,-6.3));
#1485 = VECTOR('',#1486,1.);
#1486 = DIRECTION('',(0.,-1.,0.));
#1487 = ORIENTED_EDGE('',*,*,#1488,.T.);
#1488 = EDGE_CURVE('',#1481,#1449,#1489,.T.);
#1489 = LINE('',#1490,#1491);
#1490 = CARTESIAN_POINT('',(5.48,8.22,-6.3));
#1491 = VECTOR('',#1492,1.);
#1492 = DIRECTION('',(5.116149740848E-16,0.,1.));
#1493 = PLANE('',#1494);
#1494 = AXIS2_PLACEMENT_3D('',#1495,#1496,#1497);
#1495 = CARTESIAN_POINT('',(5.48,12.22,-6.3));
#1496 = DIRECTION('',(1.,0.,-5.116149740848E-16));
#1497 = DIRECTION('',(-5.116149740848E-16,0.,-1.));
#1498 = ADVANCED_FACE('',(#1499),#1524,.F.);
#1499 = FACE_BOUND('',#1500,.T.);
#1500 = EDGE_LOOP('',(#1501,#1509,#1517,#1523));
#1501 = ORIENTED_EDGE('',*,*,#1502,.F.);
#1502 = EDGE_CURVE('',#1503,#1447,#1505,.T.);
#1503 = VERTEX_POINT('',#1504);
#1504 = CARTESIAN_POINT('',(4.68,6.74,-5.5));
#1505 = LINE('',#1506,#1507);
#1506 = CARTESIAN_POINT('',(-3.804248582817E-15,6.74,-5.5));
#1507 = VECTOR('',#1508,1.);
#1508 = DIRECTION('',(1.,0.,-5.116149740848E-16));
#1509 = ORIENTED_EDGE('',*,*,#1510,.F.);
#1510 = EDGE_CURVE('',#1511,#1503,#1513,.T.);
#1511 = VERTEX_POINT('',#1512);
#1512 = CARTESIAN_POINT('',(4.68,6.74,-8.966987298108));
#1513 = LINE('',#1514,#1515);
#1514 = CARTESIAN_POINT('',(4.68,6.74,-6.3));
#1515 = VECTOR('',#1516,1.);
#1516 = DIRECTION('',(8.816893156266E-16,0.,1.));
#1517 = ORIENTED_EDGE('',*,*,#1518,.F.);
#1518 = EDGE_CURVE('',#1457,#1511,#1519,.T.);
#1519 = LINE('',#1520,#1521);
#1520 = CARTESIAN_POINT('',(2.54,6.74,-8.966987298108));
#1521 = VECTOR('',#1522,1.);
#1522 = DIRECTION('',(-1.,0.,5.116149740848E-16));
#1523 = ORIENTED_EDGE('',*,*,#1456,.F.);
#1524 = PLANE('',#1525);
#1525 = AXIS2_PLACEMENT_3D('',#1526,#1527,#1528);
#1526 = CARTESIAN_POINT('',(2.212427432483E-15,6.74,-9.058259632446E-02)
  );
#1527 = DIRECTION('',(0.,1.,0.));
#1528 = DIRECTION('',(5.116149740848E-16,-0.,1.));
#1529 = ADVANCED_FACE('',(#1530),#1571,.T.);
#1530 = FACE_BOUND('',#1531,.T.);
#1531 = EDGE_LOOP('',(#1532,#1540,#1548,#1556,#1564,#1570));
#1532 = ORIENTED_EDGE('',*,*,#1533,.F.);
#1533 = EDGE_CURVE('',#1534,#1503,#1536,.T.);
#1534 = VERTEX_POINT('',#1535);
#1535 = CARTESIAN_POINT('',(4.68,8.22,-5.5));
#1536 = LINE('',#1537,#1538);
#1537 = CARTESIAN_POINT('',(4.68,15.61,-5.5));
#1538 = VECTOR('',#1539,1.);
#1539 = DIRECTION('',(1.304119184342E-46,-1.,1.479114197289E-31));
#1540 = ORIENTED_EDGE('',*,*,#1541,.T.);
#1541 = EDGE_CURVE('',#1534,#1542,#1544,.T.);
#1542 = VERTEX_POINT('',#1543);
#1543 = CARTESIAN_POINT('',(4.68,8.22,-6.3));
#1544 = LINE('',#1545,#1546);
#1545 = CARTESIAN_POINT('',(4.68,8.22,-3.3));
#1546 = VECTOR('',#1547,1.);
#1547 = DIRECTION('',(-8.816893156266E-16,0.,-1.));
#1548 = ORIENTED_EDGE('',*,*,#1549,.F.);
#1549 = EDGE_CURVE('',#1550,#1542,#1552,.T.);
#1550 = VERTEX_POINT('',#1551);
#1551 = CARTESIAN_POINT('',(4.68,7.54,-6.3));
#1552 = LINE('',#1553,#1554);
#1553 = CARTESIAN_POINT('',(4.68,12.22,-6.3));
#1554 = VECTOR('',#1555,1.);
#1555 = DIRECTION('',(0.,1.,0.));
#1556 = ORIENTED_EDGE('',*,*,#1557,.T.);
#1557 = EDGE_CURVE('',#1550,#1558,#1560,.T.);
#1558 = VERTEX_POINT('',#1559);
#1559 = CARTESIAN_POINT('',(4.68,7.54,-8.966987298108));
#1560 = LINE('',#1561,#1562);
#1561 = CARTESIAN_POINT('',(4.68,7.54,-6.3));
#1562 = VECTOR('',#1563,1.);
#1563 = DIRECTION('',(-5.116149740848E-16,0.,-1.));
#1564 = ORIENTED_EDGE('',*,*,#1565,.F.);
#1565 = EDGE_CURVE('',#1511,#1558,#1566,.T.);
#1566 = LINE('',#1567,#1568);
#1567 = CARTESIAN_POINT('',(4.68,9.68,-8.966987298108));
#1568 = VECTOR('',#1569,1.);
#1569 = DIRECTION('',(0.,1.,0.));
#1570 = ORIENTED_EDGE('',*,*,#1510,.T.);
#1571 = PLANE('',#1572);
#1572 = AXIS2_PLACEMENT_3D('',#1573,#1574,#1575);
#1573 = CARTESIAN_POINT('',(4.68,12.22,-0.3));
#1574 = DIRECTION('',(-1.,0.,8.816893156266E-16));
#1575 = DIRECTION('',(8.816893156266E-16,0.,1.));
#1576 = ADVANCED_FACE('',(#1577),#1618,.T.);
#1577 = FACE_BOUND('',#1578,.T.);
#1578 = EDGE_LOOP('',(#1579,#1587,#1588,#1596,#1604,#1612));
#1579 = ORIENTED_EDGE('',*,*,#1580,.F.);
#1580 = EDGE_CURVE('',#1387,#1581,#1583,.T.);
#1581 = VERTEX_POINT('',#1582);
#1582 = CARTESIAN_POINT('',(4.68,16.22,-5.5));
#1583 = LINE('',#1584,#1585);
#1584 = CARTESIAN_POINT('',(4.68,15.61,-5.5));
#1585 = VECTOR('',#1586,1.);
#1586 = DIRECTION('',(1.304119184342E-46,-1.,1.479114197289E-31));
#1587 = ORIENTED_EDGE('',*,*,#1410,.T.);
#1588 = ORIENTED_EDGE('',*,*,#1589,.F.);
#1589 = EDGE_CURVE('',#1590,#1403,#1592,.T.);
#1590 = VERTEX_POINT('',#1591);
#1591 = CARTESIAN_POINT('',(4.68,16.9,-8.966987298108));
#1592 = LINE('',#1593,#1594);
#1593 = CARTESIAN_POINT('',(4.68,14.76,-8.966987298108));
#1594 = VECTOR('',#1595,1.);
#1595 = DIRECTION('',(0.,1.,0.));
#1596 = ORIENTED_EDGE('',*,*,#1597,.F.);
#1597 = EDGE_CURVE('',#1598,#1590,#1600,.T.);
#1598 = VERTEX_POINT('',#1599);
#1599 = CARTESIAN_POINT('',(4.68,16.9,-6.3));
#1600 = LINE('',#1601,#1602);
#1601 = CARTESIAN_POINT('',(4.68,16.9,-6.3));
#1602 = VECTOR('',#1603,1.);
#1603 = DIRECTION('',(-5.116149740848E-16,0.,-1.));
#1604 = ORIENTED_EDGE('',*,*,#1605,.F.);
#1605 = EDGE_CURVE('',#1606,#1598,#1608,.T.);
#1606 = VERTEX_POINT('',#1607);
#1607 = CARTESIAN_POINT('',(4.68,16.22,-6.3));
#1608 = LINE('',#1609,#1610);
#1609 = CARTESIAN_POINT('',(4.68,12.22,-6.3));
#1610 = VECTOR('',#1611,1.);
#1611 = DIRECTION('',(0.,1.,0.));
#1612 = ORIENTED_EDGE('',*,*,#1613,.T.);
#1613 = EDGE_CURVE('',#1606,#1581,#1614,.T.);
#1614 = LINE('',#1615,#1616);
#1615 = CARTESIAN_POINT('',(4.68,16.22,-2.4));
#1616 = VECTOR('',#1617,1.);
#1617 = DIRECTION('',(8.816893156266E-16,0.,1.));
#1618 = PLANE('',#1619);
#1619 = AXIS2_PLACEMENT_3D('',#1620,#1621,#1622);
#1620 = CARTESIAN_POINT('',(4.68,12.22,-0.3));
#1621 = DIRECTION('',(-1.,0.,8.816893156266E-16));
#1622 = DIRECTION('',(8.816893156266E-16,0.,1.));
#1623 = ADVANCED_FACE('',(#1624),#1672,.T.);
#1624 = FACE_BOUND('',#1625,.T.);
#1625 = EDGE_LOOP('',(#1626,#1651));
#1626 = ORIENTED_EDGE('',*,*,#1627,.F.);
#1627 = EDGE_CURVE('',#1628,#1630,#1632,.T.);
#1628 = VERTEX_POINT('',#1629);
#1629 = CARTESIAN_POINT('',(-0.5,13.75,5.1571421092));
#1630 = VERTEX_POINT('',#1631);
#1631 = CARTESIAN_POINT('',(0.5,13.75,5.1571421092));
#1632 = B_SPLINE_CURVE_WITH_KNOTS('',3,(#1633,#1634,#1635,#1636,#1637,
    #1638,#1639,#1640,#1641,#1642,#1643,#1644,#1645,#1646,#1647,#1648,
    #1649,#1650),.UNSPECIFIED.,.F.,.F.,(4,2,2,2,2,2,2,2,4),(
    -0.301529351514,-0.282683744852,-0.263838138189,-0.244992575912,
    -0.226147013636,-0.207301451359,-0.188455889082,-0.16961028242,
    -0.150764675757),.UNSPECIFIED.);
#1633 = CARTESIAN_POINT('',(-0.5,13.75,5.1571421092));
#1634 = CARTESIAN_POINT('',(-0.5,13.812818688875,5.1571421092));
#1635 = CARTESIAN_POINT('',(-0.487438512916,13.879800573555,
    5.15833853552));
#1636 = CARTESIAN_POINT('',(-0.436400841038,14.002979844029,
    5.162655963521));
#1637 = CARTESIAN_POINT('',(-0.397926567409,14.059180213777,
    5.165714194486));
#1638 = CARTESIAN_POINT('',(-0.309180318286,14.1479264629,5.171451793658
    ));
#1639 = CARTESIAN_POINT('',(-0.252979902551,14.186400817864,
    5.174504461058));
#1640 = CARTESIAN_POINT('',(-0.129800478815,14.237438551096,
    5.178809155362));
#1641 = CARTESIAN_POINT('',(-6.281854092255E-02,14.25,5.18));
#1642 = CARTESIAN_POINT('',(6.281854092255E-02,14.25,5.18));
#1643 = CARTESIAN_POINT('',(0.129800478815,14.237438551096,
    5.178809155362));
#1644 = CARTESIAN_POINT('',(0.252979902551,14.186400817864,
    5.174504461058));
#1645 = CARTESIAN_POINT('',(0.309180318286,14.1479264629,5.171451793658)
  );
#1646 = CARTESIAN_POINT('',(0.397926567409,14.059180213777,
    5.165714194486));
#1647 = CARTESIAN_POINT('',(0.436400841038,14.002979844029,
    5.162655963521));
#1648 = CARTESIAN_POINT('',(0.487438512916,13.879800573555,5.15833853552
    ));
#1649 = CARTESIAN_POINT('',(0.5,13.812818688875,5.1571421092));
#1650 = CARTESIAN_POINT('',(0.5,13.75,5.1571421092));
#1651 = ORIENTED_EDGE('',*,*,#1652,.F.);
#1652 = EDGE_CURVE('',#1630,#1628,#1653,.T.);
#1653 = B_SPLINE_CURVE_WITH_KNOTS('',3,(#1654,#1655,#1656,#1657,#1658,
    #1659,#1660,#1661,#1662,#1663,#1664,#1665,#1666,#1667,#1668,#1669,
    #1670,#1671),.UNSPECIFIED.,.F.,.F.,(4,2,2,2,2,2,2,2,4),(
    -0.150764675757,-0.131919069095,-0.113073462432,-9.422790015528E-02,
    -7.538233787852E-02,-5.653677560175E-02,-3.769121332498E-02,
    -1.884560666249E-02,0.),.UNSPECIFIED.);
#1654 = CARTESIAN_POINT('',(0.5,13.75,5.1571421092));
#1655 = CARTESIAN_POINT('',(0.5,13.687181311125,5.1571421092));
#1656 = CARTESIAN_POINT('',(0.487438512916,13.620199426445,5.15833853552
    ));
#1657 = CARTESIAN_POINT('',(0.436400841038,13.497020155971,
    5.162655963521));
#1658 = CARTESIAN_POINT('',(0.397926567409,13.440819786223,
    5.165714194486));
#1659 = CARTESIAN_POINT('',(0.309180318286,13.3520735371,5.171451793658)
  );
#1660 = CARTESIAN_POINT('',(0.252979902551,13.313599182136,
    5.174504461058));
#1661 = CARTESIAN_POINT('',(0.129800478815,13.262561448904,
    5.178809155362));
#1662 = CARTESIAN_POINT('',(6.281854092255E-02,13.25,5.18));
#1663 = CARTESIAN_POINT('',(-6.281854092255E-02,13.25,5.18));
#1664 = CARTESIAN_POINT('',(-0.129800478815,13.262561448904,
    5.178809155362));
#1665 = CARTESIAN_POINT('',(-0.252979902551,13.313599182136,
    5.174504461058));
#1666 = CARTESIAN_POINT('',(-0.309180318286,13.3520735371,5.171451793658
    ));
#1667 = CARTESIAN_POINT('',(-0.397926567409,13.440819786223,
    5.165714194486));
#1668 = CARTESIAN_POINT('',(-0.436400841038,13.497020155971,
    5.162655963521));
#1669 = CARTESIAN_POINT('',(-0.487438512916,13.620199426445,
    5.15833853552));
#1670 = CARTESIAN_POINT('',(-0.5,13.687181311125,5.1571421092));
#1671 = CARTESIAN_POINT('',(-0.5,13.75,5.1571421092));
#1672 = CYLINDRICAL_SURFACE('',#1673,5.48);
#1673 = AXIS2_PLACEMENT_3D('',#1674,#1675,#1676);
#1674 = CARTESIAN_POINT('',(2.660397865241E-15,12.22,-0.3));
#1675 = DIRECTION('',(0.,1.,0.));
#1676 = DIRECTION('',(-1.,0.,7.142104165347E-16));
#1677 = ADVANCED_FACE('',(#1678),#1726,.T.);
#1678 = FACE_BOUND('',#1679,.T.);
#1679 = EDGE_LOOP('',(#1680,#1705));
#1680 = ORIENTED_EDGE('',*,*,#1681,.F.);
#1681 = EDGE_CURVE('',#1682,#1684,#1686,.T.);
#1682 = VERTEX_POINT('',#1683);
#1683 = CARTESIAN_POINT('',(-0.5,8.5,5.1571421092));
#1684 = VERTEX_POINT('',#1685);
#1685 = CARTESIAN_POINT('',(0.5,8.5,5.1571421092));
#1686 = B_SPLINE_CURVE_WITH_KNOTS('',3,(#1687,#1688,#1689,#1690,#1691,
    #1692,#1693,#1694,#1695,#1696,#1697,#1698,#1699,#1700,#1701,#1702,
    #1703,#1704),.UNSPECIFIED.,.F.,.F.,(4,2,2,2,2,2,2,2,4),(
    -0.301529351514,-0.282683744852,-0.263838138189,-0.244992575912,
    -0.226147013636,-0.207301451359,-0.188455889082,-0.16961028242,
    -0.150764675757),.UNSPECIFIED.);
#1687 = CARTESIAN_POINT('',(-0.5,8.5,5.1571421092));
#1688 = CARTESIAN_POINT('',(-0.5,8.562818688875,5.1571421092));
#1689 = CARTESIAN_POINT('',(-0.487438512916,8.629800573555,5.15833853552
    ));
#1690 = CARTESIAN_POINT('',(-0.436400841038,8.752979844029,
    5.162655963521));
#1691 = CARTESIAN_POINT('',(-0.397926567409,8.809180213777,
    5.165714194486));
#1692 = CARTESIAN_POINT('',(-0.309180318286,8.8979264629,5.171451793658)
  );
#1693 = CARTESIAN_POINT('',(-0.252979902551,8.936400817864,
    5.174504461058));
#1694 = CARTESIAN_POINT('',(-0.129800478815,8.987438551096,
    5.178809155362));
#1695 = CARTESIAN_POINT('',(-6.281854092255E-02,9.,5.18));
#1696 = CARTESIAN_POINT('',(6.281854092256E-02,9.,5.18));
#1697 = CARTESIAN_POINT('',(0.129800478815,8.987438551096,5.178809155362
    ));
#1698 = CARTESIAN_POINT('',(0.252979902551,8.936400817864,5.174504461058
    ));
#1699 = CARTESIAN_POINT('',(0.309180318286,8.8979264629,5.171451793658)
  );
#1700 = CARTESIAN_POINT('',(0.397926567409,8.809180213777,5.165714194486
    ));
#1701 = CARTESIAN_POINT('',(0.436400841038,8.752979844029,5.162655963521
    ));
#1702 = CARTESIAN_POINT('',(0.487438512916,8.629800573555,5.15833853552)
  );
#1703 = CARTESIAN_POINT('',(0.5,8.562818688875,5.1571421092));
#1704 = CARTESIAN_POINT('',(0.5,8.5,5.1571421092));
#1705 = ORIENTED_EDGE('',*,*,#1706,.F.);
#1706 = EDGE_CURVE('',#1684,#1682,#1707,.T.);
#1707 = B_SPLINE_CURVE_WITH_KNOTS('',3,(#1708,#1709,#1710,#1711,#1712,
    #1713,#1714,#1715,#1716,#1717,#1718,#1719,#1720,#1721,#1722,#1723,
    #1724,#1725),.UNSPECIFIED.,.F.,.F.,(4,2,2,2,2,2,2,2,4),(
    -0.150764675757,-0.131919069095,-0.113073462432,-9.422790015528E-02,
    -7.538233787852E-02,-5.653677560175E-02,-3.769121332499E-02,
    -1.884560666249E-02,0.),.UNSPECIFIED.);
#1708 = CARTESIAN_POINT('',(0.5,8.5,5.1571421092));
#1709 = CARTESIAN_POINT('',(0.5,8.437181311125,5.1571421092));
#1710 = CARTESIAN_POINT('',(0.487438512916,8.370199426445,5.15833853552)
  );
#1711 = CARTESIAN_POINT('',(0.436400841038,8.247020155971,5.162655963521
    ));
#1712 = CARTESIAN_POINT('',(0.397926567409,8.190819786223,5.165714194486
    ));
#1713 = CARTESIAN_POINT('',(0.309180318286,8.1020735371,5.171451793658)
  );
#1714 = CARTESIAN_POINT('',(0.252979902551,8.063599182136,5.174504461058
    ));
#1715 = CARTESIAN_POINT('',(0.129800478815,8.012561448904,5.178809155362
    ));
#1716 = CARTESIAN_POINT('',(6.281854092256E-02,8.,5.18));
#1717 = CARTESIAN_POINT('',(-6.281854092255E-02,8.,5.18));
#1718 = CARTESIAN_POINT('',(-0.129800478815,8.012561448904,
    5.178809155362));
#1719 = CARTESIAN_POINT('',(-0.252979902551,8.063599182136,
    5.174504461058));
#1720 = CARTESIAN_POINT('',(-0.309180318286,8.1020735371,5.171451793658)
  );
#1721 = CARTESIAN_POINT('',(-0.397926567409,8.190819786223,
    5.165714194486));
#1722 = CARTESIAN_POINT('',(-0.436400841038,8.247020155971,
    5.162655963521));
#1723 = CARTESIAN_POINT('',(-0.487438512916,8.370199426445,5.15833853552
    ));
#1724 = CARTESIAN_POINT('',(-0.5,8.437181311125,5.1571421092));
#1725 = CARTESIAN_POINT('',(-0.5,8.5,5.1571421092));
#1726 = CYLINDRICAL_SURFACE('',#1727,5.48);
#1727 = AXIS2_PLACEMENT_3D('',#1728,#1729,#1730);
#1728 = CARTESIAN_POINT('',(2.660397865241E-15,12.22,-0.3));
#1729 = DIRECTION('',(0.,1.,0.));
#1730 = DIRECTION('',(-1.,0.,7.142104165347E-16));
#1731 = ADVANCED_FACE('',(#1732),#1757,.T.);
#1732 = FACE_BOUND('',#1733,.T.);
#1733 = EDGE_LOOP('',(#1734,#1744,#1750,#1751));
#1734 = ORIENTED_EDGE('',*,*,#1735,.T.);
#1735 = EDGE_CURVE('',#1736,#1738,#1740,.T.);
#1736 = VERTEX_POINT('',#1737);
#1737 = CARTESIAN_POINT('',(-4.93,17.45,-9.9));
#1738 = VERTEX_POINT('',#1739);
#1739 = CARTESIAN_POINT('',(-5.23,17.45,-9.9));
#1740 = LINE('',#1741,#1742);
#1741 = CARTESIAN_POINT('',(-2.54,17.45,-9.9));
#1742 = VECTOR('',#1743,1.);
#1743 = DIRECTION('',(-1.,0.,5.116149740848E-16));
#1744 = ORIENTED_EDGE('',*,*,#1745,.T.);
#1745 = EDGE_CURVE('',#1738,#1236,#1746,.T.);
#1746 = LINE('',#1747,#1748);
#1747 = CARTESIAN_POINT('',(-5.23,17.45,-9.9));
#1748 = VECTOR('',#1749,1.);
#1749 = DIRECTION('',(-0.250562807086,0.250562807086,0.935113126531));
#1750 = ORIENTED_EDGE('',*,*,#1431,.T.);
#1751 = ORIENTED_EDGE('',*,*,#1752,.F.);
#1752 = EDGE_CURVE('',#1736,#1316,#1753,.T.);
#1753 = LINE('',#1754,#1755);
#1754 = CARTESIAN_POINT('',(-4.93,17.45,-9.9));
#1755 = VECTOR('',#1756,1.);
#1756 = DIRECTION('',(0.250562807086,0.250562807086,0.935113126531));
#1757 = PLANE('',#1758);
#1758 = AXIS2_PLACEMENT_3D('',#1759,#1760,#1761);
#1759 = CARTESIAN_POINT('',(-2.54,17.575,-9.433493649054));
#1760 = DIRECTION('',(-1.324156990528E-16,0.965925826289,-0.258819045103
    ));
#1761 = DIRECTION('',(4.884981308351E-16,0.258819045103,0.965925826289)
  );
#1762 = ADVANCED_FACE('',(#1763),#1781,.T.);
#1763 = FACE_BOUND('',#1764,.T.);
#1764 = EDGE_LOOP('',(#1765,#1766,#1767,#1775));
#1765 = ORIENTED_EDGE('',*,*,#1243,.T.);
#1766 = ORIENTED_EDGE('',*,*,#1745,.F.);
#1767 = ORIENTED_EDGE('',*,*,#1768,.T.);
#1768 = EDGE_CURVE('',#1738,#1769,#1771,.T.);
#1769 = VERTEX_POINT('',#1770);
#1770 = CARTESIAN_POINT('',(-5.23,17.15,-9.9));
#1771 = LINE('',#1772,#1773);
#1772 = CARTESIAN_POINT('',(-5.23,14.76,-9.9));
#1773 = VECTOR('',#1774,1.);
#1774 = DIRECTION('',(0.,-1.,0.));
#1775 = ORIENTED_EDGE('',*,*,#1776,.T.);
#1776 = EDGE_CURVE('',#1769,#1244,#1777,.T.);
#1777 = LINE('',#1778,#1779);
#1778 = CARTESIAN_POINT('',(-5.23,17.15,-9.9));
#1779 = VECTOR('',#1780,1.);
#1780 = DIRECTION('',(-0.250562807086,-0.250562807086,0.935113126531));
#1781 = PLANE('',#1782);
#1782 = AXIS2_PLACEMENT_3D('',#1783,#1784,#1785);
#1783 = CARTESIAN_POINT('',(-5.355,14.76,-9.433493649054));
#1784 = DIRECTION('',(-0.965925826289,0.,-0.258819045103));
#1785 = DIRECTION('',(-0.258819045103,0.,0.965925826289));
#1786 = ADVANCED_FACE('',(#1787),#1810,.T.);
#1787 = FACE_BOUND('',#1788,.T.);
#1788 = EDGE_LOOP('',(#1789,#1797,#1803,#1809));
#1789 = ORIENTED_EDGE('',*,*,#1790,.T.);
#1790 = EDGE_CURVE('',#1769,#1791,#1793,.T.);
#1791 = VERTEX_POINT('',#1792);
#1792 = CARTESIAN_POINT('',(-4.93,17.15,-9.9));
#1793 = LINE('',#1794,#1795);
#1794 = CARTESIAN_POINT('',(-5.28,17.15,-9.9));
#1795 = VECTOR('',#1796,1.);
#1796 = DIRECTION('',(1.,0.,-5.116149740848E-16));
#1797 = ORIENTED_EDGE('',*,*,#1798,.T.);
#1798 = EDGE_CURVE('',#1791,#1308,#1799,.T.);
#1799 = LINE('',#1800,#1801);
#1800 = CARTESIAN_POINT('',(-4.93,17.15,-9.9));
#1801 = VECTOR('',#1802,1.);
#1802 = DIRECTION('',(0.250562807086,-0.250562807086,0.935113126531));
#1803 = ORIENTED_EDGE('',*,*,#1804,.T.);
#1804 = EDGE_CURVE('',#1308,#1244,#1805,.T.);
#1805 = LINE('',#1806,#1807);
#1806 = CARTESIAN_POINT('',(-5.28,16.9,-8.966987298108));
#1807 = VECTOR('',#1808,1.);
#1808 = DIRECTION('',(-1.,0.,5.116149740848E-16));
#1809 = ORIENTED_EDGE('',*,*,#1776,.F.);
#1810 = PLANE('',#1811);
#1811 = AXIS2_PLACEMENT_3D('',#1812,#1813,#1814);
#1812 = CARTESIAN_POINT('',(-5.28,17.025,-9.433493649054));
#1813 = DIRECTION('',(-1.324156990528E-16,-0.965925826289,
    -0.258819045103));
#1814 = DIRECTION('',(-5.329070518201E-16,0.258819045103,-0.965925826289
    ));
#1815 = ADVANCED_FACE('',(#1816),#1827,.T.);
#1816 = FACE_BOUND('',#1817,.T.);
#1817 = EDGE_LOOP('',(#1818,#1824,#1825,#1826));
#1818 = ORIENTED_EDGE('',*,*,#1819,.T.);
#1819 = EDGE_CURVE('',#1791,#1736,#1820,.T.);
#1820 = LINE('',#1821,#1822);
#1821 = CARTESIAN_POINT('',(-4.93,14.76,-9.9));
#1822 = VECTOR('',#1823,1.);
#1823 = DIRECTION('',(0.,1.,0.));
#1824 = ORIENTED_EDGE('',*,*,#1752,.T.);
#1825 = ORIENTED_EDGE('',*,*,#1315,.T.);
#1826 = ORIENTED_EDGE('',*,*,#1798,.F.);
#1827 = PLANE('',#1828);
#1828 = AXIS2_PLACEMENT_3D('',#1829,#1830,#1831);
#1829 = CARTESIAN_POINT('',(-4.805,14.76,-9.433493649054));
#1830 = DIRECTION('',(0.965925826289,0.,-0.258819045103));
#1831 = DIRECTION('',(-0.258819045103,0.,-0.965925826289));
#1832 = ADVANCED_FACE('',(#1833),#1839,.F.);
#1833 = FACE_BOUND('',#1834,.T.);
#1834 = EDGE_LOOP('',(#1835,#1836,#1837,#1838));
#1835 = ORIENTED_EDGE('',*,*,#1735,.F.);
#1836 = ORIENTED_EDGE('',*,*,#1819,.F.);
#1837 = ORIENTED_EDGE('',*,*,#1790,.F.);
#1838 = ORIENTED_EDGE('',*,*,#1768,.F.);
#1839 = PLANE('',#1840);
#1840 = AXIS2_PLACEMENT_3D('',#1841,#1842,#1843);
#1841 = CARTESIAN_POINT('',(-5.08,17.3,-9.9));
#1842 = DIRECTION('',(5.116149740848E-16,0.,1.));
#1843 = DIRECTION('',(1.,0.,-5.116149740848E-16));
#1844 = ADVANCED_FACE('',(#1845),#1877,.T.);
#1845 = FACE_BOUND('',#1846,.T.);
#1846 = EDGE_LOOP('',(#1847,#1857,#1865,#1871));
#1847 = ORIENTED_EDGE('',*,*,#1848,.T.);
#1848 = EDGE_CURVE('',#1849,#1851,#1853,.T.);
#1849 = VERTEX_POINT('',#1850);
#1850 = CARTESIAN_POINT('',(4.93,17.15,-9.9));
#1851 = VERTEX_POINT('',#1852);
#1852 = CARTESIAN_POINT('',(5.23,17.15,-9.9));
#1853 = LINE('',#1854,#1855);
#1854 = CARTESIAN_POINT('',(4.88,17.15,-9.9));
#1855 = VECTOR('',#1856,1.);
#1856 = DIRECTION('',(1.,0.,-5.116149740848E-16));
#1857 = ORIENTED_EDGE('',*,*,#1858,.T.);
#1858 = EDGE_CURVE('',#1851,#1859,#1861,.T.);
#1859 = VERTEX_POINT('',#1860);
#1860 = CARTESIAN_POINT('',(5.48,16.9,-8.966987298108));
#1861 = LINE('',#1862,#1863);
#1862 = CARTESIAN_POINT('',(5.23,17.15,-9.9));
#1863 = VECTOR('',#1864,1.);
#1864 = DIRECTION('',(0.250562807086,-0.250562807086,0.935113126531));
#1865 = ORIENTED_EDGE('',*,*,#1866,.T.);
#1866 = EDGE_CURVE('',#1859,#1590,#1867,.T.);
#1867 = LINE('',#1868,#1869);
#1868 = CARTESIAN_POINT('',(4.88,16.9,-8.966987298108));
#1869 = VECTOR('',#1870,1.);
#1870 = DIRECTION('',(-1.,0.,5.116149740848E-16));
#1871 = ORIENTED_EDGE('',*,*,#1872,.F.);
#1872 = EDGE_CURVE('',#1849,#1590,#1873,.T.);
#1873 = LINE('',#1874,#1875);
#1874 = CARTESIAN_POINT('',(4.93,17.15,-9.9));
#1875 = VECTOR('',#1876,1.);
#1876 = DIRECTION('',(-0.250562807086,-0.250562807086,0.935113126531));
#1877 = PLANE('',#1878);
#1878 = AXIS2_PLACEMENT_3D('',#1879,#1880,#1881);
#1879 = CARTESIAN_POINT('',(4.88,17.025,-9.433493649054));
#1880 = DIRECTION('',(-1.324156990528E-16,-0.965925826289,
    -0.258819045103));
#1881 = DIRECTION('',(-5.329070518201E-16,0.258819045103,-0.965925826289
    ));
#1882 = ADVANCED_FACE('',(#1883),#1906,.T.);
#1883 = FACE_BOUND('',#1884,.T.);
#1884 = EDGE_LOOP('',(#1885,#1893,#1899,#1905));
#1885 = ORIENTED_EDGE('',*,*,#1886,.T.);
#1886 = EDGE_CURVE('',#1851,#1887,#1889,.T.);
#1887 = VERTEX_POINT('',#1888);
#1888 = CARTESIAN_POINT('',(5.23,17.45,-9.9));
#1889 = LINE('',#1890,#1891);
#1890 = CARTESIAN_POINT('',(5.23,14.76,-9.9));
#1891 = VECTOR('',#1892,1.);
#1892 = DIRECTION('',(0.,1.,0.));
#1893 = ORIENTED_EDGE('',*,*,#1894,.T.);
#1894 = EDGE_CURVE('',#1887,#1395,#1895,.T.);
#1895 = LINE('',#1896,#1897);
#1896 = CARTESIAN_POINT('',(5.23,17.45,-9.9));
#1897 = VECTOR('',#1898,1.);
#1898 = DIRECTION('',(0.250562807086,0.250562807086,0.935113126531));
#1899 = ORIENTED_EDGE('',*,*,#1900,.T.);
#1900 = EDGE_CURVE('',#1395,#1859,#1901,.T.);
#1901 = LINE('',#1902,#1903);
#1902 = CARTESIAN_POINT('',(5.48,14.76,-8.966987298108));
#1903 = VECTOR('',#1904,1.);
#1904 = DIRECTION('',(0.,-1.,0.));
#1905 = ORIENTED_EDGE('',*,*,#1858,.F.);
#1906 = PLANE('',#1907);
#1907 = AXIS2_PLACEMENT_3D('',#1908,#1909,#1910);
#1908 = CARTESIAN_POINT('',(5.355,14.76,-9.433493649054));
#1909 = DIRECTION('',(0.965925826289,0.,-0.258819045103));
#1910 = DIRECTION('',(-0.258819045103,0.,-0.965925826289));
#1911 = ADVANCED_FACE('',(#1912),#1930,.T.);
#1912 = FACE_BOUND('',#1913,.T.);
#1913 = EDGE_LOOP('',(#1914,#1915,#1916,#1924));
#1914 = ORIENTED_EDGE('',*,*,#1402,.T.);
#1915 = ORIENTED_EDGE('',*,*,#1894,.F.);
#1916 = ORIENTED_EDGE('',*,*,#1917,.T.);
#1917 = EDGE_CURVE('',#1887,#1918,#1920,.T.);
#1918 = VERTEX_POINT('',#1919);
#1919 = CARTESIAN_POINT('',(4.93,17.45,-9.9));
#1920 = LINE('',#1921,#1922);
#1921 = CARTESIAN_POINT('',(2.54,17.45,-9.9));
#1922 = VECTOR('',#1923,1.);
#1923 = DIRECTION('',(-1.,0.,5.116149740848E-16));
#1924 = ORIENTED_EDGE('',*,*,#1925,.T.);
#1925 = EDGE_CURVE('',#1918,#1403,#1926,.T.);
#1926 = LINE('',#1927,#1928);
#1927 = CARTESIAN_POINT('',(4.93,17.45,-9.9));
#1928 = VECTOR('',#1929,1.);
#1929 = DIRECTION('',(-0.250562807086,0.250562807086,0.935113126531));
#1930 = PLANE('',#1931);
#1931 = AXIS2_PLACEMENT_3D('',#1932,#1933,#1934);
#1932 = CARTESIAN_POINT('',(2.54,17.575,-9.433493649054));
#1933 = DIRECTION('',(-1.324156990528E-16,0.965925826289,-0.258819045103
    ));
#1934 = DIRECTION('',(4.884981308351E-16,0.258819045103,0.965925826289)
  );
#1935 = ADVANCED_FACE('',(#1936),#1947,.T.);
#1936 = FACE_BOUND('',#1937,.T.);
#1937 = EDGE_LOOP('',(#1938,#1939,#1940,#1946));
#1938 = ORIENTED_EDGE('',*,*,#1589,.T.);
#1939 = ORIENTED_EDGE('',*,*,#1925,.F.);
#1940 = ORIENTED_EDGE('',*,*,#1941,.T.);
#1941 = EDGE_CURVE('',#1918,#1849,#1942,.T.);
#1942 = LINE('',#1943,#1944);
#1943 = CARTESIAN_POINT('',(4.93,14.76,-9.9));
#1944 = VECTOR('',#1945,1.);
#1945 = DIRECTION('',(0.,-1.,0.));
#1946 = ORIENTED_EDGE('',*,*,#1872,.T.);
#1947 = PLANE('',#1948);
#1948 = AXIS2_PLACEMENT_3D('',#1949,#1950,#1951);
#1949 = CARTESIAN_POINT('',(4.805,14.76,-9.433493649054));
#1950 = DIRECTION('',(-0.965925826289,0.,-0.258819045103));
#1951 = DIRECTION('',(-0.258819045103,0.,0.965925826289));
#1952 = ADVANCED_FACE('',(#1953),#1971,.T.);
#1953 = FACE_BOUND('',#1954,.T.);
#1954 = EDGE_LOOP('',(#1955,#1956,#1964,#1970));
#1955 = ORIENTED_EDGE('',*,*,#1866,.F.);
#1956 = ORIENTED_EDGE('',*,*,#1957,.F.);
#1957 = EDGE_CURVE('',#1958,#1859,#1960,.T.);
#1958 = VERTEX_POINT('',#1959);
#1959 = CARTESIAN_POINT('',(5.48,16.9,-6.3));
#1960 = LINE('',#1961,#1962);
#1961 = CARTESIAN_POINT('',(5.48,16.9,-6.3));
#1962 = VECTOR('',#1963,1.);
#1963 = DIRECTION('',(-5.116149740848E-16,0.,-1.));
#1964 = ORIENTED_EDGE('',*,*,#1965,.F.);
#1965 = EDGE_CURVE('',#1598,#1958,#1966,.T.);
#1966 = LINE('',#1967,#1968);
#1967 = CARTESIAN_POINT('',(4.68,16.9,-6.3));
#1968 = VECTOR('',#1969,1.);
#1969 = DIRECTION('',(1.,0.,-6.953059271582E-16));
#1970 = ORIENTED_EDGE('',*,*,#1597,.T.);
#1971 = PLANE('',#1972);
#1972 = AXIS2_PLACEMENT_3D('',#1973,#1974,#1975);
#1973 = CARTESIAN_POINT('',(4.68,16.9,-6.3));
#1974 = DIRECTION('',(0.,-1.,0.));
#1975 = DIRECTION('',(-5.329070518201E-16,-0.,-1.));
#1976 = ADVANCED_FACE('',(#1977),#1983,.F.);
#1977 = FACE_BOUND('',#1978,.T.);
#1978 = EDGE_LOOP('',(#1979,#1980,#1981,#1982));
#1979 = ORIENTED_EDGE('',*,*,#1848,.F.);
#1980 = ORIENTED_EDGE('',*,*,#1941,.F.);
#1981 = ORIENTED_EDGE('',*,*,#1917,.F.);
#1982 = ORIENTED_EDGE('',*,*,#1886,.F.);
#1983 = PLANE('',#1984);
#1984 = AXIS2_PLACEMENT_3D('',#1985,#1986,#1987);
#1985 = CARTESIAN_POINT('',(5.08,17.3,-9.9));
#1986 = DIRECTION('',(5.116149740848E-16,0.,1.));
#1987 = DIRECTION('',(1.,0.,-5.116149740848E-16));
#1988 = ADVANCED_FACE('',(#1989),#2014,.T.);
#1989 = FACE_BOUND('',#1990,.T.);
#1990 = EDGE_LOOP('',(#1991,#1992,#2000,#2008));
#1991 = ORIENTED_EDGE('',*,*,#1464,.T.);
#1992 = ORIENTED_EDGE('',*,*,#1993,.F.);
#1993 = EDGE_CURVE('',#1994,#1457,#1996,.T.);
#1994 = VERTEX_POINT('',#1995);
#1995 = CARTESIAN_POINT('',(5.23,6.99,-9.9));
#1996 = LINE('',#1997,#1998);
#1997 = CARTESIAN_POINT('',(5.23,6.99,-9.9));
#1998 = VECTOR('',#1999,1.);
#1999 = DIRECTION('',(0.250562807086,-0.250562807086,0.935113126531));
#2000 = ORIENTED_EDGE('',*,*,#2001,.T.);
#2001 = EDGE_CURVE('',#1994,#2002,#2004,.T.);
#2002 = VERTEX_POINT('',#2003);
#2003 = CARTESIAN_POINT('',(5.23,7.29,-9.9));
#2004 = LINE('',#2005,#2006);
#2005 = CARTESIAN_POINT('',(5.23,9.68,-9.9));
#2006 = VECTOR('',#2007,1.);
#2007 = DIRECTION('',(0.,1.,0.));
#2008 = ORIENTED_EDGE('',*,*,#2009,.T.);
#2009 = EDGE_CURVE('',#2002,#1465,#2010,.T.);
#2010 = LINE('',#2011,#2012);
#2011 = CARTESIAN_POINT('',(5.23,7.29,-9.9));
#2012 = VECTOR('',#2013,1.);
#2013 = DIRECTION('',(0.250562807086,0.250562807086,0.935113126531));
#2014 = PLANE('',#2015);
#2015 = AXIS2_PLACEMENT_3D('',#2016,#2017,#2018);
#2016 = CARTESIAN_POINT('',(5.355,9.68,-9.433493649054));
#2017 = DIRECTION('',(0.965925826289,0.,-0.258819045103));
#2018 = DIRECTION('',(-0.258819045103,0.,-0.965925826289));
#2019 = ADVANCED_FACE('',(#2020),#2043,.T.);
#2020 = FACE_BOUND('',#2021,.T.);
#2021 = EDGE_LOOP('',(#2022,#2030,#2036,#2042));
#2022 = ORIENTED_EDGE('',*,*,#2023,.T.);
#2023 = EDGE_CURVE('',#2002,#2024,#2026,.T.);
#2024 = VERTEX_POINT('',#2025);
#2025 = CARTESIAN_POINT('',(4.93,7.29,-9.9));
#2026 = LINE('',#2027,#2028);
#2027 = CARTESIAN_POINT('',(5.28,7.29,-9.9));
#2028 = VECTOR('',#2029,1.);
#2029 = DIRECTION('',(-1.,0.,5.116149740848E-16));
#2030 = ORIENTED_EDGE('',*,*,#2031,.T.);
#2031 = EDGE_CURVE('',#2024,#1558,#2032,.T.);
#2032 = LINE('',#2033,#2034);
#2033 = CARTESIAN_POINT('',(4.93,7.29,-9.9));
#2034 = VECTOR('',#2035,1.);
#2035 = DIRECTION('',(-0.250562807086,0.250562807086,0.935113126531));
#2036 = ORIENTED_EDGE('',*,*,#2037,.T.);
#2037 = EDGE_CURVE('',#1558,#1465,#2038,.T.);
#2038 = LINE('',#2039,#2040);
#2039 = CARTESIAN_POINT('',(5.28,7.54,-8.966987298108));
#2040 = VECTOR('',#2041,1.);
#2041 = DIRECTION('',(1.,0.,-5.116149740848E-16));
#2042 = ORIENTED_EDGE('',*,*,#2009,.F.);
#2043 = PLANE('',#2044);
#2044 = AXIS2_PLACEMENT_3D('',#2045,#2046,#2047);
#2045 = CARTESIAN_POINT('',(5.28,7.415,-9.433493649054));
#2046 = DIRECTION('',(-1.324156990528E-16,0.965925826289,-0.258819045103
    ));
#2047 = DIRECTION('',(5.329070518201E-16,0.258819045103,0.965925826289)
  );
#2048 = ADVANCED_FACE('',(#2049),#2067,.T.);
#2049 = FACE_BOUND('',#2050,.T.);
#2050 = EDGE_LOOP('',(#2051,#2059,#2065,#2066));
#2051 = ORIENTED_EDGE('',*,*,#2052,.T.);
#2052 = EDGE_CURVE('',#2024,#2053,#2055,.T.);
#2053 = VERTEX_POINT('',#2054);
#2054 = CARTESIAN_POINT('',(4.93,6.99,-9.9));
#2055 = LINE('',#2056,#2057);
#2056 = CARTESIAN_POINT('',(4.93,9.68,-9.9));
#2057 = VECTOR('',#2058,1.);
#2058 = DIRECTION('',(0.,-1.,0.));
#2059 = ORIENTED_EDGE('',*,*,#2060,.T.);
#2060 = EDGE_CURVE('',#2053,#1511,#2061,.T.);
#2061 = LINE('',#2062,#2063);
#2062 = CARTESIAN_POINT('',(4.93,6.99,-9.9));
#2063 = VECTOR('',#2064,1.);
#2064 = DIRECTION('',(-0.250562807086,-0.250562807086,0.935113126531));
#2065 = ORIENTED_EDGE('',*,*,#1565,.T.);
#2066 = ORIENTED_EDGE('',*,*,#2031,.F.);
#2067 = PLANE('',#2068);
#2068 = AXIS2_PLACEMENT_3D('',#2069,#2070,#2071);
#2069 = CARTESIAN_POINT('',(4.805,9.68,-9.433493649054));
#2070 = DIRECTION('',(-0.965925826289,0.,-0.258819045103));
#2071 = DIRECTION('',(-0.258819045103,0.,0.965925826289));
#2072 = ADVANCED_FACE('',(#2073),#2084,.T.);
#2073 = FACE_BOUND('',#2074,.T.);
#2074 = EDGE_LOOP('',(#2075,#2081,#2082,#2083));
#2075 = ORIENTED_EDGE('',*,*,#2076,.T.);
#2076 = EDGE_CURVE('',#2053,#1994,#2077,.T.);
#2077 = LINE('',#2078,#2079);
#2078 = CARTESIAN_POINT('',(2.54,6.99,-9.9));
#2079 = VECTOR('',#2080,1.);
#2080 = DIRECTION('',(1.,0.,-5.116149740848E-16));
#2081 = ORIENTED_EDGE('',*,*,#1993,.T.);
#2082 = ORIENTED_EDGE('',*,*,#1518,.T.);
#2083 = ORIENTED_EDGE('',*,*,#2060,.F.);
#2084 = PLANE('',#2085);
#2085 = AXIS2_PLACEMENT_3D('',#2086,#2087,#2088);
#2086 = CARTESIAN_POINT('',(2.54,6.865,-9.433493649054));
#2087 = DIRECTION('',(-1.324156990528E-16,-0.965925826289,
    -0.258819045103));
#2088 = DIRECTION('',(-4.884981308351E-16,0.258819045103,-0.965925826289
    ));
#2089 = ADVANCED_FACE('',(#2090),#2115,.F.);
#2090 = FACE_BOUND('',#2091,.T.);
#2091 = EDGE_LOOP('',(#2092,#2100,#2108,#2114));
#2092 = ORIENTED_EDGE('',*,*,#2093,.F.);
#2093 = EDGE_CURVE('',#2094,#1338,#2096,.T.);
#2094 = VERTEX_POINT('',#2095);
#2095 = CARTESIAN_POINT('',(-5.48,6.74,-5.5));
#2096 = LINE('',#2097,#2098);
#2097 = CARTESIAN_POINT('',(-3.804248582817E-15,6.74,-5.5));
#2098 = VECTOR('',#2099,1.);
#2099 = DIRECTION('',(1.,0.,-5.116149740848E-16));
#2100 = ORIENTED_EDGE('',*,*,#2101,.F.);
#2101 = EDGE_CURVE('',#2102,#2094,#2104,.T.);
#2102 = VERTEX_POINT('',#2103);
#2103 = CARTESIAN_POINT('',(-5.48,6.74,-8.966987298108));
#2104 = LINE('',#2105,#2106);
#2105 = CARTESIAN_POINT('',(-5.48,6.74,-6.3));
#2106 = VECTOR('',#2107,1.);
#2107 = DIRECTION('',(8.816893156266E-16,0.,1.));
#2108 = ORIENTED_EDGE('',*,*,#2109,.F.);
#2109 = EDGE_CURVE('',#1346,#2102,#2110,.T.);
#2110 = LINE('',#2111,#2112);
#2111 = CARTESIAN_POINT('',(-2.54,6.74,-8.966987298108));
#2112 = VECTOR('',#2113,1.);
#2113 = DIRECTION('',(-1.,0.,5.116149740848E-16));
#2114 = ORIENTED_EDGE('',*,*,#1345,.F.);
#2115 = PLANE('',#2116);
#2116 = AXIS2_PLACEMENT_3D('',#2117,#2118,#2119);
#2117 = CARTESIAN_POINT('',(2.212427432483E-15,6.74,-9.058259632446E-02)
  );
#2118 = DIRECTION('',(0.,1.,0.));
#2119 = DIRECTION('',(5.116149740848E-16,-0.,1.));
#2120 = ADVANCED_FACE('',(#2121),#2148,.T.);
#2121 = FACE_BOUND('',#2122,.T.);
#2122 = EDGE_LOOP('',(#2123,#2131,#2139,#2145,#2146,#2147));
#2123 = ORIENTED_EDGE('',*,*,#2124,.F.);
#2124 = EDGE_CURVE('',#2125,#1385,#2127,.T.);
#2125 = VERTEX_POINT('',#2126);
#2126 = CARTESIAN_POINT('',(5.48,16.22,-5.5));
#2127 = LINE('',#2128,#2129);
#2128 = CARTESIAN_POINT('',(5.48,15.61,-5.5));
#2129 = VECTOR('',#2130,1.);
#2130 = DIRECTION('',(-7.567369717147E-47,1.,-1.479114197289E-31));
#2131 = ORIENTED_EDGE('',*,*,#2132,.T.);
#2132 = EDGE_CURVE('',#2125,#2133,#2135,.T.);
#2133 = VERTEX_POINT('',#2134);
#2134 = CARTESIAN_POINT('',(5.48,16.22,-6.3));
#2135 = LINE('',#2136,#2137);
#2136 = CARTESIAN_POINT('',(5.48,16.22,-5.4));
#2137 = VECTOR('',#2138,1.);
#2138 = DIRECTION('',(-5.116149740848E-16,0.,-1.));
#2139 = ORIENTED_EDGE('',*,*,#2140,.F.);
#2140 = EDGE_CURVE('',#1958,#2133,#2141,.T.);
#2141 = LINE('',#2142,#2143);
#2142 = CARTESIAN_POINT('',(5.48,12.22,-6.3));
#2143 = VECTOR('',#2144,1.);
#2144 = DIRECTION('',(0.,-1.,0.));
#2145 = ORIENTED_EDGE('',*,*,#1957,.T.);
#2146 = ORIENTED_EDGE('',*,*,#1900,.F.);
#2147 = ORIENTED_EDGE('',*,*,#1394,.T.);
#2148 = PLANE('',#2149);
#2149 = AXIS2_PLACEMENT_3D('',#2150,#2151,#2152);
#2150 = CARTESIAN_POINT('',(5.48,12.22,-6.3));
#2151 = DIRECTION('',(1.,0.,-5.116149740848E-16));
#2152 = DIRECTION('',(-5.116149740848E-16,0.,-1.));
#2153 = ADVANCED_FACE('',(#2154),#2160,.F.);
#2154 = FACE_BOUND('',#2155,.T.);
#2155 = EDGE_LOOP('',(#2156,#2157,#2158,#2159));
#2156 = ORIENTED_EDGE('',*,*,#2001,.F.);
#2157 = ORIENTED_EDGE('',*,*,#2076,.F.);
#2158 = ORIENTED_EDGE('',*,*,#2052,.F.);
#2159 = ORIENTED_EDGE('',*,*,#2023,.F.);
#2160 = PLANE('',#2161);
#2161 = AXIS2_PLACEMENT_3D('',#2162,#2163,#2164);
#2162 = CARTESIAN_POINT('',(5.08,7.14,-9.9));
#2163 = DIRECTION('',(5.116149740848E-16,0.,1.));
#2164 = DIRECTION('',(1.,0.,-5.116149740848E-16));
#2165 = ADVANCED_FACE('',(#2166),#2191,.T.);
#2166 = FACE_BOUND('',#2167,.T.);
#2167 = EDGE_LOOP('',(#2168,#2169,#2177,#2185));
#2168 = ORIENTED_EDGE('',*,*,#1353,.T.);
#2169 = ORIENTED_EDGE('',*,*,#2170,.F.);
#2170 = EDGE_CURVE('',#2171,#1346,#2173,.T.);
#2171 = VERTEX_POINT('',#2172);
#2172 = CARTESIAN_POINT('',(-4.93,6.99,-9.9));
#2173 = LINE('',#2174,#2175);
#2174 = CARTESIAN_POINT('',(-4.93,6.99,-9.9));
#2175 = VECTOR('',#2176,1.);
#2176 = DIRECTION('',(0.250562807086,-0.250562807086,0.935113126531));
#2177 = ORIENTED_EDGE('',*,*,#2178,.T.);
#2178 = EDGE_CURVE('',#2171,#2179,#2181,.T.);
#2179 = VERTEX_POINT('',#2180);
#2180 = CARTESIAN_POINT('',(-4.93,7.29,-9.9));
#2181 = LINE('',#2182,#2183);
#2182 = CARTESIAN_POINT('',(-4.93,9.68,-9.9));
#2183 = VECTOR('',#2184,1.);
#2184 = DIRECTION('',(0.,1.,0.));
#2185 = ORIENTED_EDGE('',*,*,#2186,.T.);
#2186 = EDGE_CURVE('',#2179,#1354,#2187,.T.);
#2187 = LINE('',#2188,#2189);
#2188 = CARTESIAN_POINT('',(-4.93,7.29,-9.9));
#2189 = VECTOR('',#2190,1.);
#2190 = DIRECTION('',(0.250562807086,0.250562807086,0.935113126531));
#2191 = PLANE('',#2192);
#2192 = AXIS2_PLACEMENT_3D('',#2193,#2194,#2195);
#2193 = CARTESIAN_POINT('',(-4.805,9.68,-9.433493649054));
#2194 = DIRECTION('',(0.965925826289,0.,-0.258819045103));
#2195 = DIRECTION('',(-0.258819045103,0.,-0.965925826289));
#2196 = ADVANCED_FACE('',(#2197),#2222,.T.);
#2197 = FACE_BOUND('',#2198,.T.);
#2198 = EDGE_LOOP('',(#2199,#2207,#2215,#2221));
#2199 = ORIENTED_EDGE('',*,*,#2200,.T.);
#2200 = EDGE_CURVE('',#2179,#2201,#2203,.T.);
#2201 = VERTEX_POINT('',#2202);
#2202 = CARTESIAN_POINT('',(-5.23,7.29,-9.9));
#2203 = LINE('',#2204,#2205);
#2204 = CARTESIAN_POINT('',(-4.88,7.29,-9.9));
#2205 = VECTOR('',#2206,1.);
#2206 = DIRECTION('',(-1.,0.,5.116149740848E-16));
#2207 = ORIENTED_EDGE('',*,*,#2208,.T.);
#2208 = EDGE_CURVE('',#2201,#2209,#2211,.T.);
#2209 = VERTEX_POINT('',#2210);
#2210 = CARTESIAN_POINT('',(-5.48,7.54,-8.966987298108));
#2211 = LINE('',#2212,#2213);
#2212 = CARTESIAN_POINT('',(-5.23,7.29,-9.9));
#2213 = VECTOR('',#2214,1.);
#2214 = DIRECTION('',(-0.250562807086,0.250562807086,0.935113126531));
#2215 = ORIENTED_EDGE('',*,*,#2216,.T.);
#2216 = EDGE_CURVE('',#2209,#1354,#2217,.T.);
#2217 = LINE('',#2218,#2219);
#2218 = CARTESIAN_POINT('',(-4.88,7.54,-8.966987298108));
#2219 = VECTOR('',#2220,1.);
#2220 = DIRECTION('',(1.,0.,-5.116149740848E-16));
#2221 = ORIENTED_EDGE('',*,*,#2186,.F.);
#2222 = PLANE('',#2223);
#2223 = AXIS2_PLACEMENT_3D('',#2224,#2225,#2226);
#2224 = CARTESIAN_POINT('',(-4.88,7.415,-9.433493649054));
#2225 = DIRECTION('',(-1.324156990528E-16,0.965925826289,-0.258819045103
    ));
#2226 = DIRECTION('',(5.329070518201E-16,0.258819045103,0.965925826289)
  );
#2227 = ADVANCED_FACE('',(#2228),#2251,.T.);
#2228 = FACE_BOUND('',#2229,.T.);
#2229 = EDGE_LOOP('',(#2230,#2238,#2244,#2250));
#2230 = ORIENTED_EDGE('',*,*,#2231,.T.);
#2231 = EDGE_CURVE('',#2201,#2232,#2234,.T.);
#2232 = VERTEX_POINT('',#2233);
#2233 = CARTESIAN_POINT('',(-5.23,6.99,-9.9));
#2234 = LINE('',#2235,#2236);
#2235 = CARTESIAN_POINT('',(-5.23,9.68,-9.9));
#2236 = VECTOR('',#2237,1.);
#2237 = DIRECTION('',(0.,-1.,0.));
#2238 = ORIENTED_EDGE('',*,*,#2239,.T.);
#2239 = EDGE_CURVE('',#2232,#2102,#2240,.T.);
#2240 = LINE('',#2241,#2242);
#2241 = CARTESIAN_POINT('',(-5.23,6.99,-9.9));
#2242 = VECTOR('',#2243,1.);
#2243 = DIRECTION('',(-0.250562807086,-0.250562807086,0.935113126531));
#2244 = ORIENTED_EDGE('',*,*,#2245,.T.);
#2245 = EDGE_CURVE('',#2102,#2209,#2246,.T.);
#2246 = LINE('',#2247,#2248);
#2247 = CARTESIAN_POINT('',(-5.48,9.68,-8.966987298108));
#2248 = VECTOR('',#2249,1.);
#2249 = DIRECTION('',(0.,1.,0.));
#2250 = ORIENTED_EDGE('',*,*,#2208,.F.);
#2251 = PLANE('',#2252);
#2252 = AXIS2_PLACEMENT_3D('',#2253,#2254,#2255);
#2253 = CARTESIAN_POINT('',(-5.355,9.68,-9.433493649054));
#2254 = DIRECTION('',(-0.965925826289,0.,-0.258819045103));
#2255 = DIRECTION('',(-0.258819045103,0.,0.965925826289));
#2256 = ADVANCED_FACE('',(#2257),#2268,.T.);
#2257 = FACE_BOUND('',#2258,.T.);
#2258 = EDGE_LOOP('',(#2259,#2260,#2261,#2267));
#2259 = ORIENTED_EDGE('',*,*,#2109,.T.);
#2260 = ORIENTED_EDGE('',*,*,#2239,.F.);
#2261 = ORIENTED_EDGE('',*,*,#2262,.T.);
#2262 = EDGE_CURVE('',#2232,#2171,#2263,.T.);
#2263 = LINE('',#2264,#2265);
#2264 = CARTESIAN_POINT('',(-2.54,6.99,-9.9));
#2265 = VECTOR('',#2266,1.);
#2266 = DIRECTION('',(1.,0.,-5.116149740848E-16));
#2267 = ORIENTED_EDGE('',*,*,#2170,.T.);
#2268 = PLANE('',#2269);
#2269 = AXIS2_PLACEMENT_3D('',#2270,#2271,#2272);
#2270 = CARTESIAN_POINT('',(-2.54,6.865,-9.433493649054));
#2271 = DIRECTION('',(-1.324156990528E-16,-0.965925826289,
    -0.258819045103));
#2272 = DIRECTION('',(-4.884981308351E-16,0.258819045103,-0.965925826289
    ));
#2273 = ADVANCED_FACE('',(#2274),#2280,.F.);
#2274 = FACE_BOUND('',#2275,.T.);
#2275 = EDGE_LOOP('',(#2276,#2277,#2278,#2279));
#2276 = ORIENTED_EDGE('',*,*,#2178,.F.);
#2277 = ORIENTED_EDGE('',*,*,#2262,.F.);
#2278 = ORIENTED_EDGE('',*,*,#2231,.F.);
#2279 = ORIENTED_EDGE('',*,*,#2200,.F.);
#2280 = PLANE('',#2281);
#2281 = AXIS2_PLACEMENT_3D('',#2282,#2283,#2284);
#2282 = CARTESIAN_POINT('',(-5.08,7.14,-9.9));
#2283 = DIRECTION('',(5.116149740848E-16,0.,1.));
#2284 = DIRECTION('',(1.,0.,-5.116149740848E-16));
#2285 = ADVANCED_FACE('',(#2286),#2304,.T.);
#2286 = FACE_BOUND('',#2287,.T.);
#2287 = EDGE_LOOP('',(#2288,#2289,#2297,#2303));
#2288 = ORIENTED_EDGE('',*,*,#2216,.F.);
#2289 = ORIENTED_EDGE('',*,*,#2290,.F.);
#2290 = EDGE_CURVE('',#2291,#2209,#2293,.T.);
#2291 = VERTEX_POINT('',#2292);
#2292 = CARTESIAN_POINT('',(-5.48,7.54,-6.3));
#2293 = LINE('',#2294,#2295);
#2294 = CARTESIAN_POINT('',(-5.48,7.54,-6.3));
#2295 = VECTOR('',#2296,1.);
#2296 = DIRECTION('',(-5.116149740848E-16,0.,-1.));
#2297 = ORIENTED_EDGE('',*,*,#2298,.F.);
#2298 = EDGE_CURVE('',#1362,#2291,#2299,.T.);
#2299 = LINE('',#2300,#2301);
#2300 = CARTESIAN_POINT('',(-5.08,7.54,-6.3));
#2301 = VECTOR('',#2302,1.);
#2302 = DIRECTION('',(-1.,0.,6.953059271582E-16));
#2303 = ORIENTED_EDGE('',*,*,#1361,.T.);
#2304 = PLANE('',#2305);
#2305 = AXIS2_PLACEMENT_3D('',#2306,#2307,#2308);
#2306 = CARTESIAN_POINT('',(-4.68,7.54,-6.3));
#2307 = DIRECTION('',(0.,1.,0.));
#2308 = DIRECTION('',(5.329070518201E-16,-0.,1.));
#2309 = ADVANCED_FACE('',(#2310),#2321,.T.);
#2310 = FACE_BOUND('',#2311,.T.);
#2311 = EDGE_LOOP('',(#2312,#2313,#2314,#2320));
#2312 = ORIENTED_EDGE('',*,*,#1804,.F.);
#2313 = ORIENTED_EDGE('',*,*,#1307,.F.);
#2314 = ORIENTED_EDGE('',*,*,#2315,.F.);
#2315 = EDGE_CURVE('',#1252,#1300,#2316,.T.);
#2316 = LINE('',#2317,#2318);
#2317 = CARTESIAN_POINT('',(-5.48,16.9,-6.3));
#2318 = VECTOR('',#2319,1.);
#2319 = DIRECTION('',(1.,0.,-6.953059271582E-16));
#2320 = ORIENTED_EDGE('',*,*,#1251,.T.);
#2321 = PLANE('',#2322);
#2322 = AXIS2_PLACEMENT_3D('',#2323,#2324,#2325);
#2323 = CARTESIAN_POINT('',(-5.48,16.9,-6.3));
#2324 = DIRECTION('',(0.,-1.,0.));
#2325 = DIRECTION('',(-5.329070518201E-16,-0.,-1.));
#2326 = ADVANCED_FACE('',(#2327),#2338,.T.);
#2327 = FACE_BOUND('',#2328,.T.);
#2328 = EDGE_LOOP('',(#2329,#2330,#2331,#2337));
#2329 = ORIENTED_EDGE('',*,*,#2037,.F.);
#2330 = ORIENTED_EDGE('',*,*,#1557,.F.);
#2331 = ORIENTED_EDGE('',*,*,#2332,.F.);
#2332 = EDGE_CURVE('',#1473,#1550,#2333,.T.);
#2333 = LINE('',#2334,#2335);
#2334 = CARTESIAN_POINT('',(5.08,7.54,-6.3));
#2335 = VECTOR('',#2336,1.);
#2336 = DIRECTION('',(-1.,0.,6.953059271582E-16));
#2337 = ORIENTED_EDGE('',*,*,#1472,.T.);
#2338 = PLANE('',#2339);
#2339 = AXIS2_PLACEMENT_3D('',#2340,#2341,#2342);
#2340 = CARTESIAN_POINT('',(5.48,7.54,-6.3));
#2341 = DIRECTION('',(0.,1.,0.));
#2342 = DIRECTION('',(5.329070518201E-16,-0.,1.));
#2343 = ADVANCED_FACE('',(#2344),#2360,.F.);
#2344 = FACE_BOUND('',#2345,.T.);
#2345 = EDGE_LOOP('',(#2346,#2352,#2353,#2359));
#2346 = ORIENTED_EDGE('',*,*,#2347,.F.);
#2347 = EDGE_CURVE('',#1581,#2125,#2348,.T.);
#2348 = LINE('',#2349,#2350);
#2349 = CARTESIAN_POINT('',(-3.526692826661E-15,16.22,-5.5));
#2350 = VECTOR('',#2351,1.);
#2351 = DIRECTION('',(1.,0.,-5.116149740848E-16));
#2352 = ORIENTED_EDGE('',*,*,#1613,.F.);
#2353 = ORIENTED_EDGE('',*,*,#2354,.F.);
#2354 = EDGE_CURVE('',#2133,#1606,#2355,.T.);
#2355 = LINE('',#2356,#2357);
#2356 = CARTESIAN_POINT('',(2.34,16.22,-6.3));
#2357 = VECTOR('',#2358,1.);
#2358 = DIRECTION('',(-1.,0.,6.953059271582E-16));
#2359 = ORIENTED_EDGE('',*,*,#2132,.F.);
#2360 = PLANE('',#2361);
#2361 = AXIS2_PLACEMENT_3D('',#2362,#2363,#2364);
#2362 = CARTESIAN_POINT('',(5.116149740848E-16,16.22,-4.5));
#2363 = DIRECTION('',(0.,1.,0.));
#2364 = DIRECTION('',(5.116149740848E-16,-0.,1.));
#2365 = ADVANCED_FACE('',(#2366),#2382,.F.);
#2366 = FACE_BOUND('',#2367,.T.);
#2367 = EDGE_LOOP('',(#2368,#2374,#2375,#2381));
#2368 = ORIENTED_EDGE('',*,*,#2369,.F.);
#2369 = EDGE_CURVE('',#1228,#1282,#2370,.T.);
#2370 = LINE('',#2371,#2372);
#2371 = CARTESIAN_POINT('',(-3.526692826661E-15,16.22,-5.5));
#2372 = VECTOR('',#2373,1.);
#2373 = DIRECTION('',(1.,0.,-5.116149740848E-16));
#2374 = ORIENTED_EDGE('',*,*,#1267,.F.);
#2375 = ORIENTED_EDGE('',*,*,#2376,.F.);
#2376 = EDGE_CURVE('',#1292,#1260,#2377,.T.);
#2377 = LINE('',#2378,#2379);
#2378 = CARTESIAN_POINT('',(-2.74,16.22,-6.3));
#2379 = VECTOR('',#2380,1.);
#2380 = DIRECTION('',(-1.,0.,6.953059271582E-16));
#2381 = ORIENTED_EDGE('',*,*,#1291,.F.);
#2382 = PLANE('',#2383);
#2383 = AXIS2_PLACEMENT_3D('',#2384,#2385,#2386);
#2384 = CARTESIAN_POINT('',(5.116149740848E-16,16.22,-4.5));
#2385 = DIRECTION('',(0.,1.,0.));
#2386 = DIRECTION('',(5.116149740848E-16,-0.,1.));
#2387 = ADVANCED_FACE('',(#2388),#2404,.F.);
#2388 = FACE_BOUND('',#2389,.T.);
#2389 = EDGE_LOOP('',(#2390,#2396,#2397,#2403));
#2390 = ORIENTED_EDGE('',*,*,#2391,.F.);
#2391 = EDGE_CURVE('',#1449,#1534,#2392,.T.);
#2392 = LINE('',#2393,#2394);
#2393 = CARTESIAN_POINT('',(-3.526692826661E-15,8.22,-5.5));
#2394 = VECTOR('',#2395,1.);
#2395 = DIRECTION('',(-1.,0.,5.116149740848E-16));
#2396 = ORIENTED_EDGE('',*,*,#1488,.F.);
#2397 = ORIENTED_EDGE('',*,*,#2398,.F.);
#2398 = EDGE_CURVE('',#1542,#1481,#2399,.T.);
#2399 = LINE('',#2400,#2401);
#2400 = CARTESIAN_POINT('',(2.34,8.22,-6.3));
#2401 = VECTOR('',#2402,1.);
#2402 = DIRECTION('',(1.,0.,-6.953059271582E-16));
#2403 = ORIENTED_EDGE('',*,*,#1541,.F.);
#2404 = PLANE('',#2405);
#2405 = AXIS2_PLACEMENT_3D('',#2406,#2407,#2408);
#2406 = CARTESIAN_POINT('',(-4.092919792679E-16,8.22,-6.3));
#2407 = DIRECTION('',(0.,-1.,0.));
#2408 = DIRECTION('',(-5.116149740848E-16,-0.,-1.));
#2409 = ADVANCED_FACE('',(#2410),#2421,.T.);
#2410 = FACE_BOUND('',#2411,.T.);
#2411 = EDGE_LOOP('',(#2412,#2413,#2419,#2420));
#2412 = ORIENTED_EDGE('',*,*,#2298,.T.);
#2413 = ORIENTED_EDGE('',*,*,#2414,.T.);
#2414 = EDGE_CURVE('',#2291,#1204,#2415,.T.);
#2415 = LINE('',#2416,#2417);
#2416 = CARTESIAN_POINT('',(-5.48,12.22,-6.3));
#2417 = VECTOR('',#2418,1.);
#2418 = DIRECTION('',(0.,1.,0.));
#2419 = ORIENTED_EDGE('',*,*,#1203,.T.);
#2420 = ORIENTED_EDGE('',*,*,#1369,.F.);
#2421 = PLANE('',#2422);
#2422 = AXIS2_PLACEMENT_3D('',#2423,#2424,#2425);
#2423 = CARTESIAN_POINT('',(-5.48,12.22,-6.3));
#2424 = DIRECTION('',(-6.953059271582E-16,0.,-1.));
#2425 = DIRECTION('',(-1.,0.,6.953059271582E-16));
#2426 = ADVANCED_FACE('',(#2427),#2433,.T.);
#2427 = FACE_BOUND('',#2428,.T.);
#2428 = EDGE_LOOP('',(#2429,#2430,#2431,#2432));
#2429 = ORIENTED_EDGE('',*,*,#2315,.T.);
#2430 = ORIENTED_EDGE('',*,*,#1299,.F.);
#2431 = ORIENTED_EDGE('',*,*,#2376,.T.);
#2432 = ORIENTED_EDGE('',*,*,#1259,.T.);
#2433 = PLANE('',#2434);
#2434 = AXIS2_PLACEMENT_3D('',#2435,#2436,#2437);
#2435 = CARTESIAN_POINT('',(-5.48,12.22,-6.3));
#2436 = DIRECTION('',(-6.953059271582E-16,0.,-1.));
#2437 = DIRECTION('',(-1.,0.,6.953059271582E-16));
#2438 = ADVANCED_FACE('',(#2439),#2452,.T.);
#2439 = FACE_BOUND('',#2440,.T.);
#2440 = EDGE_LOOP('',(#2441,#2447,#2448,#2449,#2450,#2451));
#2441 = ORIENTED_EDGE('',*,*,#2442,.F.);
#2442 = EDGE_CURVE('',#1188,#2094,#2443,.T.);
#2443 = LINE('',#2444,#2445);
#2444 = CARTESIAN_POINT('',(-5.48,15.61,-5.5));
#2445 = VECTOR('',#2446,1.);
#2446 = DIRECTION('',(1.304119184342E-46,-1.,1.479114197289E-31));
#2447 = ORIENTED_EDGE('',*,*,#1211,.T.);
#2448 = ORIENTED_EDGE('',*,*,#2414,.F.);
#2449 = ORIENTED_EDGE('',*,*,#2290,.T.);
#2450 = ORIENTED_EDGE('',*,*,#2245,.F.);
#2451 = ORIENTED_EDGE('',*,*,#2101,.T.);
#2452 = PLANE('',#2453);
#2453 = AXIS2_PLACEMENT_3D('',#2454,#2455,#2456);
#2454 = CARTESIAN_POINT('',(-5.48,12.22,-0.3));
#2455 = DIRECTION('',(-1.,0.,8.816893156266E-16));
#2456 = DIRECTION('',(8.816893156266E-16,0.,1.));
#2457 = ADVANCED_FACE('',(#2458),#2464,.T.);
#2458 = FACE_BOUND('',#2459,.T.);
#2459 = EDGE_LOOP('',(#2460,#2461,#2462,#2463));
#2460 = ORIENTED_EDGE('',*,*,#2332,.T.);
#2461 = ORIENTED_EDGE('',*,*,#1549,.T.);
#2462 = ORIENTED_EDGE('',*,*,#2398,.T.);
#2463 = ORIENTED_EDGE('',*,*,#1480,.T.);
#2464 = PLANE('',#2465);
#2465 = AXIS2_PLACEMENT_3D('',#2466,#2467,#2468);
#2466 = CARTESIAN_POINT('',(4.68,12.22,-6.3));
#2467 = DIRECTION('',(-6.953059271582E-16,0.,-1.));
#2468 = DIRECTION('',(-1.,0.,6.953059271582E-16));
#2469 = ADVANCED_FACE('',(#2470),#2476,.T.);
#2470 = FACE_BOUND('',#2471,.T.);
#2471 = EDGE_LOOP('',(#2472,#2473,#2474,#2475));
#2472 = ORIENTED_EDGE('',*,*,#1965,.T.);
#2473 = ORIENTED_EDGE('',*,*,#2140,.T.);
#2474 = ORIENTED_EDGE('',*,*,#2354,.T.);
#2475 = ORIENTED_EDGE('',*,*,#1605,.T.);
#2476 = PLANE('',#2477);
#2477 = AXIS2_PLACEMENT_3D('',#2478,#2479,#2480);
#2478 = CARTESIAN_POINT('',(4.68,12.22,-6.3));
#2479 = DIRECTION('',(-6.953059271582E-16,0.,-1.));
#2480 = DIRECTION('',(-1.,0.,6.953059271582E-16));
#2481 = ADVANCED_FACE('',(#2482),#2516,.F.);
#2482 = FACE_BOUND('',#2483,.T.);
#2483 = EDGE_LOOP('',(#2484,#2494,#2502,#2510));
#2484 = ORIENTED_EDGE('',*,*,#2485,.F.);
#2485 = EDGE_CURVE('',#2486,#2488,#2490,.T.);
#2486 = VERTEX_POINT('',#2487);
#2487 = CARTESIAN_POINT('',(-0.14787645008,16.793436266769,1.));
#2488 = VERTEX_POINT('',#2489);
#2489 = CARTESIAN_POINT('',(-0.14787645008,17.04980692696,1.));
#2490 = LINE('',#2491,#2492);
#2491 = CARTESIAN_POINT('',(-0.14787645008,15.533081769748,1.));
#2492 = VECTOR('',#2493,1.);
#2493 = DIRECTION('',(-3.03508928663E-13,1.,1.551318012527E-28));
#2494 = ORIENTED_EDGE('',*,*,#2495,.T.);
#2495 = EDGE_CURVE('',#2486,#2496,#2498,.T.);
#2496 = VERTEX_POINT('',#2497);
#2497 = CARTESIAN_POINT('',(-0.14787645008,16.793436266769,0.75));
#2498 = LINE('',#2499,#2500);
#2499 = CARTESIAN_POINT('',(-0.14787645008,16.793436266769,1.));
#2500 = VECTOR('',#2501,1.);
#2501 = DIRECTION('',(-5.116149740848E-16,-1.479114197289E-31,-1.));
#2502 = ORIENTED_EDGE('',*,*,#2503,.F.);
#2503 = EDGE_CURVE('',#2504,#2496,#2506,.T.);
#2504 = VERTEX_POINT('',#2505);
#2505 = CARTESIAN_POINT('',(-0.14787645008,17.04980692696,0.75));
#2506 = LINE('',#2507,#2508);
#2507 = CARTESIAN_POINT('',(-0.14787645008,16.909315486768,0.75));
#2508 = VECTOR('',#2509,1.);
#2509 = DIRECTION('',(3.03508928663E-13,-1.,-1.551318012527E-28));
#2510 = ORIENTED_EDGE('',*,*,#2511,.F.);
#2511 = EDGE_CURVE('',#2488,#2504,#2512,.T.);
#2512 = LINE('',#2513,#2514);
#2513 = CARTESIAN_POINT('',(-0.14787645008,17.04980692696,1.));
#2514 = VECTOR('',#2515,1.);
#2515 = DIRECTION('',(-5.116149740848E-16,-1.479114197289E-31,-1.));
#2516 = PLANE('',#2517);
#2517 = AXIS2_PLACEMENT_3D('',#2518,#2519,#2520);
#2518 = CARTESIAN_POINT('',(-0.14787645008,16.793436266769,1.));
#2519 = DIRECTION('',(-1.,-3.03508928663E-13,5.116149740848E-16));
#2520 = DIRECTION('',(-3.03508928663E-13,1.,-5.455102191967E-34));
#2521 = ADVANCED_FACE('',(#2522),#2547,.F.);
#2522 = FACE_BOUND('',#2523,.T.);
#2523 = EDGE_LOOP('',(#2524,#2532,#2540,#2546));
#2524 = ORIENTED_EDGE('',*,*,#2525,.F.);
#2525 = EDGE_CURVE('',#2526,#2486,#2528,.T.);
#2526 = VERTEX_POINT('',#2527);
#2527 = CARTESIAN_POINT('',(0.303088807605,17.04980692696,1.));
#2528 = LINE('',#2529,#2530);
#2529 = CARTESIAN_POINT('',(-0.40801369679,16.645550023777,1.));
#2530 = VECTOR('',#2531,1.);
#2531 = DIRECTION('',(-0.869340282138,-0.49421399601,4.447675059169E-16)
  );
#2532 = ORIENTED_EDGE('',*,*,#2533,.T.);
#2533 = EDGE_CURVE('',#2526,#2534,#2536,.T.);
#2534 = VERTEX_POINT('',#2535);
#2535 = CARTESIAN_POINT('',(0.303088807605,17.04980692696,0.75));
#2536 = LINE('',#2537,#2538);
#2537 = CARTESIAN_POINT('',(0.303088807605,17.04980692696,1.));
#2538 = VECTOR('',#2539,1.);
#2539 = DIRECTION('',(-5.116149740848E-16,-1.479114197289E-31,-1.));
#2540 = ORIENTED_EDGE('',*,*,#2541,.F.);
#2541 = EDGE_CURVE('',#2496,#2534,#2542,.T.);
#2542 = LINE('',#2543,#2544);
#2543 = CARTESIAN_POINT('',(0.16615098702,16.971958713888,0.75));
#2544 = VECTOR('',#2545,1.);
#2545 = DIRECTION('',(0.869340282138,0.49421399601,-4.447675059169E-16)
  );
#2546 = ORIENTED_EDGE('',*,*,#2495,.F.);
#2547 = PLANE('',#2548);
#2548 = AXIS2_PLACEMENT_3D('',#2549,#2550,#2551);
#2549 = CARTESIAN_POINT('',(0.303088807605,17.04980692696,1.));
#2550 = DIRECTION('',(0.49421399601,-0.869340282138,-2.528472807611E-16)
  );
#2551 = DIRECTION('',(-0.869340282138,-0.49421399601,4.440892098501E-16)
  );
#2552 = ADVANCED_FACE('',(#2553),#2569,.F.);
#2553 = FACE_BOUND('',#2554,.T.);
#2554 = EDGE_LOOP('',(#2555,#2561,#2562,#2568));
#2555 = ORIENTED_EDGE('',*,*,#2556,.F.);
#2556 = EDGE_CURVE('',#2488,#2526,#2557,.T.);
#2557 = LINE('',#2558,#2559);
#2558 = CARTESIAN_POINT('',(-7.393822504041E-02,17.04980692696,1.));
#2559 = VECTOR('',#2560,1.);
#2560 = DIRECTION('',(1.,2.957970107141E-13,-5.116149740848E-16));
#2561 = ORIENTED_EDGE('',*,*,#2511,.T.);
#2562 = ORIENTED_EDGE('',*,*,#2563,.F.);
#2563 = EDGE_CURVE('',#2534,#2504,#2564,.T.);
#2564 = LINE('',#2565,#2566);
#2565 = CARTESIAN_POINT('',(-9.659187844531E-02,17.04980692696,0.75));
#2566 = VECTOR('',#2567,1.);
#2567 = DIRECTION('',(-1.,-2.957970107141E-13,5.116149740848E-16));
#2568 = ORIENTED_EDGE('',*,*,#2533,.F.);
#2569 = PLANE('',#2570);
#2570 = AXIS2_PLACEMENT_3D('',#2571,#2572,#2573);
#2571 = CARTESIAN_POINT('',(-0.14787645008,17.04980692696,1.));
#2572 = DIRECTION('',(-2.957970107141E-13,1.,1.511862685511E-28));
#2573 = DIRECTION('',(1.,2.957970107141E-13,-5.107025913276E-16));
#2574 = ADVANCED_FACE('',(#2575),#2609,.T.);
#2575 = FACE_BOUND('',#2576,.T.);
#2576 = EDGE_LOOP('',(#2577,#2587,#2595,#2603));
#2577 = ORIENTED_EDGE('',*,*,#2578,.F.);
#2578 = EDGE_CURVE('',#2579,#2581,#2583,.T.);
#2579 = VERTEX_POINT('',#2580);
#2580 = CARTESIAN_POINT('',(-0.260617764501,17.04980692696,1.));
#2581 = VERTEX_POINT('',#2582);
#2582 = CARTESIAN_POINT('',(-0.260617764501,16.694594566455,1.));
#2583 = LINE('',#2584,#2585);
#2584 = CARTESIAN_POINT('',(-0.260617764501,15.483660919591,1.));
#2585 = VECTOR('',#2586,1.);
#2586 = DIRECTION('',(3.004210663993E-13,-1.,-1.535520046807E-28));
#2587 = ORIENTED_EDGE('',*,*,#2588,.T.);
#2588 = EDGE_CURVE('',#2579,#2589,#2591,.T.);
#2589 = VERTEX_POINT('',#2590);
#2590 = CARTESIAN_POINT('',(-0.260617764501,17.04980692696,0.75));
#2591 = LINE('',#2592,#2593);
#2592 = CARTESIAN_POINT('',(-0.260617764501,17.04980692696,1.));
#2593 = VECTOR('',#2594,1.);
#2594 = DIRECTION('',(-5.116149740848E-16,-1.479114197289E-31,-1.));
#2595 = ORIENTED_EDGE('',*,*,#2596,.F.);
#2596 = EDGE_CURVE('',#2597,#2589,#2599,.T.);
#2597 = VERTEX_POINT('',#2598);
#2598 = CARTESIAN_POINT('',(-0.260617764501,16.694594566455,0.75));
#2599 = LINE('',#2600,#2601);
#2600 = CARTESIAN_POINT('',(-0.260617764501,17.04980692696,0.75));
#2601 = VECTOR('',#2602,1.);
#2602 = DIRECTION('',(-3.004210663993E-13,1.,1.535520046807E-28));
#2603 = ORIENTED_EDGE('',*,*,#2604,.F.);
#2604 = EDGE_CURVE('',#2581,#2597,#2605,.T.);
#2605 = LINE('',#2606,#2607);
#2606 = CARTESIAN_POINT('',(-0.260617764501,16.694594566455,1.));
#2607 = VECTOR('',#2608,1.);
#2608 = DIRECTION('',(-5.116149740848E-16,-1.479114197289E-31,-1.));
#2609 = PLANE('',#2610);
#2610 = AXIS2_PLACEMENT_3D('',#2611,#2612,#2613);
#2611 = CARTESIAN_POINT('',(-0.260617764501,16.694594566455,1.));
#2612 = DIRECTION('',(-1.,-3.004210663993E-13,5.116149740848E-16));
#2613 = DIRECTION('',(-3.004210663993E-13,1.,1.366272106324E-34));
#2614 = ADVANCED_FACE('',(#2615),#2640,.T.);
#2615 = FACE_BOUND('',#2616,.T.);
#2616 = EDGE_LOOP('',(#2617,#2625,#2626,#2634));
#2617 = ORIENTED_EDGE('',*,*,#2618,.F.);
#2618 = EDGE_CURVE('',#2581,#2619,#2621,.T.);
#2619 = VERTEX_POINT('',#2620);
#2620 = CARTESIAN_POINT('',(-0.14787645008,16.694594566455,1.));
#2621 = LINE('',#2622,#2623);
#2622 = CARTESIAN_POINT('',(-7.393822504033E-02,16.694594566455,1.));
#2623 = VECTOR('',#2624,1.);
#2624 = DIRECTION('',(1.,3.154920627067E-13,-5.116149740848E-16));
#2625 = ORIENTED_EDGE('',*,*,#2604,.T.);
#2626 = ORIENTED_EDGE('',*,*,#2627,.F.);
#2627 = EDGE_CURVE('',#2628,#2597,#2630,.T.);
#2628 = VERTEX_POINT('',#2629);
#2629 = CARTESIAN_POINT('',(-0.14787645008,16.694594566455,0.75));
#2630 = LINE('',#2631,#2632);
#2631 = CARTESIAN_POINT('',(-0.260617764501,16.694594566455,0.75));
#2632 = VECTOR('',#2633,1.);
#2633 = DIRECTION('',(-1.,-3.154920627067E-13,5.116149740848E-16));
#2634 = ORIENTED_EDGE('',*,*,#2635,.F.);
#2635 = EDGE_CURVE('',#2619,#2628,#2636,.T.);
#2636 = LINE('',#2637,#2638);
#2637 = CARTESIAN_POINT('',(-0.14787645008,16.694594566455,1.));
#2638 = VECTOR('',#2639,1.);
#2639 = DIRECTION('',(-5.116149740848E-16,-1.479114197289E-31,-1.));
#2640 = PLANE('',#2641);
#2641 = AXIS2_PLACEMENT_3D('',#2642,#2643,#2644);
#2642 = CARTESIAN_POINT('',(-0.14787645008,16.694594566455,1.));
#2643 = DIRECTION('',(3.154920627067E-13,-1.,-1.612625520659E-28));
#2644 = DIRECTION('',(-1.,-3.154920627067E-13,5.107025913276E-16));
#2645 = ADVANCED_FACE('',(#2646),#2671,.T.);
#2646 = FACE_BOUND('',#2647,.T.);
#2647 = EDGE_LOOP('',(#2648,#2656,#2657,#2665));
#2648 = ORIENTED_EDGE('',*,*,#2649,.F.);
#2649 = EDGE_CURVE('',#2619,#2650,#2652,.T.);
#2650 = VERTEX_POINT('',#2651);
#2651 = CARTESIAN_POINT('',(0.500000007451,17.06833974577,1.));
#2652 = LINE('',#2653,#2654);
#2653 = CARTESIAN_POINT('',(-0.29259650464,16.611108861559,1.));
#2654 = VECTOR('',#2655,1.);
#2655 = DIRECTION('',(0.866202773486,0.499692660748,-4.431623095092E-16)
  );
#2656 = ORIENTED_EDGE('',*,*,#2635,.T.);
#2657 = ORIENTED_EDGE('',*,*,#2658,.F.);
#2658 = EDGE_CURVE('',#2659,#2628,#2661,.T.);
#2659 = VERTEX_POINT('',#2660);
#2660 = CARTESIAN_POINT('',(0.500000007451,17.06833974577,0.75));
#2661 = LINE('',#2662,#2663);
#2662 = CARTESIAN_POINT('',(-0.14787645008,16.694594566455,0.75));
#2663 = VECTOR('',#2664,1.);
#2664 = DIRECTION('',(-0.866202773486,-0.499692660748,4.431623095092E-16
    ));
#2665 = ORIENTED_EDGE('',*,*,#2666,.F.);
#2666 = EDGE_CURVE('',#2650,#2659,#2667,.T.);
#2667 = LINE('',#2668,#2669);
#2668 = CARTESIAN_POINT('',(0.500000007451,17.06833974577,1.));
#2669 = VECTOR('',#2670,1.);
#2670 = DIRECTION('',(-5.116149740848E-16,-1.479114197289E-31,-1.));
#2671 = PLANE('',#2672);
#2672 = AXIS2_PLACEMENT_3D('',#2673,#2674,#2675);
#2673 = CARTESIAN_POINT('',(0.500000007451,17.06833974577,1.));
#2674 = DIRECTION('',(0.499692660748,-0.866202773486,-2.556502476789E-16
    ));
#2675 = DIRECTION('',(-0.866202773486,-0.499692660748,4.440892098501E-16
    ));
#2676 = ADVANCED_FACE('',(#2677),#2702,.T.);
#2677 = FACE_BOUND('',#2678,.T.);
#2678 = EDGE_LOOP('',(#2679,#2687,#2688,#2696));
#2679 = ORIENTED_EDGE('',*,*,#2680,.F.);
#2680 = EDGE_CURVE('',#2650,#2681,#2683,.T.);
#2681 = VERTEX_POINT('',#2682);
#2682 = CARTESIAN_POINT('',(0.500000007451,17.150965229626,1.));
#2683 = LINE('',#2684,#2685);
#2684 = CARTESIAN_POINT('',(0.500000007451,15.711846251177,1.));
#2685 = VECTOR('',#2686,1.);
#2686 = DIRECTION('',(-2.959810766205E-13,1.,1.512804394251E-28));
#2687 = ORIENTED_EDGE('',*,*,#2666,.T.);
#2688 = ORIENTED_EDGE('',*,*,#2689,.F.);
#2689 = EDGE_CURVE('',#2690,#2659,#2692,.T.);
#2690 = VERTEX_POINT('',#2691);
#2691 = CARTESIAN_POINT('',(0.500000007451,17.150965229626,0.75));
#2692 = LINE('',#2693,#2694);
#2693 = CARTESIAN_POINT('',(0.500000007451,17.06833974577,0.75));
#2694 = VECTOR('',#2695,1.);
#2695 = DIRECTION('',(2.959810766205E-13,-1.,-1.512804394251E-28));
#2696 = ORIENTED_EDGE('',*,*,#2697,.F.);
#2697 = EDGE_CURVE('',#2681,#2690,#2698,.T.);
#2698 = LINE('',#2699,#2700);
#2699 = CARTESIAN_POINT('',(0.500000007451,17.150965229626,1.));
#2700 = VECTOR('',#2701,1.);
#2701 = DIRECTION('',(-5.116149740848E-16,-1.479114197289E-31,-1.));
#2702 = PLANE('',#2703);
#2703 = AXIS2_PLACEMENT_3D('',#2704,#2705,#2706);
#2704 = CARTESIAN_POINT('',(0.500000007451,17.150965229626,1.));
#2705 = DIRECTION('',(1.,2.959810766205E-13,-5.116149740848E-16));
#2706 = DIRECTION('',(2.959810766205E-13,-1.,2.241766123349E-33));
#2707 = ADVANCED_FACE('',(#2708),#2733,.T.);
#2708 = FACE_BOUND('',#2709,.T.);
#2709 = EDGE_LOOP('',(#2710,#2718,#2719,#2727));
#2710 = ORIENTED_EDGE('',*,*,#2711,.F.);
#2711 = EDGE_CURVE('',#2681,#2712,#2714,.T.);
#2712 = VERTEX_POINT('',#2713);
#2713 = CARTESIAN_POINT('',(-0.14787645008,17.150965229626,1.));
#2714 = LINE('',#2715,#2716);
#2715 = CARTESIAN_POINT('',(-7.393822504044E-02,17.150965229626,1.));
#2716 = VECTOR('',#2717,1.);
#2717 = DIRECTION('',(-1.,-2.985435197524E-13,5.116149740848E-16));
#2718 = ORIENTED_EDGE('',*,*,#2697,.T.);
#2719 = ORIENTED_EDGE('',*,*,#2720,.F.);
#2720 = EDGE_CURVE('',#2721,#2690,#2723,.T.);
#2721 = VERTEX_POINT('',#2722);
#2722 = CARTESIAN_POINT('',(-0.14787645008,17.150965229626,0.75));
#2723 = LINE('',#2724,#2725);
#2724 = CARTESIAN_POINT('',(0.500000007451,17.150965229626,0.75));
#2725 = VECTOR('',#2726,1.);
#2726 = DIRECTION('',(1.,2.985435197524E-13,-5.116149740848E-16));
#2727 = ORIENTED_EDGE('',*,*,#2728,.F.);
#2728 = EDGE_CURVE('',#2712,#2721,#2729,.T.);
#2729 = LINE('',#2730,#2731);
#2730 = CARTESIAN_POINT('',(-0.14787645008,17.150965229626,1.));
#2731 = VECTOR('',#2732,1.);
#2732 = DIRECTION('',(-5.116149740848E-16,-1.479114197289E-31,-1.));
#2733 = PLANE('',#2734);
#2734 = AXIS2_PLACEMENT_3D('',#2735,#2736,#2737);
#2735 = CARTESIAN_POINT('',(-0.14787645008,17.150965229626,1.));
#2736 = DIRECTION('',(-2.985435197524E-13,1.,1.525914237016E-28));
#2737 = DIRECTION('',(1.,2.985435197524E-13,-5.107025913276E-16));
#2738 = ADVANCED_FACE('',(#2739),#2764,.T.);
#2739 = FACE_BOUND('',#2740,.T.);
#2740 = EDGE_LOOP('',(#2741,#2749,#2750,#2758));
#2741 = ORIENTED_EDGE('',*,*,#2742,.F.);
#2742 = EDGE_CURVE('',#2712,#2743,#2745,.T.);
#2743 = VERTEX_POINT('',#2744);
#2744 = CARTESIAN_POINT('',(-0.14787645008,17.26216214248,1.));
#2745 = LINE('',#2746,#2747);
#2746 = CARTESIAN_POINT('',(-0.14787645008,15.767444707604,1.));
#2747 = VECTOR('',#2748,1.);
#2748 = DIRECTION('',(-2.999001465459E-13,1.,1.532854942834E-28));
#2749 = ORIENTED_EDGE('',*,*,#2728,.T.);
#2750 = ORIENTED_EDGE('',*,*,#2751,.F.);
#2751 = EDGE_CURVE('',#2752,#2721,#2754,.T.);
#2752 = VERTEX_POINT('',#2753);
#2753 = CARTESIAN_POINT('',(-0.14787645008,17.26216214248,0.75));
#2754 = LINE('',#2755,#2756);
#2755 = CARTESIAN_POINT('',(-0.14787645008,17.150965229626,0.75));
#2756 = VECTOR('',#2757,1.);
#2757 = DIRECTION('',(2.999001465459E-13,-1.,-1.532854942834E-28));
#2758 = ORIENTED_EDGE('',*,*,#2759,.F.);
#2759 = EDGE_CURVE('',#2743,#2752,#2760,.T.);
#2760 = LINE('',#2761,#2762);
#2761 = CARTESIAN_POINT('',(-0.14787645008,17.26216214248,1.));
#2762 = VECTOR('',#2763,1.);
#2763 = DIRECTION('',(-5.116149740848E-16,-1.479114197289E-31,-1.));
#2764 = PLANE('',#2765);
#2765 = AXIS2_PLACEMENT_3D('',#2766,#2767,#2768);
#2766 = CARTESIAN_POINT('',(-0.14787645008,17.26216214248,1.));
#2767 = DIRECTION('',(1.,2.999001465459E-13,-5.116149740848E-16));
#2768 = DIRECTION('',(2.999001465459E-13,-1.,-5.893901646778E-34));
#2769 = ADVANCED_FACE('',(#2770),#2795,.T.);
#2770 = FACE_BOUND('',#2771,.T.);
#2771 = EDGE_LOOP('',(#2772,#2780,#2781,#2789));
#2772 = ORIENTED_EDGE('',*,*,#2773,.F.);
#2773 = EDGE_CURVE('',#2743,#2774,#2776,.T.);
#2774 = VERTEX_POINT('',#2775);
#2775 = CARTESIAN_POINT('',(-0.260617764501,17.26216214248,1.));
#2776 = LINE('',#2777,#2778);
#2777 = CARTESIAN_POINT('',(-0.130308882251,17.26216214248,1.));
#2778 = VECTOR('',#2779,1.);
#2779 = DIRECTION('',(-1.,-2.957970107141E-13,5.116149740848E-16));
#2780 = ORIENTED_EDGE('',*,*,#2759,.T.);
#2781 = ORIENTED_EDGE('',*,*,#2782,.F.);
#2782 = EDGE_CURVE('',#2783,#2752,#2785,.T.);
#2783 = VERTEX_POINT('',#2784);
#2784 = CARTESIAN_POINT('',(-0.260617764501,17.26216214248,0.75));
#2785 = LINE('',#2786,#2787);
#2786 = CARTESIAN_POINT('',(-0.14787645008,17.26216214248,0.75));
#2787 = VECTOR('',#2788,1.);
#2788 = DIRECTION('',(1.,2.957970107141E-13,-5.116149740848E-16));
#2789 = ORIENTED_EDGE('',*,*,#2790,.F.);
#2790 = EDGE_CURVE('',#2774,#2783,#2791,.T.);
#2791 = LINE('',#2792,#2793);
#2792 = CARTESIAN_POINT('',(-0.260617764501,17.26216214248,1.));
#2793 = VECTOR('',#2794,1.);
#2794 = DIRECTION('',(-5.116149740848E-16,-1.479114197289E-31,-1.));
#2795 = PLANE('',#2796);
#2796 = AXIS2_PLACEMENT_3D('',#2797,#2798,#2799);
#2797 = CARTESIAN_POINT('',(-0.260617764501,17.26216214248,1.));
#2798 = DIRECTION('',(-2.957970107141E-13,1.,1.511862685511E-28));
#2799 = DIRECTION('',(1.,2.957970107141E-13,-5.107025913276E-16));
#2800 = ADVANCED_FACE('',(#2801),#2826,.T.);
#2801 = FACE_BOUND('',#2802,.T.);
#2802 = EDGE_LOOP('',(#2803,#2811,#2812,#2820));
#2803 = ORIENTED_EDGE('',*,*,#2804,.F.);
#2804 = EDGE_CURVE('',#2774,#2805,#2807,.T.);
#2805 = VERTEX_POINT('',#2806);
#2806 = CARTESIAN_POINT('',(-0.260617764501,17.150965229626,1.));
#2807 = LINE('',#2808,#2809);
#2808 = CARTESIAN_POINT('',(-0.260617764501,15.711846251177,1.));
#2809 = VECTOR('',#2810,1.);
#2810 = DIRECTION('',(2.999001465459E-13,-1.,-1.532854942834E-28));
#2811 = ORIENTED_EDGE('',*,*,#2790,.T.);
#2812 = ORIENTED_EDGE('',*,*,#2813,.F.);
#2813 = EDGE_CURVE('',#2814,#2783,#2816,.T.);
#2814 = VERTEX_POINT('',#2815);
#2815 = CARTESIAN_POINT('',(-0.260617764501,17.150965229626,0.75));
#2816 = LINE('',#2817,#2818);
#2817 = CARTESIAN_POINT('',(-0.260617764501,17.26216214248,0.75));
#2818 = VECTOR('',#2819,1.);
#2819 = DIRECTION('',(-2.999001465459E-13,1.,1.532854942834E-28));
#2820 = ORIENTED_EDGE('',*,*,#2821,.F.);
#2821 = EDGE_CURVE('',#2805,#2814,#2822,.T.);
#2822 = LINE('',#2823,#2824);
#2823 = CARTESIAN_POINT('',(-0.260617764501,17.150965229626,1.));
#2824 = VECTOR('',#2825,1.);
#2825 = DIRECTION('',(-5.116149740848E-16,-1.479114197289E-31,-1.));
#2826 = PLANE('',#2827);
#2827 = AXIS2_PLACEMENT_3D('',#2828,#2829,#2830);
#2828 = CARTESIAN_POINT('',(-0.260617764501,17.150965229626,1.));
#2829 = DIRECTION('',(-1.,-2.999001465459E-13,5.116149740848E-16));
#2830 = DIRECTION('',(-2.999001465459E-13,1.,5.893901646778E-34));
#2831 = ADVANCED_FACE('',(#2832),#2857,.T.);
#2832 = FACE_BOUND('',#2833,.T.);
#2833 = EDGE_LOOP('',(#2834,#2842,#2843,#2851));
#2834 = ORIENTED_EDGE('',*,*,#2835,.F.);
#2835 = EDGE_CURVE('',#2805,#2836,#2838,.T.);
#2836 = VERTEX_POINT('',#2837);
#2837 = CARTESIAN_POINT('',(-0.500000007451,17.150965229626,1.));
#2838 = LINE('',#2839,#2840);
#2839 = CARTESIAN_POINT('',(-0.250000003726,17.150965229626,1.));
#2840 = VECTOR('',#2841,1.);
#2841 = DIRECTION('',(-1.,-2.971947240813E-13,5.116149740848E-16));
#2842 = ORIENTED_EDGE('',*,*,#2821,.T.);
#2843 = ORIENTED_EDGE('',*,*,#2844,.F.);
#2844 = EDGE_CURVE('',#2845,#2814,#2847,.T.);
#2845 = VERTEX_POINT('',#2846);
#2846 = CARTESIAN_POINT('',(-0.500000007451,17.150965229626,0.75));
#2847 = LINE('',#2848,#2849);
#2848 = CARTESIAN_POINT('',(-0.260617764501,17.150965229626,0.75));
#2849 = VECTOR('',#2850,1.);
#2850 = DIRECTION('',(1.,2.971947240813E-13,-5.116149740848E-16));
#2851 = ORIENTED_EDGE('',*,*,#2852,.F.);
#2852 = EDGE_CURVE('',#2836,#2845,#2853,.T.);
#2853 = LINE('',#2854,#2855);
#2854 = CARTESIAN_POINT('',(-0.500000007451,17.150965229626,1.));
#2855 = VECTOR('',#2856,1.);
#2856 = DIRECTION('',(-5.116149740848E-16,-1.479114197289E-31,-1.));
#2857 = PLANE('',#2858);
#2858 = AXIS2_PLACEMENT_3D('',#2859,#2860,#2861);
#2859 = CARTESIAN_POINT('',(-0.500000007451,17.150965229626,1.));
#2860 = DIRECTION('',(-2.971947240813E-13,1.,1.519013596393E-28));
#2861 = DIRECTION('',(1.,2.971947240813E-13,-5.107025913276E-16));
#2862 = ADVANCED_FACE('',(#2863),#2888,.T.);
#2863 = FACE_BOUND('',#2864,.T.);
#2864 = EDGE_LOOP('',(#2865,#2873,#2874,#2882));
#2865 = ORIENTED_EDGE('',*,*,#2866,.F.);
#2866 = EDGE_CURVE('',#2836,#2867,#2869,.T.);
#2867 = VERTEX_POINT('',#2868);
#2868 = CARTESIAN_POINT('',(-0.500000007451,17.04980692696,1.));
#2869 = LINE('',#2870,#2871);
#2870 = CARTESIAN_POINT('',(-0.50000000745,15.661267099844,1.));
#2871 = VECTOR('',#2872,1.);
#2872 = DIRECTION('',(2.857239688552E-13,-1.,-1.460327495015E-28));
#2873 = ORIENTED_EDGE('',*,*,#2852,.T.);
#2874 = ORIENTED_EDGE('',*,*,#2875,.F.);
#2875 = EDGE_CURVE('',#2876,#2845,#2878,.T.);
#2876 = VERTEX_POINT('',#2877);
#2877 = CARTESIAN_POINT('',(-0.500000007451,17.04980692696,0.75));
#2878 = LINE('',#2879,#2880);
#2879 = CARTESIAN_POINT('',(-0.500000007451,17.150965229626,0.75));
#2880 = VECTOR('',#2881,1.);
#2881 = DIRECTION('',(-2.857239688552E-13,1.,1.460327495015E-28));
#2882 = ORIENTED_EDGE('',*,*,#2883,.F.);
#2883 = EDGE_CURVE('',#2867,#2876,#2884,.T.);
#2884 = LINE('',#2885,#2886);
#2885 = CARTESIAN_POINT('',(-0.500000007451,17.04980692696,1.));
#2886 = VECTOR('',#2887,1.);
#2887 = DIRECTION('',(-5.116149740848E-16,-1.479114197289E-31,-1.));
#2888 = PLANE('',#2889);
#2889 = AXIS2_PLACEMENT_3D('',#2890,#2891,#2892);
#2890 = CARTESIAN_POINT('',(-0.500000007451,17.04980692696,1.));
#2891 = DIRECTION('',(-1.,-2.857239688552E-13,5.116149740848E-16));
#2892 = DIRECTION('',(-2.857239688552E-13,1.,-1.549560162491E-33));
#2893 = ADVANCED_FACE('',(#2894),#2910,.T.);
#2894 = FACE_BOUND('',#2895,.T.);
#2895 = EDGE_LOOP('',(#2896,#2902,#2903,#2909));
#2896 = ORIENTED_EDGE('',*,*,#2897,.F.);
#2897 = EDGE_CURVE('',#2867,#2579,#2898,.T.);
#2898 = LINE('',#2899,#2900);
#2899 = CARTESIAN_POINT('',(-0.130308882251,17.04980692696,1.));
#2900 = VECTOR('',#2901,1.);
#2901 = DIRECTION('',(1.,2.971947240813E-13,-5.116149740848E-16));
#2902 = ORIENTED_EDGE('',*,*,#2883,.T.);
#2903 = ORIENTED_EDGE('',*,*,#2904,.F.);
#2904 = EDGE_CURVE('',#2589,#2876,#2905,.T.);
#2905 = LINE('',#2906,#2907);
#2906 = CARTESIAN_POINT('',(-0.500000007451,17.04980692696,0.75));
#2907 = VECTOR('',#2908,1.);
#2908 = DIRECTION('',(-1.,-2.971947240813E-13,5.116149740848E-16));
#2909 = ORIENTED_EDGE('',*,*,#2588,.F.);
#2910 = PLANE('',#2911);
#2911 = AXIS2_PLACEMENT_3D('',#2912,#2913,#2914);
#2912 = CARTESIAN_POINT('',(-0.260617764501,17.04980692696,1.));
#2913 = DIRECTION('',(2.971947240813E-13,-1.,-1.519013596393E-28));
#2914 = DIRECTION('',(-1.,-2.971947240813E-13,5.107025913276E-16));
#2915 = ADVANCED_FACE('',(#2916,#2929),#2934,.T.);
#2916 = FACE_BOUND('',#2917,.T.);
#2917 = EDGE_LOOP('',(#2918,#2919,#2920,#2921,#2922,#2923,#2924,#2925,
    #2926,#2927,#2928));
#2918 = ORIENTED_EDGE('',*,*,#2904,.T.);
#2919 = ORIENTED_EDGE('',*,*,#2875,.T.);
#2920 = ORIENTED_EDGE('',*,*,#2844,.T.);
#2921 = ORIENTED_EDGE('',*,*,#2813,.T.);
#2922 = ORIENTED_EDGE('',*,*,#2782,.T.);
#2923 = ORIENTED_EDGE('',*,*,#2751,.T.);
#2924 = ORIENTED_EDGE('',*,*,#2720,.T.);
#2925 = ORIENTED_EDGE('',*,*,#2689,.T.);
#2926 = ORIENTED_EDGE('',*,*,#2658,.T.);
#2927 = ORIENTED_EDGE('',*,*,#2627,.T.);
#2928 = ORIENTED_EDGE('',*,*,#2596,.T.);
#2929 = FACE_BOUND('',#2930,.T.);
#2930 = EDGE_LOOP('',(#2931,#2932,#2933));
#2931 = ORIENTED_EDGE('',*,*,#2503,.T.);
#2932 = ORIENTED_EDGE('',*,*,#2541,.T.);
#2933 = ORIENTED_EDGE('',*,*,#2563,.T.);
#2934 = PLANE('',#2935);
#2935 = AXIS2_PLACEMENT_3D('',#2936,#2937,#2938);
#2936 = CARTESIAN_POINT('',(-4.530730681061E-02,17.025194706767,0.75));
#2937 = DIRECTION('',(-5.116149740848E-16,-1.479114197289E-31,-1.));
#2938 = DIRECTION('',(-1.,-3.552713678801E-16,5.116149740848E-16));
#2939 = ADVANCED_FACE('',(#2940,#3044),#3057,.F.);
#2940 = FACE_BOUND('',#2941,.T.);
#2941 = EDGE_LOOP('',(#2942,#2953,#2961,#2970,#2978,#2987,#2995,#3004,
    #3012,#3021,#3029,#3038));
#2942 = ORIENTED_EDGE('',*,*,#2943,.F.);
#2943 = EDGE_CURVE('',#2944,#2946,#2948,.T.);
#2944 = VERTEX_POINT('',#2945);
#2945 = CARTESIAN_POINT('',(-3.5,11.,1.));
#2946 = VERTEX_POINT('',#2947);
#2947 = CARTESIAN_POINT('',(-2.5,11.,1.));
#2948 = CIRCLE('',#2949,0.5);
#2949 = AXIS2_PLACEMENT_3D('',#2950,#2951,#2952);
#2950 = CARTESIAN_POINT('',(-3.,11.,1.));
#2951 = DIRECTION('',(5.116149740848E-16,1.479114197289E-31,1.));
#2952 = DIRECTION('',(-1.849215225391E-15,-1.,1.093997619345E-30));
#2953 = ORIENTED_EDGE('',*,*,#2954,.F.);
#2954 = EDGE_CURVE('',#2955,#2944,#2957,.T.);
#2955 = VERTEX_POINT('',#2956);
#2956 = CARTESIAN_POINT('',(-3.5,17.,1.));
#2957 = LINE('',#2958,#2959);
#2958 = CARTESIAN_POINT('',(-3.5,12.136363636364,1.));
#2959 = VECTOR('',#2960,1.);
#2960 = DIRECTION('',(3.71230823859E-16,-1.,-4.201582859919E-32));
#2961 = ORIENTED_EDGE('',*,*,#2962,.F.);
#2962 = EDGE_CURVE('',#2963,#2955,#2965,.T.);
#2963 = VERTEX_POINT('',#2964);
#2964 = CARTESIAN_POINT('',(-3.,17.5,1.));
#2965 = CIRCLE('',#2966,0.5);
#2966 = AXIS2_PLACEMENT_3D('',#2967,#2968,#2969);
#2967 = CARTESIAN_POINT('',(-3.,17.,1.));
#2968 = DIRECTION('',(5.116149740848E-16,1.479114197289E-31,1.));
#2969 = DIRECTION('',(-0.707106781187,0.707106781187,3.61766417532E-16)
  );
#2970 = ORIENTED_EDGE('',*,*,#2971,.F.);
#2971 = EDGE_CURVE('',#2972,#2963,#2974,.T.);
#2972 = VERTEX_POINT('',#2973);
#2973 = CARTESIAN_POINT('',(3.,17.5,1.));
#2974 = LINE('',#2975,#2976);
#2975 = CARTESIAN_POINT('',(-2.,17.5,1.));
#2976 = VECTOR('',#2977,1.);
#2977 = DIRECTION('',(-1.,-3.71230823859E-16,5.116149740848E-16));
#2978 = ORIENTED_EDGE('',*,*,#2979,.F.);
#2979 = EDGE_CURVE('',#2980,#2972,#2982,.T.);
#2980 = VERTEX_POINT('',#2981);
#2981 = CARTESIAN_POINT('',(3.5,17.,1.));
#2982 = CIRCLE('',#2983,0.5);
#2983 = AXIS2_PLACEMENT_3D('',#2984,#2985,#2986);
#2984 = CARTESIAN_POINT('',(3.,17.,1.));
#2985 = DIRECTION('',(5.116149740848E-16,9.860761315263E-32,1.));
#2986 = DIRECTION('',(0.707106781187,0.707106781187,-3.61766417532E-16)
  );
#2987 = ORIENTED_EDGE('',*,*,#2988,.F.);
#2988 = EDGE_CURVE('',#2989,#2980,#2991,.T.);
#2989 = VERTEX_POINT('',#2990);
#2990 = CARTESIAN_POINT('',(3.5,11.,1.));
#2991 = LINE('',#2992,#2993);
#2992 = CARTESIAN_POINT('',(3.5,16.136363636364,1.));
#2993 = VECTOR('',#2994,1.);
#2994 = DIRECTION('',(-2.324529457809E-16,1.,-2.898501189731E-32));
#2995 = ORIENTED_EDGE('',*,*,#2996,.F.);
#2996 = EDGE_CURVE('',#2997,#2989,#2999,.T.);
#2997 = VERTEX_POINT('',#2998);
#2998 = CARTESIAN_POINT('',(2.5,11.,1.));
#2999 = CIRCLE('',#3000,0.5);
#3000 = AXIS2_PLACEMENT_3D('',#3001,#3002,#3003);
#3001 = CARTESIAN_POINT('',(3.,11.,1.));
#3002 = DIRECTION('',(5.116149740848E-16,1.479114197289E-31,1.));
#3003 = DIRECTION('',(3.71230823859E-16,-1.,-4.201582859919E-32));
#3004 = ORIENTED_EDGE('',*,*,#3005,.F.);
#3005 = EDGE_CURVE('',#3006,#2997,#3008,.T.);
#3006 = VERTEX_POINT('',#3007);
#3007 = CARTESIAN_POINT('',(2.5,15.,1.));
#3008 = LINE('',#3009,#3010);
#3009 = CARTESIAN_POINT('',(2.5,12.136363636364,1.));
#3010 = VECTOR('',#3011,1.);
#3011 = DIRECTION('',(3.71230823859E-16,-1.,-4.201582859919E-32));
#3012 = ORIENTED_EDGE('',*,*,#3013,.F.);
#3013 = EDGE_CURVE('',#3014,#3006,#3016,.T.);
#3014 = VERTEX_POINT('',#3015);
#3015 = CARTESIAN_POINT('',(1.,16.5,1.));
#3016 = CIRCLE('',#3017,1.5);
#3017 = AXIS2_PLACEMENT_3D('',#3018,#3019,#3020);
#3018 = CARTESIAN_POINT('',(1.,15.,1.));
#3019 = DIRECTION('',(-5.116149740848E-16,-9.860761315263E-32,-1.));
#3020 = DIRECTION('',(0.707106781187,0.707106781187,-3.61766417532E-16)
  );
#3021 = ORIENTED_EDGE('',*,*,#3022,.F.);
#3022 = EDGE_CURVE('',#3023,#3014,#3025,.T.);
#3023 = VERTEX_POINT('',#3024);
#3024 = CARTESIAN_POINT('',(-1.,16.5,1.));
#3025 = LINE('',#3026,#3027);
#3026 = CARTESIAN_POINT('',(1.,16.5,1.));
#3027 = VECTOR('',#3028,1.);
#3028 = DIRECTION('',(1.,3.71230823859E-16,-5.116149740848E-16));
#3029 = ORIENTED_EDGE('',*,*,#3030,.F.);
#3030 = EDGE_CURVE('',#3031,#3023,#3033,.T.);
#3031 = VERTEX_POINT('',#3032);
#3032 = CARTESIAN_POINT('',(-2.5,15.,1.));
#3033 = CIRCLE('',#3034,1.5);
#3034 = AXIS2_PLACEMENT_3D('',#3035,#3036,#3037);
#3035 = CARTESIAN_POINT('',(-1.,15.,1.));
#3036 = DIRECTION('',(-5.116149740848E-16,-1.972152263053E-31,-1.));
#3037 = DIRECTION('',(-0.707106781187,0.707106781187,3.61766417532E-16)
  );
#3038 = ORIENTED_EDGE('',*,*,#3039,.F.);
#3039 = EDGE_CURVE('',#2946,#3031,#3040,.T.);
#3040 = LINE('',#3041,#3042);
#3041 = CARTESIAN_POINT('',(-2.5,15.136363636364,1.));
#3042 = VECTOR('',#3043,1.);
#3043 = DIRECTION('',(-3.71230823859E-16,1.,4.201582859919E-32));
#3044 = FACE_BOUND('',#3045,.T.);
#3045 = EDGE_LOOP('',(#3046,#3047,#3048,#3049,#3050,#3051,#3052,#3053,
    #3054,#3055,#3056));
#3046 = ORIENTED_EDGE('',*,*,#2578,.T.);
#3047 = ORIENTED_EDGE('',*,*,#2618,.T.);
#3048 = ORIENTED_EDGE('',*,*,#2649,.T.);
#3049 = ORIENTED_EDGE('',*,*,#2680,.T.);
#3050 = ORIENTED_EDGE('',*,*,#2711,.T.);
#3051 = ORIENTED_EDGE('',*,*,#2742,.T.);
#3052 = ORIENTED_EDGE('',*,*,#2773,.T.);
#3053 = ORIENTED_EDGE('',*,*,#2804,.T.);
#3054 = ORIENTED_EDGE('',*,*,#2835,.T.);
#3055 = ORIENTED_EDGE('',*,*,#2866,.T.);
#3056 = ORIENTED_EDGE('',*,*,#2897,.T.);
#3057 = PLANE('',#3058);
#3058 = AXIS2_PLACEMENT_3D('',#3059,#3060,#3061);
#3059 = CARTESIAN_POINT('',(-2.250534728775E-15,14.272727272727,1.));
#3060 = DIRECTION('',(5.116149740848E-16,1.479114197289E-31,1.));
#3061 = DIRECTION('',(1.,3.552713678801E-16,-5.116149740848E-16));
#3062 = ADVANCED_FACE('',(#3063),#3090,.F.);
#3063 = FACE_BOUND('',#3064,.F.);
#3064 = EDGE_LOOP('',(#3065,#3075,#3082,#3083));
#3065 = ORIENTED_EDGE('',*,*,#3066,.T.);
#3066 = EDGE_CURVE('',#3067,#3069,#3071,.T.);
#3067 = VERTEX_POINT('',#3068);
#3068 = CARTESIAN_POINT('',(2.65,7.,-5.5));
#3069 = VERTEX_POINT('',#3070);
#3070 = CARTESIAN_POINT('',(2.65,7.,2.));
#3071 = LINE('',#3072,#3073);
#3072 = CARTESIAN_POINT('',(2.65,7.,-5.5));
#3073 = VECTOR('',#3074,1.);
#3074 = DIRECTION('',(5.116149740848E-16,1.479114197289E-31,1.));
#3075 = ORIENTED_EDGE('',*,*,#3076,.F.);
#3076 = EDGE_CURVE('',#3069,#3069,#3077,.T.);
#3077 = CIRCLE('',#3078,0.6);
#3078 = AXIS2_PLACEMENT_3D('',#3079,#3080,#3081);
#3079 = CARTESIAN_POINT('',(3.25,7.,2.));
#3080 = DIRECTION('',(5.116149740848E-16,1.479114197289E-31,1.));
#3081 = DIRECTION('',(1.,3.71230823859E-16,-5.116149740848E-16));
#3082 = ORIENTED_EDGE('',*,*,#3066,.F.);
#3083 = ORIENTED_EDGE('',*,*,#3084,.T.);
#3084 = EDGE_CURVE('',#3067,#3067,#3085,.T.);
#3085 = CIRCLE('',#3086,0.6);
#3086 = AXIS2_PLACEMENT_3D('',#3087,#3088,#3089);
#3087 = CARTESIAN_POINT('',(3.25,7.,-5.5));
#3088 = DIRECTION('',(5.116149740848E-16,1.479114197289E-31,1.));
#3089 = DIRECTION('',(1.,3.71230823859E-16,-5.116149740848E-16));
#3090 = CYLINDRICAL_SURFACE('',#3091,0.6);
#3091 = AXIS2_PLACEMENT_3D('',#3092,#3093,#3094);
#3092 = CARTESIAN_POINT('',(3.25,7.,-5.5));
#3093 = DIRECTION('',(5.116149740848E-16,1.479114197289E-31,1.));
#3094 = DIRECTION('',(1.,3.71230823859E-16,-5.116149740848E-16));
#3095 = ADVANCED_FACE('',(#3096),#3099,.F.);
#3096 = FACE_BOUND('',#3097,.T.);
#3097 = EDGE_LOOP('',(#3098));
#3098 = ORIENTED_EDGE('',*,*,#3076,.F.);
#3099 = PLANE('',#3100);
#3100 = AXIS2_PLACEMENT_3D('',#3101,#3102,#3103);
#3101 = CARTESIAN_POINT('',(3.25,7.,2.));
#3102 = DIRECTION('',(5.116149740848E-16,1.479114197289E-31,1.));
#3103 = DIRECTION('',(1.,3.552713678801E-16,-5.116149740848E-16));
#3104 = ADVANCED_FACE('',(#3105),#3132,.F.);
#3105 = FACE_BOUND('',#3106,.F.);
#3106 = EDGE_LOOP('',(#3107,#3117,#3124,#3125));
#3107 = ORIENTED_EDGE('',*,*,#3108,.T.);
#3108 = EDGE_CURVE('',#3109,#3111,#3113,.T.);
#3109 = VERTEX_POINT('',#3110);
#3110 = CARTESIAN_POINT('',(-3.85,7.,-5.5));
#3111 = VERTEX_POINT('',#3112);
#3112 = CARTESIAN_POINT('',(-3.85,7.,2.));
#3113 = LINE('',#3114,#3115);
#3114 = CARTESIAN_POINT('',(-3.85,7.,-5.5));
#3115 = VECTOR('',#3116,1.);
#3116 = DIRECTION('',(5.116149740848E-16,1.479114197289E-31,1.));
#3117 = ORIENTED_EDGE('',*,*,#3118,.F.);
#3118 = EDGE_CURVE('',#3111,#3111,#3119,.T.);
#3119 = CIRCLE('',#3120,0.6);
#3120 = AXIS2_PLACEMENT_3D('',#3121,#3122,#3123);
#3121 = CARTESIAN_POINT('',(-3.25,7.,2.));
#3122 = DIRECTION('',(5.116149740848E-16,1.479114197289E-31,1.));
#3123 = DIRECTION('',(1.,3.71230823859E-16,-5.116149740848E-16));
#3124 = ORIENTED_EDGE('',*,*,#3108,.F.);
#3125 = ORIENTED_EDGE('',*,*,#3126,.T.);
#3126 = EDGE_CURVE('',#3109,#3109,#3127,.T.);
#3127 = CIRCLE('',#3128,0.6);
#3128 = AXIS2_PLACEMENT_3D('',#3129,#3130,#3131);
#3129 = CARTESIAN_POINT('',(-3.25,7.,-5.5));
#3130 = DIRECTION('',(5.116149740848E-16,1.479114197289E-31,1.));
#3131 = DIRECTION('',(1.,3.71230823859E-16,-5.116149740848E-16));
#3132 = CYLINDRICAL_SURFACE('',#3133,0.6);
#3133 = AXIS2_PLACEMENT_3D('',#3134,#3135,#3136);
#3134 = CARTESIAN_POINT('',(-3.25,7.,-5.5));
#3135 = DIRECTION('',(5.116149740848E-16,1.479114197289E-31,1.));
#3136 = DIRECTION('',(1.,3.71230823859E-16,-5.116149740848E-16));
#3137 = ADVANCED_FACE('',(#3138),#3141,.F.);
#3138 = FACE_BOUND('',#3139,.T.);
#3139 = EDGE_LOOP('',(#3140));
#3140 = ORIENTED_EDGE('',*,*,#3118,.F.);
#3141 = PLANE('',#3142);
#3142 = AXIS2_PLACEMENT_3D('',#3143,#3144,#3145);
#3143 = CARTESIAN_POINT('',(-3.25,7.,2.));
#3144 = DIRECTION('',(5.116149740848E-16,1.479114197289E-31,1.));
#3145 = DIRECTION('',(1.,3.552713678801E-16,-5.116149740848E-16));
#3146 = ADVANCED_FACE('',(#3147),#3166,.F.);
#3147 = FACE_BOUND('',#3148,.F.);
#3148 = EDGE_LOOP('',(#3149,#3157,#3158,#3159));
#3149 = ORIENTED_EDGE('',*,*,#3150,.T.);
#3150 = EDGE_CURVE('',#3151,#836,#3153,.T.);
#3151 = VERTEX_POINT('',#3152);
#3152 = CARTESIAN_POINT('',(-0.6,7.,-5.5));
#3153 = LINE('',#3154,#3155);
#3154 = CARTESIAN_POINT('',(-0.6,7.,-5.5));
#3155 = VECTOR('',#3156,1.);
#3156 = DIRECTION('',(5.116149740848E-16,1.479114197289E-31,1.));
#3157 = ORIENTED_EDGE('',*,*,#835,.F.);
#3158 = ORIENTED_EDGE('',*,*,#3150,.F.);
#3159 = ORIENTED_EDGE('',*,*,#3160,.T.);
#3160 = EDGE_CURVE('',#3151,#3151,#3161,.T.);
#3161 = CIRCLE('',#3162,0.6);
#3162 = AXIS2_PLACEMENT_3D('',#3163,#3164,#3165);
#3163 = CARTESIAN_POINT('',(-2.598615767013E-15,7.,-5.5));
#3164 = DIRECTION('',(5.116149740848E-16,1.479114197289E-31,1.));
#3165 = DIRECTION('',(1.,3.71230823859E-16,-5.116149740848E-16));
#3166 = CYLINDRICAL_SURFACE('',#3167,0.6);
#3167 = AXIS2_PLACEMENT_3D('',#3168,#3169,#3170);
#3168 = CARTESIAN_POINT('',(-2.598615767013E-15,7.,-5.5));
#3169 = DIRECTION('',(5.116149740848E-16,1.479114197289E-31,1.));
#3170 = DIRECTION('',(1.,3.71230823859E-16,-5.116149740848E-16));
#3171 = ADVANCED_FACE('',(#3172),#3206,.T.);
#3172 = FACE_BOUND('',#3173,.T.);
#3173 = EDGE_LOOP('',(#3174,#3184,#3192,#3200));
#3174 = ORIENTED_EDGE('',*,*,#3175,.T.);
#3175 = EDGE_CURVE('',#3176,#3178,#3180,.T.);
#3176 = VERTEX_POINT('',#3177);
#3177 = CARTESIAN_POINT('',(1.703830522395,2.250000042608,5.95));
#3178 = VERTEX_POINT('',#3179);
#3179 = CARTESIAN_POINT('',(1.842943431149,1.855645188228,5.95));
#3180 = LINE('',#3181,#3182);
#3181 = CARTESIAN_POINT('',(1.703830522395,2.250000042608,5.95));
#3182 = VECTOR('',#3183,1.);
#3183 = DIRECTION('',(0.332668799214,-0.943043726467,-1.701983390887E-16
    ));
#3184 = ORIENTED_EDGE('',*,*,#3185,.F.);
#3185 = EDGE_CURVE('',#3186,#3178,#3188,.T.);
#3186 = VERTEX_POINT('',#3187);
#3187 = CARTESIAN_POINT('',(1.842943431149,1.855645188228,5.75));
#3188 = LINE('',#3189,#3190);
#3189 = CARTESIAN_POINT('',(1.842943431149,1.855645188228,5.75));
#3190 = VECTOR('',#3191,1.);
#3191 = DIRECTION('',(5.116149740848E-16,1.479114197289E-31,1.));
#3192 = ORIENTED_EDGE('',*,*,#3193,.F.);
#3193 = EDGE_CURVE('',#3194,#3186,#3196,.T.);
#3194 = VERTEX_POINT('',#3195);
#3195 = CARTESIAN_POINT('',(1.703830522395,2.250000042608,5.75));
#3196 = LINE('',#3197,#3198);
#3197 = CARTESIAN_POINT('',(1.727195778496,2.183764620965,5.75));
#3198 = VECTOR('',#3199,1.);
#3199 = DIRECTION('',(0.332668799214,-0.943043726467,-1.701983390887E-16
    ));
#3200 = ORIENTED_EDGE('',*,*,#3201,.T.);
#3201 = EDGE_CURVE('',#3194,#3176,#3202,.T.);
#3202 = LINE('',#3203,#3204);
#3203 = CARTESIAN_POINT('',(1.703830522395,2.250000042608,5.75));
#3204 = VECTOR('',#3205,1.);
#3205 = DIRECTION('',(5.116149740848E-16,1.479114197289E-31,1.));
#3206 = PLANE('',#3207);
#3207 = AXIS2_PLACEMENT_3D('',#3208,#3209,#3210);
#3208 = CARTESIAN_POINT('',(1.703830522395,2.250000042608,5.75));
#3209 = DIRECTION('',(0.943043726467,0.332668799214,-4.824752916775E-16)
  );
#3210 = DIRECTION('',(-5.115140020263E-16,-2.862338354469E-19,-1.));
#3211 = ADVANCED_FACE('',(#3212),#3237,.T.);
#3212 = FACE_BOUND('',#3213,.T.);
#3213 = EDGE_LOOP('',(#3214,#3222,#3230,#3236));
#3214 = ORIENTED_EDGE('',*,*,#3215,.T.);
#3215 = EDGE_CURVE('',#3178,#3216,#3218,.T.);
#3216 = VERTEX_POINT('',#3217);
#3217 = CARTESIAN_POINT('',(1.749798266157,1.820564541673,5.95));
#3218 = LINE('',#3219,#3220);
#3219 = CARTESIAN_POINT('',(1.842943431149,1.855645188228,5.95));
#3220 = VECTOR('',#3221,1.);
#3221 = DIRECTION('',(-0.93582876642,-0.35245498995,4.787840100798E-16)
  );
#3222 = ORIENTED_EDGE('',*,*,#3223,.F.);
#3223 = EDGE_CURVE('',#3224,#3216,#3226,.T.);
#3224 = VERTEX_POINT('',#3225);
#3225 = CARTESIAN_POINT('',(1.749798266157,1.820564541673,5.75));
#3226 = LINE('',#3227,#3228);
#3227 = CARTESIAN_POINT('',(1.749798266157,1.820564541673,5.75));
#3228 = VECTOR('',#3229,1.);
#3229 = DIRECTION('',(5.116149740848E-16,1.479114197289E-31,1.));
#3230 = ORIENTED_EDGE('',*,*,#3231,.F.);
#3231 = EDGE_CURVE('',#3186,#3224,#3232,.T.);
#3232 = LINE('',#3233,#3234);
#3233 = CARTESIAN_POINT('',(0.977288533911,1.52961931784,5.75));
#3234 = VECTOR('',#3235,1.);
#3235 = DIRECTION('',(-0.93582876642,-0.35245498995,4.787840100798E-16)
  );
#3236 = ORIENTED_EDGE('',*,*,#3185,.T.);
#3237 = PLANE('',#3238);
#3238 = AXIS2_PLACEMENT_3D('',#3239,#3240,#3241);
#3239 = CARTESIAN_POINT('',(1.842943431149,1.855645188228,5.75));
#3240 = DIRECTION('',(0.35245498995,-0.93582876642,-1.803212505495E-16)
  );
#3241 = DIRECTION('',(-5.108159316376E-16,3.009380645451E-19,-1.));
#3242 = ADVANCED_FACE('',(#3243),#3272,.T.);
#3243 = FACE_BOUND('',#3244,.T.);
#3244 = EDGE_LOOP('',(#3245,#3255,#3263,#3271));
#3245 = ORIENTED_EDGE('',*,*,#3246,.T.);
#3246 = EDGE_CURVE('',#3216,#3247,#3249,.T.);
#3247 = VERTEX_POINT('',#3248);
#3248 = CARTESIAN_POINT('',(1.26471760172,2.130241973333,5.95));
#3249 = B_SPLINE_CURVE_WITH_KNOTS('',2,(#3250,#3251,#3252,#3253,#3254),
  .UNSPECIFIED.,.F.,.F.,(3,1,1,3),(0.,1.,2.,3.),.QUASI_UNIFORM_KNOTS.);
#3250 = CARTESIAN_POINT('',(1.749798266157,1.820564541673,5.95));
#3251 = CARTESIAN_POINT('',(1.690524070253,1.958467772959,5.95));
#3252 = CARTESIAN_POINT('',(1.576814388316,2.078225842234,5.95));
#3253 = CARTESIAN_POINT('',(1.425604704888,2.130241973333,5.95));
#3254 = CARTESIAN_POINT('',(1.26471760172,2.130241973333,5.95));
#3255 = ORIENTED_EDGE('',*,*,#3256,.F.);
#3256 = EDGE_CURVE('',#3257,#3247,#3259,.T.);
#3257 = VERTEX_POINT('',#3258);
#3258 = CARTESIAN_POINT('',(1.26471760172,2.130241973333,5.75));
#3259 = LINE('',#3260,#3261);
#3260 = CARTESIAN_POINT('',(1.26471760172,2.130241973333,5.75));
#3261 = VECTOR('',#3262,1.);
#3262 = DIRECTION('',(5.116149740848E-16,1.479114197289E-31,1.));
#3263 = ORIENTED_EDGE('',*,*,#3264,.F.);
#3264 = EDGE_CURVE('',#3224,#3257,#3265,.T.);
#3265 = B_SPLINE_CURVE_WITH_KNOTS('',2,(#3266,#3267,#3268,#3269,#3270),
  .UNSPECIFIED.,.F.,.F.,(3,1,1,3),(0.,1.,2.,3.),.QUASI_UNIFORM_KNOTS.);
#3266 = CARTESIAN_POINT('',(1.749798266157,1.820564541673,5.75));
#3267 = CARTESIAN_POINT('',(1.690524070253,1.958467772959,5.75));
#3268 = CARTESIAN_POINT('',(1.576814388316,2.078225842234,5.75));
#3269 = CARTESIAN_POINT('',(1.425604704888,2.130241973333,5.75));
#3270 = CARTESIAN_POINT('',(1.26471760172,2.130241973333,5.75));
#3271 = ORIENTED_EDGE('',*,*,#3223,.T.);
#3272 = B_SPLINE_SURFACE_WITH_KNOTS('',2,1,(
    (#3273,#3274)
    ,(#3275,#3276)
    ,(#3277,#3278)
    ,(#3279,#3280)
    ,(#3281,#3282
    )),.UNSPECIFIED.,.F.,.F.,.F.,(3,1,1,3),(2,2),(-3.,-2.,-1.,0.),(0.,
    2.4E-02),.UNSPECIFIED.);
#3273 = CARTESIAN_POINT('',(1.26471760172,2.130241973333,5.75));
#3274 = CARTESIAN_POINT('',(1.26471760172,2.130241973333,5.99));
#3275 = CARTESIAN_POINT('',(1.425604704888,2.130241973333,5.75));
#3276 = CARTESIAN_POINT('',(1.425604704888,2.130241973333,5.99));
#3277 = CARTESIAN_POINT('',(1.576814388316,2.078225842234,5.75));
#3278 = CARTESIAN_POINT('',(1.576814388316,2.078225842234,5.99));
#3279 = CARTESIAN_POINT('',(1.690524070253,1.958467772959,5.75));
#3280 = CARTESIAN_POINT('',(1.690524070253,1.958467772959,5.99));
#3281 = CARTESIAN_POINT('',(1.749798266157,1.820564541673,5.75));
#3282 = CARTESIAN_POINT('',(1.749798266157,1.820564541673,5.99));
#3283 = ADVANCED_FACE('',(#3284),#3309,.T.);
#3284 = FACE_BOUND('',#3285,.T.);
#3285 = EDGE_LOOP('',(#3286,#3294,#3302,#3308));
#3286 = ORIENTED_EDGE('',*,*,#3287,.T.);
#3287 = EDGE_CURVE('',#3247,#3288,#3290,.T.);
#3288 = VERTEX_POINT('',#3289);
#3289 = CARTESIAN_POINT('',(0.940524040451,2.130241973333,5.95));
#3290 = LINE('',#3291,#3292);
#3291 = CARTESIAN_POINT('',(1.26471760172,2.130241973333,5.95));
#3292 = VECTOR('',#3293,1.);
#3293 = DIRECTION('',(-1.,-3.71230823859E-16,5.116149740848E-16));
#3294 = ORIENTED_EDGE('',*,*,#3295,.F.);
#3295 = EDGE_CURVE('',#3296,#3288,#3298,.T.);
#3296 = VERTEX_POINT('',#3297);
#3297 = CARTESIAN_POINT('',(0.940524040451,2.130241973333,5.75));
#3298 = LINE('',#3299,#3300);
#3299 = CARTESIAN_POINT('',(0.940524040451,2.130241973333,5.75));
#3300 = VECTOR('',#3301,1.);
#3301 = DIRECTION('',(5.116149740848E-16,1.479114197289E-31,1.));
#3302 = ORIENTED_EDGE('',*,*,#3303,.F.);
#3303 = EDGE_CURVE('',#3257,#3296,#3304,.T.);
#3304 = LINE('',#3305,#3306);
#3305 = CARTESIAN_POINT('',(0.63235880086,2.130241973333,5.75));
#3306 = VECTOR('',#3307,1.);
#3307 = DIRECTION('',(-1.,-3.71230823859E-16,5.116149740848E-16));
#3308 = ORIENTED_EDGE('',*,*,#3256,.T.);
#3309 = PLANE('',#3310);
#3310 = AXIS2_PLACEMENT_3D('',#3311,#3312,#3313);
#3311 = CARTESIAN_POINT('',(1.26471760172,2.130241973333,5.75));
#3312 = DIRECTION('',(3.71230823859E-16,-1.,-4.201582859919E-32));
#3313 = DIRECTION('',(-5.107025913276E-16,-1.475727151263E-31,-1.));
#3314 = ADVANCED_FACE('',(#3315),#3340,.T.);
#3315 = FACE_BOUND('',#3316,.T.);
#3316 = EDGE_LOOP('',(#3317,#3325,#3333,#3339));
#3317 = ORIENTED_EDGE('',*,*,#3318,.T.);
#3318 = EDGE_CURVE('',#3288,#3319,#3321,.T.);
#3319 = VERTEX_POINT('',#3320);
#3320 = CARTESIAN_POINT('',(0.940524040451,1.55443549884,5.95));
#3321 = LINE('',#3322,#3323);
#3322 = CARTESIAN_POINT('',(0.940524040451,2.130241973333,5.95));
#3323 = VECTOR('',#3324,1.);
#3324 = DIRECTION('',(3.71230823859E-16,-1.,-4.201582859919E-32));
#3325 = ORIENTED_EDGE('',*,*,#3326,.F.);
#3326 = EDGE_CURVE('',#3327,#3319,#3329,.T.);
#3327 = VERTEX_POINT('',#3328);
#3328 = CARTESIAN_POINT('',(0.940524040451,1.55443549884,5.75));
#3329 = LINE('',#3330,#3331);
#3330 = CARTESIAN_POINT('',(0.940524040451,1.55443549884,5.75));
#3331 = VECTOR('',#3332,1.);
#3332 = DIRECTION('',(5.116149740848E-16,1.479114197289E-31,1.));
#3333 = ORIENTED_EDGE('',*,*,#3334,.F.);
#3334 = EDGE_CURVE('',#3296,#3327,#3335,.T.);
#3335 = LINE('',#3336,#3337);
#3336 = CARTESIAN_POINT('',(0.940524040451,1.815120986667,5.75));
#3337 = VECTOR('',#3338,1.);
#3338 = DIRECTION('',(3.71230823859E-16,-1.,-2.079363207786E-30));
#3339 = ORIENTED_EDGE('',*,*,#3295,.T.);
#3340 = PLANE('',#3341);
#3341 = AXIS2_PLACEMENT_3D('',#3342,#3343,#3344);
#3342 = CARTESIAN_POINT('',(0.940524040451,2.130241973333,5.75));
#3343 = DIRECTION('',(1.,3.71230823859E-16,-5.116149740848E-16));
#3344 = DIRECTION('',(-5.116149740848E-16,-3.387046026532E-34,-1.));
#3345 = ADVANCED_FACE('',(#3346),#3371,.T.);
#3346 = FACE_BOUND('',#3347,.T.);
#3347 = EDGE_LOOP('',(#3348,#3356,#3364,#3370));
#3348 = ORIENTED_EDGE('',*,*,#3349,.T.);
#3349 = EDGE_CURVE('',#3319,#3350,#3352,.T.);
#3350 = VERTEX_POINT('',#3351);
#3351 = CARTESIAN_POINT('',(1.088104691477,1.55443549884,5.95));
#3352 = LINE('',#3353,#3354);
#3353 = CARTESIAN_POINT('',(0.940524040451,1.55443549884,5.95));
#3354 = VECTOR('',#3355,1.);
#3355 = DIRECTION('',(1.,3.71230823859E-16,-5.116149740848E-16));
#3356 = ORIENTED_EDGE('',*,*,#3357,.F.);
#3357 = EDGE_CURVE('',#3358,#3350,#3360,.T.);
#3358 = VERTEX_POINT('',#3359);
#3359 = CARTESIAN_POINT('',(1.088104691477,1.55443549884,5.75));
#3360 = LINE('',#3361,#3362);
#3361 = CARTESIAN_POINT('',(1.088104691477,1.55443549884,5.75));
#3362 = VECTOR('',#3363,1.);
#3363 = DIRECTION('',(5.116149740848E-16,1.479114197289E-31,1.));
#3364 = ORIENTED_EDGE('',*,*,#3365,.F.);
#3365 = EDGE_CURVE('',#3327,#3358,#3366,.T.);
#3366 = LINE('',#3367,#3368);
#3367 = CARTESIAN_POINT('',(0.470262020225,1.55443549884,5.75));
#3368 = VECTOR('',#3369,1.);
#3369 = DIRECTION('',(1.,3.71230823859E-16,-5.116149740848E-16));
#3370 = ORIENTED_EDGE('',*,*,#3326,.T.);
#3371 = PLANE('',#3372);
#3372 = AXIS2_PLACEMENT_3D('',#3373,#3374,#3375);
#3373 = CARTESIAN_POINT('',(0.940524040451,1.55443549884,5.75));
#3374 = DIRECTION('',(-3.71230823859E-16,1.,4.201582859919E-32));
#3375 = DIRECTION('',(5.107025913276E-16,1.475727151263E-31,1.));
#3376 = ADVANCED_FACE('',(#3377),#3406,.T.);
#3377 = FACE_BOUND('',#3378,.T.);
#3378 = EDGE_LOOP('',(#3379,#3389,#3397,#3405));
#3379 = ORIENTED_EDGE('',*,*,#3380,.T.);
#3380 = EDGE_CURVE('',#3350,#3381,#3383,.T.);
#3381 = VERTEX_POINT('',#3382);
#3382 = CARTESIAN_POINT('',(1.359072444179,1.787903250052,5.95));
#3383 = B_SPLINE_CURVE_WITH_KNOTS('',2,(#3384,#3385,#3386,#3387,#3388),
  .UNSPECIFIED.,.F.,.F.,(3,1,1,3),(0.,1.,2.,3.),.QUASI_UNIFORM_KNOTS.);
#3384 = CARTESIAN_POINT('',(1.088104691477,1.55443549884,5.95));
#3385 = CARTESIAN_POINT('',(1.204233728349,1.55443549884,5.95));
#3386 = CARTESIAN_POINT('',(1.305846635613,1.599193565134,5.95));
#3387 = CARTESIAN_POINT('',(1.359072444179,1.697177439996,5.95));
#3388 = CARTESIAN_POINT('',(1.359072444179,1.787903250052,5.95));
#3389 = ORIENTED_EDGE('',*,*,#3390,.F.);
#3390 = EDGE_CURVE('',#3391,#3381,#3393,.T.);
#3391 = VERTEX_POINT('',#3392);
#3392 = CARTESIAN_POINT('',(1.359072444179,1.787903250052,5.75));
#3393 = LINE('',#3394,#3395);
#3394 = CARTESIAN_POINT('',(1.359072444179,1.787903250052,5.75));
#3395 = VECTOR('',#3396,1.);
#3396 = DIRECTION('',(5.116149740848E-16,1.479114197289E-31,1.));
#3397 = ORIENTED_EDGE('',*,*,#3398,.F.);
#3398 = EDGE_CURVE('',#3358,#3391,#3399,.T.);
#3399 = B_SPLINE_CURVE_WITH_KNOTS('',2,(#3400,#3401,#3402,#3403,#3404),
  .UNSPECIFIED.,.F.,.F.,(3,1,1,3),(0.,1.,2.,3.),.QUASI_UNIFORM_KNOTS.);
#3400 = CARTESIAN_POINT('',(1.088104691477,1.55443549884,5.75));
#3401 = CARTESIAN_POINT('',(1.204233728349,1.55443549884,5.75));
#3402 = CARTESIAN_POINT('',(1.305846635613,1.599193565134,5.75));
#3403 = CARTESIAN_POINT('',(1.359072444179,1.697177439996,5.75));
#3404 = CARTESIAN_POINT('',(1.359072444179,1.787903250052,5.75));
#3405 = ORIENTED_EDGE('',*,*,#3357,.T.);
#3406 = B_SPLINE_SURFACE_WITH_KNOTS('',2,1,(
    (#3407,#3408)
    ,(#3409,#3410)
    ,(#3411,#3412)
    ,(#3413,#3414)
    ,(#3415,#3416
    )),.UNSPECIFIED.,.F.,.F.,.F.,(3,1,1,3),(2,2),(-3.,-2.,-1.,0.),(0.,
    2.4E-02),.UNSPECIFIED.);
#3407 = CARTESIAN_POINT('',(1.359072444179,1.787903250052,5.75));
#3408 = CARTESIAN_POINT('',(1.359072444179,1.787903250052,5.99));
#3409 = CARTESIAN_POINT('',(1.359072444179,1.697177439996,5.75));
#3410 = CARTESIAN_POINT('',(1.359072444179,1.697177439996,5.99));
#3411 = CARTESIAN_POINT('',(1.305846635613,1.599193565134,5.75));
#3412 = CARTESIAN_POINT('',(1.305846635613,1.599193565134,5.99));
#3413 = CARTESIAN_POINT('',(1.204233728349,1.55443549884,5.75));
#3414 = CARTESIAN_POINT('',(1.204233728349,1.55443549884,5.99));
#3415 = CARTESIAN_POINT('',(1.088104691477,1.55443549884,5.75));
#3416 = CARTESIAN_POINT('',(1.088104691477,1.55443549884,5.99));
#3417 = ADVANCED_FACE('',(#3418),#3443,.T.);
#3418 = FACE_BOUND('',#3419,.T.);
#3419 = EDGE_LOOP('',(#3420,#3428,#3436,#3442));
#3420 = ORIENTED_EDGE('',*,*,#3421,.T.);
#3421 = EDGE_CURVE('',#3381,#3422,#3424,.T.);
#3422 = VERTEX_POINT('',#3423);
#3423 = CARTESIAN_POINT('',(1.359072444179,1.827822606477,5.95));
#3424 = LINE('',#3425,#3426);
#3425 = CARTESIAN_POINT('',(1.359072444179,1.787903250052,5.95));
#3426 = VECTOR('',#3427,1.);
#3427 = DIRECTION('',(-3.71230823859E-16,1.,4.201582859919E-32));
#3428 = ORIENTED_EDGE('',*,*,#3429,.F.);
#3429 = EDGE_CURVE('',#3430,#3422,#3432,.T.);
#3430 = VERTEX_POINT('',#3431);
#3431 = CARTESIAN_POINT('',(1.359072444179,1.827822606477,5.75));
#3432 = LINE('',#3433,#3434);
#3433 = CARTESIAN_POINT('',(1.359072444179,1.827822606477,5.75));
#3434 = VECTOR('',#3435,1.);
#3435 = DIRECTION('',(5.116149740848E-16,1.479114197289E-31,1.));
#3436 = ORIENTED_EDGE('',*,*,#3437,.F.);
#3437 = EDGE_CURVE('',#3391,#3430,#3438,.T.);
#3438 = LINE('',#3439,#3440);
#3439 = CARTESIAN_POINT('',(1.359072444179,1.643951625026,5.75));
#3440 = VECTOR('',#3441,1.);
#3441 = DIRECTION('',(-3.71230823859E-16,1.,2.079363207786E-30));
#3442 = ORIENTED_EDGE('',*,*,#3390,.T.);
#3443 = PLANE('',#3444);
#3444 = AXIS2_PLACEMENT_3D('',#3445,#3446,#3447);
#3445 = CARTESIAN_POINT('',(1.359072444179,1.787903250052,5.75));
#3446 = DIRECTION('',(-1.,-3.71230823859E-16,5.116149740848E-16));
#3447 = DIRECTION('',(5.116149740848E-16,3.387046026532E-34,1.));
#3448 = ADVANCED_FACE('',(#3449),#3474,.T.);
#3449 = FACE_BOUND('',#3450,.T.);
#3450 = EDGE_LOOP('',(#3451,#3459,#3467,#3473));
#3451 = ORIENTED_EDGE('',*,*,#3452,.T.);
#3452 = EDGE_CURVE('',#3422,#3453,#3455,.T.);
#3453 = VERTEX_POINT('',#3454);
#3454 = CARTESIAN_POINT('',(1.464314383845,1.827822606477,5.95));
#3455 = LINE('',#3456,#3457);
#3456 = CARTESIAN_POINT('',(1.359072444179,1.827822606477,5.95));
#3457 = VECTOR('',#3458,1.);
#3458 = DIRECTION('',(1.,3.71230823859E-16,-5.116149740848E-16));
#3459 = ORIENTED_EDGE('',*,*,#3460,.F.);
#3460 = EDGE_CURVE('',#3461,#3453,#3463,.T.);
#3461 = VERTEX_POINT('',#3462);
#3462 = CARTESIAN_POINT('',(1.464314383845,1.827822606477,5.75));
#3463 = LINE('',#3464,#3465);
#3464 = CARTESIAN_POINT('',(1.464314383845,1.827822606477,5.75));
#3465 = VECTOR('',#3466,1.);
#3466 = DIRECTION('',(5.116149740848E-16,1.479114197289E-31,1.));
#3467 = ORIENTED_EDGE('',*,*,#3468,.F.);
#3468 = EDGE_CURVE('',#3430,#3461,#3469,.T.);
#3469 = LINE('',#3470,#3471);
#3470 = CARTESIAN_POINT('',(0.67953622209,1.827822606477,5.75));
#3471 = VECTOR('',#3472,1.);
#3472 = DIRECTION('',(1.,3.71230823859E-16,-5.116149740848E-16));
#3473 = ORIENTED_EDGE('',*,*,#3429,.T.);
#3474 = PLANE('',#3475);
#3475 = AXIS2_PLACEMENT_3D('',#3476,#3477,#3478);
#3476 = CARTESIAN_POINT('',(1.359072444179,1.827822606477,5.75));
#3477 = DIRECTION('',(-3.71230823859E-16,1.,4.201582859919E-32));
#3478 = DIRECTION('',(5.107025913276E-16,1.475727151263E-31,1.));
#3479 = ADVANCED_FACE('',(#3480),#3505,.T.);
#3480 = FACE_BOUND('',#3481,.T.);
#3481 = EDGE_LOOP('',(#3482,#3490,#3498,#3504));
#3482 = ORIENTED_EDGE('',*,*,#3483,.T.);
#3483 = EDGE_CURVE('',#3453,#3484,#3486,.T.);
#3484 = VERTEX_POINT('',#3485);
#3485 = CARTESIAN_POINT('',(1.464314383845,1.169758064199,5.95));
#3486 = LINE('',#3487,#3488);
#3487 = CARTESIAN_POINT('',(1.464314383845,1.827822606477,5.95));
#3488 = VECTOR('',#3489,1.);
#3489 = DIRECTION('',(3.71230823859E-16,-1.,-4.201582859919E-32));
#3490 = ORIENTED_EDGE('',*,*,#3491,.F.);
#3491 = EDGE_CURVE('',#3492,#3484,#3494,.T.);
#3492 = VERTEX_POINT('',#3493);
#3493 = CARTESIAN_POINT('',(1.464314383845,1.169758064199,5.75));
#3494 = LINE('',#3495,#3496);
#3495 = CARTESIAN_POINT('',(1.464314383845,1.169758064199,5.75));
#3496 = VECTOR('',#3497,1.);
#3497 = DIRECTION('',(5.116149740848E-16,1.479114197289E-31,1.));
#3498 = ORIENTED_EDGE('',*,*,#3499,.F.);
#3499 = EDGE_CURVE('',#3461,#3492,#3500,.T.);
#3500 = LINE('',#3501,#3502);
#3501 = CARTESIAN_POINT('',(1.464314383845,1.663911303239,5.75));
#3502 = VECTOR('',#3503,1.);
#3503 = DIRECTION('',(3.71230823859E-16,-1.,-2.079363207786E-30));
#3504 = ORIENTED_EDGE('',*,*,#3460,.T.);
#3505 = PLANE('',#3506);
#3506 = AXIS2_PLACEMENT_3D('',#3507,#3508,#3509);
#3507 = CARTESIAN_POINT('',(1.464314383845,1.827822606477,5.75));
#3508 = DIRECTION('',(1.,3.71230823859E-16,-5.116149740848E-16));
#3509 = DIRECTION('',(-5.116149740848E-16,-3.387046026532E-34,-1.));
#3510 = ADVANCED_FACE('',(#3511),#3536,.T.);
#3511 = FACE_BOUND('',#3512,.T.);
#3512 = EDGE_LOOP('',(#3513,#3521,#3529,#3535));
#3513 = ORIENTED_EDGE('',*,*,#3514,.T.);
#3514 = EDGE_CURVE('',#3484,#3515,#3517,.T.);
#3515 = VERTEX_POINT('',#3516);
#3516 = CARTESIAN_POINT('',(1.359072444179,1.169758064199,5.95));
#3517 = LINE('',#3518,#3519);
#3518 = CARTESIAN_POINT('',(1.464314383845,1.169758064199,5.95));
#3519 = VECTOR('',#3520,1.);
#3520 = DIRECTION('',(-1.,-3.71230823859E-16,5.116149740848E-16));
#3521 = ORIENTED_EDGE('',*,*,#3522,.F.);
#3522 = EDGE_CURVE('',#3523,#3515,#3525,.T.);
#3523 = VERTEX_POINT('',#3524);
#3524 = CARTESIAN_POINT('',(1.359072444179,1.169758064199,5.75));
#3525 = LINE('',#3526,#3527);
#3526 = CARTESIAN_POINT('',(1.359072444179,1.169758064199,5.75));
#3527 = VECTOR('',#3528,1.);
#3528 = DIRECTION('',(5.116149740848E-16,1.479114197289E-31,1.));
#3529 = ORIENTED_EDGE('',*,*,#3530,.F.);
#3530 = EDGE_CURVE('',#3492,#3523,#3531,.T.);
#3531 = LINE('',#3532,#3533);
#3532 = CARTESIAN_POINT('',(0.732157191923,1.169758064199,5.75));
#3533 = VECTOR('',#3534,1.);
#3534 = DIRECTION('',(-1.,-3.71230823859E-16,5.116149740848E-16));
#3535 = ORIENTED_EDGE('',*,*,#3491,.T.);
#3536 = PLANE('',#3537);
#3537 = AXIS2_PLACEMENT_3D('',#3538,#3539,#3540);
#3538 = CARTESIAN_POINT('',(1.464314383845,1.169758064199,5.75));
#3539 = DIRECTION('',(3.71230823859E-16,-1.,-4.201582859919E-32));
#3540 = DIRECTION('',(-5.107025913276E-16,-1.475727151263E-31,-1.));
#3541 = ADVANCED_FACE('',(#3542),#3567,.T.);
#3542 = FACE_BOUND('',#3543,.T.);
#3543 = EDGE_LOOP('',(#3544,#3552,#3560,#3566));
#3544 = ORIENTED_EDGE('',*,*,#3545,.T.);
#3545 = EDGE_CURVE('',#3515,#3546,#3548,.T.);
#3546 = VERTEX_POINT('',#3547);
#3547 = CARTESIAN_POINT('',(1.359072444179,1.227822582635,5.95));
#3548 = LINE('',#3549,#3550);
#3549 = CARTESIAN_POINT('',(1.359072444179,1.169758064199,5.95));
#3550 = VECTOR('',#3551,1.);
#3551 = DIRECTION('',(-3.71230823859E-16,1.,4.201582859919E-32));
#3552 = ORIENTED_EDGE('',*,*,#3553,.F.);
#3553 = EDGE_CURVE('',#3554,#3546,#3556,.T.);
#3554 = VERTEX_POINT('',#3555);
#3555 = CARTESIAN_POINT('',(1.359072444179,1.227822582635,5.75));
#3556 = LINE('',#3557,#3558);
#3557 = CARTESIAN_POINT('',(1.359072444179,1.227822582635,5.75));
#3558 = VECTOR('',#3559,1.);
#3559 = DIRECTION('',(5.116149740848E-16,1.479114197289E-31,1.));
#3560 = ORIENTED_EDGE('',*,*,#3561,.F.);
#3561 = EDGE_CURVE('',#3523,#3554,#3562,.T.);
#3562 = LINE('',#3563,#3564);
#3563 = CARTESIAN_POINT('',(1.359072444179,1.3348790321,5.75));
#3564 = VECTOR('',#3565,1.);
#3565 = DIRECTION('',(-3.71230823859E-16,1.,2.079363207786E-30));
#3566 = ORIENTED_EDGE('',*,*,#3522,.T.);
#3567 = PLANE('',#3568);
#3568 = AXIS2_PLACEMENT_3D('',#3569,#3570,#3571);
#3569 = CARTESIAN_POINT('',(1.359072444179,1.169758064199,5.75));
#3570 = DIRECTION('',(-1.,-3.71230823859E-16,5.116149740848E-16));
#3571 = DIRECTION('',(5.116149740848E-16,3.387046026532E-34,1.));
#3572 = ADVANCED_FACE('',(#3573),#3602,.T.);
#3573 = FACE_BOUND('',#3574,.T.);
#3574 = EDGE_LOOP('',(#3575,#3585,#3593,#3601));
#3575 = ORIENTED_EDGE('',*,*,#3576,.T.);
#3576 = EDGE_CURVE('',#3546,#3577,#3579,.T.);
#3577 = VERTEX_POINT('',#3578);
#3578 = CARTESIAN_POINT('',(1.103830498553,1.449193559174,5.95));
#3579 = B_SPLINE_CURVE_WITH_KNOTS('',2,(#3580,#3581,#3582,#3583,#3584),
  .UNSPECIFIED.,.F.,.F.,(3,1,1,3),(0.,1.,2.,3.),.QUASI_UNIFORM_KNOTS.);
#3580 = CARTESIAN_POINT('',(1.359072444179,1.227822582635,5.95));
#3581 = CARTESIAN_POINT('',(1.359072444179,1.312500005355,5.95));
#3582 = CARTESIAN_POINT('',(1.30705631308,1.406854847814,5.95));
#3583 = CARTESIAN_POINT('',(1.217540180491,1.449193559174,5.95));
#3584 = CARTESIAN_POINT('',(1.103830498553,1.449193559174,5.95));
#3585 = ORIENTED_EDGE('',*,*,#3586,.F.);
#3586 = EDGE_CURVE('',#3587,#3577,#3589,.T.);
#3587 = VERTEX_POINT('',#3588);
#3588 = CARTESIAN_POINT('',(1.103830498553,1.449193559174,5.75));
#3589 = LINE('',#3590,#3591);
#3590 = CARTESIAN_POINT('',(1.103830498553,1.449193559174,5.75));
#3591 = VECTOR('',#3592,1.);
#3592 = DIRECTION('',(5.116149740848E-16,1.479114197289E-31,1.));
#3593 = ORIENTED_EDGE('',*,*,#3594,.F.);
#3594 = EDGE_CURVE('',#3554,#3587,#3595,.T.);
#3595 = B_SPLINE_CURVE_WITH_KNOTS('',2,(#3596,#3597,#3598,#3599,#3600),
  .UNSPECIFIED.,.F.,.F.,(3,1,1,3),(0.,1.,2.,3.),.QUASI_UNIFORM_KNOTS.);
#3596 = CARTESIAN_POINT('',(1.359072444179,1.227822582635,5.75));
#3597 = CARTESIAN_POINT('',(1.359072444179,1.312500005355,5.75));
#3598 = CARTESIAN_POINT('',(1.30705631308,1.406854847814,5.75));
#3599 = CARTESIAN_POINT('',(1.217540180491,1.449193559174,5.75));
#3600 = CARTESIAN_POINT('',(1.103830498553,1.449193559174,5.75));
#3601 = ORIENTED_EDGE('',*,*,#3553,.T.);
#3602 = B_SPLINE_SURFACE_WITH_KNOTS('',2,1,(
    (#3603,#3604)
    ,(#3605,#3606)
    ,(#3607,#3608)
    ,(#3609,#3610)
    ,(#3611,#3612
    )),.UNSPECIFIED.,.F.,.F.,.F.,(3,1,1,3),(2,2),(-3.,-2.,-1.,0.),(0.,
    2.4E-02),.UNSPECIFIED.);
#3603 = CARTESIAN_POINT('',(1.103830498553,1.449193559174,5.75));
#3604 = CARTESIAN_POINT('',(1.103830498553,1.449193559174,5.99));
#3605 = CARTESIAN_POINT('',(1.217540180491,1.449193559174,5.75));
#3606 = CARTESIAN_POINT('',(1.217540180491,1.449193559174,5.99));
#3607 = CARTESIAN_POINT('',(1.30705631308,1.406854847814,5.75));
#3608 = CARTESIAN_POINT('',(1.30705631308,1.406854847814,5.99));
#3609 = CARTESIAN_POINT('',(1.359072444179,1.312500005355,5.75));
#3610 = CARTESIAN_POINT('',(1.359072444179,1.312500005355,5.99));
#3611 = CARTESIAN_POINT('',(1.359072444179,1.227822582635,5.75));
#3612 = CARTESIAN_POINT('',(1.359072444179,1.227822582635,5.99));
#3613 = ADVANCED_FACE('',(#3614),#3639,.T.);
#3614 = FACE_BOUND('',#3615,.T.);
#3615 = EDGE_LOOP('',(#3616,#3624,#3632,#3638));
#3616 = ORIENTED_EDGE('',*,*,#3617,.T.);
#3617 = EDGE_CURVE('',#3577,#3618,#3620,.T.);
#3618 = VERTEX_POINT('',#3619);
#3619 = CARTESIAN_POINT('',(0.940524040451,1.449193559174,5.95));
#3620 = LINE('',#3621,#3622);
#3621 = CARTESIAN_POINT('',(1.103830498553,1.449193559174,5.95));
#3622 = VECTOR('',#3623,1.);
#3623 = DIRECTION('',(-1.,-3.71230823859E-16,5.116149740848E-16));
#3624 = ORIENTED_EDGE('',*,*,#3625,.F.);
#3625 = EDGE_CURVE('',#3626,#3618,#3628,.T.);
#3626 = VERTEX_POINT('',#3627);
#3627 = CARTESIAN_POINT('',(0.940524040451,1.449193559174,5.75));
#3628 = LINE('',#3629,#3630);
#3629 = CARTESIAN_POINT('',(0.940524040451,1.449193559174,5.75));
#3630 = VECTOR('',#3631,1.);
#3631 = DIRECTION('',(5.116149740848E-16,1.479114197289E-31,1.));
#3632 = ORIENTED_EDGE('',*,*,#3633,.F.);
#3633 = EDGE_CURVE('',#3587,#3626,#3634,.T.);
#3634 = LINE('',#3635,#3636);
#3635 = CARTESIAN_POINT('',(0.551915249277,1.449193559174,5.75));
#3636 = VECTOR('',#3637,1.);
#3637 = DIRECTION('',(-1.,-3.71230823859E-16,5.116149740848E-16));
#3638 = ORIENTED_EDGE('',*,*,#3586,.T.);
#3639 = PLANE('',#3640);
#3640 = AXIS2_PLACEMENT_3D('',#3641,#3642,#3643);
#3641 = CARTESIAN_POINT('',(1.103830498553,1.449193559174,5.75));
#3642 = DIRECTION('',(3.71230823859E-16,-1.,-4.201582859919E-32));
#3643 = DIRECTION('',(-5.107025913276E-16,-1.475727151263E-31,-1.));
#3644 = ADVANCED_FACE('',(#3645),#3670,.T.);
#3645 = FACE_BOUND('',#3646,.T.);
#3646 = EDGE_LOOP('',(#3647,#3655,#3663,#3669));
#3647 = ORIENTED_EDGE('',*,*,#3648,.T.);
#3648 = EDGE_CURVE('',#3618,#3649,#3651,.T.);
#3649 = VERTEX_POINT('',#3650);
#3650 = CARTESIAN_POINT('',(0.940524040451,0.982258056749,5.95));
#3651 = LINE('',#3652,#3653);
#3652 = CARTESIAN_POINT('',(0.940524040451,1.449193559174,5.95));
#3653 = VECTOR('',#3654,1.);
#3654 = DIRECTION('',(3.71230823859E-16,-1.,-4.201582859919E-32));
#3655 = ORIENTED_EDGE('',*,*,#3656,.F.);
#3656 = EDGE_CURVE('',#3657,#3649,#3659,.T.);
#3657 = VERTEX_POINT('',#3658);
#3658 = CARTESIAN_POINT('',(0.940524040451,0.982258056749,5.75));
#3659 = LINE('',#3660,#3661);
#3660 = CARTESIAN_POINT('',(0.940524040451,0.982258056749,5.75));
#3661 = VECTOR('',#3662,1.);
#3662 = DIRECTION('',(5.116149740848E-16,1.479114197289E-31,1.));
#3663 = ORIENTED_EDGE('',*,*,#3664,.F.);
#3664 = EDGE_CURVE('',#3626,#3657,#3665,.T.);
#3665 = LINE('',#3666,#3667);
#3666 = CARTESIAN_POINT('',(0.940524040451,1.474596779587,5.75));
#3667 = VECTOR('',#3668,1.);
#3668 = DIRECTION('',(3.71230823859E-16,-1.,-2.079363207786E-30));
#3669 = ORIENTED_EDGE('',*,*,#3625,.T.);
#3670 = PLANE('',#3671);
#3671 = AXIS2_PLACEMENT_3D('',#3672,#3673,#3674);
#3672 = CARTESIAN_POINT('',(0.940524040451,1.449193559174,5.75));
#3673 = DIRECTION('',(1.,3.71230823859E-16,-5.116149740848E-16));
#3674 = DIRECTION('',(-5.116149740848E-16,-3.387046026532E-34,-1.));
#3675 = ADVANCED_FACE('',(#3676),#3705,.T.);
#3676 = FACE_BOUND('',#3677,.T.);
#3677 = EDGE_LOOP('',(#3678,#3688,#3696,#3704));
#3678 = ORIENTED_EDGE('',*,*,#3679,.T.);
#3679 = EDGE_CURVE('',#3649,#3680,#3682,.T.);
#3680 = VERTEX_POINT('',#3681);
#3681 = CARTESIAN_POINT('',(1.088104691477,0.84072579306,5.95));
#3682 = B_SPLINE_CURVE_WITH_KNOTS('',2,(#3683,#3684,#3685,#3686,#3687),
  .UNSPECIFIED.,.F.,.F.,(3,1,1,3),(0.,1.,2.,3.),.QUASI_UNIFORM_KNOTS.);
#3683 = CARTESIAN_POINT('',(0.940524040451,0.982258056749,5.95));
#3684 = CARTESIAN_POINT('',(0.940524040451,0.918145150975,5.95));
#3685 = CARTESIAN_POINT('',(0.967136944734,0.867338697343,5.95));
#3686 = CARTESIAN_POINT('',(1.020362753301,0.84072579306,5.95));
#3687 = CARTESIAN_POINT('',(1.088104691477,0.84072579306,5.95));
#3688 = ORIENTED_EDGE('',*,*,#3689,.F.);
#3689 = EDGE_CURVE('',#3690,#3680,#3692,.T.);
#3690 = VERTEX_POINT('',#3691);
#3691 = CARTESIAN_POINT('',(1.088104691477,0.84072579306,5.75));
#3692 = LINE('',#3693,#3694);
#3693 = CARTESIAN_POINT('',(1.088104691477,0.84072579306,5.75));
#3694 = VECTOR('',#3695,1.);
#3695 = DIRECTION('',(5.116149740848E-16,1.479114197289E-31,1.));
#3696 = ORIENTED_EDGE('',*,*,#3697,.F.);
#3697 = EDGE_CURVE('',#3657,#3690,#3698,.T.);
#3698 = B_SPLINE_CURVE_WITH_KNOTS('',2,(#3699,#3700,#3701,#3702,#3703),
  .UNSPECIFIED.,.F.,.F.,(3,1,1,3),(0.,1.,2.,3.),.QUASI_UNIFORM_KNOTS.);
#3699 = CARTESIAN_POINT('',(0.940524040451,0.982258056749,5.75));
#3700 = CARTESIAN_POINT('',(0.940524040451,0.918145150975,5.75));
#3701 = CARTESIAN_POINT('',(0.967136944734,0.867338697343,5.75));
#3702 = CARTESIAN_POINT('',(1.020362753301,0.84072579306,5.75));
#3703 = CARTESIAN_POINT('',(1.088104691477,0.84072579306,5.75));
#3704 = ORIENTED_EDGE('',*,*,#3656,.T.);
#3705 = B_SPLINE_SURFACE_WITH_KNOTS('',2,1,(
    (#3706,#3707)
    ,(#3708,#3709)
    ,(#3710,#3711)
    ,(#3712,#3713)
    ,(#3714,#3715
    )),.UNSPECIFIED.,.F.,.F.,.F.,(3,1,1,3),(2,2),(-3.,-2.,-1.,0.),(0.,
    2.4E-02),.UNSPECIFIED.);
#3706 = CARTESIAN_POINT('',(1.088104691477,0.84072579306,5.75));
#3707 = CARTESIAN_POINT('',(1.088104691477,0.84072579306,5.99));
#3708 = CARTESIAN_POINT('',(1.020362753301,0.84072579306,5.75));
#3709 = CARTESIAN_POINT('',(1.020362753301,0.84072579306,5.99));
#3710 = CARTESIAN_POINT('',(0.967136944734,0.867338697343,5.75));
#3711 = CARTESIAN_POINT('',(0.967136944734,0.867338697343,5.99));
#3712 = CARTESIAN_POINT('',(0.940524040451,0.918145150975,5.75));
#3713 = CARTESIAN_POINT('',(0.940524040451,0.918145150975,5.99));
#3714 = CARTESIAN_POINT('',(0.940524040451,0.982258056749,5.75));
#3715 = CARTESIAN_POINT('',(0.940524040451,0.982258056749,5.99));
#3716 = ADVANCED_FACE('',(#3717),#3742,.T.);
#3717 = FACE_BOUND('',#3718,.T.);
#3718 = EDGE_LOOP('',(#3719,#3727,#3735,#3741));
#3719 = ORIENTED_EDGE('',*,*,#3720,.T.);
#3720 = EDGE_CURVE('',#3680,#3721,#3723,.T.);
#3721 = VERTEX_POINT('',#3722);
#3722 = CARTESIAN_POINT('',(1.128024047902,0.84072579306,5.95));
#3723 = LINE('',#3724,#3725);
#3724 = CARTESIAN_POINT('',(1.088104691477,0.84072579306,5.95));
#3725 = VECTOR('',#3726,1.);
#3726 = DIRECTION('',(1.,3.71230823859E-16,-5.116149740848E-16));
#3727 = ORIENTED_EDGE('',*,*,#3728,.F.);
#3728 = EDGE_CURVE('',#3729,#3721,#3731,.T.);
#3729 = VERTEX_POINT('',#3730);
#3730 = CARTESIAN_POINT('',(1.128024047902,0.84072579306,5.75));
#3731 = LINE('',#3732,#3733);
#3732 = CARTESIAN_POINT('',(1.128024047902,0.84072579306,5.75));
#3733 = VECTOR('',#3734,1.);
#3734 = DIRECTION('',(5.116149740848E-16,1.479114197289E-31,1.));
#3735 = ORIENTED_EDGE('',*,*,#3736,.F.);
#3736 = EDGE_CURVE('',#3690,#3729,#3737,.T.);
#3737 = LINE('',#3738,#3739);
#3738 = CARTESIAN_POINT('',(0.544052345738,0.84072579306,5.75));
#3739 = VECTOR('',#3740,1.);
#3740 = DIRECTION('',(1.,3.71230823859E-16,-5.116149740848E-16));
#3741 = ORIENTED_EDGE('',*,*,#3689,.T.);
#3742 = PLANE('',#3743);
#3743 = AXIS2_PLACEMENT_3D('',#3744,#3745,#3746);
#3744 = CARTESIAN_POINT('',(1.088104691477,0.84072579306,5.75));
#3745 = DIRECTION('',(-3.71230823859E-16,1.,4.201582859919E-32));
#3746 = DIRECTION('',(5.107025913276E-16,1.475727151263E-31,1.));
#3747 = ADVANCED_FACE('',(#3748),#3773,.T.);
#3748 = FACE_BOUND('',#3749,.T.);
#3749 = EDGE_LOOP('',(#3750,#3758,#3766,#3772));
#3750 = ORIENTED_EDGE('',*,*,#3751,.T.);
#3751 = EDGE_CURVE('',#3721,#3752,#3754,.T.);
#3752 = VERTEX_POINT('',#3753);
#3753 = CARTESIAN_POINT('',(1.128024047902,0.749999983003,5.95));
#3754 = LINE('',#3755,#3756);
#3755 = CARTESIAN_POINT('',(1.128024047902,0.84072579306,5.95));
#3756 = VECTOR('',#3757,1.);
#3757 = DIRECTION('',(3.71230823859E-16,-1.,-4.201582859919E-32));
#3758 = ORIENTED_EDGE('',*,*,#3759,.F.);
#3759 = EDGE_CURVE('',#3760,#3752,#3762,.T.);
#3760 = VERTEX_POINT('',#3761);
#3761 = CARTESIAN_POINT('',(1.128024047902,0.749999983003,5.75));
#3762 = LINE('',#3763,#3764);
#3763 = CARTESIAN_POINT('',(1.128024047902,0.749999983003,5.75));
#3764 = VECTOR('',#3765,1.);
#3765 = DIRECTION('',(5.116149740848E-16,1.479114197289E-31,1.));
#3766 = ORIENTED_EDGE('',*,*,#3767,.F.);
#3767 = EDGE_CURVE('',#3729,#3760,#3768,.T.);
#3768 = LINE('',#3769,#3770);
#3769 = CARTESIAN_POINT('',(1.128024047902,1.17036289653,5.75));
#3770 = VECTOR('',#3771,1.);
#3771 = DIRECTION('',(3.71230823859E-16,-1.,-2.079363207786E-30));
#3772 = ORIENTED_EDGE('',*,*,#3728,.T.);
#3773 = PLANE('',#3774);
#3774 = AXIS2_PLACEMENT_3D('',#3775,#3776,#3777);
#3775 = CARTESIAN_POINT('',(1.128024047902,0.84072579306,5.75));
#3776 = DIRECTION('',(1.,3.71230823859E-16,-5.116149740848E-16));
#3777 = DIRECTION('',(-5.116149740848E-16,-3.387046026532E-34,-1.));
#3778 = ADVANCED_FACE('',(#3779),#3804,.T.);
#3779 = FACE_BOUND('',#3780,.T.);
#3780 = EDGE_LOOP('',(#3781,#3789,#3797,#3803));
#3781 = ORIENTED_EDGE('',*,*,#3782,.T.);
#3782 = EDGE_CURVE('',#3752,#3783,#3785,.T.);
#3783 = VERTEX_POINT('',#3784);
#3784 = CARTESIAN_POINT('',(0.557056283278,0.749999983003,5.95));
#3785 = LINE('',#3786,#3787);
#3786 = CARTESIAN_POINT('',(1.128024047902,0.749999983003,5.95));
#3787 = VECTOR('',#3788,1.);
#3788 = DIRECTION('',(-1.,-3.71230823859E-16,5.116149740848E-16));
#3789 = ORIENTED_EDGE('',*,*,#3790,.F.);
#3790 = EDGE_CURVE('',#3791,#3783,#3793,.T.);
#3791 = VERTEX_POINT('',#3792);
#3792 = CARTESIAN_POINT('',(0.557056283278,0.749999983003,5.75));
#3793 = LINE('',#3794,#3795);
#3794 = CARTESIAN_POINT('',(0.557056283278,0.749999983003,5.75));
#3795 = VECTOR('',#3796,1.);
#3796 = DIRECTION('',(5.116149740848E-16,1.479114197289E-31,1.));
#3797 = ORIENTED_EDGE('',*,*,#3798,.F.);
#3798 = EDGE_CURVE('',#3760,#3791,#3799,.T.);
#3799 = LINE('',#3800,#3801);
#3800 = CARTESIAN_POINT('',(0.564012023951,0.749999983003,5.75));
#3801 = VECTOR('',#3802,1.);
#3802 = DIRECTION('',(-1.,-3.71230823859E-16,5.116149740848E-16));
#3803 = ORIENTED_EDGE('',*,*,#3759,.T.);
#3804 = PLANE('',#3805);
#3805 = AXIS2_PLACEMENT_3D('',#3806,#3807,#3808);
#3806 = CARTESIAN_POINT('',(1.128024047902,0.749999983003,5.75));
#3807 = DIRECTION('',(3.71230823859E-16,-1.,-4.201582859919E-32));
#3808 = DIRECTION('',(-5.107025913276E-16,-1.475727151263E-31,-1.));
#3809 = ADVANCED_FACE('',(#3810),#3835,.T.);
#3810 = FACE_BOUND('',#3811,.T.);
#3811 = EDGE_LOOP('',(#3812,#3820,#3828,#3834));
#3812 = ORIENTED_EDGE('',*,*,#3813,.T.);
#3813 = EDGE_CURVE('',#3783,#3814,#3816,.T.);
#3814 = VERTEX_POINT('',#3815);
#3815 = CARTESIAN_POINT('',(0.557056283278,0.84072579306,5.95));
#3816 = LINE('',#3817,#3818);
#3817 = CARTESIAN_POINT('',(0.557056283278,0.749999983003,5.95));
#3818 = VECTOR('',#3819,1.);
#3819 = DIRECTION('',(-3.71230823859E-16,1.,4.201582859919E-32));
#3820 = ORIENTED_EDGE('',*,*,#3821,.F.);
#3821 = EDGE_CURVE('',#3822,#3814,#3824,.T.);
#3822 = VERTEX_POINT('',#3823);
#3823 = CARTESIAN_POINT('',(0.557056283278,0.84072579306,5.75));
#3824 = LINE('',#3825,#3826);
#3825 = CARTESIAN_POINT('',(0.557056283278,0.84072579306,5.75));
#3826 = VECTOR('',#3827,1.);
#3827 = DIRECTION('',(5.116149740848E-16,1.479114197289E-31,1.));
#3828 = ORIENTED_EDGE('',*,*,#3829,.F.);
#3829 = EDGE_CURVE('',#3791,#3822,#3830,.T.);
#3830 = LINE('',#3831,#3832);
#3831 = CARTESIAN_POINT('',(0.557056283278,1.124999991502,5.75));
#3832 = VECTOR('',#3833,1.);
#3833 = DIRECTION('',(-3.71230823859E-16,1.,2.079363207786E-30));
#3834 = ORIENTED_EDGE('',*,*,#3790,.T.);
#3835 = PLANE('',#3836);
#3836 = AXIS2_PLACEMENT_3D('',#3837,#3838,#3839);
#3837 = CARTESIAN_POINT('',(0.557056283278,0.749999983003,5.75));
#3838 = DIRECTION('',(-1.,-3.71230823859E-16,5.116149740848E-16));
#3839 = DIRECTION('',(5.116149740848E-16,3.387046026532E-34,1.));
#3840 = ADVANCED_FACE('',(#3841),#3866,.T.);
#3841 = FACE_BOUND('',#3842,.T.);
#3842 = EDGE_LOOP('',(#3843,#3851,#3859,#3865));
#3843 = ORIENTED_EDGE('',*,*,#3844,.T.);
#3844 = EDGE_CURVE('',#3814,#3845,#3847,.T.);
#3845 = VERTEX_POINT('',#3846);
#3846 = CARTESIAN_POINT('',(0.593346607301,0.84072579306,5.95));
#3847 = LINE('',#3848,#3849);
#3848 = CARTESIAN_POINT('',(0.557056283278,0.84072579306,5.95));
#3849 = VECTOR('',#3850,1.);
#3850 = DIRECTION('',(1.,3.71230823859E-16,-5.116149740848E-16));
#3851 = ORIENTED_EDGE('',*,*,#3852,.F.);
#3852 = EDGE_CURVE('',#3853,#3845,#3855,.T.);
#3853 = VERTEX_POINT('',#3854);
#3854 = CARTESIAN_POINT('',(0.593346607301,0.84072579306,5.75));
#3855 = LINE('',#3856,#3857);
#3856 = CARTESIAN_POINT('',(0.593346607301,0.84072579306,5.75));
#3857 = VECTOR('',#3858,1.);
#3858 = DIRECTION('',(5.116149740848E-16,1.479114197289E-31,1.));
#3859 = ORIENTED_EDGE('',*,*,#3860,.F.);
#3860 = EDGE_CURVE('',#3822,#3853,#3861,.T.);
#3861 = LINE('',#3862,#3863);
#3862 = CARTESIAN_POINT('',(0.278528141639,0.84072579306,5.75));
#3863 = VECTOR('',#3864,1.);
#3864 = DIRECTION('',(1.,3.71230823859E-16,-5.116149740848E-16));
#3865 = ORIENTED_EDGE('',*,*,#3821,.T.);
#3866 = PLANE('',#3867);
#3867 = AXIS2_PLACEMENT_3D('',#3868,#3869,#3870);
#3868 = CARTESIAN_POINT('',(0.557056283278,0.84072579306,5.75));
#3869 = DIRECTION('',(-3.71230823859E-16,1.,4.201582859919E-32));
#3870 = DIRECTION('',(5.107025913276E-16,1.475727151263E-31,1.));
#3871 = ADVANCED_FACE('',(#3872),#3901,.T.);
#3872 = FACE_BOUND('',#3873,.T.);
#3873 = EDGE_LOOP('',(#3874,#3884,#3892,#3900));
#3874 = ORIENTED_EDGE('',*,*,#3875,.T.);
#3875 = EDGE_CURVE('',#3845,#3876,#3878,.T.);
#3876 = VERTEX_POINT('',#3877);
#3877 = CARTESIAN_POINT('',(0.739717580859,0.993145153955,5.95));
#3878 = B_SPLINE_CURVE_WITH_KNOTS('',2,(#3879,#3880,#3881,#3882,#3883),
  .UNSPECIFIED.,.F.,.F.,(3,1,1,3),(0.,1.,2.,3.),.QUASI_UNIFORM_KNOTS.);
#3879 = CARTESIAN_POINT('',(0.593346607301,0.84072579306,5.95));
#3880 = CARTESIAN_POINT('',(0.662298222944,0.84072579306,5.95));
#3881 = CARTESIAN_POINT('',(0.71552403151,0.866129019876,5.95));
#3882 = CARTESIAN_POINT('',(0.739717580859,0.921774183377,5.95));
#3883 = CARTESIAN_POINT('',(0.739717580859,0.993145153955,5.95));
#3884 = ORIENTED_EDGE('',*,*,#3885,.F.);
#3885 = EDGE_CURVE('',#3886,#3876,#3888,.T.);
#3886 = VERTEX_POINT('',#3887);
#3887 = CARTESIAN_POINT('',(0.739717580859,0.993145153955,5.75));
#3888 = LINE('',#3889,#3890);
#3889 = CARTESIAN_POINT('',(0.739717580859,0.993145153955,5.75));
#3890 = VECTOR('',#3891,1.);
#3891 = DIRECTION('',(5.116149740848E-16,1.479114197289E-31,1.));
#3892 = ORIENTED_EDGE('',*,*,#3893,.F.);
#3893 = EDGE_CURVE('',#3853,#3886,#3894,.T.);
#3894 = B_SPLINE_CURVE_WITH_KNOTS('',2,(#3895,#3896,#3897,#3898,#3899),
  .UNSPECIFIED.,.F.,.F.,(3,1,1,3),(0.,1.,2.,3.),.QUASI_UNIFORM_KNOTS.);
#3895 = CARTESIAN_POINT('',(0.593346607301,0.84072579306,5.75));
#3896 = CARTESIAN_POINT('',(0.662298222944,0.84072579306,5.75));
#3897 = CARTESIAN_POINT('',(0.71552403151,0.866129019876,5.75));
#3898 = CARTESIAN_POINT('',(0.739717580859,0.921774183377,5.75));
#3899 = CARTESIAN_POINT('',(0.739717580859,0.993145153955,5.75));
#3900 = ORIENTED_EDGE('',*,*,#3852,.T.);
#3901 = B_SPLINE_SURFACE_WITH_KNOTS('',2,1,(
    (#3902,#3903)
    ,(#3904,#3905)
    ,(#3906,#3907)
    ,(#3908,#3909)
    ,(#3910,#3911
    )),.UNSPECIFIED.,.F.,.F.,.F.,(3,1,1,3),(2,2),(-3.,-2.,-1.,0.),(0.,
    2.4E-02),.UNSPECIFIED.);
#3902 = CARTESIAN_POINT('',(0.739717580859,0.993145153955,5.75));
#3903 = CARTESIAN_POINT('',(0.739717580859,0.993145153955,5.99));
#3904 = CARTESIAN_POINT('',(0.739717580859,0.921774183377,5.75));
#3905 = CARTESIAN_POINT('',(0.739717580859,0.921774183377,5.99));
#3906 = CARTESIAN_POINT('',(0.71552403151,0.866129019876,5.75));
#3907 = CARTESIAN_POINT('',(0.71552403151,0.866129019876,5.99));
#3908 = CARTESIAN_POINT('',(0.662298222944,0.84072579306,5.75));
#3909 = CARTESIAN_POINT('',(0.662298222944,0.84072579306,5.99));
#3910 = CARTESIAN_POINT('',(0.593346607301,0.84072579306,5.75));
#3911 = CARTESIAN_POINT('',(0.593346607301,0.84072579306,5.99));
#3912 = ADVANCED_FACE('',(#3913),#3938,.T.);
#3913 = FACE_BOUND('',#3914,.T.);
#3914 = EDGE_LOOP('',(#3915,#3923,#3931,#3937));
#3915 = ORIENTED_EDGE('',*,*,#3916,.T.);
#3916 = EDGE_CURVE('',#3876,#3917,#3919,.T.);
#3917 = VERTEX_POINT('',#3918);
#3918 = CARTESIAN_POINT('',(0.739717580859,2.012903258993,5.95));
#3919 = LINE('',#3920,#3921);
#3920 = CARTESIAN_POINT('',(0.739717580859,0.993145153955,5.95));
#3921 = VECTOR('',#3922,1.);
#3922 = DIRECTION('',(-3.71230823859E-16,1.,4.201582859919E-32));
#3923 = ORIENTED_EDGE('',*,*,#3924,.F.);
#3924 = EDGE_CURVE('',#3925,#3917,#3927,.T.);
#3925 = VERTEX_POINT('',#3926);
#3926 = CARTESIAN_POINT('',(0.739717580859,2.012903258993,5.75));
#3927 = LINE('',#3928,#3929);
#3928 = CARTESIAN_POINT('',(0.739717580859,2.012903258993,5.75));
#3929 = VECTOR('',#3930,1.);
#3930 = DIRECTION('',(5.116149740848E-16,1.479114197289E-31,1.));
#3931 = ORIENTED_EDGE('',*,*,#3932,.F.);
#3932 = EDGE_CURVE('',#3886,#3925,#3933,.T.);
#3933 = LINE('',#3934,#3935);
#3934 = CARTESIAN_POINT('',(0.739717580859,1.246572576978,5.75));
#3935 = VECTOR('',#3936,1.);
#3936 = DIRECTION('',(-3.71230823859E-16,1.,2.079363207786E-30));
#3937 = ORIENTED_EDGE('',*,*,#3885,.T.);
#3938 = PLANE('',#3939);
#3939 = AXIS2_PLACEMENT_3D('',#3940,#3941,#3942);
#3940 = CARTESIAN_POINT('',(0.739717580859,0.993145153955,5.75));
#3941 = DIRECTION('',(-1.,-3.71230823859E-16,5.116149740848E-16));
#3942 = DIRECTION('',(5.116149740848E-16,3.387046026532E-34,1.));
#3943 = ADVANCED_FACE('',(#3944),#3973,.T.);
#3944 = FACE_BOUND('',#3945,.T.);
#3945 = EDGE_LOOP('',(#3946,#3956,#3964,#3972));
#3946 = ORIENTED_EDGE('',*,*,#3947,.T.);
#3947 = EDGE_CURVE('',#3917,#3948,#3950,.T.);
#3948 = VERTEX_POINT('',#3949);
#3949 = CARTESIAN_POINT('',(0.60786273691,2.159274232551,5.95));
#3950 = B_SPLINE_CURVE_WITH_KNOTS('',2,(#3951,#3952,#3953,#3954,#3955),
  .UNSPECIFIED.,.F.,.F.,(3,1,1,3),(0.,1.,2.,3.),.QUASI_UNIFORM_KNOTS.);
#3951 = CARTESIAN_POINT('',(0.739717580859,2.012903258993,5.95));
#3952 = CARTESIAN_POINT('',(0.739717580859,2.080645197169,5.95));
#3953 = CARTESIAN_POINT('',(0.71552403151,2.133871005735,5.95));
#3954 = CARTESIAN_POINT('',(0.667136932813,2.159274232551,5.95));
#3955 = CARTESIAN_POINT('',(0.60786273691,2.159274232551,5.95));
#3956 = ORIENTED_EDGE('',*,*,#3957,.F.);
#3957 = EDGE_CURVE('',#3958,#3948,#3960,.T.);
#3958 = VERTEX_POINT('',#3959);
#3959 = CARTESIAN_POINT('',(0.60786273691,2.159274232551,5.75));
#3960 = LINE('',#3961,#3962);
#3961 = CARTESIAN_POINT('',(0.60786273691,2.159274232551,5.75));
#3962 = VECTOR('',#3963,1.);
#3963 = DIRECTION('',(5.116149740848E-16,1.479114197289E-31,1.));
#3964 = ORIENTED_EDGE('',*,*,#3965,.F.);
#3965 = EDGE_CURVE('',#3925,#3958,#3966,.T.);
#3966 = B_SPLINE_CURVE_WITH_KNOTS('',2,(#3967,#3968,#3969,#3970,#3971),
  .UNSPECIFIED.,.F.,.F.,(3,1,1,3),(0.,1.,2.,3.),.QUASI_UNIFORM_KNOTS.);
#3967 = CARTESIAN_POINT('',(0.739717580859,2.012903258993,5.75));
#3968 = CARTESIAN_POINT('',(0.739717580859,2.080645197169,5.75));
#3969 = CARTESIAN_POINT('',(0.71552403151,2.133871005735,5.75));
#3970 = CARTESIAN_POINT('',(0.667136932813,2.159274232551,5.75));
#3971 = CARTESIAN_POINT('',(0.60786273691,2.159274232551,5.75));
#3972 = ORIENTED_EDGE('',*,*,#3924,.T.);
#3973 = B_SPLINE_SURFACE_WITH_KNOTS('',2,1,(
    (#3974,#3975)
    ,(#3976,#3977)
    ,(#3978,#3979)
    ,(#3980,#3981)
    ,(#3982,#3983
    )),.UNSPECIFIED.,.F.,.F.,.F.,(3,1,1,3),(2,2),(-3.,-2.,-1.,0.),(0.,
    2.4E-02),.UNSPECIFIED.);
#3974 = CARTESIAN_POINT('',(0.60786273691,2.159274232551,5.75));
#3975 = CARTESIAN_POINT('',(0.60786273691,2.159274232551,5.99));
#3976 = CARTESIAN_POINT('',(0.667136932813,2.159274232551,5.75));
#3977 = CARTESIAN_POINT('',(0.667136932813,2.159274232551,5.99));
#3978 = CARTESIAN_POINT('',(0.71552403151,2.133871005735,5.75));
#3979 = CARTESIAN_POINT('',(0.71552403151,2.133871005735,5.99));
#3980 = CARTESIAN_POINT('',(0.739717580859,2.080645197169,5.75));
#3981 = CARTESIAN_POINT('',(0.739717580859,2.080645197169,5.99));
#3982 = CARTESIAN_POINT('',(0.739717580859,2.012903258993,5.75));
#3983 = CARTESIAN_POINT('',(0.739717580859,2.012903258993,5.99));
#3984 = ADVANCED_FACE('',(#3985),#4010,.T.);
#3985 = FACE_BOUND('',#3986,.T.);
#3986 = EDGE_LOOP('',(#3987,#3995,#4003,#4009));
#3987 = ORIENTED_EDGE('',*,*,#3988,.T.);
#3988 = EDGE_CURVE('',#3948,#3989,#3991,.T.);
#3989 = VERTEX_POINT('',#3990);
#3990 = CARTESIAN_POINT('',(0.557056283278,2.159274232551,5.95));
#3991 = LINE('',#3992,#3993);
#3992 = CARTESIAN_POINT('',(0.60786273691,2.159274232551,5.95));
#3993 = VECTOR('',#3994,1.);
#3994 = DIRECTION('',(-1.,-3.71230823859E-16,5.116149740848E-16));
#3995 = ORIENTED_EDGE('',*,*,#3996,.F.);
#3996 = EDGE_CURVE('',#3997,#3989,#3999,.T.);
#3997 = VERTEX_POINT('',#3998);
#3998 = CARTESIAN_POINT('',(0.557056283278,2.159274232551,5.75));
#3999 = LINE('',#4000,#4001);
#4000 = CARTESIAN_POINT('',(0.557056283278,2.159274232551,5.75));
#4001 = VECTOR('',#4002,1.);
#4002 = DIRECTION('',(5.116149740848E-16,1.479114197289E-31,1.));
#4003 = ORIENTED_EDGE('',*,*,#4004,.F.);
#4004 = EDGE_CURVE('',#3958,#3997,#4005,.T.);
#4005 = LINE('',#4006,#4007);
#4006 = CARTESIAN_POINT('',(0.303931368455,2.159274232551,5.75));
#4007 = VECTOR('',#4008,1.);
#4008 = DIRECTION('',(-1.,-3.71230823859E-16,5.116149740848E-16));
#4009 = ORIENTED_EDGE('',*,*,#3957,.T.);
#4010 = PLANE('',#4011);
#4011 = AXIS2_PLACEMENT_3D('',#4012,#4013,#4014);
#4012 = CARTESIAN_POINT('',(0.60786273691,2.159274232551,5.75));
#4013 = DIRECTION('',(3.71230823859E-16,-1.,-4.201582859919E-32));
#4014 = DIRECTION('',(-5.107025913276E-16,-1.475727151263E-31,-1.));
#4015 = ADVANCED_FACE('',(#4016),#4041,.T.);
#4016 = FACE_BOUND('',#4017,.T.);
#4017 = EDGE_LOOP('',(#4018,#4026,#4034,#4040));
#4018 = ORIENTED_EDGE('',*,*,#4019,.T.);
#4019 = EDGE_CURVE('',#3989,#4020,#4022,.T.);
#4020 = VERTEX_POINT('',#4021);
#4021 = CARTESIAN_POINT('',(0.557056283278,2.250000042608,5.95));
#4022 = LINE('',#4023,#4024);
#4023 = CARTESIAN_POINT('',(0.557056283278,2.159274232551,5.95));
#4024 = VECTOR('',#4025,1.);
#4025 = DIRECTION('',(-3.71230823859E-16,1.,4.201582859919E-32));
#4026 = ORIENTED_EDGE('',*,*,#4027,.F.);
#4027 = EDGE_CURVE('',#4028,#4020,#4030,.T.);
#4028 = VERTEX_POINT('',#4029);
#4029 = CARTESIAN_POINT('',(0.557056283278,2.250000042608,5.75));
#4030 = LINE('',#4031,#4032);
#4031 = CARTESIAN_POINT('',(0.557056283278,2.250000042608,5.75));
#4032 = VECTOR('',#4033,1.);
#4033 = DIRECTION('',(5.116149740848E-16,1.479114197289E-31,1.));
#4034 = ORIENTED_EDGE('',*,*,#4035,.F.);
#4035 = EDGE_CURVE('',#3997,#4028,#4036,.T.);
#4036 = LINE('',#4037,#4038);
#4037 = CARTESIAN_POINT('',(0.557056283278,1.829637116276,5.75));
#4038 = VECTOR('',#4039,1.);
#4039 = DIRECTION('',(-3.71230823859E-16,1.,2.079363207786E-30));
#4040 = ORIENTED_EDGE('',*,*,#3996,.T.);
#4041 = PLANE('',#4042);
#4042 = AXIS2_PLACEMENT_3D('',#4043,#4044,#4045);
#4043 = CARTESIAN_POINT('',(0.557056283278,2.159274232551,5.75));
#4044 = DIRECTION('',(-1.,-3.71230823859E-16,5.116149740848E-16));
#4045 = DIRECTION('',(5.116149740848E-16,3.387046026532E-34,1.));
#4046 = ADVANCED_FACE('',(#4047),#4063,.T.);
#4047 = FACE_BOUND('',#4048,.T.);
#4048 = EDGE_LOOP('',(#4049,#4055,#4056,#4062));
#4049 = ORIENTED_EDGE('',*,*,#4050,.T.);
#4050 = EDGE_CURVE('',#4020,#3176,#4051,.T.);
#4051 = LINE('',#4052,#4053);
#4052 = CARTESIAN_POINT('',(0.557056283278,2.250000042608,5.95));
#4053 = VECTOR('',#4054,1.);
#4054 = DIRECTION('',(1.,3.71230823859E-16,-5.116149740848E-16));
#4055 = ORIENTED_EDGE('',*,*,#3201,.F.);
#4056 = ORIENTED_EDGE('',*,*,#4057,.F.);
#4057 = EDGE_CURVE('',#4028,#3194,#4058,.T.);
#4058 = LINE('',#4059,#4060);
#4059 = CARTESIAN_POINT('',(0.278528141639,2.250000042608,5.75));
#4060 = VECTOR('',#4061,1.);
#4061 = DIRECTION('',(1.,3.71230823859E-16,-5.116149740848E-16));
#4062 = ORIENTED_EDGE('',*,*,#4027,.T.);
#4063 = PLANE('',#4064);
#4064 = AXIS2_PLACEMENT_3D('',#4065,#4066,#4067);
#4065 = CARTESIAN_POINT('',(0.557056283278,2.250000042608,5.75));
#4066 = DIRECTION('',(-3.71230823859E-16,1.,4.201582859919E-32));
#4067 = DIRECTION('',(5.107025913276E-16,1.475727151263E-31,1.));
#4068 = ADVANCED_FACE('',(#4069),#4098,.T.);
#4069 = FACE_BOUND('',#4070,.T.);
#4070 = EDGE_LOOP('',(#4071,#4072,#4073,#4074,#4075,#4076,#4077,#4078,
    #4079,#4080,#4081,#4082,#4083,#4084,#4085,#4086,#4087,#4088,#4089,
    #4090,#4091,#4092,#4093,#4094,#4095,#4096,#4097));
#4071 = ORIENTED_EDGE('',*,*,#3175,.F.);
#4072 = ORIENTED_EDGE('',*,*,#4050,.F.);
#4073 = ORIENTED_EDGE('',*,*,#4019,.F.);
#4074 = ORIENTED_EDGE('',*,*,#3988,.F.);
#4075 = ORIENTED_EDGE('',*,*,#3947,.F.);
#4076 = ORIENTED_EDGE('',*,*,#3916,.F.);
#4077 = ORIENTED_EDGE('',*,*,#3875,.F.);
#4078 = ORIENTED_EDGE('',*,*,#3844,.F.);
#4079 = ORIENTED_EDGE('',*,*,#3813,.F.);
#4080 = ORIENTED_EDGE('',*,*,#3782,.F.);
#4081 = ORIENTED_EDGE('',*,*,#3751,.F.);
#4082 = ORIENTED_EDGE('',*,*,#3720,.F.);
#4083 = ORIENTED_EDGE('',*,*,#3679,.F.);
#4084 = ORIENTED_EDGE('',*,*,#3648,.F.);
#4085 = ORIENTED_EDGE('',*,*,#3617,.F.);
#4086 = ORIENTED_EDGE('',*,*,#3576,.F.);
#4087 = ORIENTED_EDGE('',*,*,#3545,.F.);
#4088 = ORIENTED_EDGE('',*,*,#3514,.F.);
#4089 = ORIENTED_EDGE('',*,*,#3483,.F.);
#4090 = ORIENTED_EDGE('',*,*,#3452,.F.);
#4091 = ORIENTED_EDGE('',*,*,#3421,.F.);
#4092 = ORIENTED_EDGE('',*,*,#3380,.F.);
#4093 = ORIENTED_EDGE('',*,*,#3349,.F.);
#4094 = ORIENTED_EDGE('',*,*,#3318,.F.);
#4095 = ORIENTED_EDGE('',*,*,#3287,.F.);
#4096 = ORIENTED_EDGE('',*,*,#3246,.F.);
#4097 = ORIENTED_EDGE('',*,*,#3215,.F.);
#4098 = PLANE('',#4099);
#4099 = AXIS2_PLACEMENT_3D('',#4100,#4101,#4102);
#4100 = CARTESIAN_POINT('',(1.108147368296,1.625198981101,5.95));
#4101 = DIRECTION('',(5.116149740848E-16,1.479114197289E-31,1.));
#4102 = DIRECTION('',(1.,3.774758283726E-16,-5.116149740848E-16));
#4103 = ADVANCED_FACE('',(#4104),#4138,.T.);
#4104 = FACE_BOUND('',#4105,.T.);
#4105 = EDGE_LOOP('',(#4106,#4116,#4124,#4132));
#4106 = ORIENTED_EDGE('',*,*,#4107,.T.);
#4107 = EDGE_CURVE('',#4108,#4110,#4112,.T.);
#4108 = VERTEX_POINT('',#4109);
#4109 = CARTESIAN_POINT('',(-0.947782486196,2.250000042608,5.95));
#4110 = VERTEX_POINT('',#4111);
#4111 = CARTESIAN_POINT('',(-0.947782486196,2.159274232551,5.95));
#4112 = LINE('',#4113,#4114);
#4113 = CARTESIAN_POINT('',(-0.947782486196,2.250000042608,5.95));
#4114 = VECTOR('',#4115,1.);
#4115 = DIRECTION('',(3.71230823859E-16,-1.,-4.201582859919E-32));
#4116 = ORIENTED_EDGE('',*,*,#4117,.F.);
#4117 = EDGE_CURVE('',#4118,#4110,#4120,.T.);
#4118 = VERTEX_POINT('',#4119);
#4119 = CARTESIAN_POINT('',(-0.947782486196,2.159274232551,5.75));
#4120 = LINE('',#4121,#4122);
#4121 = CARTESIAN_POINT('',(-0.947782486196,2.159274232551,5.75));
#4122 = VECTOR('',#4123,1.);
#4123 = DIRECTION('',(5.116149740848E-16,1.479114197289E-31,1.));
#4124 = ORIENTED_EDGE('',*,*,#4125,.F.);
#4125 = EDGE_CURVE('',#4126,#4118,#4128,.T.);
#4126 = VERTEX_POINT('',#4127);
#4127 = CARTESIAN_POINT('',(-0.947782486196,2.250000042608,5.75));
#4128 = LINE('',#4129,#4130);
#4129 = CARTESIAN_POINT('',(-0.947782486196,1.875000021304,5.75));
#4130 = VECTOR('',#4131,1.);
#4131 = DIRECTION('',(3.71230823859E-16,-1.,-2.079363207786E-30));
#4132 = ORIENTED_EDGE('',*,*,#4133,.T.);
#4133 = EDGE_CURVE('',#4126,#4108,#4134,.T.);
#4134 = LINE('',#4135,#4136);
#4135 = CARTESIAN_POINT('',(-0.947782486196,2.250000042608,5.75));
#4136 = VECTOR('',#4137,1.);
#4137 = DIRECTION('',(5.116149740848E-16,1.479114197289E-31,1.));
#4138 = PLANE('',#4139);
#4139 = AXIS2_PLACEMENT_3D('',#4140,#4141,#4142);
#4140 = CARTESIAN_POINT('',(-0.947782486196,2.250000042608,5.75));
#4141 = DIRECTION('',(1.,3.71230823859E-16,-5.116149740848E-16));
#4142 = DIRECTION('',(-5.116149740848E-16,-3.387046026532E-34,-1.));
#4143 = ADVANCED_FACE('',(#4144),#4169,.T.);
#4144 = FACE_BOUND('',#4145,.T.);
#4145 = EDGE_LOOP('',(#4146,#4154,#4162,#4168));
#4146 = ORIENTED_EDGE('',*,*,#4147,.T.);
#4147 = EDGE_CURVE('',#4110,#4148,#4150,.T.);
#4148 = VERTEX_POINT('',#4149);
#4149 = CARTESIAN_POINT('',(-1.001008294763,2.159274232551,5.95));
#4150 = LINE('',#4151,#4152);
#4151 = CARTESIAN_POINT('',(-0.947782486196,2.159274232551,5.95));
#4152 = VECTOR('',#4153,1.);
#4153 = DIRECTION('',(-1.,-3.71230823859E-16,5.116149740848E-16));
#4154 = ORIENTED_EDGE('',*,*,#4155,.F.);
#4155 = EDGE_CURVE('',#4156,#4148,#4158,.T.);
#4156 = VERTEX_POINT('',#4157);
#4157 = CARTESIAN_POINT('',(-1.001008294763,2.159274232551,5.75));
#4158 = LINE('',#4159,#4160);
#4159 = CARTESIAN_POINT('',(-1.001008294763,2.159274232551,5.75));
#4160 = VECTOR('',#4161,1.);
#4161 = DIRECTION('',(5.116149740848E-16,1.479114197289E-31,1.));
#4162 = ORIENTED_EDGE('',*,*,#4163,.F.);
#4163 = EDGE_CURVE('',#4118,#4156,#4164,.T.);
#4164 = LINE('',#4165,#4166);
#4165 = CARTESIAN_POINT('',(-0.473891243098,2.159274232551,5.75));
#4166 = VECTOR('',#4167,1.);
#4167 = DIRECTION('',(-1.,-3.71230823859E-16,5.116149740848E-16));
#4168 = ORIENTED_EDGE('',*,*,#4117,.T.);
#4169 = PLANE('',#4170);
#4170 = AXIS2_PLACEMENT_3D('',#4171,#4172,#4173);
#4171 = CARTESIAN_POINT('',(-0.947782486196,2.159274232551,5.75));
#4172 = DIRECTION('',(3.71230823859E-16,-1.,-4.201582859919E-32));
#4173 = DIRECTION('',(-5.107025913276E-16,-1.475727151263E-31,-1.));
#4174 = ADVANCED_FACE('',(#4175),#4204,.T.);
#4175 = FACE_BOUND('',#4176,.T.);
#4176 = EDGE_LOOP('',(#4177,#4187,#4195,#4203));
#4177 = ORIENTED_EDGE('',*,*,#4178,.T.);
#4178 = EDGE_CURVE('',#4148,#4179,#4181,.T.);
#4179 = VERTEX_POINT('',#4180);
#4180 = CARTESIAN_POINT('',(-1.138911526049,2.032258098472,5.95));
#4181 = B_SPLINE_CURVE_WITH_KNOTS('',2,(#4182,#4183,#4184,#4185,#4186),
  .UNSPECIFIED.,.F.,.F.,(3,1,1,3),(0.,1.,2.,3.),.QUASI_UNIFORM_KNOTS.);
#4182 = CARTESIAN_POINT('',(-1.001008294763,2.159274232551,5.95));
#4183 = CARTESIAN_POINT('',(-1.063911523069,2.159274232551,5.95));
#4184 = CARTESIAN_POINT('',(-1.114717976701,2.135080683203,5.95));
#4185 = CARTESIAN_POINT('',(-1.138911526049,2.090322616908,5.95));
#4186 = CARTESIAN_POINT('',(-1.138911526049,2.032258098472,5.95));
#4187 = ORIENTED_EDGE('',*,*,#4188,.F.);
#4188 = EDGE_CURVE('',#4189,#4179,#4191,.T.);
#4189 = VERTEX_POINT('',#4190);
#4190 = CARTESIAN_POINT('',(-1.138911526049,2.032258098472,5.75));
#4191 = LINE('',#4192,#4193);
#4192 = CARTESIAN_POINT('',(-1.138911526049,2.032258098472,5.75));
#4193 = VECTOR('',#4194,1.);
#4194 = DIRECTION('',(5.116149740848E-16,1.479114197289E-31,1.));
#4195 = ORIENTED_EDGE('',*,*,#4196,.F.);
#4196 = EDGE_CURVE('',#4156,#4189,#4197,.T.);
#4197 = B_SPLINE_CURVE_WITH_KNOTS('',2,(#4198,#4199,#4200,#4201,#4202),
  .UNSPECIFIED.,.F.,.F.,(3,1,1,3),(0.,1.,2.,3.),.QUASI_UNIFORM_KNOTS.);
#4198 = CARTESIAN_POINT('',(-1.001008294763,2.159274232551,5.75));
#4199 = CARTESIAN_POINT('',(-1.063911523069,2.159274232551,5.75));
#4200 = CARTESIAN_POINT('',(-1.114717976701,2.135080683203,5.75));
#4201 = CARTESIAN_POINT('',(-1.138911526049,2.090322616908,5.75));
#4202 = CARTESIAN_POINT('',(-1.138911526049,2.032258098472,5.75));
#4203 = ORIENTED_EDGE('',*,*,#4155,.T.);
#4204 = B_SPLINE_SURFACE_WITH_KNOTS('',2,1,(
    (#4205,#4206)
    ,(#4207,#4208)
    ,(#4209,#4210)
    ,(#4211,#4212)
    ,(#4213,#4214
    )),.UNSPECIFIED.,.F.,.F.,.F.,(3,1,1,3),(2,2),(-3.,-2.,-1.,0.),(0.,
    2.4E-02),.UNSPECIFIED.);
#4205 = CARTESIAN_POINT('',(-1.138911526049,2.032258098472,5.75));
#4206 = CARTESIAN_POINT('',(-1.138911526049,2.032258098472,5.99));
#4207 = CARTESIAN_POINT('',(-1.138911526049,2.090322616908,5.75));
#4208 = CARTESIAN_POINT('',(-1.138911526049,2.090322616908,5.99));
#4209 = CARTESIAN_POINT('',(-1.114717976701,2.135080683203,5.75));
#4210 = CARTESIAN_POINT('',(-1.114717976701,2.135080683203,5.99));
#4211 = CARTESIAN_POINT('',(-1.063911523069,2.159274232551,5.75));
#4212 = CARTESIAN_POINT('',(-1.063911523069,2.159274232551,5.99));
#4213 = CARTESIAN_POINT('',(-1.001008294763,2.159274232551,5.75));
#4214 = CARTESIAN_POINT('',(-1.001008294763,2.159274232551,5.99));
#4215 = ADVANCED_FACE('',(#4216),#4241,.T.);
#4216 = FACE_BOUND('',#4217,.T.);
#4217 = EDGE_LOOP('',(#4218,#4226,#4234,#4240));
#4218 = ORIENTED_EDGE('',*,*,#4219,.T.);
#4219 = EDGE_CURVE('',#4179,#4220,#4222,.T.);
#4220 = VERTEX_POINT('',#4221);
#4221 = CARTESIAN_POINT('',(-1.138911526049,0.985887089151,5.95));
#4222 = LINE('',#4223,#4224);
#4223 = CARTESIAN_POINT('',(-1.138911526049,2.032258098472,5.95));
#4224 = VECTOR('',#4225,1.);
#4225 = DIRECTION('',(3.71230823859E-16,-1.,-4.201582859919E-32));
#4226 = ORIENTED_EDGE('',*,*,#4227,.F.);
#4227 = EDGE_CURVE('',#4228,#4220,#4230,.T.);
#4228 = VERTEX_POINT('',#4229);
#4229 = CARTESIAN_POINT('',(-1.138911526049,0.985887089151,5.75));
#4230 = LINE('',#4231,#4232);
#4231 = CARTESIAN_POINT('',(-1.138911526049,0.985887089151,5.75));
#4232 = VECTOR('',#4233,1.);
#4233 = DIRECTION('',(5.116149740848E-16,1.479114197289E-31,1.));
#4234 = ORIENTED_EDGE('',*,*,#4235,.F.);
#4235 = EDGE_CURVE('',#4189,#4228,#4236,.T.);
#4236 = LINE('',#4237,#4238);
#4237 = CARTESIAN_POINT('',(-1.138911526049,1.766129049236,5.75));
#4238 = VECTOR('',#4239,1.);
#4239 = DIRECTION('',(3.71230823859E-16,-1.,-2.079363207786E-30));
#4240 = ORIENTED_EDGE('',*,*,#4188,.T.);
#4241 = PLANE('',#4242);
#4242 = AXIS2_PLACEMENT_3D('',#4243,#4244,#4245);
#4243 = CARTESIAN_POINT('',(-1.138911526049,2.032258098472,5.75));
#4244 = DIRECTION('',(1.,3.71230823859E-16,-5.116149740848E-16));
#4245 = DIRECTION('',(-5.116149740848E-16,-3.387046026532E-34,-1.));
#4246 = ADVANCED_FACE('',(#4247),#4272,.T.);
#4247 = FACE_BOUND('',#4248,.T.);
#4248 = EDGE_LOOP('',(#4249,#4257,#4265,#4271));
#4249 = ORIENTED_EDGE('',*,*,#4250,.T.);
#4250 = EDGE_CURVE('',#4220,#4251,#4253,.T.);
#4251 = VERTEX_POINT('',#4252);
#4252 = CARTESIAN_POINT('',(-1.13407281618,0.898790311496,5.95));
#4253 = B_SPLINE_CURVE_WITH_KNOTS('',2,(#4254,#4255,#4256),
  .UNSPECIFIED.,.F.,.F.,(3,3),(0.,1.),.PIECEWISE_BEZIER_KNOTS.);
#4254 = CARTESIAN_POINT('',(-1.138911526049,0.985887089151,5.95));
#4255 = CARTESIAN_POINT('',(-1.138911526049,0.913306441105,5.95));
#4256 = CARTESIAN_POINT('',(-1.13407281618,0.898790311496,5.95));
#4257 = ORIENTED_EDGE('',*,*,#4258,.F.);
#4258 = EDGE_CURVE('',#4259,#4251,#4261,.T.);
#4259 = VERTEX_POINT('',#4260);
#4260 = CARTESIAN_POINT('',(-1.13407281618,0.898790311496,5.75));
#4261 = LINE('',#4262,#4263);
#4262 = CARTESIAN_POINT('',(-1.13407281618,0.898790311496,5.75));
#4263 = VECTOR('',#4264,1.);
#4264 = DIRECTION('',(5.116149740848E-16,1.479114197289E-31,1.));
#4265 = ORIENTED_EDGE('',*,*,#4266,.F.);
#4266 = EDGE_CURVE('',#4228,#4259,#4267,.T.);
#4267 = B_SPLINE_CURVE_WITH_KNOTS('',2,(#4268,#4269,#4270),
  .UNSPECIFIED.,.F.,.F.,(3,3),(0.,1.),.PIECEWISE_BEZIER_KNOTS.);
#4268 = CARTESIAN_POINT('',(-1.138911526049,0.985887089151,5.75));
#4269 = CARTESIAN_POINT('',(-1.138911526049,0.913306441105,5.75));
#4270 = CARTESIAN_POINT('',(-1.13407281618,0.898790311496,5.75));
#4271 = ORIENTED_EDGE('',*,*,#4227,.T.);
#4272 = B_SPLINE_SURFACE_WITH_KNOTS('',2,1,(
    (#4273,#4274)
    ,(#4275,#4276)
    ,(#4277,#4278
    )),.UNSPECIFIED.,.F.,.F.,.F.,(3,3),(2,2),(-1.,0.),(0.,2.4E-02),
  .PIECEWISE_BEZIER_KNOTS.);
#4273 = CARTESIAN_POINT('',(-1.13407281618,0.898790311496,5.75));
#4274 = CARTESIAN_POINT('',(-1.13407281618,0.898790311496,5.99));
#4275 = CARTESIAN_POINT('',(-1.138911526049,0.913306441105,5.75));
#4276 = CARTESIAN_POINT('',(-1.138911526049,0.913306441105,5.99));
#4277 = CARTESIAN_POINT('',(-1.138911526049,0.985887089151,5.75));
#4278 = CARTESIAN_POINT('',(-1.138911526049,0.985887089151,5.99));
#4279 = ADVANCED_FACE('',(#4280),#4305,.T.);
#4280 = FACE_BOUND('',#4281,.T.);
#4281 = EDGE_LOOP('',(#4282,#4290,#4298,#4304));
#4282 = ORIENTED_EDGE('',*,*,#4283,.T.);
#4283 = EDGE_CURVE('',#4251,#4284,#4286,.T.);
#4284 = VERTEX_POINT('',#4285);
#4285 = CARTESIAN_POINT('',(-1.105040556961,0.870967729746,5.95));
#4286 = B_SPLINE_CURVE_WITH_KNOTS('',2,(#4287,#4288,#4289),
  .UNSPECIFIED.,.F.,.F.,(3,3),(0.,1.),.PIECEWISE_BEZIER_KNOTS.);
#4287 = CARTESIAN_POINT('',(-1.13407281618,0.898790311496,5.95));
#4288 = CARTESIAN_POINT('',(-1.126814751375,0.879435472018,5.95));
#4289 = CARTESIAN_POINT('',(-1.105040556961,0.870967729746,5.95));
#4290 = ORIENTED_EDGE('',*,*,#4291,.F.);
#4291 = EDGE_CURVE('',#4292,#4284,#4294,.T.);
#4292 = VERTEX_POINT('',#4293);
#4293 = CARTESIAN_POINT('',(-1.105040556961,0.870967729746,5.75));
#4294 = LINE('',#4295,#4296);
#4295 = CARTESIAN_POINT('',(-1.105040556961,0.870967729746,5.75));
#4296 = VECTOR('',#4297,1.);
#4297 = DIRECTION('',(5.116149740848E-16,1.479114197289E-31,1.));
#4298 = ORIENTED_EDGE('',*,*,#4299,.F.);
#4299 = EDGE_CURVE('',#4259,#4292,#4300,.T.);
#4300 = B_SPLINE_CURVE_WITH_KNOTS('',2,(#4301,#4302,#4303),
  .UNSPECIFIED.,.F.,.F.,(3,3),(0.,1.),.PIECEWISE_BEZIER_KNOTS.);
#4301 = CARTESIAN_POINT('',(-1.13407281618,0.898790311496,5.75));
#4302 = CARTESIAN_POINT('',(-1.126814751375,0.879435472018,5.75));
#4303 = CARTESIAN_POINT('',(-1.105040556961,0.870967729746,5.75));
#4304 = ORIENTED_EDGE('',*,*,#4258,.T.);
#4305 = B_SPLINE_SURFACE_WITH_KNOTS('',2,1,(
    (#4306,#4307)
    ,(#4308,#4309)
    ,(#4310,#4311
    )),.UNSPECIFIED.,.F.,.F.,.F.,(3,3),(2,2),(-1.,0.),(0.,2.4E-02),
  .PIECEWISE_BEZIER_KNOTS.);
#4306 = CARTESIAN_POINT('',(-1.105040556961,0.870967729746,5.75));
#4307 = CARTESIAN_POINT('',(-1.105040556961,0.870967729746,5.99));
#4308 = CARTESIAN_POINT('',(-1.126814751375,0.879435472018,5.75));
#4309 = CARTESIAN_POINT('',(-1.126814751375,0.879435472018,5.99));
#4310 = CARTESIAN_POINT('',(-1.13407281618,0.898790311496,5.75));
#4311 = CARTESIAN_POINT('',(-1.13407281618,0.898790311496,5.99));
#4312 = ADVANCED_FACE('',(#4313),#4338,.T.);
#4313 = FACE_BOUND('',#4314,.T.);
#4314 = EDGE_LOOP('',(#4315,#4323,#4331,#4337));
#4315 = ORIENTED_EDGE('',*,*,#4316,.T.);
#4316 = EDGE_CURVE('',#4284,#4317,#4319,.T.);
#4317 = VERTEX_POINT('',#4318);
#4318 = CARTESIAN_POINT('',(-1.017943779307,0.864919342409,5.95));
#4319 = B_SPLINE_CURVE_WITH_KNOTS('',2,(#4320,#4321,#4322),
  .UNSPECIFIED.,.F.,.F.,(3,3),(0.,1.),.PIECEWISE_BEZIER_KNOTS.);
#4320 = CARTESIAN_POINT('',(-1.105040556961,0.870967729746,5.95));
#4321 = CARTESIAN_POINT('',(-1.090524427352,0.864919342409,5.95));
#4322 = CARTESIAN_POINT('',(-1.017943779307,0.864919342409,5.95));
#4323 = ORIENTED_EDGE('',*,*,#4324,.F.);
#4324 = EDGE_CURVE('',#4325,#4317,#4327,.T.);
#4325 = VERTEX_POINT('',#4326);
#4326 = CARTESIAN_POINT('',(-1.017943779307,0.864919342409,5.75));
#4327 = LINE('',#4328,#4329);
#4328 = CARTESIAN_POINT('',(-1.017943779307,0.864919342409,5.75));
#4329 = VECTOR('',#4330,1.);
#4330 = DIRECTION('',(5.116149740848E-16,1.479114197289E-31,1.));
#4331 = ORIENTED_EDGE('',*,*,#4332,.F.);
#4332 = EDGE_CURVE('',#4292,#4325,#4333,.T.);
#4333 = B_SPLINE_CURVE_WITH_KNOTS('',2,(#4334,#4335,#4336),
  .UNSPECIFIED.,.F.,.F.,(3,3),(0.,1.),.PIECEWISE_BEZIER_KNOTS.);
#4334 = CARTESIAN_POINT('',(-1.105040556961,0.870967729746,5.75));
#4335 = CARTESIAN_POINT('',(-1.090524427352,0.864919342409,5.75));
#4336 = CARTESIAN_POINT('',(-1.017943779307,0.864919342409,5.75));
#4337 = ORIENTED_EDGE('',*,*,#4291,.T.);
#4338 = B_SPLINE_SURFACE_WITH_KNOTS('',2,1,(
    (#4339,#4340)
    ,(#4341,#4342)
    ,(#4343,#4344
    )),.UNSPECIFIED.,.F.,.F.,.F.,(3,3),(2,2),(-1.,0.),(0.,2.4E-02),
  .PIECEWISE_BEZIER_KNOTS.);
#4339 = CARTESIAN_POINT('',(-1.017943779307,0.864919342409,5.75));
#4340 = CARTESIAN_POINT('',(-1.017943779307,0.864919342409,5.99));
#4341 = CARTESIAN_POINT('',(-1.090524427352,0.864919342409,5.75));
#4342 = CARTESIAN_POINT('',(-1.090524427352,0.864919342409,5.99));
#4343 = CARTESIAN_POINT('',(-1.105040556961,0.870967729746,5.75));
#4344 = CARTESIAN_POINT('',(-1.105040556961,0.870967729746,5.99));
#4345 = ADVANCED_FACE('',(#4346),#4371,.T.);
#4346 = FACE_BOUND('',#4347,.T.);
#4347 = EDGE_LOOP('',(#4348,#4356,#4364,#4370));
#4348 = ORIENTED_EDGE('',*,*,#4349,.T.);
#4349 = EDGE_CURVE('',#4317,#4350,#4352,.T.);
#4350 = VERTEX_POINT('',#4351);
#4351 = CARTESIAN_POINT('',(-0.938105066457,0.864919342409,5.95));
#4352 = LINE('',#4353,#4354);
#4353 = CARTESIAN_POINT('',(-1.017943779307,0.864919342409,5.95));
#4354 = VECTOR('',#4355,1.);
#4355 = DIRECTION('',(1.,3.71230823859E-16,-5.116149740848E-16));
#4356 = ORIENTED_EDGE('',*,*,#4357,.F.);
#4357 = EDGE_CURVE('',#4358,#4350,#4360,.T.);
#4358 = VERTEX_POINT('',#4359);
#4359 = CARTESIAN_POINT('',(-0.938105066457,0.864919342409,5.75));
#4360 = LINE('',#4361,#4362);
#4361 = CARTESIAN_POINT('',(-0.938105066457,0.864919342409,5.75));
#4362 = VECTOR('',#4363,1.);
#4363 = DIRECTION('',(5.116149740848E-16,1.479114197289E-31,1.));
#4364 = ORIENTED_EDGE('',*,*,#4365,.F.);
#4365 = EDGE_CURVE('',#4325,#4358,#4366,.T.);
#4366 = LINE('',#4367,#4368);
#4367 = CARTESIAN_POINT('',(-0.508971889654,0.864919342409,5.75));
#4368 = VECTOR('',#4369,1.);
#4369 = DIRECTION('',(1.,3.71230823859E-16,-5.116149740848E-16));
#4370 = ORIENTED_EDGE('',*,*,#4324,.T.);
#4371 = PLANE('',#4372);
#4372 = AXIS2_PLACEMENT_3D('',#4373,#4374,#4375);
#4373 = CARTESIAN_POINT('',(-1.017943779307,0.864919342409,5.75));
#4374 = DIRECTION('',(-3.71230823859E-16,1.,4.201582859919E-32));
#4375 = DIRECTION('',(5.107025913276E-16,1.475727151263E-31,1.));
#4376 = ADVANCED_FACE('',(#4377),#4406,.T.);
#4377 = FACE_BOUND('',#4378,.T.);
#4378 = EDGE_LOOP('',(#4379,#4389,#4397,#4405));
#4379 = ORIENTED_EDGE('',*,*,#4380,.T.);
#4380 = EDGE_CURVE('',#4350,#4381,#4383,.T.);
#4381 = VERTEX_POINT('',#4382);
#4382 = CARTESIAN_POINT('',(-0.37802439904,1.252016131984,5.95));
#4383 = B_SPLINE_CURVE_WITH_KNOTS('',2,(#4384,#4385,#4386,#4387,#4388),
  .UNSPECIFIED.,.F.,.F.,(3,1,1,3),(0.,1.,2.,3.),.QUASI_UNIFORM_KNOTS.);
#4384 = CARTESIAN_POINT('',(-0.938105066457,0.864919342409,5.95));
#4385 = CARTESIAN_POINT('',(-0.798992157703,0.864919342409,5.95));
#4386 = CARTESIAN_POINT('',(-0.594556665709,0.945967732726,5.95));
#4387 = CARTESIAN_POINT('',(-0.446976014683,1.099596771089,5.95));
#4388 = CARTESIAN_POINT('',(-0.37802439904,1.252016131984,5.95));
#4389 = ORIENTED_EDGE('',*,*,#4390,.F.);
#4390 = EDGE_CURVE('',#4391,#4381,#4393,.T.);
#4391 = VERTEX_POINT('',#4392);
#4392 = CARTESIAN_POINT('',(-0.37802439904,1.252016131984,5.75));
#4393 = LINE('',#4394,#4395);
#4394 = CARTESIAN_POINT('',(-0.37802439904,1.252016131984,5.75));
#4395 = VECTOR('',#4396,1.);
#4396 = DIRECTION('',(5.116149740848E-16,1.479114197289E-31,1.));
#4397 = ORIENTED_EDGE('',*,*,#4398,.F.);
#4398 = EDGE_CURVE('',#4358,#4391,#4399,.T.);
#4399 = B_SPLINE_CURVE_WITH_KNOTS('',2,(#4400,#4401,#4402,#4403,#4404),
  .UNSPECIFIED.,.F.,.F.,(3,1,1,3),(0.,1.,2.,3.),.QUASI_UNIFORM_KNOTS.);
#4400 = CARTESIAN_POINT('',(-0.938105066457,0.864919342409,5.75));
#4401 = CARTESIAN_POINT('',(-0.798992157703,0.864919342409,5.75));
#4402 = CARTESIAN_POINT('',(-0.594556665709,0.945967732726,5.75));
#4403 = CARTESIAN_POINT('',(-0.446976014683,1.099596771089,5.75));
#4404 = CARTESIAN_POINT('',(-0.37802439904,1.252016131984,5.75));
#4405 = ORIENTED_EDGE('',*,*,#4357,.T.);
#4406 = B_SPLINE_SURFACE_WITH_KNOTS('',2,1,(
    (#4407,#4408)
    ,(#4409,#4410)
    ,(#4411,#4412)
    ,(#4413,#4414)
    ,(#4415,#4416
    )),.UNSPECIFIED.,.F.,.F.,.F.,(3,1,1,3),(2,2),(-3.,-2.,-1.,0.),(0.,
    2.4E-02),.UNSPECIFIED.);
#4407 = CARTESIAN_POINT('',(-0.37802439904,1.252016131984,5.75));
#4408 = CARTESIAN_POINT('',(-0.37802439904,1.252016131984,5.99));
#4409 = CARTESIAN_POINT('',(-0.446976014683,1.099596771089,5.75));
#4410 = CARTESIAN_POINT('',(-0.446976014683,1.099596771089,5.99));
#4411 = CARTESIAN_POINT('',(-0.594556665709,0.945967732726,5.75));
#4412 = CARTESIAN_POINT('',(-0.594556665709,0.945967732726,5.99));
#4413 = CARTESIAN_POINT('',(-0.798992157703,0.864919342409,5.75));
#4414 = CARTESIAN_POINT('',(-0.798992157703,0.864919342409,5.99));
#4415 = CARTESIAN_POINT('',(-0.938105066457,0.864919342409,5.75));
#4416 = CARTESIAN_POINT('',(-0.938105066457,0.864919342409,5.99));
#4417 = ADVANCED_FACE('',(#4418),#4443,.T.);
#4418 = FACE_BOUND('',#4419,.T.);
#4419 = EDGE_LOOP('',(#4420,#4428,#4436,#4442));
#4420 = ORIENTED_EDGE('',*,*,#4421,.T.);
#4421 = EDGE_CURVE('',#4381,#4422,#4424,.T.);
#4422 = VERTEX_POINT('',#4423);
#4423 = CARTESIAN_POINT('',(-0.282459879114,1.219354840364,5.95));
#4424 = LINE('',#4425,#4426);
#4425 = CARTESIAN_POINT('',(-0.37802439904,1.252016131984,5.95));
#4426 = VECTOR('',#4427,1.);
#4427 = DIRECTION('',(0.946260479607,-0.323405480372,-4.841210307515E-16
    ));
#4428 = ORIENTED_EDGE('',*,*,#4429,.F.);
#4429 = EDGE_CURVE('',#4430,#4422,#4432,.T.);
#4430 = VERTEX_POINT('',#4431);
#4431 = CARTESIAN_POINT('',(-0.282459879114,1.219354840364,5.75));
#4432 = LINE('',#4433,#4434);
#4433 = CARTESIAN_POINT('',(-0.282459879114,1.219354840364,5.75));
#4434 = VECTOR('',#4435,1.);
#4435 = DIRECTION('',(5.116149740848E-16,1.479114197289E-31,1.));
#4436 = ORIENTED_EDGE('',*,*,#4437,.F.);
#4437 = EDGE_CURVE('',#4391,#4430,#4438,.T.);
#4438 = LINE('',#4439,#4440);
#4439 = CARTESIAN_POINT('',(-0.24672592817,1.207141971054,5.75));
#4440 = VECTOR('',#4441,1.);
#4441 = DIRECTION('',(0.946260479607,-0.323405480372,-4.841210307515E-16
    ));
#4442 = ORIENTED_EDGE('',*,*,#4390,.T.);
#4443 = PLANE('',#4444);
#4444 = AXIS2_PLACEMENT_3D('',#4445,#4446,#4447);
#4445 = CARTESIAN_POINT('',(-0.37802439904,1.252016131984,5.75));
#4446 = DIRECTION('',(0.323405480372,0.946260479607,-1.654590864594E-16)
  );
#4447 = DIRECTION('',(5.107980184481E-16,2.792126859742E-19,1.));
#4448 = ADVANCED_FACE('',(#4449),#4474,.T.);
#4449 = FACE_BOUND('',#4450,.T.);
#4450 = EDGE_LOOP('',(#4451,#4459,#4467,#4473));
#4451 = ORIENTED_EDGE('',*,*,#4452,.T.);
#4452 = EDGE_CURVE('',#4422,#4453,#4455,.T.);
#4453 = VERTEX_POINT('',#4454);
#4454 = CARTESIAN_POINT('',(-0.450605047086,0.749999983003,5.95));
#4455 = LINE('',#4456,#4457);
#4456 = CARTESIAN_POINT('',(-0.282459879114,1.219354840364,5.95));
#4457 = VECTOR('',#4458,1.);
#4458 = DIRECTION('',(-0.337258456843,-0.941412095359,1.725464766574E-16
    ));
#4459 = ORIENTED_EDGE('',*,*,#4460,.F.);
#4460 = EDGE_CURVE('',#4461,#4453,#4463,.T.);
#4461 = VERTEX_POINT('',#4462);
#4462 = CARTESIAN_POINT('',(-0.450605047086,0.749999983003,5.75));
#4463 = LINE('',#4464,#4465);
#4464 = CARTESIAN_POINT('',(-0.450605047086,0.749999983003,5.75));
#4465 = VECTOR('',#4466,1.);
#4466 = DIRECTION('',(5.116149740848E-16,1.479114197289E-31,1.));
#4467 = ORIENTED_EDGE('',*,*,#4468,.F.);
#4468 = EDGE_CURVE('',#4430,#4461,#4469,.T.);
#4469 = LINE('',#4470,#4471);
#4470 = CARTESIAN_POINT('',(-0.221843618925,1.388557063048,5.75));
#4471 = VECTOR('',#4472,1.);
#4472 = DIRECTION('',(-0.337258456843,-0.941412095359,1.725464766574E-16
    ));
#4473 = ORIENTED_EDGE('',*,*,#4429,.T.);
#4474 = PLANE('',#4475);
#4475 = AXIS2_PLACEMENT_3D('',#4476,#4477,#4478);
#4476 = CARTESIAN_POINT('',(-0.282459879114,1.219354840364,5.75));
#4477 = DIRECTION('',(0.941412095359,-0.337258456843,-4.816405247702E-16
    ));
#4478 = DIRECTION('',(-5.115111966895E-16,2.896807868876E-19,-1.));
#4479 = ADVANCED_FACE('',(#4480),#4505,.T.);
#4480 = FACE_BOUND('',#4481,.T.);
#4481 = EDGE_LOOP('',(#4482,#4490,#4498,#4504));
#4482 = ORIENTED_EDGE('',*,*,#4483,.T.);
#4483 = EDGE_CURVE('',#4453,#4484,#4486,.T.);
#4484 = VERTEX_POINT('',#4485);
#4485 = CARTESIAN_POINT('',(-1.52842767056,0.749999983003,5.95));
#4486 = LINE('',#4487,#4488);
#4487 = CARTESIAN_POINT('',(-0.450605047086,0.749999983003,5.95));
#4488 = VECTOR('',#4489,1.);
#4489 = DIRECTION('',(-1.,-3.71230823859E-16,5.116149740848E-16));
#4490 = ORIENTED_EDGE('',*,*,#4491,.F.);
#4491 = EDGE_CURVE('',#4492,#4484,#4494,.T.);
#4492 = VERTEX_POINT('',#4493);
#4493 = CARTESIAN_POINT('',(-1.52842767056,0.749999983003,5.75));
#4494 = LINE('',#4495,#4496);
#4495 = CARTESIAN_POINT('',(-1.52842767056,0.749999983003,5.75));
#4496 = VECTOR('',#4497,1.);
#4497 = DIRECTION('',(5.116149740848E-16,1.479114197289E-31,1.));
#4498 = ORIENTED_EDGE('',*,*,#4499,.F.);
#4499 = EDGE_CURVE('',#4461,#4492,#4500,.T.);
#4500 = LINE('',#4501,#4502);
#4501 = CARTESIAN_POINT('',(-0.225302523543,0.749999983003,5.75));
#4502 = VECTOR('',#4503,1.);
#4503 = DIRECTION('',(-1.,-3.71230823859E-16,5.116149740848E-16));
#4504 = ORIENTED_EDGE('',*,*,#4460,.T.);
#4505 = PLANE('',#4506);
#4506 = AXIS2_PLACEMENT_3D('',#4507,#4508,#4509);
#4507 = CARTESIAN_POINT('',(-0.450605047086,0.749999983003,5.75));
#4508 = DIRECTION('',(3.71230823859E-16,-1.,-4.201582859919E-32));
#4509 = DIRECTION('',(-5.107025913276E-16,-1.475727151263E-31,-1.));
#4510 = ADVANCED_FACE('',(#4511),#4536,.T.);
#4511 = FACE_BOUND('',#4512,.T.);
#4512 = EDGE_LOOP('',(#4513,#4521,#4529,#4535));
#4513 = ORIENTED_EDGE('',*,*,#4514,.T.);
#4514 = EDGE_CURVE('',#4484,#4515,#4517,.T.);
#4515 = VERTEX_POINT('',#4516);
#4516 = CARTESIAN_POINT('',(-1.52842767056,0.84072579306,5.95));
#4517 = LINE('',#4518,#4519);
#4518 = CARTESIAN_POINT('',(-1.52842767056,0.749999983003,5.95));
#4519 = VECTOR('',#4520,1.);
#4520 = DIRECTION('',(-3.71230823859E-16,1.,4.201582859919E-32));
#4521 = ORIENTED_EDGE('',*,*,#4522,.F.);
#4522 = EDGE_CURVE('',#4523,#4515,#4525,.T.);
#4523 = VERTEX_POINT('',#4524);
#4524 = CARTESIAN_POINT('',(-1.52842767056,0.84072579306,5.75));
#4525 = LINE('',#4526,#4527);
#4526 = CARTESIAN_POINT('',(-1.52842767056,0.84072579306,5.75));
#4527 = VECTOR('',#4528,1.);
#4528 = DIRECTION('',(5.116149740848E-16,1.479114197289E-31,1.));
#4529 = ORIENTED_EDGE('',*,*,#4530,.F.);
#4530 = EDGE_CURVE('',#4492,#4523,#4531,.T.);
#4531 = LINE('',#4532,#4533);
#4532 = CARTESIAN_POINT('',(-1.52842767056,1.124999991502,5.75));
#4533 = VECTOR('',#4534,1.);
#4534 = DIRECTION('',(-3.71230823859E-16,1.,2.079363207786E-30));
#4535 = ORIENTED_EDGE('',*,*,#4491,.T.);
#4536 = PLANE('',#4537);
#4537 = AXIS2_PLACEMENT_3D('',#4538,#4539,#4540);
#4538 = CARTESIAN_POINT('',(-1.52842767056,0.749999983003,5.75));
#4539 = DIRECTION('',(-1.,-3.71230823859E-16,5.116149740848E-16));
#4540 = DIRECTION('',(5.116149740848E-16,3.387046026532E-34,1.));
#4541 = ADVANCED_FACE('',(#4542),#4567,.T.);
#4542 = FACE_BOUND('',#4543,.T.);
#4543 = EDGE_LOOP('',(#4544,#4552,#4560,#4566));
#4544 = ORIENTED_EDGE('',*,*,#4545,.T.);
#4545 = EDGE_CURVE('',#4515,#4546,#4548,.T.);
#4546 = VERTEX_POINT('',#4547);
#4547 = CARTESIAN_POINT('',(-1.48125024933,0.84072579306,5.95));
#4548 = LINE('',#4549,#4550);
#4549 = CARTESIAN_POINT('',(-1.52842767056,0.84072579306,5.95));
#4550 = VECTOR('',#4551,1.);
#4551 = DIRECTION('',(1.,3.71230823859E-16,-5.116149740848E-16));
#4552 = ORIENTED_EDGE('',*,*,#4553,.F.);
#4553 = EDGE_CURVE('',#4554,#4546,#4556,.T.);
#4554 = VERTEX_POINT('',#4555);
#4555 = CARTESIAN_POINT('',(-1.48125024933,0.84072579306,5.75));
#4556 = LINE('',#4557,#4558);
#4557 = CARTESIAN_POINT('',(-1.48125024933,0.84072579306,5.75));
#4558 = VECTOR('',#4559,1.);
#4559 = DIRECTION('',(5.116149740848E-16,1.479114197289E-31,1.));
#4560 = ORIENTED_EDGE('',*,*,#4561,.F.);
#4561 = EDGE_CURVE('',#4523,#4554,#4562,.T.);
#4562 = LINE('',#4563,#4564);
#4563 = CARTESIAN_POINT('',(-0.76421383528,0.84072579306,5.75));
#4564 = VECTOR('',#4565,1.);
#4565 = DIRECTION('',(1.,3.71230823859E-16,-5.116149740848E-16));
#4566 = ORIENTED_EDGE('',*,*,#4522,.T.);
#4567 = PLANE('',#4568);
#4568 = AXIS2_PLACEMENT_3D('',#4569,#4570,#4571);
#4569 = CARTESIAN_POINT('',(-1.52842767056,0.84072579306,5.75));
#4570 = DIRECTION('',(-3.71230823859E-16,1.,4.201582859919E-32));
#4571 = DIRECTION('',(5.107025913276E-16,1.475727151263E-31,1.));
#4572 = ADVANCED_FACE('',(#4573),#4602,.T.);
#4573 = FACE_BOUND('',#4574,.T.);
#4574 = EDGE_LOOP('',(#4575,#4585,#4593,#4601));
#4575 = ORIENTED_EDGE('',*,*,#4576,.T.);
#4576 = EDGE_CURVE('',#4546,#4577,#4579,.T.);
#4577 = VERTEX_POINT('',#4578);
#4578 = CARTESIAN_POINT('',(-1.339717985642,0.985887089151,5.95));
#4579 = B_SPLINE_CURVE_WITH_KNOTS('',2,(#4580,#4581,#4582,#4583,#4584),
  .UNSPECIFIED.,.F.,.F.,(3,1,1,3),(0.,1.,2.,3.),.QUASI_UNIFORM_KNOTS.);
#4580 = CARTESIAN_POINT('',(-1.48125024933,0.84072579306,5.95));
#4581 = CARTESIAN_POINT('',(-1.412298633687,0.84072579306,5.95));
#4582 = CARTESIAN_POINT('',(-1.365121212457,0.864919342409,5.95));
#4583 = CARTESIAN_POINT('',(-1.339717985642,0.919354828443,5.95));
#4584 = CARTESIAN_POINT('',(-1.339717985642,0.985887089151,5.95));
#4585 = ORIENTED_EDGE('',*,*,#4586,.F.);
#4586 = EDGE_CURVE('',#4587,#4577,#4589,.T.);
#4587 = VERTEX_POINT('',#4588);
#4588 = CARTESIAN_POINT('',(-1.339717985642,0.985887089151,5.75));
#4589 = LINE('',#4590,#4591);
#4590 = CARTESIAN_POINT('',(-1.339717985642,0.985887089151,5.75));
#4591 = VECTOR('',#4592,1.);
#4592 = DIRECTION('',(5.116149740848E-16,1.479114197289E-31,1.));
#4593 = ORIENTED_EDGE('',*,*,#4594,.F.);
#4594 = EDGE_CURVE('',#4554,#4587,#4595,.T.);
#4595 = B_SPLINE_CURVE_WITH_KNOTS('',2,(#4596,#4597,#4598,#4599,#4600),
  .UNSPECIFIED.,.F.,.F.,(3,1,1,3),(0.,1.,2.,3.),.QUASI_UNIFORM_KNOTS.);
#4596 = CARTESIAN_POINT('',(-1.48125024933,0.84072579306,5.75));
#4597 = CARTESIAN_POINT('',(-1.412298633687,0.84072579306,5.75));
#4598 = CARTESIAN_POINT('',(-1.365121212457,0.864919342409,5.75));
#4599 = CARTESIAN_POINT('',(-1.339717985642,0.919354828443,5.75));
#4600 = CARTESIAN_POINT('',(-1.339717985642,0.985887089151,5.75));
#4601 = ORIENTED_EDGE('',*,*,#4553,.T.);
#4602 = B_SPLINE_SURFACE_WITH_KNOTS('',2,1,(
    (#4603,#4604)
    ,(#4605,#4606)
    ,(#4607,#4608)
    ,(#4609,#4610)
    ,(#4611,#4612
    )),.UNSPECIFIED.,.F.,.F.,.F.,(3,1,1,3),(2,2),(-3.,-2.,-1.,0.),(0.,
    2.4E-02),.UNSPECIFIED.);
#4603 = CARTESIAN_POINT('',(-1.339717985642,0.985887089151,5.75));
#4604 = CARTESIAN_POINT('',(-1.339717985642,0.985887089151,5.99));
#4605 = CARTESIAN_POINT('',(-1.339717985642,0.919354828443,5.75));
#4606 = CARTESIAN_POINT('',(-1.339717985642,0.919354828443,5.99));
#4607 = CARTESIAN_POINT('',(-1.365121212457,0.864919342409,5.75));
#4608 = CARTESIAN_POINT('',(-1.365121212457,0.864919342409,5.99));
#4609 = CARTESIAN_POINT('',(-1.412298633687,0.84072579306,5.75));
#4610 = CARTESIAN_POINT('',(-1.412298633687,0.84072579306,5.99));
#4611 = CARTESIAN_POINT('',(-1.48125024933,0.84072579306,5.75));
#4612 = CARTESIAN_POINT('',(-1.48125024933,0.84072579306,5.99));
#4613 = ADVANCED_FACE('',(#4614),#4639,.T.);
#4614 = FACE_BOUND('',#4615,.T.);
#4615 = EDGE_LOOP('',(#4616,#4624,#4632,#4638));
#4616 = ORIENTED_EDGE('',*,*,#4617,.T.);
#4617 = EDGE_CURVE('',#4577,#4618,#4620,.T.);
#4618 = VERTEX_POINT('',#4619);
#4619 = CARTESIAN_POINT('',(-1.339717985642,2.005645194189,5.95));
#4620 = LINE('',#4621,#4622);
#4621 = CARTESIAN_POINT('',(-1.339717985642,0.985887089151,5.95));
#4622 = VECTOR('',#4623,1.);
#4623 = DIRECTION('',(-3.71230823859E-16,1.,4.201582859919E-32));
#4624 = ORIENTED_EDGE('',*,*,#4625,.F.);
#4625 = EDGE_CURVE('',#4626,#4618,#4628,.T.);
#4626 = VERTEX_POINT('',#4627);
#4627 = CARTESIAN_POINT('',(-1.339717985642,2.005645194189,5.75));
#4628 = LINE('',#4629,#4630);
#4629 = CARTESIAN_POINT('',(-1.339717985642,2.005645194189,5.75));
#4630 = VECTOR('',#4631,1.);
#4631 = DIRECTION('',(5.116149740848E-16,1.479114197289E-31,1.));
#4632 = ORIENTED_EDGE('',*,*,#4633,.F.);
#4633 = EDGE_CURVE('',#4587,#4626,#4634,.T.);
#4634 = LINE('',#4635,#4636);
#4635 = CARTESIAN_POINT('',(-1.339717985642,1.242943544575,5.75));
#4636 = VECTOR('',#4637,1.);
#4637 = DIRECTION('',(-3.71230823859E-16,1.,2.079363207786E-30));
#4638 = ORIENTED_EDGE('',*,*,#4586,.T.);
#4639 = PLANE('',#4640);
#4640 = AXIS2_PLACEMENT_3D('',#4641,#4642,#4643);
#4641 = CARTESIAN_POINT('',(-1.339717985642,0.985887089151,5.75));
#4642 = DIRECTION('',(-1.,-3.71230823859E-16,5.116149740848E-16));
#4643 = DIRECTION('',(5.116149740848E-16,3.387046026532E-34,1.));
#4644 = ADVANCED_FACE('',(#4645),#4674,.T.);
#4645 = FACE_BOUND('',#4646,.T.);
#4646 = EDGE_LOOP('',(#4647,#4657,#4665,#4673));
#4647 = ORIENTED_EDGE('',*,*,#4648,.T.);
#4648 = EDGE_CURVE('',#4618,#4649,#4651,.T.);
#4649 = VERTEX_POINT('',#4650);
#4650 = CARTESIAN_POINT('',(-1.48125024933,2.159274232551,5.95));
#4651 = B_SPLINE_CURVE_WITH_KNOTS('',2,(#4652,#4653,#4654,#4655,#4656),
  .UNSPECIFIED.,.F.,.F.,(3,1,1,3),(0.,1.,2.,3.),.QUASI_UNIFORM_KNOTS.);
#4652 = CARTESIAN_POINT('',(-1.339717985642,2.005645194189,5.95));
#4653 = CARTESIAN_POINT('',(-1.339717985642,2.083064552104,5.95));
#4654 = CARTESIAN_POINT('',(-1.362701857523,2.13629036067,5.95));
#4655 = CARTESIAN_POINT('',(-1.408669601285,2.159274232551,5.95));
#4656 = CARTESIAN_POINT('',(-1.48125024933,2.159274232551,5.95));
#4657 = ORIENTED_EDGE('',*,*,#4658,.F.);
#4658 = EDGE_CURVE('',#4659,#4649,#4661,.T.);
#4659 = VERTEX_POINT('',#4660);
#4660 = CARTESIAN_POINT('',(-1.48125024933,2.159274232551,5.75));
#4661 = LINE('',#4662,#4663);
#4662 = CARTESIAN_POINT('',(-1.48125024933,2.159274232551,5.75));
#4663 = VECTOR('',#4664,1.);
#4664 = DIRECTION('',(5.116149740848E-16,1.479114197289E-31,1.));
#4665 = ORIENTED_EDGE('',*,*,#4666,.F.);
#4666 = EDGE_CURVE('',#4626,#4659,#4667,.T.);
#4667 = B_SPLINE_CURVE_WITH_KNOTS('',2,(#4668,#4669,#4670,#4671,#4672),
  .UNSPECIFIED.,.F.,.F.,(3,1,1,3),(0.,1.,2.,3.),.QUASI_UNIFORM_KNOTS.);
#4668 = CARTESIAN_POINT('',(-1.339717985642,2.005645194189,5.75));
#4669 = CARTESIAN_POINT('',(-1.339717985642,2.083064552104,5.75));
#4670 = CARTESIAN_POINT('',(-1.362701857523,2.13629036067,5.75));
#4671 = CARTESIAN_POINT('',(-1.408669601285,2.159274232551,5.75));
#4672 = CARTESIAN_POINT('',(-1.48125024933,2.159274232551,5.75));
#4673 = ORIENTED_EDGE('',*,*,#4625,.T.);
#4674 = B_SPLINE_SURFACE_WITH_KNOTS('',2,1,(
    (#4675,#4676)
    ,(#4677,#4678)
    ,(#4679,#4680)
    ,(#4681,#4682)
    ,(#4683,#4684
    )),.UNSPECIFIED.,.F.,.F.,.F.,(3,1,1,3),(2,2),(-3.,-2.,-1.,0.),(0.,
    2.4E-02),.UNSPECIFIED.);
#4675 = CARTESIAN_POINT('',(-1.48125024933,2.159274232551,5.75));
#4676 = CARTESIAN_POINT('',(-1.48125024933,2.159274232551,5.99));
#4677 = CARTESIAN_POINT('',(-1.408669601285,2.159274232551,5.75));
#4678 = CARTESIAN_POINT('',(-1.408669601285,2.159274232551,5.99));
#4679 = CARTESIAN_POINT('',(-1.362701857523,2.13629036067,5.75));
#4680 = CARTESIAN_POINT('',(-1.362701857523,2.13629036067,5.99));
#4681 = CARTESIAN_POINT('',(-1.339717985642,2.083064552104,5.75));
#4682 = CARTESIAN_POINT('',(-1.339717985642,2.083064552104,5.99));
#4683 = CARTESIAN_POINT('',(-1.339717985642,2.005645194189,5.75));
#4684 = CARTESIAN_POINT('',(-1.339717985642,2.005645194189,5.99));
#4685 = ADVANCED_FACE('',(#4686),#4711,.T.);
#4686 = FACE_BOUND('',#4687,.T.);
#4687 = EDGE_LOOP('',(#4688,#4696,#4704,#4710));
#4688 = ORIENTED_EDGE('',*,*,#4689,.T.);
#4689 = EDGE_CURVE('',#4649,#4690,#4692,.T.);
#4690 = VERTEX_POINT('',#4691);
#4691 = CARTESIAN_POINT('',(-1.52842767056,2.159274232551,5.95));
#4692 = LINE('',#4693,#4694);
#4693 = CARTESIAN_POINT('',(-1.48125024933,2.159274232551,5.95));
#4694 = VECTOR('',#4695,1.);
#4695 = DIRECTION('',(-1.,-3.71230823859E-16,5.116149740848E-16));
#4696 = ORIENTED_EDGE('',*,*,#4697,.F.);
#4697 = EDGE_CURVE('',#4698,#4690,#4700,.T.);
#4698 = VERTEX_POINT('',#4699);
#4699 = CARTESIAN_POINT('',(-1.52842767056,2.159274232551,5.75));
#4700 = LINE('',#4701,#4702);
#4701 = CARTESIAN_POINT('',(-1.52842767056,2.159274232551,5.75));
#4702 = VECTOR('',#4703,1.);
#4703 = DIRECTION('',(5.116149740848E-16,1.479114197289E-31,1.));
#4704 = ORIENTED_EDGE('',*,*,#4705,.F.);
#4705 = EDGE_CURVE('',#4659,#4698,#4706,.T.);
#4706 = LINE('',#4707,#4708);
#4707 = CARTESIAN_POINT('',(-0.740625124665,2.159274232551,5.75));
#4708 = VECTOR('',#4709,1.);
#4709 = DIRECTION('',(-1.,-3.71230823859E-16,5.116149740848E-16));
#4710 = ORIENTED_EDGE('',*,*,#4658,.T.);
#4711 = PLANE('',#4712);
#4712 = AXIS2_PLACEMENT_3D('',#4713,#4714,#4715);
#4713 = CARTESIAN_POINT('',(-1.48125024933,2.159274232551,5.75));
#4714 = DIRECTION('',(3.71230823859E-16,-1.,-4.201582859919E-32));
#4715 = DIRECTION('',(-5.107025913276E-16,-1.475727151263E-31,-1.));
#4716 = ADVANCED_FACE('',(#4717),#4742,.T.);
#4717 = FACE_BOUND('',#4718,.T.);
#4718 = EDGE_LOOP('',(#4719,#4727,#4735,#4741));
#4719 = ORIENTED_EDGE('',*,*,#4720,.T.);
#4720 = EDGE_CURVE('',#4690,#4721,#4723,.T.);
#4721 = VERTEX_POINT('',#4722);
#4722 = CARTESIAN_POINT('',(-1.52842767056,2.250000042608,5.95));
#4723 = LINE('',#4724,#4725);
#4724 = CARTESIAN_POINT('',(-1.52842767056,2.159274232551,5.95));
#4725 = VECTOR('',#4726,1.);
#4726 = DIRECTION('',(-3.71230823859E-16,1.,4.201582859919E-32));
#4727 = ORIENTED_EDGE('',*,*,#4728,.F.);
#4728 = EDGE_CURVE('',#4729,#4721,#4731,.T.);
#4729 = VERTEX_POINT('',#4730);
#4730 = CARTESIAN_POINT('',(-1.52842767056,2.250000042608,5.75));
#4731 = LINE('',#4732,#4733);
#4732 = CARTESIAN_POINT('',(-1.52842767056,2.250000042608,5.75));
#4733 = VECTOR('',#4734,1.);
#4734 = DIRECTION('',(5.116149740848E-16,1.479114197289E-31,1.));
#4735 = ORIENTED_EDGE('',*,*,#4736,.F.);
#4736 = EDGE_CURVE('',#4698,#4729,#4737,.T.);
#4737 = LINE('',#4738,#4739);
#4738 = CARTESIAN_POINT('',(-1.52842767056,1.829637116276,5.75));
#4739 = VECTOR('',#4740,1.);
#4740 = DIRECTION('',(-3.71230823859E-16,1.,2.079363207786E-30));
#4741 = ORIENTED_EDGE('',*,*,#4697,.T.);
#4742 = PLANE('',#4743);
#4743 = AXIS2_PLACEMENT_3D('',#4744,#4745,#4746);
#4744 = CARTESIAN_POINT('',(-1.52842767056,2.159274232551,5.75));
#4745 = DIRECTION('',(-1.,-3.71230823859E-16,5.116149740848E-16));
#4746 = DIRECTION('',(5.116149740848E-16,3.387046026532E-34,1.));
#4747 = ADVANCED_FACE('',(#4748),#4764,.T.);
#4748 = FACE_BOUND('',#4749,.T.);
#4749 = EDGE_LOOP('',(#4750,#4756,#4757,#4763));
#4750 = ORIENTED_EDGE('',*,*,#4751,.T.);
#4751 = EDGE_CURVE('',#4721,#4108,#4752,.T.);
#4752 = LINE('',#4753,#4754);
#4753 = CARTESIAN_POINT('',(-1.52842767056,2.250000042608,5.95));
#4754 = VECTOR('',#4755,1.);
#4755 = DIRECTION('',(1.,3.71230823859E-16,-5.116149740848E-16));
#4756 = ORIENTED_EDGE('',*,*,#4133,.F.);
#4757 = ORIENTED_EDGE('',*,*,#4758,.F.);
#4758 = EDGE_CURVE('',#4729,#4126,#4759,.T.);
#4759 = LINE('',#4760,#4761);
#4760 = CARTESIAN_POINT('',(-0.76421383528,2.250000042608,5.75));
#4761 = VECTOR('',#4762,1.);
#4762 = DIRECTION('',(1.,3.71230823859E-16,-5.116149740848E-16));
#4763 = ORIENTED_EDGE('',*,*,#4728,.T.);
#4764 = PLANE('',#4765);
#4765 = AXIS2_PLACEMENT_3D('',#4766,#4767,#4768);
#4766 = CARTESIAN_POINT('',(-1.52842767056,2.250000042608,5.75));
#4767 = DIRECTION('',(-3.71230823859E-16,1.,4.201582859919E-32));
#4768 = DIRECTION('',(5.107025913276E-16,1.475727151263E-31,1.));
#4769 = ADVANCED_FACE('',(#4770),#4792,.T.);
#4770 = FACE_BOUND('',#4771,.T.);
#4771 = EDGE_LOOP('',(#4772,#4773,#4774,#4775,#4776,#4777,#4778,#4779,
    #4780,#4781,#4782,#4783,#4784,#4785,#4786,#4787,#4788,#4789,#4790,
    #4791));
#4772 = ORIENTED_EDGE('',*,*,#4107,.F.);
#4773 = ORIENTED_EDGE('',*,*,#4751,.F.);
#4774 = ORIENTED_EDGE('',*,*,#4720,.F.);
#4775 = ORIENTED_EDGE('',*,*,#4689,.F.);
#4776 = ORIENTED_EDGE('',*,*,#4648,.F.);
#4777 = ORIENTED_EDGE('',*,*,#4617,.F.);
#4778 = ORIENTED_EDGE('',*,*,#4576,.F.);
#4779 = ORIENTED_EDGE('',*,*,#4545,.F.);
#4780 = ORIENTED_EDGE('',*,*,#4514,.F.);
#4781 = ORIENTED_EDGE('',*,*,#4483,.F.);
#4782 = ORIENTED_EDGE('',*,*,#4452,.F.);
#4783 = ORIENTED_EDGE('',*,*,#4421,.F.);
#4784 = ORIENTED_EDGE('',*,*,#4380,.F.);
#4785 = ORIENTED_EDGE('',*,*,#4349,.F.);
#4786 = ORIENTED_EDGE('',*,*,#4316,.F.);
#4787 = ORIENTED_EDGE('',*,*,#4283,.F.);
#4788 = ORIENTED_EDGE('',*,*,#4250,.F.);
#4789 = ORIENTED_EDGE('',*,*,#4219,.F.);
#4790 = ORIENTED_EDGE('',*,*,#4178,.F.);
#4791 = ORIENTED_EDGE('',*,*,#4147,.F.);
#4792 = PLANE('',#4793);
#4793 = AXIS2_PLACEMENT_3D('',#4794,#4795,#4796);
#4794 = CARTESIAN_POINT('',(-1.051150526167,1.352439411033,5.95));
#4795 = DIRECTION('',(5.116149740848E-16,1.479114197289E-31,1.));
#4796 = DIRECTION('',(1.,3.774758283726E-16,-5.116149740848E-16));
#4797 = ADVANCED_FACE('',(#4798),#4832,.T.);
#4798 = FACE_BOUND('',#4799,.T.);
#4799 = EDGE_LOOP('',(#4800,#4810,#4818,#4826));
#4800 = ORIENTED_EDGE('',*,*,#4801,.T.);
#4801 = EDGE_CURVE('',#4802,#4804,#4806,.T.);
#4802 = VERTEX_POINT('',#4803);
#4803 = CARTESIAN_POINT('',(-1.881653491047,2.250000042608,5.95));
#4804 = VERTEX_POINT('',#4805);
#4805 = CARTESIAN_POINT('',(-1.744959937228,1.750403248562,5.95));
#4806 = LINE('',#4807,#4808);
#4807 = CARTESIAN_POINT('',(-1.881653491047,2.250000042608,5.95));
#4808 = VECTOR('',#4809,1.);
#4809 = DIRECTION('',(0.263907783266,-0.96454791583,-1.350191736963E-16)
  );
#4810 = ORIENTED_EDGE('',*,*,#4811,.F.);
#4811 = EDGE_CURVE('',#4812,#4804,#4814,.T.);
#4812 = VERTEX_POINT('',#4813);
#4813 = CARTESIAN_POINT('',(-1.744959937228,1.750403248562,5.75));
#4814 = LINE('',#4815,#4816);
#4815 = CARTESIAN_POINT('',(-1.744959937228,1.750403248562,5.75));
#4816 = VECTOR('',#4817,1.);
#4817 = DIRECTION('',(5.116149740848E-16,1.479114197289E-31,1.));
#4818 = ORIENTED_EDGE('',*,*,#4819,.F.);
#4819 = EDGE_CURVE('',#4820,#4812,#4822,.T.);
#4820 = VERTEX_POINT('',#4821);
#4821 = CARTESIAN_POINT('',(-1.881653491047,2.250000042608,5.75));
#4822 = LINE('',#4823,#4824);
#4823 = CARTESIAN_POINT('',(-1.720670537661,1.661628717402,5.75));
#4824 = VECTOR('',#4825,1.);
#4825 = DIRECTION('',(0.263907783266,-0.96454791583,-1.350191736963E-16)
  );
#4826 = ORIENTED_EDGE('',*,*,#4827,.T.);
#4827 = EDGE_CURVE('',#4820,#4802,#4828,.T.);
#4828 = LINE('',#4829,#4830);
#4829 = CARTESIAN_POINT('',(-1.881653491047,2.250000042608,5.75));
#4830 = VECTOR('',#4831,1.);
#4831 = DIRECTION('',(5.116149740848E-16,1.479114197289E-31,1.));
#4832 = PLANE('',#4833);
#4833 = AXIS2_PLACEMENT_3D('',#4834,#4835,#4836);
#4834 = CARTESIAN_POINT('',(-1.881653491047,2.250000042608,5.75));
#4835 = DIRECTION('',(0.96454791583,0.263907783266,-4.934771569609E-16)
  );
#4836 = DIRECTION('',(-5.115514290727E-16,-2.322485840287E-19,-1.));
#4837 = ADVANCED_FACE('',(#4838),#4863,.T.);
#4838 = FACE_BOUND('',#4839,.T.);
#4839 = EDGE_LOOP('',(#4840,#4848,#4856,#4862));
#4840 = ORIENTED_EDGE('',*,*,#4841,.T.);
#4841 = EDGE_CURVE('',#4804,#4842,#4844,.T.);
#4842 = VERTEX_POINT('',#4843);
#4843 = CARTESIAN_POINT('',(-1.845363167024,1.722580666812,5.95));
#4844 = LINE('',#4845,#4846);
#4845 = CARTESIAN_POINT('',(-1.744959937228,1.750403248562,5.95));
#4846 = VECTOR('',#4847,1.);
#4847 = DIRECTION('',(-0.963684065253,-0.267044981938,4.930351980702E-16
    ));
#4848 = ORIENTED_EDGE('',*,*,#4849,.F.);
#4849 = EDGE_CURVE('',#4850,#4842,#4852,.T.);
#4850 = VERTEX_POINT('',#4851);
#4851 = CARTESIAN_POINT('',(-1.845363167024,1.722580666812,5.75));
#4852 = LINE('',#4853,#4854);
#4853 = CARTESIAN_POINT('',(-1.845363167024,1.722580666812,5.75));
#4854 = VECTOR('',#4855,1.);
#4855 = DIRECTION('',(5.116149740848E-16,1.479114197289E-31,1.));
#4856 = ORIENTED_EDGE('',*,*,#4857,.F.);
#4857 = EDGE_CURVE('',#4812,#4850,#4858,.T.);
#4858 = LINE('',#4859,#4860);
#4859 = CARTESIAN_POINT('',(-0.966919413768,1.966004839401,5.75));
#4860 = VECTOR('',#4861,1.);
#4861 = DIRECTION('',(-0.963684065253,-0.267044981938,4.930351980702E-16
    ));
#4862 = ORIENTED_EDGE('',*,*,#4811,.T.);
#4863 = PLANE('',#4864);
#4864 = AXIS2_PLACEMENT_3D('',#4865,#4866,#4867);
#4865 = CARTESIAN_POINT('',(-1.744959937228,1.750403248562,5.75));
#4866 = DIRECTION('',(0.267044981938,-0.963684065253,-1.366242115134E-16
    ));
#4867 = DIRECTION('',(-5.107676560996E-16,2.347989597747E-19,-1.));
#4868 = ADVANCED_FACE('',(#4869),#4894,.T.);
#4869 = FACE_BOUND('',#4870,.T.);
#4870 = EDGE_LOOP('',(#4871,#4879,#4887,#4893));
#4871 = ORIENTED_EDGE('',*,*,#4872,.T.);
#4872 = EDGE_CURVE('',#4842,#4873,#4875,.T.);
#4873 = VERTEX_POINT('',#4874);
#4874 = CARTESIAN_POINT('',(-1.967540591234,1.954838740557,5.95));
#4875 = B_SPLINE_CURVE_WITH_KNOTS('',2,(#4876,#4877,#4878),
  .UNSPECIFIED.,.F.,.F.,(3,3),(0.,1.),.PIECEWISE_BEZIER_KNOTS.);
#4876 = CARTESIAN_POINT('',(-1.845363167024,1.722580666812,5.95));
#4877 = CARTESIAN_POINT('',(-1.926411557342,1.895564544653,5.95));
#4878 = CARTESIAN_POINT('',(-1.967540591234,1.954838740557,5.95));
#4879 = ORIENTED_EDGE('',*,*,#4880,.F.);
#4880 = EDGE_CURVE('',#4881,#4873,#4883,.T.);
#4881 = VERTEX_POINT('',#4882);
#4882 = CARTESIAN_POINT('',(-1.967540591234,1.954838740557,5.75));
#4883 = LINE('',#4884,#4885);
#4884 = CARTESIAN_POINT('',(-1.967540591234,1.954838740557,5.75));
#4885 = VECTOR('',#4886,1.);
#4886 = DIRECTION('',(5.116149740848E-16,1.479114197289E-31,1.));
#4887 = ORIENTED_EDGE('',*,*,#4888,.F.);
#4888 = EDGE_CURVE('',#4850,#4881,#4889,.T.);
#4889 = B_SPLINE_CURVE_WITH_KNOTS('',2,(#4890,#4891,#4892),
  .UNSPECIFIED.,.F.,.F.,(3,3),(0.,1.),.PIECEWISE_BEZIER_KNOTS.);
#4890 = CARTESIAN_POINT('',(-1.845363167024,1.722580666812,5.75));
#4891 = CARTESIAN_POINT('',(-1.926411557342,1.895564544653,5.75));
#4892 = CARTESIAN_POINT('',(-1.967540591234,1.954838740557,5.75));
#4893 = ORIENTED_EDGE('',*,*,#4849,.T.);
#4894 = B_SPLINE_SURFACE_WITH_KNOTS('',2,1,(
    (#4895,#4896)
    ,(#4897,#4898)
    ,(#4899,#4900
    )),.UNSPECIFIED.,.F.,.F.,.F.,(3,3),(2,2),(-1.,0.),(0.,2.4E-02),
  .PIECEWISE_BEZIER_KNOTS.);
#4895 = CARTESIAN_POINT('',(-1.967540591234,1.954838740557,5.75));
#4896 = CARTESIAN_POINT('',(-1.967540591234,1.954838740557,5.99));
#4897 = CARTESIAN_POINT('',(-1.926411557342,1.895564544653,5.75));
#4898 = CARTESIAN_POINT('',(-1.926411557342,1.895564544653,5.99));
#4899 = CARTESIAN_POINT('',(-1.845363167024,1.722580666812,5.75));
#4900 = CARTESIAN_POINT('',(-1.845363167024,1.722580666812,5.99));
#4901 = ADVANCED_FACE('',(#4902),#4929,.T.);
#4902 = FACE_BOUND('',#4903,.T.);
#4903 = EDGE_LOOP('',(#4904,#4913,#4921,#4928));
#4904 = ORIENTED_EDGE('',*,*,#4905,.T.);
#4905 = EDGE_CURVE('',#4873,#4906,#4908,.T.);
#4906 = VERTEX_POINT('',#4907);
#4907 = CARTESIAN_POINT('',(-2.365524478016,2.161693587486,5.95));
#4908 = B_SPLINE_CURVE_WITH_KNOTS('',2,(#4909,#4910,#4911,#4912),
  .UNSPECIFIED.,.F.,.F.,(3,1,3),(0.,1.,2.),.QUASI_UNIFORM_KNOTS.);
#4909 = CARTESIAN_POINT('',(-1.967540591234,1.954838740557,5.95));
#4910 = CARTESIAN_POINT('',(-2.036492206877,2.050403260483,5.95));
#4911 = CARTESIAN_POINT('',(-2.242137376339,2.161693587486,5.95));
#4912 = CARTESIAN_POINT('',(-2.365524478016,2.161693587486,5.95));
#4913 = ORIENTED_EDGE('',*,*,#4914,.F.);
#4914 = EDGE_CURVE('',#4915,#4906,#4917,.T.);
#4915 = VERTEX_POINT('',#4916);
#4916 = CARTESIAN_POINT('',(-2.365524478016,2.161693587486,5.75));
#4917 = LINE('',#4918,#4919);
#4918 = CARTESIAN_POINT('',(-2.365524478016,2.161693587486,5.75));
#4919 = VECTOR('',#4920,1.);
#4920 = DIRECTION('',(5.116149740848E-16,1.479114197289E-31,1.));
#4921 = ORIENTED_EDGE('',*,*,#4922,.F.);
#4922 = EDGE_CURVE('',#4881,#4915,#4923,.T.);
#4923 = B_SPLINE_CURVE_WITH_KNOTS('',2,(#4924,#4925,#4926,#4927),
  .UNSPECIFIED.,.F.,.F.,(3,1,3),(0.,1.,2.),.QUASI_UNIFORM_KNOTS.);
#4924 = CARTESIAN_POINT('',(-1.967540591234,1.954838740557,5.75));
#4925 = CARTESIAN_POINT('',(-2.036492206877,2.050403260483,5.75));
#4926 = CARTESIAN_POINT('',(-2.242137376339,2.161693587486,5.75));
#4927 = CARTESIAN_POINT('',(-2.365524478016,2.161693587486,5.75));
#4928 = ORIENTED_EDGE('',*,*,#4880,.T.);
#4929 = B_SPLINE_SURFACE_WITH_KNOTS('',2,1,(
    (#4930,#4931)
    ,(#4932,#4933)
    ,(#4934,#4935)
    ,(#4936,#4937
  )),.UNSPECIFIED.,.F.,.F.,.F.,(3,1,3),(2,2),(-2.,-1.,0.),(0.,2.4E-02),
  .UNSPECIFIED.);
#4930 = CARTESIAN_POINT('',(-2.365524478016,2.161693587486,5.75));
#4931 = CARTESIAN_POINT('',(-2.365524478016,2.161693587486,5.99));
#4932 = CARTESIAN_POINT('',(-2.242137376339,2.161693587486,5.75));
#4933 = CARTESIAN_POINT('',(-2.242137376339,2.161693587486,5.99));
#4934 = CARTESIAN_POINT('',(-2.036492206877,2.050403260483,5.75));
#4935 = CARTESIAN_POINT('',(-2.036492206877,2.050403260483,5.99));
#4936 = CARTESIAN_POINT('',(-1.967540591234,1.954838740557,5.75));
#4937 = CARTESIAN_POINT('',(-1.967540591234,1.954838740557,5.99));
#4938 = ADVANCED_FACE('',(#4939),#4968,.T.);
#4939 = FACE_BOUND('',#4940,.T.);
#4940 = EDGE_LOOP('',(#4941,#4951,#4959,#4967));
#4941 = ORIENTED_EDGE('',*,*,#4942,.T.);
#4942 = EDGE_CURVE('',#4906,#4943,#4945,.T.);
#4943 = VERTEX_POINT('',#4944);
#4944 = CARTESIAN_POINT('',(-2.906250305954,1.515725819882,5.95));
#4945 = B_SPLINE_CURVE_WITH_KNOTS('',2,(#4946,#4947,#4948,#4949,#4950),
  .UNSPECIFIED.,.F.,.F.,(3,1,1,3),(0.,1.,2.,3.),.QUASI_UNIFORM_KNOTS.);
#4946 = CARTESIAN_POINT('',(-2.365524478016,2.161693587486,5.95));
#4947 = CARTESIAN_POINT('',(-2.510685774107,2.161693587486,5.95));
#4948 = CARTESIAN_POINT('',(-2.755040622527,2.005645194189,5.95));
#4949 = CARTESIAN_POINT('',(-2.906250305954,1.7044355048,5.95));
#4950 = CARTESIAN_POINT('',(-2.906250305954,1.515725819882,5.95));
#4951 = ORIENTED_EDGE('',*,*,#4952,.F.);
#4952 = EDGE_CURVE('',#4953,#4943,#4955,.T.);
#4953 = VERTEX_POINT('',#4954);
#4954 = CARTESIAN_POINT('',(-2.906250305954,1.515725819882,5.75));
#4955 = LINE('',#4956,#4957);
#4956 = CARTESIAN_POINT('',(-2.906250305954,1.515725819882,5.75));
#4957 = VECTOR('',#4958,1.);
#4958 = DIRECTION('',(5.116149740848E-16,1.479114197289E-31,1.));
#4959 = ORIENTED_EDGE('',*,*,#4960,.F.);
#4960 = EDGE_CURVE('',#4915,#4953,#4961,.T.);
#4961 = B_SPLINE_CURVE_WITH_KNOTS('',2,(#4962,#4963,#4964,#4965,#4966),
  .UNSPECIFIED.,.F.,.F.,(3,1,1,3),(0.,1.,2.,3.),.QUASI_UNIFORM_KNOTS.);
#4962 = CARTESIAN_POINT('',(-2.365524478016,2.161693587486,5.75));
#4963 = CARTESIAN_POINT('',(-2.510685774107,2.161693587486,5.75));
#4964 = CARTESIAN_POINT('',(-2.755040622527,2.005645194189,5.75));
#4965 = CARTESIAN_POINT('',(-2.906250305954,1.7044355048,5.75));
#4966 = CARTESIAN_POINT('',(-2.906250305954,1.515725819882,5.75));
#4967 = ORIENTED_EDGE('',*,*,#4914,.T.);
#4968 = B_SPLINE_SURFACE_WITH_KNOTS('',2,1,(
    (#4969,#4970)
    ,(#4971,#4972)
    ,(#4973,#4974)
    ,(#4975,#4976)
    ,(#4977,#4978
    )),.UNSPECIFIED.,.F.,.F.,.F.,(3,1,1,3),(2,2),(-3.,-2.,-1.,0.),(0.,
    2.4E-02),.UNSPECIFIED.);
#4969 = CARTESIAN_POINT('',(-2.906250305954,1.515725819882,5.75));
#4970 = CARTESIAN_POINT('',(-2.906250305954,1.515725819882,5.99));
#4971 = CARTESIAN_POINT('',(-2.906250305954,1.7044355048,5.75));
#4972 = CARTESIAN_POINT('',(-2.906250305954,1.7044355048,5.99));
#4973 = CARTESIAN_POINT('',(-2.755040622527,2.005645194189,5.75));
#4974 = CARTESIAN_POINT('',(-2.755040622527,2.005645194189,5.99));
#4975 = CARTESIAN_POINT('',(-2.510685774107,2.161693587486,5.75));
#4976 = CARTESIAN_POINT('',(-2.510685774107,2.161693587486,5.99));
#4977 = CARTESIAN_POINT('',(-2.365524478016,2.161693587486,5.75));
#4978 = CARTESIAN_POINT('',(-2.365524478016,2.161693587486,5.99));
#4979 = ADVANCED_FACE('',(#4980),#5009,.T.);
#4980 = FACE_BOUND('',#4981,.T.);
#4981 = EDGE_LOOP('',(#4982,#4992,#5000,#5008));
#4982 = ORIENTED_EDGE('',*,*,#4983,.T.);
#4983 = EDGE_CURVE('',#4943,#4984,#4986,.T.);
#4984 = VERTEX_POINT('',#4985);
#4985 = CARTESIAN_POINT('',(-2.338911573733,0.855241922669,5.95));
#4986 = B_SPLINE_CURVE_WITH_KNOTS('',2,(#4987,#4988,#4989,#4990,#4991),
  .UNSPECIFIED.,.F.,.F.,(3,1,1,3),(0.,1.,2.,3.),.QUASI_UNIFORM_KNOTS.);
#4987 = CARTESIAN_POINT('',(-2.906250305954,1.515725819882,5.95));
#4988 = CARTESIAN_POINT('',(-2.906250305954,1.322177425094,5.95));
#4989 = CARTESIAN_POINT('',(-2.752621267592,1.018548380771,5.95));
#4990 = CARTESIAN_POINT('',(-2.490121257161,0.855241922669,5.95));
#4991 = CARTESIAN_POINT('',(-2.338911573733,0.855241922669,5.95));
#4992 = ORIENTED_EDGE('',*,*,#4993,.F.);
#4993 = EDGE_CURVE('',#4994,#4984,#4996,.T.);
#4994 = VERTEX_POINT('',#4995);
#4995 = CARTESIAN_POINT('',(-2.338911573733,0.855241922669,5.75));
#4996 = LINE('',#4997,#4998);
#4997 = CARTESIAN_POINT('',(-2.338911573733,0.855241922669,5.75));
#4998 = VECTOR('',#4999,1.);
#4999 = DIRECTION('',(5.116149740848E-16,1.479114197289E-31,1.));
#5000 = ORIENTED_EDGE('',*,*,#5001,.F.);
#5001 = EDGE_CURVE('',#4953,#4994,#5002,.T.);
#5002 = B_SPLINE_CURVE_WITH_KNOTS('',2,(#5003,#5004,#5005,#5006,#5007),
  .UNSPECIFIED.,.F.,.F.,(3,1,1,3),(0.,1.,2.,3.),.QUASI_UNIFORM_KNOTS.);
#5003 = CARTESIAN_POINT('',(-2.906250305954,1.515725819882,5.75));
#5004 = CARTESIAN_POINT('',(-2.906250305954,1.322177425094,5.75));
#5005 = CARTESIAN_POINT('',(-2.752621267592,1.018548380771,5.75));
#5006 = CARTESIAN_POINT('',(-2.490121257161,0.855241922669,5.75));
#5007 = CARTESIAN_POINT('',(-2.338911573733,0.855241922669,5.75));
#5008 = ORIENTED_EDGE('',*,*,#4952,.T.);
#5009 = B_SPLINE_SURFACE_WITH_KNOTS('',2,1,(
    (#5010,#5011)
    ,(#5012,#5013)
    ,(#5014,#5015)
    ,(#5016,#5017)
    ,(#5018,#5019
    )),.UNSPECIFIED.,.F.,.F.,.F.,(3,1,1,3),(2,2),(-3.,-2.,-1.,0.),(0.,
    2.4E-02),.UNSPECIFIED.);
#5010 = CARTESIAN_POINT('',(-2.338911573733,0.855241922669,5.75));
#5011 = CARTESIAN_POINT('',(-2.338911573733,0.855241922669,5.99));
#5012 = CARTESIAN_POINT('',(-2.490121257161,0.855241922669,5.75));
#5013 = CARTESIAN_POINT('',(-2.490121257161,0.855241922669,5.99));
#5014 = CARTESIAN_POINT('',(-2.752621267592,1.018548380771,5.75));
#5015 = CARTESIAN_POINT('',(-2.752621267592,1.018548380771,5.99));
#5016 = CARTESIAN_POINT('',(-2.906250305954,1.322177425094,5.75));
#5017 = CARTESIAN_POINT('',(-2.906250305954,1.322177425094,5.99));
#5018 = CARTESIAN_POINT('',(-2.906250305954,1.515725819882,5.75));
#5019 = CARTESIAN_POINT('',(-2.906250305954,1.515725819882,5.99));
#5020 = ADVANCED_FACE('',(#5021),#5048,.T.);
#5021 = FACE_BOUND('',#5022,.T.);
#5022 = EDGE_LOOP('',(#5023,#5032,#5040,#5047));
#5023 = ORIENTED_EDGE('',*,*,#5024,.T.);
#5024 = EDGE_CURVE('',#4984,#5025,#5027,.T.);
#5025 = VERTEX_POINT('',#5026);
#5026 = CARTESIAN_POINT('',(-1.787298648588,1.167338709264,5.95));
#5027 = B_SPLINE_CURVE_WITH_KNOTS('',2,(#5028,#5029,#5030,#5031),
  .UNSPECIFIED.,.F.,.F.,(3,1,3),(0.,1.,2.),.QUASI_UNIFORM_KNOTS.);
#5028 = CARTESIAN_POINT('',(-2.338911573733,0.855241922669,5.95));
#5029 = CARTESIAN_POINT('',(-2.196169632577,0.855241922669,5.95));
#5030 = CARTESIAN_POINT('',(-1.897379298124,1.019758058239,5.95));
#5031 = CARTESIAN_POINT('',(-1.787298648588,1.167338709264,5.95));
#5032 = ORIENTED_EDGE('',*,*,#5033,.F.);
#5033 = EDGE_CURVE('',#5034,#5025,#5036,.T.);
#5034 = VERTEX_POINT('',#5035);
#5035 = CARTESIAN_POINT('',(-1.787298648588,1.167338709264,5.75));
#5036 = LINE('',#5037,#5038);
#5037 = CARTESIAN_POINT('',(-1.787298648588,1.167338709264,5.75));
#5038 = VECTOR('',#5039,1.);
#5039 = DIRECTION('',(5.116149740848E-16,1.479114197289E-31,1.));
#5040 = ORIENTED_EDGE('',*,*,#5041,.F.);
#5041 = EDGE_CURVE('',#4994,#5034,#5042,.T.);
#5042 = B_SPLINE_CURVE_WITH_KNOTS('',2,(#5043,#5044,#5045,#5046),
  .UNSPECIFIED.,.F.,.F.,(3,1,3),(0.,1.,2.),.QUASI_UNIFORM_KNOTS.);
#5043 = CARTESIAN_POINT('',(-2.338911573733,0.855241922669,5.75));
#5044 = CARTESIAN_POINT('',(-2.196169632577,0.855241922669,5.75));
#5045 = CARTESIAN_POINT('',(-1.897379298124,1.019758058239,5.75));
#5046 = CARTESIAN_POINT('',(-1.787298648588,1.167338709264,5.75));
#5047 = ORIENTED_EDGE('',*,*,#4993,.T.);
#5048 = B_SPLINE_SURFACE_WITH_KNOTS('',2,1,(
    (#5049,#5050)
    ,(#5051,#5052)
    ,(#5053,#5054)
    ,(#5055,#5056
  )),.UNSPECIFIED.,.F.,.F.,.F.,(3,1,3),(2,2),(-2.,-1.,0.),(0.,2.4E-02),
  .UNSPECIFIED.);
#5049 = CARTESIAN_POINT('',(-1.787298648588,1.167338709264,5.75));
#5050 = CARTESIAN_POINT('',(-1.787298648588,1.167338709264,5.99));
#5051 = CARTESIAN_POINT('',(-1.897379298124,1.019758058239,5.75));
#5052 = CARTESIAN_POINT('',(-1.897379298124,1.019758058239,5.99));
#5053 = CARTESIAN_POINT('',(-2.196169632577,0.855241922669,5.75));
#5054 = CARTESIAN_POINT('',(-2.196169632577,0.855241922669,5.99));
#5055 = CARTESIAN_POINT('',(-2.338911573733,0.855241922669,5.75));
#5056 = CARTESIAN_POINT('',(-2.338911573733,0.855241922669,5.99));
#5057 = ADVANCED_FACE('',(#5058),#5083,.T.);
#5058 = FACE_BOUND('',#5059,.T.);
#5059 = EDGE_LOOP('',(#5060,#5068,#5076,#5082));
#5060 = ORIENTED_EDGE('',*,*,#5061,.T.);
#5061 = EDGE_CURVE('',#5025,#5062,#5064,.T.);
#5062 = VERTEX_POINT('',#5063);
#5063 = CARTESIAN_POINT('',(-1.701411548401,1.108064513361,5.95));
#5064 = LINE('',#5065,#5066);
#5065 = CARTESIAN_POINT('',(-1.787298648588,1.167338709264,5.95));
#5066 = VECTOR('',#5067,1.);
#5067 = DIRECTION('',(0.823025925643,-0.568003807838,-4.210723876192E-16
    ));
#5068 = ORIENTED_EDGE('',*,*,#5069,.F.);
#5069 = EDGE_CURVE('',#5070,#5062,#5072,.T.);
#5070 = VERTEX_POINT('',#5071);
#5071 = CARTESIAN_POINT('',(-1.701411548401,1.108064513361,5.75));
#5072 = LINE('',#5073,#5074);
#5073 = CARTESIAN_POINT('',(-1.701411548401,1.108064513361,5.75));
#5074 = VECTOR('',#5075,1.);
#5075 = DIRECTION('',(5.116149740848E-16,1.479114197289E-31,1.));
#5076 = ORIENTED_EDGE('',*,*,#5077,.F.);
#5077 = EDGE_CURVE('',#5034,#5070,#5078,.T.);
#5078 = LINE('',#5079,#5080);
#5079 = CARTESIAN_POINT('',(-1.259722468995,0.803236838841,5.75));
#5080 = VECTOR('',#5081,1.);
#5081 = DIRECTION('',(0.823025925643,-0.568003807838,-4.210723876192E-16
    ));
#5082 = ORIENTED_EDGE('',*,*,#5033,.T.);
#5083 = PLANE('',#5084);
#5084 = AXIS2_PLACEMENT_3D('',#5085,#5086,#5087);
#5085 = CARTESIAN_POINT('',(-1.787298648588,1.167338709264,5.75));
#5086 = DIRECTION('',(0.568003807838,0.823025925643,-2.905992534273E-16)
  );
#5087 = DIRECTION('',(-5.10996951849E-16,-4.265223881372E-19,-1.));
#5088 = ADVANCED_FACE('',(#5089),#5114,.T.);
#5089 = FACE_BOUND('',#5090,.T.);
#5090 = EDGE_LOOP('',(#5091,#5099,#5107,#5113));
#5091 = ORIENTED_EDGE('',*,*,#5092,.T.);
#5092 = EDGE_CURVE('',#5062,#5093,#5095,.T.);
#5093 = VERTEX_POINT('',#5094);
#5094 = CARTESIAN_POINT('',(-1.845363167024,0.941129022856,5.95));
#5095 = B_SPLINE_CURVE_WITH_KNOTS('',2,(#5096,#5097,#5098),
  .UNSPECIFIED.,.F.,.F.,(3,3),(0.,1.),.PIECEWISE_BEZIER_KNOTS.);
#5096 = CARTESIAN_POINT('',(-1.701411548401,1.108064513361,5.95));
#5097 = CARTESIAN_POINT('',(-1.767943809109,1.008870961032,5.95));
#5098 = CARTESIAN_POINT('',(-1.845363167024,0.941129022856,5.95));
#5099 = ORIENTED_EDGE('',*,*,#5100,.F.);
#5100 = EDGE_CURVE('',#5101,#5093,#5103,.T.);
#5101 = VERTEX_POINT('',#5102);
#5102 = CARTESIAN_POINT('',(-1.845363167024,0.941129022856,5.75));
#5103 = LINE('',#5104,#5105);
#5104 = CARTESIAN_POINT('',(-1.845363167024,0.941129022856,5.75));
#5105 = VECTOR('',#5106,1.);
#5106 = DIRECTION('',(5.116149740848E-16,1.479114197289E-31,1.));
#5107 = ORIENTED_EDGE('',*,*,#5108,.F.);
#5108 = EDGE_CURVE('',#5070,#5101,#5109,.T.);
#5109 = B_SPLINE_CURVE_WITH_KNOTS('',2,(#5110,#5111,#5112),
  .UNSPECIFIED.,.F.,.F.,(3,3),(0.,1.),.PIECEWISE_BEZIER_KNOTS.);
#5110 = CARTESIAN_POINT('',(-1.701411548401,1.108064513361,5.75));
#5111 = CARTESIAN_POINT('',(-1.767943809109,1.008870961032,5.75));
#5112 = CARTESIAN_POINT('',(-1.845363167024,0.941129022856,5.75));
#5113 = ORIENTED_EDGE('',*,*,#5069,.T.);
#5114 = B_SPLINE_SURFACE_WITH_KNOTS('',2,1,(
    (#5115,#5116)
    ,(#5117,#5118)
    ,(#5119,#5120
    )),.UNSPECIFIED.,.F.,.F.,.F.,(3,3),(2,2),(-1.,0.),(0.,2.4E-02),
  .PIECEWISE_BEZIER_KNOTS.);
#5115 = CARTESIAN_POINT('',(-1.845363167024,0.941129022856,5.75));
#5116 = CARTESIAN_POINT('',(-1.845363167024,0.941129022856,5.99));
#5117 = CARTESIAN_POINT('',(-1.767943809109,1.008870961032,5.75));
#5118 = CARTESIAN_POINT('',(-1.767943809109,1.008870961032,5.99));
#5119 = CARTESIAN_POINT('',(-1.701411548401,1.108064513361,5.75));
#5120 = CARTESIAN_POINT('',(-1.701411548401,1.108064513361,5.99));
#5121 = ADVANCED_FACE('',(#5122),#5149,.T.);
#5122 = FACE_BOUND('',#5123,.T.);
#5123 = EDGE_LOOP('',(#5124,#5133,#5141,#5148));
#5124 = ORIENTED_EDGE('',*,*,#5125,.T.);
#5125 = EDGE_CURVE('',#5093,#5126,#5128,.T.);
#5126 = VERTEX_POINT('',#5127);
#5127 = CARTESIAN_POINT('',(-2.390927704832,0.724596756187,5.95));
#5128 = B_SPLINE_CURVE_WITH_KNOTS('',2,(#5129,#5130,#5131,#5132),
  .UNSPECIFIED.,.F.,.F.,(3,1,3),(0.,1.,2.),.QUASI_UNIFORM_KNOTS.);
#5129 = CARTESIAN_POINT('',(-1.845363167024,0.941129022856,5.95));
#5130 = CARTESIAN_POINT('',(-1.967540591234,0.829838695853,5.95));
#5131 = CARTESIAN_POINT('',(-2.2324599566,0.724596756187,5.95));
#5132 = CARTESIAN_POINT('',(-2.390927704832,0.724596756187,5.95));
#5133 = ORIENTED_EDGE('',*,*,#5134,.F.);
#5134 = EDGE_CURVE('',#5135,#5126,#5137,.T.);
#5135 = VERTEX_POINT('',#5136);
#5136 = CARTESIAN_POINT('',(-2.390927704832,0.724596756187,5.75));
#5137 = LINE('',#5138,#5139);
#5138 = CARTESIAN_POINT('',(-2.390927704832,0.724596756187,5.75));
#5139 = VECTOR('',#5140,1.);
#5140 = DIRECTION('',(5.116149740848E-16,1.479114197289E-31,1.));
#5141 = ORIENTED_EDGE('',*,*,#5142,.F.);
#5142 = EDGE_CURVE('',#5101,#5135,#5143,.T.);
#5143 = B_SPLINE_CURVE_WITH_KNOTS('',2,(#5144,#5145,#5146,#5147),
  .UNSPECIFIED.,.F.,.F.,(3,1,3),(0.,1.,2.),.QUASI_UNIFORM_KNOTS.);
#5144 = CARTESIAN_POINT('',(-1.845363167024,0.941129022856,5.75));
#5145 = CARTESIAN_POINT('',(-1.967540591234,0.829838695853,5.75));
#5146 = CARTESIAN_POINT('',(-2.2324599566,0.724596756187,5.75));
#5147 = CARTESIAN_POINT('',(-2.390927704832,0.724596756187,5.75));
#5148 = ORIENTED_EDGE('',*,*,#5100,.T.);
#5149 = B_SPLINE_SURFACE_WITH_KNOTS('',2,1,(
    (#5150,#5151)
    ,(#5152,#5153)
    ,(#5154,#5155)
    ,(#5156,#5157
  )),.UNSPECIFIED.,.F.,.F.,.F.,(3,1,3),(2,2),(-2.,-1.,0.),(0.,2.4E-02),
  .UNSPECIFIED.);
#5150 = CARTESIAN_POINT('',(-2.390927704832,0.724596756187,5.75));
#5151 = CARTESIAN_POINT('',(-2.390927704832,0.724596756187,5.99));
#5152 = CARTESIAN_POINT('',(-2.2324599566,0.724596756187,5.75));
#5153 = CARTESIAN_POINT('',(-2.2324599566,0.724596756187,5.99));
#5154 = CARTESIAN_POINT('',(-1.967540591234,0.829838695853,5.75));
#5155 = CARTESIAN_POINT('',(-1.967540591234,0.829838695853,5.99));
#5156 = CARTESIAN_POINT('',(-1.845363167024,0.941129022856,5.75));
#5157 = CARTESIAN_POINT('',(-1.845363167024,0.941129022856,5.99));
#5158 = ADVANCED_FACE('',(#5159),#5184,.T.);
#5159 = FACE_BOUND('',#5160,.T.);
#5160 = EDGE_LOOP('',(#5161,#5169,#5177,#5183));
#5161 = ORIENTED_EDGE('',*,*,#5162,.T.);
#5162 = EDGE_CURVE('',#5126,#5163,#5165,.T.);
#5163 = VERTEX_POINT('',#5164);
#5164 = CARTESIAN_POINT('',(-2.958266437054,0.983467734216,5.95));
#5165 = B_SPLINE_CURVE_WITH_KNOTS('',2,(#5166,#5167,#5168),
  .UNSPECIFIED.,.F.,.F.,(3,3),(0.,1.),.PIECEWISE_BEZIER_KNOTS.);
#5166 = CARTESIAN_POINT('',(-2.390927704832,0.724596756187,5.95));
#5167 = CARTESIAN_POINT('',(-2.73931481545,0.724596756187,5.95));
#5168 = CARTESIAN_POINT('',(-2.958266437054,0.983467734216,5.95));
#5169 = ORIENTED_EDGE('',*,*,#5170,.F.);
#5170 = EDGE_CURVE('',#5171,#5163,#5173,.T.);
#5171 = VERTEX_POINT('',#5172);
#5172 = CARTESIAN_POINT('',(-2.958266437054,0.983467734216,5.75));
#5173 = LINE('',#5174,#5175);
#5174 = CARTESIAN_POINT('',(-2.958266437054,0.983467734216,5.75));
#5175 = VECTOR('',#5176,1.);
#5176 = DIRECTION('',(5.116149740848E-16,1.479114197289E-31,1.));
#5177 = ORIENTED_EDGE('',*,*,#5178,.F.);
#5178 = EDGE_CURVE('',#5135,#5171,#5179,.T.);
#5179 = B_SPLINE_CURVE_WITH_KNOTS('',2,(#5180,#5181,#5182),
  .UNSPECIFIED.,.F.,.F.,(3,3),(0.,1.),.PIECEWISE_BEZIER_KNOTS.);
#5180 = CARTESIAN_POINT('',(-2.390927704832,0.724596756187,5.75));
#5181 = CARTESIAN_POINT('',(-2.73931481545,0.724596756187,5.75));
#5182 = CARTESIAN_POINT('',(-2.958266437054,0.983467734216,5.75));
#5183 = ORIENTED_EDGE('',*,*,#5134,.T.);
#5184 = B_SPLINE_SURFACE_WITH_KNOTS('',2,1,(
    (#5185,#5186)
    ,(#5187,#5188)
    ,(#5189,#5190
    )),.UNSPECIFIED.,.F.,.F.,.F.,(3,3),(2,2),(-1.,0.),(0.,2.4E-02),
  .PIECEWISE_BEZIER_KNOTS.);
#5185 = CARTESIAN_POINT('',(-2.958266437054,0.983467734216,5.75));
#5186 = CARTESIAN_POINT('',(-2.958266437054,0.983467734216,5.99));
#5187 = CARTESIAN_POINT('',(-2.73931481545,0.724596756187,5.75));
#5188 = CARTESIAN_POINT('',(-2.73931481545,0.724596756187,5.99));
#5189 = CARTESIAN_POINT('',(-2.390927704832,0.724596756187,5.75));
#5190 = CARTESIAN_POINT('',(-2.390927704832,0.724596756187,5.99));
#5191 = ADVANCED_FACE('',(#5192),#5217,.T.);
#5192 = FACE_BOUND('',#5193,.T.);
#5193 = EDGE_LOOP('',(#5194,#5202,#5210,#5216));
#5194 = ORIENTED_EDGE('',*,*,#5195,.T.);
#5195 = EDGE_CURVE('',#5163,#5196,#5198,.T.);
#5196 = VERTEX_POINT('',#5197);
#5197 = CARTESIAN_POINT('',(-3.1385083797,1.495161302936,5.95));
#5198 = B_SPLINE_CURVE_WITH_KNOTS('',2,(#5199,#5200,#5201),
  .UNSPECIFIED.,.F.,.F.,(3,3),(0.,1.),.PIECEWISE_BEZIER_KNOTS.);
#5199 = CARTESIAN_POINT('',(-2.958266437054,0.983467734216,5.95));
#5200 = CARTESIAN_POINT('',(-3.1385083797,1.198790323417,5.95));
#5201 = CARTESIAN_POINT('',(-3.1385083797,1.495161302936,5.95));
#5202 = ORIENTED_EDGE('',*,*,#5203,.F.);
#5203 = EDGE_CURVE('',#5204,#5196,#5206,.T.);
#5204 = VERTEX_POINT('',#5205);
#5205 = CARTESIAN_POINT('',(-3.1385083797,1.495161302936,5.75));
#5206 = LINE('',#5207,#5208);
#5207 = CARTESIAN_POINT('',(-3.1385083797,1.495161302936,5.75));
#5208 = VECTOR('',#5209,1.);
#5209 = DIRECTION('',(5.116149740848E-16,1.479114197289E-31,1.));
#5210 = ORIENTED_EDGE('',*,*,#5211,.F.);
#5211 = EDGE_CURVE('',#5171,#5204,#5212,.T.);
#5212 = B_SPLINE_CURVE_WITH_KNOTS('',2,(#5213,#5214,#5215),
  .UNSPECIFIED.,.F.,.F.,(3,3),(0.,1.),.PIECEWISE_BEZIER_KNOTS.);
#5213 = CARTESIAN_POINT('',(-2.958266437054,0.983467734216,5.75));
#5214 = CARTESIAN_POINT('',(-3.1385083797,1.198790323417,5.75));
#5215 = CARTESIAN_POINT('',(-3.1385083797,1.495161302936,5.75));
#5216 = ORIENTED_EDGE('',*,*,#5170,.T.);
#5217 = B_SPLINE_SURFACE_WITH_KNOTS('',2,1,(
    (#5218,#5219)
    ,(#5220,#5221)
    ,(#5222,#5223
    )),.UNSPECIFIED.,.F.,.F.,.F.,(3,3),(2,2),(-1.,0.),(0.,2.4E-02),
  .PIECEWISE_BEZIER_KNOTS.);
#5218 = CARTESIAN_POINT('',(-3.1385083797,1.495161302936,5.75));
#5219 = CARTESIAN_POINT('',(-3.1385083797,1.495161302936,5.99));
#5220 = CARTESIAN_POINT('',(-3.1385083797,1.198790323417,5.75));
#5221 = CARTESIAN_POINT('',(-3.1385083797,1.198790323417,5.99));
#5222 = CARTESIAN_POINT('',(-2.958266437054,0.983467734216,5.75));
#5223 = CARTESIAN_POINT('',(-2.958266437054,0.983467734216,5.99));
#5224 = ADVANCED_FACE('',(#5225),#5254,.T.);
#5225 = FACE_BOUND('',#5226,.T.);
#5226 = EDGE_LOOP('',(#5227,#5237,#5245,#5253));
#5227 = ORIENTED_EDGE('',*,*,#5228,.T.);
#5228 = EDGE_CURVE('',#5196,#5229,#5231,.T.);
#5229 = VERTEX_POINT('',#5230);
#5230 = CARTESIAN_POINT('',(-2.383669640028,2.275403269424,5.95));
#5231 = B_SPLINE_CURVE_WITH_KNOTS('',2,(#5232,#5233,#5234,#5235,#5236),
  .UNSPECIFIED.,.F.,.F.,(3,1,1,3),(0.,1.,2.,3.),.QUASI_UNIFORM_KNOTS.);
#5232 = CARTESIAN_POINT('',(-3.1385083797,1.495161302936,5.95));
#5233 = CARTESIAN_POINT('',(-3.1385083797,1.712903247072,5.95));
#5234 = CARTESIAN_POINT('',(-2.938911597575,2.067338745027,5.95));
#5235 = CARTESIAN_POINT('',(-2.586895454555,2.275403269424,5.95));
#5236 = CARTESIAN_POINT('',(-2.383669640028,2.275403269424,5.95));
#5237 = ORIENTED_EDGE('',*,*,#5238,.F.);
#5238 = EDGE_CURVE('',#5239,#5229,#5241,.T.);
#5239 = VERTEX_POINT('',#5240);
#5240 = CARTESIAN_POINT('',(-2.383669640028,2.275403269424,5.75));
#5241 = LINE('',#5242,#5243);
#5242 = CARTESIAN_POINT('',(-2.383669640028,2.275403269424,5.75));
#5243 = VECTOR('',#5244,1.);
#5244 = DIRECTION('',(5.116149740848E-16,1.479114197289E-31,1.));
#5245 = ORIENTED_EDGE('',*,*,#5246,.F.);
#5246 = EDGE_CURVE('',#5204,#5239,#5247,.T.);
#5247 = B_SPLINE_CURVE_WITH_KNOTS('',2,(#5248,#5249,#5250,#5251,#5252),
  .UNSPECIFIED.,.F.,.F.,(3,1,1,3),(0.,1.,2.,3.),.QUASI_UNIFORM_KNOTS.);
#5248 = CARTESIAN_POINT('',(-3.1385083797,1.495161302936,5.75));
#5249 = CARTESIAN_POINT('',(-3.1385083797,1.712903247072,5.75));
#5250 = CARTESIAN_POINT('',(-2.938911597575,2.067338745027,5.75));
#5251 = CARTESIAN_POINT('',(-2.586895454555,2.275403269424,5.75));
#5252 = CARTESIAN_POINT('',(-2.383669640028,2.275403269424,5.75));
#5253 = ORIENTED_EDGE('',*,*,#5203,.T.);
#5254 = B_SPLINE_SURFACE_WITH_KNOTS('',2,1,(
    (#5255,#5256)
    ,(#5257,#5258)
    ,(#5259,#5260)
    ,(#5261,#5262)
    ,(#5263,#5264
    )),.UNSPECIFIED.,.F.,.F.,.F.,(3,1,1,3),(2,2),(-3.,-2.,-1.,0.),(0.,
    2.4E-02),.UNSPECIFIED.);
#5255 = CARTESIAN_POINT('',(-2.383669640028,2.275403269424,5.75));
#5256 = CARTESIAN_POINT('',(-2.383669640028,2.275403269424,5.99));
#5257 = CARTESIAN_POINT('',(-2.586895454555,2.275403269424,5.75));
#5258 = CARTESIAN_POINT('',(-2.586895454555,2.275403269424,5.99));
#5259 = CARTESIAN_POINT('',(-2.938911597575,2.067338745027,5.75));
#5260 = CARTESIAN_POINT('',(-2.938911597575,2.067338745027,5.99));
#5261 = CARTESIAN_POINT('',(-3.1385083797,1.712903247072,5.75));
#5262 = CARTESIAN_POINT('',(-3.1385083797,1.712903247072,5.99));
#5263 = CARTESIAN_POINT('',(-3.1385083797,1.495161302936,5.75));
#5264 = CARTESIAN_POINT('',(-3.1385083797,1.495161302936,5.99));
#5265 = ADVANCED_FACE('',(#5266),#5293,.T.);
#5266 = FACE_BOUND('',#5267,.T.);
#5267 = EDGE_LOOP('',(#5268,#5277,#5285,#5292));
#5268 = ORIENTED_EDGE('',*,*,#5269,.T.);
#5269 = EDGE_CURVE('',#5229,#5270,#5272,.T.);
#5270 = VERTEX_POINT('',#5271);
#5271 = CARTESIAN_POINT('',(-1.99294381805,2.150806490279,5.95));
#5272 = B_SPLINE_CURVE_WITH_KNOTS('',2,(#5273,#5274,#5275,#5276),
  .UNSPECIFIED.,.F.,.F.,(3,1,3),(0.,1.,2.),.QUASI_UNIFORM_KNOTS.);
#5273 = CARTESIAN_POINT('',(-2.383669640028,2.275403269424,5.95));
#5274 = CARTESIAN_POINT('',(-2.27479866796,2.275403269424,5.95));
#5275 = CARTESIAN_POINT('',(-2.088508337976,2.21612907352,5.95));
#5276 = CARTESIAN_POINT('',(-1.99294381805,2.150806490279,5.95));
#5277 = ORIENTED_EDGE('',*,*,#5278,.F.);
#5278 = EDGE_CURVE('',#5279,#5270,#5281,.T.);
#5279 = VERTEX_POINT('',#5280);
#5280 = CARTESIAN_POINT('',(-1.99294381805,2.150806490279,5.75));
#5281 = LINE('',#5282,#5283);
#5282 = CARTESIAN_POINT('',(-1.99294381805,2.150806490279,5.75));
#5283 = VECTOR('',#5284,1.);
#5284 = DIRECTION('',(5.116149740848E-16,1.479114197289E-31,1.));
#5285 = ORIENTED_EDGE('',*,*,#5286,.F.);
#5286 = EDGE_CURVE('',#5239,#5279,#5287,.T.);
#5287 = B_SPLINE_CURVE_WITH_KNOTS('',2,(#5288,#5289,#5290,#5291),
  .UNSPECIFIED.,.F.,.F.,(3,1,3),(0.,1.,2.),.QUASI_UNIFORM_KNOTS.);
#5288 = CARTESIAN_POINT('',(-2.383669640028,2.275403269424,5.75));
#5289 = CARTESIAN_POINT('',(-2.27479866796,2.275403269424,5.75));
#5290 = CARTESIAN_POINT('',(-2.088508337976,2.21612907352,5.75));
#5291 = CARTESIAN_POINT('',(-1.99294381805,2.150806490279,5.75));
#5292 = ORIENTED_EDGE('',*,*,#5238,.T.);
#5293 = B_SPLINE_SURFACE_WITH_KNOTS('',2,1,(
    (#5294,#5295)
    ,(#5296,#5297)
    ,(#5298,#5299)
    ,(#5300,#5301
  )),.UNSPECIFIED.,.F.,.F.,.F.,(3,1,3),(2,2),(-2.,-1.,0.),(0.,2.4E-02),
  .UNSPECIFIED.);
#5294 = CARTESIAN_POINT('',(-1.99294381805,2.150806490279,5.75));
#5295 = CARTESIAN_POINT('',(-1.99294381805,2.150806490279,5.99));
#5296 = CARTESIAN_POINT('',(-2.088508337976,2.21612907352,5.75));
#5297 = CARTESIAN_POINT('',(-2.088508337976,2.21612907352,5.99));
#5298 = CARTESIAN_POINT('',(-2.27479866796,2.275403269424,5.75));
#5299 = CARTESIAN_POINT('',(-2.27479866796,2.275403269424,5.99));
#5300 = CARTESIAN_POINT('',(-2.383669640028,2.275403269424,5.75));
#5301 = CARTESIAN_POINT('',(-2.383669640028,2.275403269424,5.99));
#5302 = ADVANCED_FACE('',(#5303),#5328,.T.);
#5303 = FACE_BOUND('',#5304,.T.);
#5304 = EDGE_LOOP('',(#5305,#5313,#5321,#5327));
#5305 = ORIENTED_EDGE('',*,*,#5306,.T.);
#5306 = EDGE_CURVE('',#5270,#5307,#5309,.T.);
#5307 = VERTEX_POINT('',#5308);
#5308 = CARTESIAN_POINT('',(-1.959072848962,2.250000042608,5.95));
#5309 = LINE('',#5310,#5311);
#5310 = CARTESIAN_POINT('',(-1.99294381805,2.150806490279,5.95));
#5311 = VECTOR('',#5312,1.);
#5312 = DIRECTION('',(0.323143853292,0.946349856068,-1.653252341274E-16)
  );
#5313 = ORIENTED_EDGE('',*,*,#5314,.F.);
#5314 = EDGE_CURVE('',#5315,#5307,#5317,.T.);
#5315 = VERTEX_POINT('',#5316);
#5316 = CARTESIAN_POINT('',(-1.959072848962,2.250000042608,5.75));
#5317 = LINE('',#5318,#5319);
#5318 = CARTESIAN_POINT('',(-1.959072848962,2.250000042608,5.75));
#5319 = VECTOR('',#5320,1.);
#5320 = DIRECTION('',(5.116149740848E-16,1.479114197289E-31,1.));
#5321 = ORIENTED_EDGE('',*,*,#5322,.F.);
#5322 = EDGE_CURVE('',#5279,#5315,#5323,.T.);
#5323 = LINE('',#5324,#5325);
#5324 = CARTESIAN_POINT('',(-1.988400913703,2.164110710152,5.75));
#5325 = VECTOR('',#5326,1.);
#5326 = DIRECTION('',(0.323143853292,0.946349856068,-1.653252341274E-16)
  );
#5327 = ORIENTED_EDGE('',*,*,#5278,.T.);
#5328 = PLANE('',#5329);
#5329 = AXIS2_PLACEMENT_3D('',#5330,#5331,#5332);
#5330 = CARTESIAN_POINT('',(-1.99294381805,2.150806490279,5.75));
#5331 = DIRECTION('',(-0.946349856068,0.323143853292,4.841667570874E-16)
  );
#5332 = DIRECTION('',(5.115197012982E-16,-2.790131607184E-19,1.));
#5333 = ADVANCED_FACE('',(#5334),#5350,.T.);
#5334 = FACE_BOUND('',#5335,.T.);
#5335 = EDGE_LOOP('',(#5336,#5342,#5343,#5349));
#5336 = ORIENTED_EDGE('',*,*,#5337,.T.);
#5337 = EDGE_CURVE('',#5307,#4802,#5338,.T.);
#5338 = LINE('',#5339,#5340);
#5339 = CARTESIAN_POINT('',(-1.959072848962,2.250000042608,5.95));
#5340 = VECTOR('',#5341,1.);
#5341 = DIRECTION('',(1.,3.71230823859E-16,-5.116149740848E-16));
#5342 = ORIENTED_EDGE('',*,*,#4827,.F.);
#5343 = ORIENTED_EDGE('',*,*,#5344,.F.);
#5344 = EDGE_CURVE('',#5315,#4820,#5345,.T.);
#5345 = LINE('',#5346,#5347);
#5346 = CARTESIAN_POINT('',(-0.979536424481,2.250000042608,5.75));
#5347 = VECTOR('',#5348,1.);
#5348 = DIRECTION('',(1.,3.71230823859E-16,-5.116149740848E-16));
#5349 = ORIENTED_EDGE('',*,*,#5314,.T.);
#5350 = PLANE('',#5351);
#5351 = AXIS2_PLACEMENT_3D('',#5352,#5353,#5354);
#5352 = CARTESIAN_POINT('',(-1.959072848962,2.250000042608,5.75));
#5353 = DIRECTION('',(-3.71230823859E-16,1.,4.201582859919E-32));
#5354 = DIRECTION('',(5.107025913276E-16,1.475727151263E-31,1.));
#5355 = ADVANCED_FACE('',(#5356),#5374,.T.);
#5356 = FACE_BOUND('',#5357,.T.);
#5357 = EDGE_LOOP('',(#5358,#5359,#5360,#5361,#5362,#5363,#5364,#5365,
    #5366,#5367,#5368,#5369,#5370,#5371,#5372,#5373));
#5358 = ORIENTED_EDGE('',*,*,#4801,.F.);
#5359 = ORIENTED_EDGE('',*,*,#5337,.F.);
#5360 = ORIENTED_EDGE('',*,*,#5306,.F.);
#5361 = ORIENTED_EDGE('',*,*,#5269,.F.);
#5362 = ORIENTED_EDGE('',*,*,#5228,.F.);
#5363 = ORIENTED_EDGE('',*,*,#5195,.F.);
#5364 = ORIENTED_EDGE('',*,*,#5162,.F.);
#5365 = ORIENTED_EDGE('',*,*,#5125,.F.);
#5366 = ORIENTED_EDGE('',*,*,#5092,.F.);
#5367 = ORIENTED_EDGE('',*,*,#5061,.F.);
#5368 = ORIENTED_EDGE('',*,*,#5024,.F.);
#5369 = ORIENTED_EDGE('',*,*,#4983,.F.);
#5370 = ORIENTED_EDGE('',*,*,#4942,.F.);
#5371 = ORIENTED_EDGE('',*,*,#4905,.F.);
#5372 = ORIENTED_EDGE('',*,*,#4872,.F.);
#5373 = ORIENTED_EDGE('',*,*,#4841,.F.);
#5374 = PLANE('',#5375);
#5375 = AXIS2_PLACEMENT_3D('',#5376,#5377,#5378);
#5376 = CARTESIAN_POINT('',(-2.436450503406,1.521962220736,5.95));
#5377 = DIRECTION('',(5.116149740848E-16,1.479114197289E-31,1.));
#5378 = DIRECTION('',(1.,3.774758283726E-16,-5.116149740848E-16));
#5379 = ADVANCED_FACE('',(#5380),#5414,.T.);
#5380 = FACE_BOUND('',#5381,.T.);
#5381 = EDGE_LOOP('',(#5382,#5392,#5400,#5408));
#5382 = ORIENTED_EDGE('',*,*,#5383,.T.);
#5383 = EDGE_CURVE('',#5384,#5386,#5388,.T.);
#5384 = VERTEX_POINT('',#5385);
#5385 = CARTESIAN_POINT('',(0.352620791283,2.250000042608,5.95));
#5386 = VERTEX_POINT('',#5387);
#5387 = CARTESIAN_POINT('',(0.352620791283,2.159274232551,5.95));
#5388 = LINE('',#5389,#5390);
#5389 = CARTESIAN_POINT('',(0.352620791283,2.250000042608,5.95));
#5390 = VECTOR('',#5391,1.);
#5391 = DIRECTION('',(3.71230823859E-16,-1.,-4.201582859919E-32));
#5392 = ORIENTED_EDGE('',*,*,#5393,.F.);
#5393 = EDGE_CURVE('',#5394,#5386,#5396,.T.);
#5394 = VERTEX_POINT('',#5395);
#5395 = CARTESIAN_POINT('',(0.352620791283,2.159274232551,5.75));
#5396 = LINE('',#5397,#5398);
#5397 = CARTESIAN_POINT('',(0.352620791283,2.159274232551,5.75));
#5398 = VECTOR('',#5399,1.);
#5399 = DIRECTION('',(5.116149740848E-16,1.479114197289E-31,1.));
#5400 = ORIENTED_EDGE('',*,*,#5401,.F.);
#5401 = EDGE_CURVE('',#5402,#5394,#5404,.T.);
#5402 = VERTEX_POINT('',#5403);
#5403 = CARTESIAN_POINT('',(0.352620791283,2.250000042608,5.75));
#5404 = LINE('',#5405,#5406);
#5405 = CARTESIAN_POINT('',(0.352620791283,1.875000021304,5.75));
#5406 = VECTOR('',#5407,1.);
#5407 = DIRECTION('',(3.71230823859E-16,-1.,-2.079363207786E-30));
#5408 = ORIENTED_EDGE('',*,*,#5409,.T.);
#5409 = EDGE_CURVE('',#5402,#5384,#5410,.T.);
#5410 = LINE('',#5411,#5412);
#5411 = CARTESIAN_POINT('',(0.352620791283,2.250000042608,5.75));
#5412 = VECTOR('',#5413,1.);
#5413 = DIRECTION('',(5.116149740848E-16,1.479114197289E-31,1.));
#5414 = PLANE('',#5415);
#5415 = AXIS2_PLACEMENT_3D('',#5416,#5417,#5418);
#5416 = CARTESIAN_POINT('',(0.352620791283,2.250000042608,5.75));
#5417 = DIRECTION('',(1.,3.71230823859E-16,-5.116149740848E-16));
#5418 = DIRECTION('',(-5.116149740848E-16,-3.387046026532E-34,-1.));
#5419 = ADVANCED_FACE('',(#5420),#5445,.T.);
#5420 = FACE_BOUND('',#5421,.T.);
#5421 = EDGE_LOOP('',(#5422,#5430,#5438,#5444));
#5422 = ORIENTED_EDGE('',*,*,#5423,.T.);
#5423 = EDGE_CURVE('',#5386,#5424,#5426,.T.);
#5424 = VERTEX_POINT('',#5425);
#5425 = CARTESIAN_POINT('',(0.307862724989,2.159274232551,5.95));
#5426 = LINE('',#5427,#5428);
#5427 = CARTESIAN_POINT('',(0.352620791283,2.159274232551,5.95));
#5428 = VECTOR('',#5429,1.);
#5429 = DIRECTION('',(-1.,-3.71230823859E-16,5.116149740848E-16));
#5430 = ORIENTED_EDGE('',*,*,#5431,.F.);
#5431 = EDGE_CURVE('',#5432,#5424,#5434,.T.);
#5432 = VERTEX_POINT('',#5433);
#5433 = CARTESIAN_POINT('',(0.307862724989,2.159274232551,5.75));
#5434 = LINE('',#5435,#5436);
#5435 = CARTESIAN_POINT('',(0.307862724989,2.159274232551,5.75));
#5436 = VECTOR('',#5437,1.);
#5437 = DIRECTION('',(5.116149740848E-16,1.479114197289E-31,1.));
#5438 = ORIENTED_EDGE('',*,*,#5439,.F.);
#5439 = EDGE_CURVE('',#5394,#5432,#5440,.T.);
#5440 = LINE('',#5441,#5442);
#5441 = CARTESIAN_POINT('',(0.176310395642,2.159274232551,5.75));
#5442 = VECTOR('',#5443,1.);
#5443 = DIRECTION('',(-1.,-3.71230823859E-16,5.116149740848E-16));
#5444 = ORIENTED_EDGE('',*,*,#5393,.T.);
#5445 = PLANE('',#5446);
#5446 = AXIS2_PLACEMENT_3D('',#5447,#5448,#5449);
#5447 = CARTESIAN_POINT('',(0.352620791283,2.159274232551,5.75));
#5448 = DIRECTION('',(3.71230823859E-16,-1.,-4.201582859919E-32));
#5449 = DIRECTION('',(-5.107025913276E-16,-1.475727151263E-31,-1.));
#5450 = ADVANCED_FACE('',(#5451),#5480,.T.);
#5451 = FACE_BOUND('',#5452,.T.);
#5452 = EDGE_LOOP('',(#5453,#5463,#5471,#5479));
#5453 = ORIENTED_EDGE('',*,*,#5454,.T.);
#5454 = EDGE_CURVE('',#5424,#5455,#5457,.T.);
#5455 = VERTEX_POINT('',#5456);
#5456 = CARTESIAN_POINT('',(0.163911106365,1.969354870166,5.95));
#5457 = B_SPLINE_CURVE_WITH_KNOTS('',2,(#5458,#5459,#5460,#5461,#5462),
  .UNSPECIFIED.,.F.,.F.,(3,1,1,3),(0.,1.,2.,3.),.QUASI_UNIFORM_KNOTS.);
#5458 = CARTESIAN_POINT('',(0.307862724989,2.159274232551,5.95));
#5459 = CARTESIAN_POINT('',(0.24616917415,2.159274232551,5.95));
#5460 = CARTESIAN_POINT('',(0.189314333181,2.124193585996,5.95));
#5461 = CARTESIAN_POINT('',(0.163911106365,2.06129035769,5.95));
#5462 = CARTESIAN_POINT('',(0.163911106365,1.969354870166,5.95));
#5463 = ORIENTED_EDGE('',*,*,#5464,.F.);
#5464 = EDGE_CURVE('',#5465,#5455,#5467,.T.);
#5465 = VERTEX_POINT('',#5466);
#5466 = CARTESIAN_POINT('',(0.163911106365,1.969354870166,5.75));
#5467 = LINE('',#5468,#5469);
#5468 = CARTESIAN_POINT('',(0.163911106365,1.969354870166,5.75));
#5469 = VECTOR('',#5470,1.);
#5470 = DIRECTION('',(5.116149740848E-16,1.479114197289E-31,1.));
#5471 = ORIENTED_EDGE('',*,*,#5472,.F.);
#5472 = EDGE_CURVE('',#5432,#5465,#5473,.T.);
#5473 = B_SPLINE_CURVE_WITH_KNOTS('',2,(#5474,#5475,#5476,#5477,#5478),
  .UNSPECIFIED.,.F.,.F.,(3,1,1,3),(0.,1.,2.,3.),.QUASI_UNIFORM_KNOTS.);
#5474 = CARTESIAN_POINT('',(0.307862724989,2.159274232551,5.75));
#5475 = CARTESIAN_POINT('',(0.24616917415,2.159274232551,5.75));
#5476 = CARTESIAN_POINT('',(0.189314333181,2.124193585996,5.75));
#5477 = CARTESIAN_POINT('',(0.163911106365,2.06129035769,5.75));
#5478 = CARTESIAN_POINT('',(0.163911106365,1.969354870166,5.75));
#5479 = ORIENTED_EDGE('',*,*,#5431,.T.);
#5480 = B_SPLINE_SURFACE_WITH_KNOTS('',2,1,(
    (#5481,#5482)
    ,(#5483,#5484)
    ,(#5485,#5486)
    ,(#5487,#5488)
    ,(#5489,#5490
    )),.UNSPECIFIED.,.F.,.F.,.F.,(3,1,1,3),(2,2),(-3.,-2.,-1.,0.),(0.,
    2.4E-02),.UNSPECIFIED.);
#5481 = CARTESIAN_POINT('',(0.163911106365,1.969354870166,5.75));
#5482 = CARTESIAN_POINT('',(0.163911106365,1.969354870166,5.99));
#5483 = CARTESIAN_POINT('',(0.163911106365,2.06129035769,5.75));
#5484 = CARTESIAN_POINT('',(0.163911106365,2.06129035769,5.99));
#5485 = CARTESIAN_POINT('',(0.189314333181,2.124193585996,5.75));
#5486 = CARTESIAN_POINT('',(0.189314333181,2.124193585996,5.99));
#5487 = CARTESIAN_POINT('',(0.24616917415,2.159274232551,5.75));
#5488 = CARTESIAN_POINT('',(0.24616917415,2.159274232551,5.99));
#5489 = CARTESIAN_POINT('',(0.307862724989,2.159274232551,5.75));
#5490 = CARTESIAN_POINT('',(0.307862724989,2.159274232551,5.99));
#5491 = ADVANCED_FACE('',(#5492),#5517,.T.);
#5492 = FACE_BOUND('',#5493,.T.);
#5493 = EDGE_LOOP('',(#5494,#5502,#5510,#5516));
#5494 = ORIENTED_EDGE('',*,*,#5495,.T.);
#5495 = EDGE_CURVE('',#5455,#5496,#5498,.T.);
#5496 = VERTEX_POINT('',#5497);
#5497 = CARTESIAN_POINT('',(0.163911106365,1.002822573695,5.95));
#5498 = LINE('',#5499,#5500);
#5499 = CARTESIAN_POINT('',(0.163911106365,1.969354870166,5.95));
#5500 = VECTOR('',#5501,1.);
#5501 = DIRECTION('',(3.71230823859E-16,-1.,-4.201582859919E-32));
#5502 = ORIENTED_EDGE('',*,*,#5503,.F.);
#5503 = EDGE_CURVE('',#5504,#5496,#5506,.T.);
#5504 = VERTEX_POINT('',#5505);
#5505 = CARTESIAN_POINT('',(0.163911106365,1.002822573695,5.75));
#5506 = LINE('',#5507,#5508);
#5507 = CARTESIAN_POINT('',(0.163911106365,1.002822573695,5.75));
#5508 = VECTOR('',#5509,1.);
#5509 = DIRECTION('',(5.116149740848E-16,1.479114197289E-31,1.));
#5510 = ORIENTED_EDGE('',*,*,#5511,.F.);
#5511 = EDGE_CURVE('',#5465,#5504,#5512,.T.);
#5512 = LINE('',#5513,#5514);
#5513 = CARTESIAN_POINT('',(0.163911106365,1.734677435083,5.75));
#5514 = VECTOR('',#5515,1.);
#5515 = DIRECTION('',(3.71230823859E-16,-1.,-2.079363207786E-30));
#5516 = ORIENTED_EDGE('',*,*,#5464,.T.);
#5517 = PLANE('',#5518);
#5518 = AXIS2_PLACEMENT_3D('',#5519,#5520,#5521);
#5519 = CARTESIAN_POINT('',(0.163911106365,1.969354870166,5.75));
#5520 = DIRECTION('',(1.,3.71230823859E-16,-5.116149740848E-16));
#5521 = DIRECTION('',(-5.116149740848E-16,-3.387046026532E-34,-1.));
#5522 = ADVANCED_FACE('',(#5523),#5552,.T.);
#5523 = FACE_BOUND('',#5524,.T.);
#5524 = EDGE_LOOP('',(#5525,#5535,#5543,#5551));
#5525 = ORIENTED_EDGE('',*,*,#5526,.T.);
#5526 = EDGE_CURVE('',#5496,#5527,#5529,.T.);
#5527 = VERTEX_POINT('',#5528);
#5528 = CARTESIAN_POINT('',(0.307862724989,0.84072579306,5.95));
#5529 = B_SPLINE_CURVE_WITH_KNOTS('',2,(#5530,#5531,#5532,#5533,#5534),
  .UNSPECIFIED.,.F.,.F.,(3,1,1,3),(0.,1.,2.,3.),.QUASI_UNIFORM_KNOTS.);
#5530 = CARTESIAN_POINT('',(0.163911106365,1.002822573695,5.95));
#5531 = CARTESIAN_POINT('',(0.163911106365,0.930241925649,5.95));
#5532 = CARTESIAN_POINT('',(0.191733688116,0.868548374811,5.95));
#5533 = CARTESIAN_POINT('',(0.242540141748,0.84072579306,5.95));
#5534 = CARTESIAN_POINT('',(0.307862724989,0.84072579306,5.95));
#5535 = ORIENTED_EDGE('',*,*,#5536,.F.);
#5536 = EDGE_CURVE('',#5537,#5527,#5539,.T.);
#5537 = VERTEX_POINT('',#5538);
#5538 = CARTESIAN_POINT('',(0.307862724989,0.84072579306,5.75));
#5539 = LINE('',#5540,#5541);
#5540 = CARTESIAN_POINT('',(0.307862724989,0.84072579306,5.75));
#5541 = VECTOR('',#5542,1.);
#5542 = DIRECTION('',(5.116149740848E-16,1.479114197289E-31,1.));
#5543 = ORIENTED_EDGE('',*,*,#5544,.F.);
#5544 = EDGE_CURVE('',#5504,#5537,#5545,.T.);
#5545 = B_SPLINE_CURVE_WITH_KNOTS('',2,(#5546,#5547,#5548,#5549,#5550),
  .UNSPECIFIED.,.F.,.F.,(3,1,1,3),(0.,1.,2.,3.),.QUASI_UNIFORM_KNOTS.);
#5546 = CARTESIAN_POINT('',(0.163911106365,1.002822573695,5.75));
#5547 = CARTESIAN_POINT('',(0.163911106365,0.930241925649,5.75));
#5548 = CARTESIAN_POINT('',(0.191733688116,0.868548374811,5.75));
#5549 = CARTESIAN_POINT('',(0.242540141748,0.84072579306,5.75));
#5550 = CARTESIAN_POINT('',(0.307862724989,0.84072579306,5.75));
#5551 = ORIENTED_EDGE('',*,*,#5503,.T.);
#5552 = B_SPLINE_SURFACE_WITH_KNOTS('',2,1,(
    (#5553,#5554)
    ,(#5555,#5556)
    ,(#5557,#5558)
    ,(#5559,#5560)
    ,(#5561,#5562
    )),.UNSPECIFIED.,.F.,.F.,.F.,(3,1,1,3),(2,2),(-3.,-2.,-1.,0.),(0.,
    2.4E-02),.UNSPECIFIED.);
#5553 = CARTESIAN_POINT('',(0.307862724989,0.84072579306,5.75));
#5554 = CARTESIAN_POINT('',(0.307862724989,0.84072579306,5.99));
#5555 = CARTESIAN_POINT('',(0.242540141748,0.84072579306,5.75));
#5556 = CARTESIAN_POINT('',(0.242540141748,0.84072579306,5.99));
#5557 = CARTESIAN_POINT('',(0.191733688116,0.868548374811,5.75));
#5558 = CARTESIAN_POINT('',(0.191733688116,0.868548374811,5.99));
#5559 = CARTESIAN_POINT('',(0.163911106365,0.930241925649,5.75));
#5560 = CARTESIAN_POINT('',(0.163911106365,0.930241925649,5.99));
#5561 = CARTESIAN_POINT('',(0.163911106365,1.002822573695,5.75));
#5562 = CARTESIAN_POINT('',(0.163911106365,1.002822573695,5.99));
#5563 = ADVANCED_FACE('',(#5564),#5589,.T.);
#5564 = FACE_BOUND('',#5565,.T.);
#5565 = EDGE_LOOP('',(#5566,#5574,#5582,#5588));
#5566 = ORIENTED_EDGE('',*,*,#5567,.T.);
#5567 = EDGE_CURVE('',#5527,#5568,#5570,.T.);
#5568 = VERTEX_POINT('',#5569);
#5569 = CARTESIAN_POINT('',(0.352620791283,0.84072579306,5.95));
#5570 = LINE('',#5571,#5572);
#5571 = CARTESIAN_POINT('',(0.307862724989,0.84072579306,5.95));
#5572 = VECTOR('',#5573,1.);
#5573 = DIRECTION('',(1.,3.71230823859E-16,-5.116149740848E-16));
#5574 = ORIENTED_EDGE('',*,*,#5575,.F.);
#5575 = EDGE_CURVE('',#5576,#5568,#5578,.T.);
#5576 = VERTEX_POINT('',#5577);
#5577 = CARTESIAN_POINT('',(0.352620791283,0.84072579306,5.75));
#5578 = LINE('',#5579,#5580);
#5579 = CARTESIAN_POINT('',(0.352620791283,0.84072579306,5.75));
#5580 = VECTOR('',#5581,1.);
#5581 = DIRECTION('',(5.116149740848E-16,1.479114197289E-31,1.));
#5582 = ORIENTED_EDGE('',*,*,#5583,.F.);
#5583 = EDGE_CURVE('',#5537,#5576,#5584,.T.);
#5584 = LINE('',#5585,#5586);
#5585 = CARTESIAN_POINT('',(0.153931362494,0.84072579306,5.75));
#5586 = VECTOR('',#5587,1.);
#5587 = DIRECTION('',(1.,3.71230823859E-16,-5.116149740848E-16));
#5588 = ORIENTED_EDGE('',*,*,#5536,.T.);
#5589 = PLANE('',#5590);
#5590 = AXIS2_PLACEMENT_3D('',#5591,#5592,#5593);
#5591 = CARTESIAN_POINT('',(0.307862724989,0.84072579306,5.75));
#5592 = DIRECTION('',(-3.71230823859E-16,1.,4.201582859919E-32));
#5593 = DIRECTION('',(5.107025913276E-16,1.475727151263E-31,1.));
#5594 = ADVANCED_FACE('',(#5595),#5620,.T.);
#5595 = FACE_BOUND('',#5596,.T.);
#5596 = EDGE_LOOP('',(#5597,#5605,#5613,#5619));
#5597 = ORIENTED_EDGE('',*,*,#5598,.T.);
#5598 = EDGE_CURVE('',#5568,#5599,#5601,.T.);
#5599 = VERTEX_POINT('',#5600);
#5600 = CARTESIAN_POINT('',(0.352620791283,0.749999983003,5.95));
#5601 = LINE('',#5602,#5603);
#5602 = CARTESIAN_POINT('',(0.352620791283,0.84072579306,5.95));
#5603 = VECTOR('',#5604,1.);
#5604 = DIRECTION('',(3.71230823859E-16,-1.,-4.201582859919E-32));
#5605 = ORIENTED_EDGE('',*,*,#5606,.F.);
#5606 = EDGE_CURVE('',#5607,#5599,#5609,.T.);
#5607 = VERTEX_POINT('',#5608);
#5608 = CARTESIAN_POINT('',(0.352620791283,0.749999983003,5.75));
#5609 = LINE('',#5610,#5611);
#5610 = CARTESIAN_POINT('',(0.352620791283,0.749999983003,5.75));
#5611 = VECTOR('',#5612,1.);
#5612 = DIRECTION('',(5.116149740848E-16,1.479114197289E-31,1.));
#5613 = ORIENTED_EDGE('',*,*,#5614,.F.);
#5614 = EDGE_CURVE('',#5576,#5607,#5615,.T.);
#5615 = LINE('',#5616,#5617);
#5616 = CARTESIAN_POINT('',(0.352620791283,1.17036289653,5.75));
#5617 = VECTOR('',#5618,1.);
#5618 = DIRECTION('',(3.71230823859E-16,-1.,-2.079363207786E-30));
#5619 = ORIENTED_EDGE('',*,*,#5575,.T.);
#5620 = PLANE('',#5621);
#5621 = AXIS2_PLACEMENT_3D('',#5622,#5623,#5624);
#5622 = CARTESIAN_POINT('',(0.352620791283,0.84072579306,5.75));
#5623 = DIRECTION('',(1.,3.71230823859E-16,-5.116149740848E-16));
#5624 = DIRECTION('',(-5.116149740848E-16,-3.387046026532E-34,-1.));
#5625 = ADVANCED_FACE('',(#5626),#5651,.T.);
#5626 = FACE_BOUND('',#5627,.T.);
#5627 = EDGE_LOOP('',(#5628,#5636,#5644,#5650));
#5628 = ORIENTED_EDGE('',*,*,#5629,.T.);
#5629 = EDGE_CURVE('',#5599,#5630,#5632,.T.);
#5630 = VERTEX_POINT('',#5631);
#5631 = CARTESIAN_POINT('',(-0.221976005743,0.749999983003,5.95));
#5632 = LINE('',#5633,#5634);
#5633 = CARTESIAN_POINT('',(0.352620791283,0.749999983003,5.95));
#5634 = VECTOR('',#5635,1.);
#5635 = DIRECTION('',(-1.,-3.71230823859E-16,5.116149740848E-16));
#5636 = ORIENTED_EDGE('',*,*,#5637,.F.);
#5637 = EDGE_CURVE('',#5638,#5630,#5640,.T.);
#5638 = VERTEX_POINT('',#5639);
#5639 = CARTESIAN_POINT('',(-0.221976005743,0.749999983003,5.75));
#5640 = LINE('',#5641,#5642);
#5641 = CARTESIAN_POINT('',(-0.221976005743,0.749999983003,5.75));
#5642 = VECTOR('',#5643,1.);
#5643 = DIRECTION('',(5.116149740848E-16,1.479114197289E-31,1.));
#5644 = ORIENTED_EDGE('',*,*,#5645,.F.);
#5645 = EDGE_CURVE('',#5607,#5638,#5646,.T.);
#5646 = LINE('',#5647,#5648);
#5647 = CARTESIAN_POINT('',(0.176310395642,0.749999983003,5.75));
#5648 = VECTOR('',#5649,1.);
#5649 = DIRECTION('',(-1.,-3.71230823859E-16,5.116149740848E-16));
#5650 = ORIENTED_EDGE('',*,*,#5606,.T.);
#5651 = PLANE('',#5652);
#5652 = AXIS2_PLACEMENT_3D('',#5653,#5654,#5655);
#5653 = CARTESIAN_POINT('',(0.352620791283,0.749999983003,5.75));
#5654 = DIRECTION('',(3.71230823859E-16,-1.,-4.201582859919E-32));
#5655 = DIRECTION('',(-5.107025913276E-16,-1.475727151263E-31,-1.));
#5656 = ADVANCED_FACE('',(#5657),#5682,.T.);
#5657 = FACE_BOUND('',#5658,.T.);
#5658 = EDGE_LOOP('',(#5659,#5667,#5675,#5681));
#5659 = ORIENTED_EDGE('',*,*,#5660,.T.);
#5660 = EDGE_CURVE('',#5630,#5661,#5663,.T.);
#5661 = VERTEX_POINT('',#5662);
#5662 = CARTESIAN_POINT('',(-0.221976005743,0.84072579306,5.95));
#5663 = LINE('',#5664,#5665);
#5664 = CARTESIAN_POINT('',(-0.221976005743,0.749999983003,5.95));
#5665 = VECTOR('',#5666,1.);
#5666 = DIRECTION('',(-3.71230823859E-16,1.,4.201582859919E-32));
#5667 = ORIENTED_EDGE('',*,*,#5668,.F.);
#5668 = EDGE_CURVE('',#5669,#5661,#5671,.T.);
#5669 = VERTEX_POINT('',#5670);
#5670 = CARTESIAN_POINT('',(-0.221976005743,0.84072579306,5.75));
#5671 = LINE('',#5672,#5673);
#5672 = CARTESIAN_POINT('',(-0.221976005743,0.84072579306,5.75));
#5673 = VECTOR('',#5674,1.);
#5674 = DIRECTION('',(5.116149740848E-16,1.479114197289E-31,1.));
#5675 = ORIENTED_EDGE('',*,*,#5676,.F.);
#5676 = EDGE_CURVE('',#5638,#5669,#5677,.T.);
#5677 = LINE('',#5678,#5679);
#5678 = CARTESIAN_POINT('',(-0.221976005743,1.124999991502,5.75));
#5679 = VECTOR('',#5680,1.);
#5680 = DIRECTION('',(-3.71230823859E-16,1.,2.079363207786E-30));
#5681 = ORIENTED_EDGE('',*,*,#5637,.T.);
#5682 = PLANE('',#5683);
#5683 = AXIS2_PLACEMENT_3D('',#5684,#5685,#5686);
#5684 = CARTESIAN_POINT('',(-0.221976005743,0.749999983003,5.75));
#5685 = DIRECTION('',(-1.,-3.71230823859E-16,5.116149740848E-16));
#5686 = DIRECTION('',(5.116149740848E-16,3.387046026532E-34,1.));
#5687 = ADVANCED_FACE('',(#5688),#5713,.T.);
#5688 = FACE_BOUND('',#5689,.T.);
#5689 = EDGE_LOOP('',(#5690,#5698,#5706,#5712));
#5690 = ORIENTED_EDGE('',*,*,#5691,.T.);
#5691 = EDGE_CURVE('',#5661,#5692,#5694,.T.);
#5692 = VERTEX_POINT('',#5693);
#5693 = CARTESIAN_POINT('',(-0.174798584513,0.84072579306,5.95));
#5694 = LINE('',#5695,#5696);
#5695 = CARTESIAN_POINT('',(-0.221976005743,0.84072579306,5.95));
#5696 = VECTOR('',#5697,1.);
#5697 = DIRECTION('',(1.,3.71230823859E-16,-5.116149740848E-16));
#5698 = ORIENTED_EDGE('',*,*,#5699,.F.);
#5699 = EDGE_CURVE('',#5700,#5692,#5702,.T.);
#5700 = VERTEX_POINT('',#5701);
#5701 = CARTESIAN_POINT('',(-0.174798584513,0.84072579306,5.75));
#5702 = LINE('',#5703,#5704);
#5703 = CARTESIAN_POINT('',(-0.174798584513,0.84072579306,5.75));
#5704 = VECTOR('',#5705,1.);
#5705 = DIRECTION('',(5.116149740848E-16,1.479114197289E-31,1.));
#5706 = ORIENTED_EDGE('',*,*,#5707,.F.);
#5707 = EDGE_CURVE('',#5669,#5700,#5708,.T.);
#5708 = LINE('',#5709,#5710);
#5709 = CARTESIAN_POINT('',(-0.110988002871,0.84072579306,5.75));
#5710 = VECTOR('',#5711,1.);
#5711 = DIRECTION('',(1.,3.71230823859E-16,-5.116149740848E-16));
#5712 = ORIENTED_EDGE('',*,*,#5668,.T.);
#5713 = PLANE('',#5714);
#5714 = AXIS2_PLACEMENT_3D('',#5715,#5716,#5717);
#5715 = CARTESIAN_POINT('',(-0.221976005743,0.84072579306,5.75));
#5716 = DIRECTION('',(-3.71230823859E-16,1.,4.201582859919E-32));
#5717 = DIRECTION('',(5.107025913276E-16,1.475727151263E-31,1.));
#5718 = ADVANCED_FACE('',(#5719),#5748,.T.);
#5719 = FACE_BOUND('',#5720,.T.);
#5720 = EDGE_LOOP('',(#5721,#5731,#5739,#5747));
#5721 = ORIENTED_EDGE('',*,*,#5722,.T.);
#5722 = EDGE_CURVE('',#5692,#5723,#5725,.T.);
#5723 = VERTEX_POINT('',#5724);
#5724 = CARTESIAN_POINT('',(-3.447599829204E-02,1.002822573695,5.95));
#5725 = B_SPLINE_CURVE_WITH_KNOTS('',2,(#5726,#5727,#5728,#5729,#5730),
  .UNSPECIFIED.,.F.,.F.,(3,1,1,3),(0.,1.,2.,3.),.QUASI_UNIFORM_KNOTS.);
#5726 = CARTESIAN_POINT('',(-0.174798584513,0.84072579306,5.95));
#5727 = CARTESIAN_POINT('',(-0.11068567874,0.84072579306,5.95));
#5728 = CARTESIAN_POINT('',(-5.86695476405E-02,0.869758052278,5.95));
#5729 = CARTESIAN_POINT('',(-3.447599829204E-02,0.924193538312,5.95));
#5730 = CARTESIAN_POINT('',(-3.447599829204E-02,1.002822573695,5.95));
#5731 = ORIENTED_EDGE('',*,*,#5732,.F.);
#5732 = EDGE_CURVE('',#5733,#5723,#5735,.T.);
#5733 = VERTEX_POINT('',#5734);
#5734 = CARTESIAN_POINT('',(-3.447599829204E-02,1.002822573695,5.75));
#5735 = LINE('',#5736,#5737);
#5736 = CARTESIAN_POINT('',(-3.447599829204E-02,1.002822573695,5.75));
#5737 = VECTOR('',#5738,1.);
#5738 = DIRECTION('',(5.116149740848E-16,1.479114197289E-31,1.));
#5739 = ORIENTED_EDGE('',*,*,#5740,.F.);
#5740 = EDGE_CURVE('',#5700,#5733,#5741,.T.);
#5741 = B_SPLINE_CURVE_WITH_KNOTS('',2,(#5742,#5743,#5744,#5745,#5746),
  .UNSPECIFIED.,.F.,.F.,(3,1,1,3),(0.,1.,2.,3.),.QUASI_UNIFORM_KNOTS.);
#5742 = CARTESIAN_POINT('',(-0.174798584513,0.84072579306,5.75));
#5743 = CARTESIAN_POINT('',(-0.11068567874,0.84072579306,5.75));
#5744 = CARTESIAN_POINT('',(-5.86695476405E-02,0.869758052278,5.75));
#5745 = CARTESIAN_POINT('',(-3.447599829204E-02,0.924193538312,5.75));
#5746 = CARTESIAN_POINT('',(-3.447599829204E-02,1.002822573695,5.75));
#5747 = ORIENTED_EDGE('',*,*,#5699,.T.);
#5748 = B_SPLINE_SURFACE_WITH_KNOTS('',2,1,(
    (#5749,#5750)
    ,(#5751,#5752)
    ,(#5753,#5754)
    ,(#5755,#5756)
    ,(#5757,#5758
    )),.UNSPECIFIED.,.F.,.F.,.F.,(3,1,1,3),(2,2),(-3.,-2.,-1.,0.),(0.,
    2.4E-02),.UNSPECIFIED.);
#5749 = CARTESIAN_POINT('',(-3.447599829204E-02,1.002822573695,5.75));
#5750 = CARTESIAN_POINT('',(-3.447599829204E-02,1.002822573695,5.99));
#5751 = CARTESIAN_POINT('',(-3.447599829204E-02,0.924193538312,5.75));
#5752 = CARTESIAN_POINT('',(-3.447599829204E-02,0.924193538312,5.99));
#5753 = CARTESIAN_POINT('',(-5.86695476405E-02,0.869758052278,5.75));
#5754 = CARTESIAN_POINT('',(-5.86695476405E-02,0.869758052278,5.99));
#5755 = CARTESIAN_POINT('',(-0.11068567874,0.84072579306,5.75));
#5756 = CARTESIAN_POINT('',(-0.11068567874,0.84072579306,5.99));
#5757 = CARTESIAN_POINT('',(-0.174798584513,0.84072579306,5.75));
#5758 = CARTESIAN_POINT('',(-0.174798584513,0.84072579306,5.99));
#5759 = ADVANCED_FACE('',(#5760),#5785,.T.);
#5760 = FACE_BOUND('',#5761,.T.);
#5761 = EDGE_LOOP('',(#5762,#5770,#5778,#5784));
#5762 = ORIENTED_EDGE('',*,*,#5763,.T.);
#5763 = EDGE_CURVE('',#5723,#5764,#5766,.T.);
#5764 = VERTEX_POINT('',#5765);
#5765 = CARTESIAN_POINT('',(-3.447599829204E-02,1.992338742047,5.95));
#5766 = LINE('',#5767,#5768);
#5767 = CARTESIAN_POINT('',(-3.447599829204E-02,1.002822573695,5.95));
#5768 = VECTOR('',#5769,1.);
#5769 = DIRECTION('',(-3.71230823859E-16,1.,4.201582859919E-32));
#5770 = ORIENTED_EDGE('',*,*,#5771,.F.);
#5771 = EDGE_CURVE('',#5772,#5764,#5774,.T.);
#5772 = VERTEX_POINT('',#5773);
#5773 = CARTESIAN_POINT('',(-3.447599829204E-02,1.992338742047,5.75));
#5774 = LINE('',#5775,#5776);
#5775 = CARTESIAN_POINT('',(-3.447599829204E-02,1.992338742047,5.75));
#5776 = VECTOR('',#5777,1.);
#5777 = DIRECTION('',(5.116149740848E-16,1.479114197289E-31,1.));
#5778 = ORIENTED_EDGE('',*,*,#5779,.F.);
#5779 = EDGE_CURVE('',#5733,#5772,#5780,.T.);
#5780 = LINE('',#5781,#5782);
#5781 = CARTESIAN_POINT('',(-3.447599829204E-02,1.251411286847,5.75));
#5782 = VECTOR('',#5783,1.);
#5783 = DIRECTION('',(-3.71230823859E-16,1.,2.079363207786E-30));
#5784 = ORIENTED_EDGE('',*,*,#5732,.T.);
#5785 = PLANE('',#5786);
#5786 = AXIS2_PLACEMENT_3D('',#5787,#5788,#5789);
#5787 = CARTESIAN_POINT('',(-3.447599829204E-02,1.002822573695,5.75));
#5788 = DIRECTION('',(-1.,-3.71230823859E-16,5.116149740848E-16));
#5789 = DIRECTION('',(5.116149740848E-16,8.111147259123E-35,1.));
#5790 = ADVANCED_FACE('',(#5791),#5820,.T.);
#5791 = FACE_BOUND('',#5792,.T.);
#5792 = EDGE_LOOP('',(#5793,#5803,#5811,#5819));
#5793 = ORIENTED_EDGE('',*,*,#5794,.T.);
#5794 = EDGE_CURVE('',#5764,#5795,#5797,.T.);
#5795 = VERTEX_POINT('',#5796);
#5796 = CARTESIAN_POINT('',(-0.174798584513,2.159274232551,5.95));
#5797 = B_SPLINE_CURVE_WITH_KNOTS('',2,(#5798,#5799,#5800,#5801,#5802),
  .UNSPECIFIED.,.F.,.F.,(3,1,1,3),(0.,1.,2.,3.),.QUASI_UNIFORM_KNOTS.);
#5798 = CARTESIAN_POINT('',(-3.447599829204E-02,1.992338742047,5.95));
#5799 = CARTESIAN_POINT('',(-3.447599829204E-02,2.075806487299,5.95));
#5800 = CARTESIAN_POINT('',(-5.86695476405E-02,2.132661328268,5.95));
#5801 = CARTESIAN_POINT('',(-0.11068567874,2.159274232551,5.95));
#5802 = CARTESIAN_POINT('',(-0.174798584513,2.159274232551,5.95));
#5803 = ORIENTED_EDGE('',*,*,#5804,.F.);
#5804 = EDGE_CURVE('',#5805,#5795,#5807,.T.);
#5805 = VERTEX_POINT('',#5806);
#5806 = CARTESIAN_POINT('',(-0.174798584513,2.159274232551,5.75));
#5807 = LINE('',#5808,#5809);
#5808 = CARTESIAN_POINT('',(-0.174798584513,2.159274232551,5.75));
#5809 = VECTOR('',#5810,1.);
#5810 = DIRECTION('',(5.116149740848E-16,1.479114197289E-31,1.));
#5811 = ORIENTED_EDGE('',*,*,#5812,.F.);
#5812 = EDGE_CURVE('',#5772,#5805,#5813,.T.);
#5813 = B_SPLINE_CURVE_WITH_KNOTS('',2,(#5814,#5815,#5816,#5817,#5818),
  .UNSPECIFIED.,.F.,.F.,(3,1,1,3),(0.,1.,2.,3.),.QUASI_UNIFORM_KNOTS.);
#5814 = CARTESIAN_POINT('',(-3.447599829204E-02,1.992338742047,5.75));
#5815 = CARTESIAN_POINT('',(-3.447599829204E-02,2.075806487299,5.75));
#5816 = CARTESIAN_POINT('',(-5.86695476405E-02,2.132661328268,5.75));
#5817 = CARTESIAN_POINT('',(-0.11068567874,2.159274232551,5.75));
#5818 = CARTESIAN_POINT('',(-0.174798584513,2.159274232551,5.75));
#5819 = ORIENTED_EDGE('',*,*,#5771,.T.);
#5820 = B_SPLINE_SURFACE_WITH_KNOTS('',2,1,(
    (#5821,#5822)
    ,(#5823,#5824)
    ,(#5825,#5826)
    ,(#5827,#5828)
    ,(#5829,#5830
    )),.UNSPECIFIED.,.F.,.F.,.F.,(3,1,1,3),(2,2),(-3.,-2.,-1.,0.),(0.,
    2.4E-02),.UNSPECIFIED.);
#5821 = CARTESIAN_POINT('',(-0.174798584513,2.159274232551,5.75));
#5822 = CARTESIAN_POINT('',(-0.174798584513,2.159274232551,5.99));
#5823 = CARTESIAN_POINT('',(-0.11068567874,2.159274232551,5.75));
#5824 = CARTESIAN_POINT('',(-0.11068567874,2.159274232551,5.99));
#5825 = CARTESIAN_POINT('',(-5.86695476405E-02,2.132661328268,5.75));
#5826 = CARTESIAN_POINT('',(-5.86695476405E-02,2.132661328268,5.99));
#5827 = CARTESIAN_POINT('',(-3.447599829204E-02,2.075806487299,5.75));
#5828 = CARTESIAN_POINT('',(-3.447599829204E-02,2.075806487299,5.99));
#5829 = CARTESIAN_POINT('',(-3.447599829204E-02,1.992338742047,5.75));
#5830 = CARTESIAN_POINT('',(-3.447599829204E-02,1.992338742047,5.99));
#5831 = ADVANCED_FACE('',(#5832),#5857,.T.);
#5832 = FACE_BOUND('',#5833,.T.);
#5833 = EDGE_LOOP('',(#5834,#5842,#5850,#5856));
#5834 = ORIENTED_EDGE('',*,*,#5835,.T.);
#5835 = EDGE_CURVE('',#5795,#5836,#5838,.T.);
#5836 = VERTEX_POINT('',#5837);
#5837 = CARTESIAN_POINT('',(-0.221976005743,2.159274232551,5.95));
#5838 = LINE('',#5839,#5840);
#5839 = CARTESIAN_POINT('',(-0.174798584513,2.159274232551,5.95));
#5840 = VECTOR('',#5841,1.);
#5841 = DIRECTION('',(-1.,-3.71230823859E-16,5.116149740848E-16));
#5842 = ORIENTED_EDGE('',*,*,#5843,.F.);
#5843 = EDGE_CURVE('',#5844,#5836,#5846,.T.);
#5844 = VERTEX_POINT('',#5845);
#5845 = CARTESIAN_POINT('',(-0.221976005743,2.159274232551,5.75));
#5846 = LINE('',#5847,#5848);
#5847 = CARTESIAN_POINT('',(-0.221976005743,2.159274232551,5.75));
#5848 = VECTOR('',#5849,1.);
#5849 = DIRECTION('',(5.116149740848E-16,1.479114197289E-31,1.));
#5850 = ORIENTED_EDGE('',*,*,#5851,.F.);
#5851 = EDGE_CURVE('',#5805,#5844,#5852,.T.);
#5852 = LINE('',#5853,#5854);
#5853 = CARTESIAN_POINT('',(-8.739929225656E-02,2.159274232551,5.75));
#5854 = VECTOR('',#5855,1.);
#5855 = DIRECTION('',(-1.,-3.71230823859E-16,5.116149740848E-16));
#5856 = ORIENTED_EDGE('',*,*,#5804,.T.);
#5857 = PLANE('',#5858);
#5858 = AXIS2_PLACEMENT_3D('',#5859,#5860,#5861);
#5859 = CARTESIAN_POINT('',(-0.174798584513,2.159274232551,5.75));
#5860 = DIRECTION('',(3.71230823859E-16,-1.,-4.201582859919E-32));
#5861 = DIRECTION('',(-5.107025913276E-16,-1.475727151263E-31,-1.));
#5862 = ADVANCED_FACE('',(#5863),#5888,.T.);
#5863 = FACE_BOUND('',#5864,.T.);
#5864 = EDGE_LOOP('',(#5865,#5873,#5881,#5887));
#5865 = ORIENTED_EDGE('',*,*,#5866,.T.);
#5866 = EDGE_CURVE('',#5836,#5867,#5869,.T.);
#5867 = VERTEX_POINT('',#5868);
#5868 = CARTESIAN_POINT('',(-0.221976005743,2.250000042608,5.95));
#5869 = LINE('',#5870,#5871);
#5870 = CARTESIAN_POINT('',(-0.221976005743,2.159274232551,5.95));
#5871 = VECTOR('',#5872,1.);
#5872 = DIRECTION('',(-3.71230823859E-16,1.,4.201582859919E-32));
#5873 = ORIENTED_EDGE('',*,*,#5874,.F.);
#5874 = EDGE_CURVE('',#5875,#5867,#5877,.T.);
#5875 = VERTEX_POINT('',#5876);
#5876 = CARTESIAN_POINT('',(-0.221976005743,2.250000042608,5.75));
#5877 = LINE('',#5878,#5879);
#5878 = CARTESIAN_POINT('',(-0.221976005743,2.250000042608,5.75));
#5879 = VECTOR('',#5880,1.);
#5880 = DIRECTION('',(5.116149740848E-16,1.479114197289E-31,1.));
#5881 = ORIENTED_EDGE('',*,*,#5882,.F.);
#5882 = EDGE_CURVE('',#5844,#5875,#5883,.T.);
#5883 = LINE('',#5884,#5885);
#5884 = CARTESIAN_POINT('',(-0.221976005743,1.829637116276,5.75));
#5885 = VECTOR('',#5886,1.);
#5886 = DIRECTION('',(-3.71230823859E-16,1.,2.079363207786E-30));
#5887 = ORIENTED_EDGE('',*,*,#5843,.T.);
#5888 = PLANE('',#5889);
#5889 = AXIS2_PLACEMENT_3D('',#5890,#5891,#5892);
#5890 = CARTESIAN_POINT('',(-0.221976005743,2.159274232551,5.75));
#5891 = DIRECTION('',(-1.,-3.71230823859E-16,5.116149740848E-16));
#5892 = DIRECTION('',(5.116149740848E-16,3.387046026532E-34,1.));
#5893 = ADVANCED_FACE('',(#5894),#5910,.T.);
#5894 = FACE_BOUND('',#5895,.T.);
#5895 = EDGE_LOOP('',(#5896,#5902,#5903,#5909));
#5896 = ORIENTED_EDGE('',*,*,#5897,.T.);
#5897 = EDGE_CURVE('',#5867,#5384,#5898,.T.);
#5898 = LINE('',#5899,#5900);
#5899 = CARTESIAN_POINT('',(-0.221976005743,2.250000042608,5.95));
#5900 = VECTOR('',#5901,1.);
#5901 = DIRECTION('',(1.,3.71230823859E-16,-5.116149740848E-16));
#5902 = ORIENTED_EDGE('',*,*,#5409,.F.);
#5903 = ORIENTED_EDGE('',*,*,#5904,.F.);
#5904 = EDGE_CURVE('',#5875,#5402,#5905,.T.);
#5905 = LINE('',#5906,#5907);
#5906 = CARTESIAN_POINT('',(-0.110988002871,2.250000042608,5.75));
#5907 = VECTOR('',#5908,1.);
#5908 = DIRECTION('',(1.,3.71230823859E-16,-5.116149740848E-16));
#5909 = ORIENTED_EDGE('',*,*,#5874,.T.);
#5910 = PLANE('',#5911);
#5911 = AXIS2_PLACEMENT_3D('',#5912,#5913,#5914);
#5912 = CARTESIAN_POINT('',(-0.221976005743,2.250000042608,5.75));
#5913 = DIRECTION('',(-3.71230823859E-16,1.,4.201582859919E-32));
#5914 = DIRECTION('',(5.107025913276E-16,1.475727151263E-31,1.));
#5915 = ADVANCED_FACE('',(#5916),#5934,.T.);
#5916 = FACE_BOUND('',#5917,.T.);
#5917 = EDGE_LOOP('',(#5918,#5919,#5920,#5921,#5922,#5923,#5924,#5925,
    #5926,#5927,#5928,#5929,#5930,#5931,#5932,#5933));
#5918 = ORIENTED_EDGE('',*,*,#5383,.F.);
#5919 = ORIENTED_EDGE('',*,*,#5897,.F.);
#5920 = ORIENTED_EDGE('',*,*,#5866,.F.);
#5921 = ORIENTED_EDGE('',*,*,#5835,.F.);
#5922 = ORIENTED_EDGE('',*,*,#5794,.F.);
#5923 = ORIENTED_EDGE('',*,*,#5763,.F.);
#5924 = ORIENTED_EDGE('',*,*,#5722,.F.);
#5925 = ORIENTED_EDGE('',*,*,#5691,.F.);
#5926 = ORIENTED_EDGE('',*,*,#5660,.F.);
#5927 = ORIENTED_EDGE('',*,*,#5629,.F.);
#5928 = ORIENTED_EDGE('',*,*,#5598,.F.);
#5929 = ORIENTED_EDGE('',*,*,#5567,.F.);
#5930 = ORIENTED_EDGE('',*,*,#5526,.F.);
#5931 = ORIENTED_EDGE('',*,*,#5495,.F.);
#5932 = ORIENTED_EDGE('',*,*,#5454,.F.);
#5933 = ORIENTED_EDGE('',*,*,#5423,.F.);
#5934 = PLANE('',#5935);
#5935 = AXIS2_PLACEMENT_3D('',#5936,#5937,#5938);
#5936 = CARTESIAN_POINT('',(6.509528817415E-02,1.500054784691,5.95));
#5937 = DIRECTION('',(5.116149740848E-16,1.479114197289E-31,1.));
#5938 = DIRECTION('',(1.,3.774758283726E-16,-5.116149740848E-16));
#5939 = ADVANCED_FACE('',(#5940),#5974,.T.);
#5940 = FACE_BOUND('',#5941,.T.);
#5941 = EDGE_LOOP('',(#5942,#5952,#5960,#5968));
#5942 = ORIENTED_EDGE('',*,*,#5943,.T.);
#5943 = EDGE_CURVE('',#5944,#5946,#5948,.T.);
#5944 = VERTEX_POINT('',#5945);
#5945 = CARTESIAN_POINT('',(3.113104771943,2.250000042608,5.95));
#5946 = VERTEX_POINT('',#5947);
#5947 = CARTESIAN_POINT('',(3.252217680697,1.855645188228,5.95));
#5948 = LINE('',#5949,#5950);
#5949 = CARTESIAN_POINT('',(3.113104771943,2.250000042608,5.95));
#5950 = VECTOR('',#5951,1.);
#5951 = DIRECTION('',(0.332668799214,-0.943043726467,-1.701983390887E-16
    ));
#5952 = ORIENTED_EDGE('',*,*,#5953,.F.);
#5953 = EDGE_CURVE('',#5954,#5946,#5956,.T.);
#5954 = VERTEX_POINT('',#5955);
#5955 = CARTESIAN_POINT('',(3.252217680697,1.855645188228,5.75));
#5956 = LINE('',#5957,#5958);
#5957 = CARTESIAN_POINT('',(3.252217680697,1.855645188228,5.75));
#5958 = VECTOR('',#5959,1.);
#5959 = DIRECTION('',(5.116149740848E-16,1.479114197289E-31,1.));
#5960 = ORIENTED_EDGE('',*,*,#5961,.F.);
#5961 = EDGE_CURVE('',#5962,#5954,#5964,.T.);
#5962 = VERTEX_POINT('',#5963);
#5963 = CARTESIAN_POINT('',(3.113104771943,2.250000042608,5.75));
#5964 = LINE('',#5965,#5966);
#5965 = CARTESIAN_POINT('',(3.058488873283,2.404824242288,5.75));
#5966 = VECTOR('',#5967,1.);
#5967 = DIRECTION('',(0.332668799214,-0.943043726467,-1.701983390887E-16
    ));
#5968 = ORIENTED_EDGE('',*,*,#5969,.T.);
#5969 = EDGE_CURVE('',#5962,#5944,#5970,.T.);
#5970 = LINE('',#5971,#5972);
#5971 = CARTESIAN_POINT('',(3.113104771943,2.250000042608,5.75));
#5972 = VECTOR('',#5973,1.);
#5973 = DIRECTION('',(5.116149740848E-16,1.479114197289E-31,1.));
#5974 = PLANE('',#5975);
#5975 = AXIS2_PLACEMENT_3D('',#5976,#5977,#5978);
#5976 = CARTESIAN_POINT('',(3.113104771943,2.250000042608,5.75));
#5977 = DIRECTION('',(0.943043726467,0.332668799214,-4.824752916775E-16)
  );
#5978 = DIRECTION('',(-5.139713370278E-16,6.679776690523E-18,-1.));
#5979 = ADVANCED_FACE('',(#5980),#6005,.T.);
#5980 = FACE_BOUND('',#5981,.T.);
#5981 = EDGE_LOOP('',(#5982,#5990,#5998,#6004));
#5982 = ORIENTED_EDGE('',*,*,#5983,.T.);
#5983 = EDGE_CURVE('',#5946,#5984,#5986,.T.);
#5984 = VERTEX_POINT('',#5985);
#5985 = CARTESIAN_POINT('',(3.159072515705,1.820564541673,5.95));
#5986 = LINE('',#5987,#5988);
#5987 = CARTESIAN_POINT('',(3.252217680697,1.855645188228,5.95));
#5988 = VECTOR('',#5989,1.);
#5989 = DIRECTION('',(-0.93582876642,-0.35245498995,4.787840100798E-16)
  );
#5990 = ORIENTED_EDGE('',*,*,#5991,.F.);
#5991 = EDGE_CURVE('',#5992,#5984,#5994,.T.);
#5992 = VERTEX_POINT('',#5993);
#5993 = CARTESIAN_POINT('',(3.159072515705,1.820564541673,5.75));
#5994 = LINE('',#5995,#5996);
#5995 = CARTESIAN_POINT('',(3.159072515705,1.820564541673,5.75));
#5996 = VECTOR('',#5997,1.);
#5997 = DIRECTION('',(5.116149740848E-16,1.479114197289E-31,1.));
#5998 = ORIENTED_EDGE('',*,*,#5999,.F.);
#5999 = EDGE_CURVE('',#5954,#5992,#6000,.T.);
#6000 = LINE('',#6001,#6002);
#6001 = CARTESIAN_POINT('',(1.769458867243,1.297203557187,5.75));
#6002 = VECTOR('',#6003,1.);
#6003 = DIRECTION('',(-0.93582876642,-0.35245498995,4.787840100798E-16)
  );
#6004 = ORIENTED_EDGE('',*,*,#5953,.T.);
#6005 = PLANE('',#6006);
#6006 = AXIS2_PLACEMENT_3D('',#6007,#6008,#6009);
#6007 = CARTESIAN_POINT('',(3.252217680697,1.855645188228,5.75));
#6008 = DIRECTION('',(0.35245498995,-0.93582876642,-1.803212505495E-16)
  );
#6009 = DIRECTION('',(-5.302620536849E-16,-7.02292608313E-18,-1.));
#6010 = ADVANCED_FACE('',(#6011),#6040,.T.);
#6011 = FACE_BOUND('',#6012,.T.);
#6012 = EDGE_LOOP('',(#6013,#6023,#6031,#6039));
#6013 = ORIENTED_EDGE('',*,*,#6014,.T.);
#6014 = EDGE_CURVE('',#5984,#6015,#6017,.T.);
#6015 = VERTEX_POINT('',#6016);
#6016 = CARTESIAN_POINT('',(2.673991851268,2.130241973333,5.95));
#6017 = B_SPLINE_CURVE_WITH_KNOTS('',2,(#6018,#6019,#6020,#6021,#6022),
  .UNSPECIFIED.,.F.,.F.,(3,1,1,3),(0.,1.,2.,3.),.QUASI_UNIFORM_KNOTS.);
#6018 = CARTESIAN_POINT('',(3.159072515705,1.820564541673,5.95));
#6019 = CARTESIAN_POINT('',(3.099798319801,1.958467772959,5.95));
#6020 = CARTESIAN_POINT('',(2.986088637863,2.078225842234,5.95));
#6021 = CARTESIAN_POINT('',(2.834878954436,2.130241973333,5.95));
#6022 = CARTESIAN_POINT('',(2.673991851268,2.130241973333,5.95));
#6023 = ORIENTED_EDGE('',*,*,#6024,.F.);
#6024 = EDGE_CURVE('',#6025,#6015,#6027,.T.);
#6025 = VERTEX_POINT('',#6026);
#6026 = CARTESIAN_POINT('',(2.673991851268,2.130241973333,5.75));
#6027 = LINE('',#6028,#6029);
#6028 = CARTESIAN_POINT('',(2.673991851268,2.130241973333,5.75));
#6029 = VECTOR('',#6030,1.);
#6030 = DIRECTION('',(5.116149740848E-16,1.479114197289E-31,1.));
#6031 = ORIENTED_EDGE('',*,*,#6032,.F.);
#6032 = EDGE_CURVE('',#5992,#6025,#6033,.T.);
#6033 = B_SPLINE_CURVE_WITH_KNOTS('',2,(#6034,#6035,#6036,#6037,#6038),
  .UNSPECIFIED.,.F.,.F.,(3,1,1,3),(0.,1.,2.,3.),.QUASI_UNIFORM_KNOTS.);
#6034 = CARTESIAN_POINT('',(3.159072515705,1.820564541673,5.75));
#6035 = CARTESIAN_POINT('',(3.099798319801,1.958467772959,5.75));
#6036 = CARTESIAN_POINT('',(2.986088637863,2.078225842234,5.75));
#6037 = CARTESIAN_POINT('',(2.834878954436,2.130241973333,5.75));
#6038 = CARTESIAN_POINT('',(2.673991851268,2.130241973333,5.75));
#6039 = ORIENTED_EDGE('',*,*,#5991,.T.);
#6040 = B_SPLINE_SURFACE_WITH_KNOTS('',2,1,(
    (#6041,#6042)
    ,(#6043,#6044)
    ,(#6045,#6046)
    ,(#6047,#6048)
    ,(#6049,#6050
    )),.UNSPECIFIED.,.F.,.F.,.F.,(3,1,1,3),(2,2),(-3.,-2.,-1.,0.),(0.,
    2.4E-02),.UNSPECIFIED.);
#6041 = CARTESIAN_POINT('',(2.673991851268,2.130241973333,5.75));
#6042 = CARTESIAN_POINT('',(2.673991851268,2.130241973333,5.99));
#6043 = CARTESIAN_POINT('',(2.834878954436,2.130241973333,5.75));
#6044 = CARTESIAN_POINT('',(2.834878954436,2.130241973333,5.99));
#6045 = CARTESIAN_POINT('',(2.986088637863,2.078225842234,5.75));
#6046 = CARTESIAN_POINT('',(2.986088637863,2.078225842234,5.99));
#6047 = CARTESIAN_POINT('',(3.099798319801,1.958467772959,5.75));
#6048 = CARTESIAN_POINT('',(3.099798319801,1.958467772959,5.99));
#6049 = CARTESIAN_POINT('',(3.159072515705,1.820564541673,5.75));
#6050 = CARTESIAN_POINT('',(3.159072515705,1.820564541673,5.99));
#6051 = ADVANCED_FACE('',(#6052),#6077,.T.);
#6052 = FACE_BOUND('',#6053,.T.);
#6053 = EDGE_LOOP('',(#6054,#6062,#6070,#6076));
#6054 = ORIENTED_EDGE('',*,*,#6055,.T.);
#6055 = EDGE_CURVE('',#6015,#6056,#6058,.T.);
#6056 = VERTEX_POINT('',#6057);
#6057 = CARTESIAN_POINT('',(2.349798289999,2.130241973333,5.95));
#6058 = LINE('',#6059,#6060);
#6059 = CARTESIAN_POINT('',(2.673991851268,2.130241973333,5.95));
#6060 = VECTOR('',#6061,1.);
#6061 = DIRECTION('',(-1.,-3.71230823859E-16,5.116149740848E-16));
#6062 = ORIENTED_EDGE('',*,*,#6063,.F.);
#6063 = EDGE_CURVE('',#6064,#6056,#6066,.T.);
#6064 = VERTEX_POINT('',#6065);
#6065 = CARTESIAN_POINT('',(2.349798289999,2.130241973333,5.75));
#6066 = LINE('',#6067,#6068);
#6067 = CARTESIAN_POINT('',(2.349798289999,2.130241973333,5.75));
#6068 = VECTOR('',#6069,1.);
#6069 = DIRECTION('',(5.116149740848E-16,1.479114197289E-31,1.));
#6070 = ORIENTED_EDGE('',*,*,#6071,.F.);
#6071 = EDGE_CURVE('',#6025,#6064,#6072,.T.);
#6072 = LINE('',#6073,#6074);
#6073 = CARTESIAN_POINT('',(1.336995925634,2.130241973333,5.75));
#6074 = VECTOR('',#6075,1.);
#6075 = DIRECTION('',(-1.,-3.71230823859E-16,5.116149740848E-16));
#6076 = ORIENTED_EDGE('',*,*,#6024,.T.);
#6077 = PLANE('',#6078);
#6078 = AXIS2_PLACEMENT_3D('',#6079,#6080,#6081);
#6079 = CARTESIAN_POINT('',(2.673991851268,2.130241973333,5.75));
#6080 = DIRECTION('',(3.71230823859E-16,-1.,-4.201582859919E-32));
#6081 = DIRECTION('',(-5.329070518201E-16,-1.558156952883E-31,-1.));
#6082 = ADVANCED_FACE('',(#6083),#6108,.T.);
#6083 = FACE_BOUND('',#6084,.T.);
#6084 = EDGE_LOOP('',(#6085,#6093,#6101,#6107));
#6085 = ORIENTED_EDGE('',*,*,#6086,.T.);
#6086 = EDGE_CURVE('',#6056,#6087,#6089,.T.);
#6087 = VERTEX_POINT('',#6088);
#6088 = CARTESIAN_POINT('',(2.349798289999,1.55443549884,5.95));
#6089 = LINE('',#6090,#6091);
#6090 = CARTESIAN_POINT('',(2.349798289999,2.130241973333,5.95));
#6091 = VECTOR('',#6092,1.);
#6092 = DIRECTION('',(3.71230823859E-16,-1.,-4.201582859919E-32));
#6093 = ORIENTED_EDGE('',*,*,#6094,.F.);
#6094 = EDGE_CURVE('',#6095,#6087,#6097,.T.);
#6095 = VERTEX_POINT('',#6096);
#6096 = CARTESIAN_POINT('',(2.349798289999,1.55443549884,5.75));
#6097 = LINE('',#6098,#6099);
#6098 = CARTESIAN_POINT('',(2.349798289999,1.55443549884,5.75));
#6099 = VECTOR('',#6100,1.);
#6100 = DIRECTION('',(5.116149740848E-16,1.479114197289E-31,1.));
#6101 = ORIENTED_EDGE('',*,*,#6102,.F.);
#6102 = EDGE_CURVE('',#6064,#6095,#6103,.T.);
#6103 = LINE('',#6104,#6105);
#6104 = CARTESIAN_POINT('',(2.349798289999,1.815120986667,5.75));
#6105 = VECTOR('',#6106,1.);
#6106 = DIRECTION('',(3.71230823859E-16,-1.,-2.079363207786E-30));
#6107 = ORIENTED_EDGE('',*,*,#6063,.T.);
#6108 = PLANE('',#6109);
#6109 = AXIS2_PLACEMENT_3D('',#6110,#6111,#6112);
#6110 = CARTESIAN_POINT('',(2.349798289999,2.130241973333,5.75));
#6111 = DIRECTION('',(1.,3.71230823859E-16,-5.116149740848E-16));
#6112 = DIRECTION('',(-5.116149740848E-16,7.904275559324E-33,-1.));
#6113 = ADVANCED_FACE('',(#6114),#6139,.T.);
#6114 = FACE_BOUND('',#6115,.T.);
#6115 = EDGE_LOOP('',(#6116,#6124,#6132,#6138));
#6116 = ORIENTED_EDGE('',*,*,#6117,.T.);
#6117 = EDGE_CURVE('',#6087,#6118,#6120,.T.);
#6118 = VERTEX_POINT('',#6119);
#6119 = CARTESIAN_POINT('',(2.497378941025,1.55443549884,5.95));
#6120 = LINE('',#6121,#6122);
#6121 = CARTESIAN_POINT('',(2.349798289999,1.55443549884,5.95));
#6122 = VECTOR('',#6123,1.);
#6123 = DIRECTION('',(1.,3.71230823859E-16,-5.116149740848E-16));
#6124 = ORIENTED_EDGE('',*,*,#6125,.F.);
#6125 = EDGE_CURVE('',#6126,#6118,#6128,.T.);
#6126 = VERTEX_POINT('',#6127);
#6127 = CARTESIAN_POINT('',(2.497378941025,1.55443549884,5.75));
#6128 = LINE('',#6129,#6130);
#6129 = CARTESIAN_POINT('',(2.497378941025,1.55443549884,5.75));
#6130 = VECTOR('',#6131,1.);
#6131 = DIRECTION('',(5.116149740848E-16,1.479114197289E-31,1.));
#6132 = ORIENTED_EDGE('',*,*,#6133,.F.);
#6133 = EDGE_CURVE('',#6095,#6126,#6134,.T.);
#6134 = LINE('',#6135,#6136);
#6135 = CARTESIAN_POINT('',(1.174899144999,1.55443549884,5.75));
#6136 = VECTOR('',#6137,1.);
#6137 = DIRECTION('',(1.,3.71230823859E-16,-5.116149740848E-16));
#6138 = ORIENTED_EDGE('',*,*,#6094,.T.);
#6139 = PLANE('',#6140);
#6140 = AXIS2_PLACEMENT_3D('',#6141,#6142,#6143);
#6141 = CARTESIAN_POINT('',(2.349798289999,1.55443549884,5.75));
#6142 = DIRECTION('',(-3.71230823859E-16,1.,4.201582859919E-32));
#6143 = DIRECTION('',(5.329070518201E-16,1.558156952883E-31,1.));
#6144 = ADVANCED_FACE('',(#6145),#6174,.T.);
#6145 = FACE_BOUND('',#6146,.T.);
#6146 = EDGE_LOOP('',(#6147,#6157,#6165,#6173));
#6147 = ORIENTED_EDGE('',*,*,#6148,.T.);
#6148 = EDGE_CURVE('',#6118,#6149,#6151,.T.);
#6149 = VERTEX_POINT('',#6150);
#6150 = CARTESIAN_POINT('',(2.768346693727,1.787903250052,5.95));
#6151 = B_SPLINE_CURVE_WITH_KNOTS('',2,(#6152,#6153,#6154,#6155,#6156),
  .UNSPECIFIED.,.F.,.F.,(3,1,1,3),(0.,1.,2.,3.),.QUASI_UNIFORM_KNOTS.);
#6152 = CARTESIAN_POINT('',(2.497378941025,1.55443549884,5.95));
#6153 = CARTESIAN_POINT('',(2.613507977897,1.55443549884,5.95));
#6154 = CARTESIAN_POINT('',(2.715120885161,1.599193565134,5.95));
#6155 = CARTESIAN_POINT('',(2.768346693727,1.697177439996,5.95));
#6156 = CARTESIAN_POINT('',(2.768346693727,1.787903250052,5.95));
#6157 = ORIENTED_EDGE('',*,*,#6158,.F.);
#6158 = EDGE_CURVE('',#6159,#6149,#6161,.T.);
#6159 = VERTEX_POINT('',#6160);
#6160 = CARTESIAN_POINT('',(2.768346693727,1.787903250052,5.75));
#6161 = LINE('',#6162,#6163);
#6162 = CARTESIAN_POINT('',(2.768346693727,1.787903250052,5.75));
#6163 = VECTOR('',#6164,1.);
#6164 = DIRECTION('',(5.116149740848E-16,1.479114197289E-31,1.));
#6165 = ORIENTED_EDGE('',*,*,#6166,.F.);
#6166 = EDGE_CURVE('',#6126,#6159,#6167,.T.);
#6167 = B_SPLINE_CURVE_WITH_KNOTS('',2,(#6168,#6169,#6170,#6171,#6172),
  .UNSPECIFIED.,.F.,.F.,(3,1,1,3),(0.,1.,2.,3.),.QUASI_UNIFORM_KNOTS.);
#6168 = CARTESIAN_POINT('',(2.497378941025,1.55443549884,5.75));
#6169 = CARTESIAN_POINT('',(2.613507977897,1.55443549884,5.75));
#6170 = CARTESIAN_POINT('',(2.715120885161,1.599193565134,5.75));
#6171 = CARTESIAN_POINT('',(2.768346693727,1.697177439996,5.75));
#6172 = CARTESIAN_POINT('',(2.768346693727,1.787903250052,5.75));
#6173 = ORIENTED_EDGE('',*,*,#6125,.T.);
#6174 = B_SPLINE_SURFACE_WITH_KNOTS('',2,1,(
    (#6175,#6176)
    ,(#6177,#6178)
    ,(#6179,#6180)
    ,(#6181,#6182)
    ,(#6183,#6184
    )),.UNSPECIFIED.,.F.,.F.,.F.,(3,1,1,3),(2,2),(-3.,-2.,-1.,0.),(0.,
    2.4E-02),.UNSPECIFIED.);
#6175 = CARTESIAN_POINT('',(2.768346693727,1.787903250052,5.75));
#6176 = CARTESIAN_POINT('',(2.768346693727,1.787903250052,5.99));
#6177 = CARTESIAN_POINT('',(2.768346693727,1.697177439996,5.75));
#6178 = CARTESIAN_POINT('',(2.768346693727,1.697177439996,5.99));
#6179 = CARTESIAN_POINT('',(2.715120885161,1.599193565134,5.75));
#6180 = CARTESIAN_POINT('',(2.715120885161,1.599193565134,5.99));
#6181 = CARTESIAN_POINT('',(2.613507977897,1.55443549884,5.75));
#6182 = CARTESIAN_POINT('',(2.613507977897,1.55443549884,5.99));
#6183 = CARTESIAN_POINT('',(2.497378941025,1.55443549884,5.75));
#6184 = CARTESIAN_POINT('',(2.497378941025,1.55443549884,5.99));
#6185 = ADVANCED_FACE('',(#6186),#6211,.T.);
#6186 = FACE_BOUND('',#6187,.T.);
#6187 = EDGE_LOOP('',(#6188,#6196,#6204,#6210));
#6188 = ORIENTED_EDGE('',*,*,#6189,.T.);
#6189 = EDGE_CURVE('',#6149,#6190,#6192,.T.);
#6190 = VERTEX_POINT('',#6191);
#6191 = CARTESIAN_POINT('',(2.768346693727,1.827822606477,5.95));
#6192 = LINE('',#6193,#6194);
#6193 = CARTESIAN_POINT('',(2.768346693727,1.787903250052,5.95));
#6194 = VECTOR('',#6195,1.);
#6195 = DIRECTION('',(-3.71230823859E-16,1.,4.201582859919E-32));
#6196 = ORIENTED_EDGE('',*,*,#6197,.F.);
#6197 = EDGE_CURVE('',#6198,#6190,#6200,.T.);
#6198 = VERTEX_POINT('',#6199);
#6199 = CARTESIAN_POINT('',(2.768346693727,1.827822606477,5.75));
#6200 = LINE('',#6201,#6202);
#6201 = CARTESIAN_POINT('',(2.768346693727,1.827822606477,5.75));
#6202 = VECTOR('',#6203,1.);
#6203 = DIRECTION('',(5.116149740848E-16,1.479114197289E-31,1.));
#6204 = ORIENTED_EDGE('',*,*,#6205,.F.);
#6205 = EDGE_CURVE('',#6159,#6198,#6206,.T.);
#6206 = LINE('',#6207,#6208);
#6207 = CARTESIAN_POINT('',(2.768346693727,1.643951625026,5.75));
#6208 = VECTOR('',#6209,1.);
#6209 = DIRECTION('',(-3.71230823859E-16,1.,2.079363207786E-30));
#6210 = ORIENTED_EDGE('',*,*,#6158,.T.);
#6211 = PLANE('',#6212);
#6212 = AXIS2_PLACEMENT_3D('',#6213,#6214,#6215);
#6213 = CARTESIAN_POINT('',(2.768346693727,1.787903250052,5.75));
#6214 = DIRECTION('',(-1.,-3.71230823859E-16,5.116149740848E-16));
#6215 = DIRECTION('',(5.116149740848E-16,-7.904275559324E-33,1.));
#6216 = ADVANCED_FACE('',(#6217),#6242,.T.);
#6217 = FACE_BOUND('',#6218,.T.);
#6218 = EDGE_LOOP('',(#6219,#6227,#6235,#6241));
#6219 = ORIENTED_EDGE('',*,*,#6220,.T.);
#6220 = EDGE_CURVE('',#6190,#6221,#6223,.T.);
#6221 = VERTEX_POINT('',#6222);
#6222 = CARTESIAN_POINT('',(2.873588633393,1.827822606477,5.95));
#6223 = LINE('',#6224,#6225);
#6224 = CARTESIAN_POINT('',(2.768346693727,1.827822606477,5.95));
#6225 = VECTOR('',#6226,1.);
#6226 = DIRECTION('',(1.,3.71230823859E-16,-5.116149740848E-16));
#6227 = ORIENTED_EDGE('',*,*,#6228,.F.);
#6228 = EDGE_CURVE('',#6229,#6221,#6231,.T.);
#6229 = VERTEX_POINT('',#6230);
#6230 = CARTESIAN_POINT('',(2.873588633393,1.827822606477,5.75));
#6231 = LINE('',#6232,#6233);
#6232 = CARTESIAN_POINT('',(2.873588633393,1.827822606477,5.75));
#6233 = VECTOR('',#6234,1.);
#6234 = DIRECTION('',(5.116149740848E-16,1.479114197289E-31,1.));
#6235 = ORIENTED_EDGE('',*,*,#6236,.F.);
#6236 = EDGE_CURVE('',#6198,#6229,#6237,.T.);
#6237 = LINE('',#6238,#6239);
#6238 = CARTESIAN_POINT('',(1.384173346864,1.827822606477,5.75));
#6239 = VECTOR('',#6240,1.);
#6240 = DIRECTION('',(1.,3.71230823859E-16,-5.116149740848E-16));
#6241 = ORIENTED_EDGE('',*,*,#6197,.T.);
#6242 = PLANE('',#6243);
#6243 = AXIS2_PLACEMENT_3D('',#6244,#6245,#6246);
#6244 = CARTESIAN_POINT('',(2.768346693727,1.827822606477,5.75));
#6245 = DIRECTION('',(-3.71230823859E-16,1.,4.201582859919E-32));
#6246 = DIRECTION('',(5.329070518201E-16,1.558156952883E-31,1.));
#6247 = ADVANCED_FACE('',(#6248),#6273,.T.);
#6248 = FACE_BOUND('',#6249,.T.);
#6249 = EDGE_LOOP('',(#6250,#6258,#6266,#6272));
#6250 = ORIENTED_EDGE('',*,*,#6251,.T.);
#6251 = EDGE_CURVE('',#6221,#6252,#6254,.T.);
#6252 = VERTEX_POINT('',#6253);
#6253 = CARTESIAN_POINT('',(2.873588633393,1.169758064199,5.95));
#6254 = LINE('',#6255,#6256);
#6255 = CARTESIAN_POINT('',(2.873588633393,1.827822606477,5.95));
#6256 = VECTOR('',#6257,1.);
#6257 = DIRECTION('',(3.71230823859E-16,-1.,-4.201582859919E-32));
#6258 = ORIENTED_EDGE('',*,*,#6259,.F.);
#6259 = EDGE_CURVE('',#6260,#6252,#6262,.T.);
#6260 = VERTEX_POINT('',#6261);
#6261 = CARTESIAN_POINT('',(2.873588633393,1.169758064199,5.75));
#6262 = LINE('',#6263,#6264);
#6263 = CARTESIAN_POINT('',(2.873588633393,1.169758064199,5.75));
#6264 = VECTOR('',#6265,1.);
#6265 = DIRECTION('',(5.116149740848E-16,1.479114197289E-31,1.));
#6266 = ORIENTED_EDGE('',*,*,#6267,.F.);
#6267 = EDGE_CURVE('',#6229,#6260,#6268,.T.);
#6268 = LINE('',#6269,#6270);
#6269 = CARTESIAN_POINT('',(2.873588633393,1.663911303239,5.75));
#6270 = VECTOR('',#6271,1.);
#6271 = DIRECTION('',(3.71230823859E-16,-1.,-2.079363207786E-30));
#6272 = ORIENTED_EDGE('',*,*,#6228,.T.);
#6273 = PLANE('',#6274);
#6274 = AXIS2_PLACEMENT_3D('',#6275,#6276,#6277);
#6275 = CARTESIAN_POINT('',(2.873588633393,1.827822606477,5.75));
#6276 = DIRECTION('',(1.,3.71230823859E-16,-5.116149740848E-16));
#6277 = DIRECTION('',(-5.116149740848E-16,7.904275559324E-33,-1.));
#6278 = ADVANCED_FACE('',(#6279),#6304,.T.);
#6279 = FACE_BOUND('',#6280,.T.);
#6280 = EDGE_LOOP('',(#6281,#6289,#6297,#6303));
#6281 = ORIENTED_EDGE('',*,*,#6282,.T.);
#6282 = EDGE_CURVE('',#6252,#6283,#6285,.T.);
#6283 = VERTEX_POINT('',#6284);
#6284 = CARTESIAN_POINT('',(2.768346693727,1.169758064199,5.95));
#6285 = LINE('',#6286,#6287);
#6286 = CARTESIAN_POINT('',(2.873588633393,1.169758064199,5.95));
#6287 = VECTOR('',#6288,1.);
#6288 = DIRECTION('',(-1.,-3.71230823859E-16,5.116149740848E-16));
#6289 = ORIENTED_EDGE('',*,*,#6290,.F.);
#6290 = EDGE_CURVE('',#6291,#6283,#6293,.T.);
#6291 = VERTEX_POINT('',#6292);
#6292 = CARTESIAN_POINT('',(2.768346693727,1.169758064199,5.75));
#6293 = LINE('',#6294,#6295);
#6294 = CARTESIAN_POINT('',(2.768346693727,1.169758064199,5.75));
#6295 = VECTOR('',#6296,1.);
#6296 = DIRECTION('',(5.116149740848E-16,1.479114197289E-31,1.));
#6297 = ORIENTED_EDGE('',*,*,#6298,.F.);
#6298 = EDGE_CURVE('',#6260,#6291,#6299,.T.);
#6299 = LINE('',#6300,#6301);
#6300 = CARTESIAN_POINT('',(1.436794316697,1.169758064199,5.75));
#6301 = VECTOR('',#6302,1.);
#6302 = DIRECTION('',(-1.,-3.71230823859E-16,5.116149740848E-16));
#6303 = ORIENTED_EDGE('',*,*,#6259,.T.);
#6304 = PLANE('',#6305);
#6305 = AXIS2_PLACEMENT_3D('',#6306,#6307,#6308);
#6306 = CARTESIAN_POINT('',(2.873588633393,1.169758064199,5.75));
#6307 = DIRECTION('',(3.71230823859E-16,-1.,-4.201582859919E-32));
#6308 = DIRECTION('',(-5.329070518201E-16,-1.558156952883E-31,-1.));
#6309 = ADVANCED_FACE('',(#6310),#6335,.T.);
#6310 = FACE_BOUND('',#6311,.T.);
#6311 = EDGE_LOOP('',(#6312,#6320,#6328,#6334));
#6312 = ORIENTED_EDGE('',*,*,#6313,.T.);
#6313 = EDGE_CURVE('',#6283,#6314,#6316,.T.);
#6314 = VERTEX_POINT('',#6315);
#6315 = CARTESIAN_POINT('',(2.768346693727,1.227822582635,5.95));
#6316 = LINE('',#6317,#6318);
#6317 = CARTESIAN_POINT('',(2.768346693727,1.169758064199,5.95));
#6318 = VECTOR('',#6319,1.);
#6319 = DIRECTION('',(-3.71230823859E-16,1.,4.201582859919E-32));
#6320 = ORIENTED_EDGE('',*,*,#6321,.F.);
#6321 = EDGE_CURVE('',#6322,#6314,#6324,.T.);
#6322 = VERTEX_POINT('',#6323);
#6323 = CARTESIAN_POINT('',(2.768346693727,1.227822582635,5.75));
#6324 = LINE('',#6325,#6326);
#6325 = CARTESIAN_POINT('',(2.768346693727,1.227822582635,5.75));
#6326 = VECTOR('',#6327,1.);
#6327 = DIRECTION('',(5.116149740848E-16,1.479114197289E-31,1.));
#6328 = ORIENTED_EDGE('',*,*,#6329,.F.);
#6329 = EDGE_CURVE('',#6291,#6322,#6330,.T.);
#6330 = LINE('',#6331,#6332);
#6331 = CARTESIAN_POINT('',(2.768346693727,1.3348790321,5.75));
#6332 = VECTOR('',#6333,1.);
#6333 = DIRECTION('',(-3.71230823859E-16,1.,2.079363207786E-30));
#6334 = ORIENTED_EDGE('',*,*,#6290,.T.);
#6335 = PLANE('',#6336);
#6336 = AXIS2_PLACEMENT_3D('',#6337,#6338,#6339);
#6337 = CARTESIAN_POINT('',(2.768346693727,1.169758064199,5.75));
#6338 = DIRECTION('',(-1.,-3.71230823859E-16,5.116149740848E-16));
#6339 = DIRECTION('',(5.116149740848E-16,-7.904275559324E-33,1.));
#6340 = ADVANCED_FACE('',(#6341),#6370,.T.);
#6341 = FACE_BOUND('',#6342,.T.);
#6342 = EDGE_LOOP('',(#6343,#6353,#6361,#6369));
#6343 = ORIENTED_EDGE('',*,*,#6344,.T.);
#6344 = EDGE_CURVE('',#6314,#6345,#6347,.T.);
#6345 = VERTEX_POINT('',#6346);
#6346 = CARTESIAN_POINT('',(2.513104748101,1.449193559174,5.95));
#6347 = B_SPLINE_CURVE_WITH_KNOTS('',2,(#6348,#6349,#6350,#6351,#6352),
  .UNSPECIFIED.,.F.,.F.,(3,1,1,3),(0.,1.,2.,3.),.QUASI_UNIFORM_KNOTS.);
#6348 = CARTESIAN_POINT('',(2.768346693727,1.227822582635,5.95));
#6349 = CARTESIAN_POINT('',(2.768346693727,1.312500005355,5.95));
#6350 = CARTESIAN_POINT('',(2.716330562628,1.406854847814,5.95));
#6351 = CARTESIAN_POINT('',(2.626814430039,1.449193559174,5.95));
#6352 = CARTESIAN_POINT('',(2.513104748101,1.449193559174,5.95));
#6353 = ORIENTED_EDGE('',*,*,#6354,.F.);
#6354 = EDGE_CURVE('',#6355,#6345,#6357,.T.);
#6355 = VERTEX_POINT('',#6356);
#6356 = CARTESIAN_POINT('',(2.513104748101,1.449193559174,5.75));
#6357 = LINE('',#6358,#6359);
#6358 = CARTESIAN_POINT('',(2.513104748101,1.449193559174,5.75));
#6359 = VECTOR('',#6360,1.);
#6360 = DIRECTION('',(5.116149740848E-16,1.479114197289E-31,1.));
#6361 = ORIENTED_EDGE('',*,*,#6362,.F.);
#6362 = EDGE_CURVE('',#6322,#6355,#6363,.T.);
#6363 = B_SPLINE_CURVE_WITH_KNOTS('',2,(#6364,#6365,#6366,#6367,#6368),
  .UNSPECIFIED.,.F.,.F.,(3,1,1,3),(0.,1.,2.,3.),.QUASI_UNIFORM_KNOTS.);
#6364 = CARTESIAN_POINT('',(2.768346693727,1.227822582635,5.75));
#6365 = CARTESIAN_POINT('',(2.768346693727,1.312500005355,5.75));
#6366 = CARTESIAN_POINT('',(2.716330562628,1.406854847814,5.75));
#6367 = CARTESIAN_POINT('',(2.626814430039,1.449193559174,5.75));
#6368 = CARTESIAN_POINT('',(2.513104748101,1.449193559174,5.75));
#6369 = ORIENTED_EDGE('',*,*,#6321,.T.);
#6370 = B_SPLINE_SURFACE_WITH_KNOTS('',2,1,(
    (#6371,#6372)
    ,(#6373,#6374)
    ,(#6375,#6376)
    ,(#6377,#6378)
    ,(#6379,#6380
    )),.UNSPECIFIED.,.F.,.F.,.F.,(3,1,1,3),(2,2),(-3.,-2.,-1.,0.),(0.,
    2.4E-02),.UNSPECIFIED.);
#6371 = CARTESIAN_POINT('',(2.513104748101,1.449193559174,5.75));
#6372 = CARTESIAN_POINT('',(2.513104748101,1.449193559174,5.99));
#6373 = CARTESIAN_POINT('',(2.626814430039,1.449193559174,5.75));
#6374 = CARTESIAN_POINT('',(2.626814430039,1.449193559174,5.99));
#6375 = CARTESIAN_POINT('',(2.716330562628,1.406854847814,5.75));
#6376 = CARTESIAN_POINT('',(2.716330562628,1.406854847814,5.99));
#6377 = CARTESIAN_POINT('',(2.768346693727,1.312500005355,5.75));
#6378 = CARTESIAN_POINT('',(2.768346693727,1.312500005355,5.99));
#6379 = CARTESIAN_POINT('',(2.768346693727,1.227822582635,5.75));
#6380 = CARTESIAN_POINT('',(2.768346693727,1.227822582635,5.99));
#6381 = ADVANCED_FACE('',(#6382),#6407,.T.);
#6382 = FACE_BOUND('',#6383,.T.);
#6383 = EDGE_LOOP('',(#6384,#6392,#6400,#6406));
#6384 = ORIENTED_EDGE('',*,*,#6385,.T.);
#6385 = EDGE_CURVE('',#6345,#6386,#6388,.T.);
#6386 = VERTEX_POINT('',#6387);
#6387 = CARTESIAN_POINT('',(2.349798289999,1.449193559174,5.95));
#6388 = LINE('',#6389,#6390);
#6389 = CARTESIAN_POINT('',(2.513104748101,1.449193559174,5.95));
#6390 = VECTOR('',#6391,1.);
#6391 = DIRECTION('',(-1.,-3.71230823859E-16,5.116149740848E-16));
#6392 = ORIENTED_EDGE('',*,*,#6393,.F.);
#6393 = EDGE_CURVE('',#6394,#6386,#6396,.T.);
#6394 = VERTEX_POINT('',#6395);
#6395 = CARTESIAN_POINT('',(2.349798289999,1.449193559174,5.75));
#6396 = LINE('',#6397,#6398);
#6397 = CARTESIAN_POINT('',(2.349798289999,1.449193559174,5.75));
#6398 = VECTOR('',#6399,1.);
#6399 = DIRECTION('',(5.116149740848E-16,1.479114197289E-31,1.));
#6400 = ORIENTED_EDGE('',*,*,#6401,.F.);
#6401 = EDGE_CURVE('',#6355,#6394,#6402,.T.);
#6402 = LINE('',#6403,#6404);
#6403 = CARTESIAN_POINT('',(1.256552374051,1.449193559174,5.75));
#6404 = VECTOR('',#6405,1.);
#6405 = DIRECTION('',(-1.,-3.71230823859E-16,5.116149740848E-16));
#6406 = ORIENTED_EDGE('',*,*,#6354,.T.);
#6407 = PLANE('',#6408);
#6408 = AXIS2_PLACEMENT_3D('',#6409,#6410,#6411);
#6409 = CARTESIAN_POINT('',(2.513104748101,1.449193559174,5.75));
#6410 = DIRECTION('',(3.71230823859E-16,-1.,-4.201582859919E-32));
#6411 = DIRECTION('',(-5.329070518201E-16,-1.558156952883E-31,-1.));
#6412 = ADVANCED_FACE('',(#6413),#6438,.T.);
#6413 = FACE_BOUND('',#6414,.T.);
#6414 = EDGE_LOOP('',(#6415,#6423,#6431,#6437));
#6415 = ORIENTED_EDGE('',*,*,#6416,.T.);
#6416 = EDGE_CURVE('',#6386,#6417,#6419,.T.);
#6417 = VERTEX_POINT('',#6418);
#6418 = CARTESIAN_POINT('',(2.349798289999,0.982258056749,5.95));
#6419 = LINE('',#6420,#6421);
#6420 = CARTESIAN_POINT('',(2.349798289999,1.449193559174,5.95));
#6421 = VECTOR('',#6422,1.);
#6422 = DIRECTION('',(3.71230823859E-16,-1.,-4.201582859919E-32));
#6423 = ORIENTED_EDGE('',*,*,#6424,.F.);
#6424 = EDGE_CURVE('',#6425,#6417,#6427,.T.);
#6425 = VERTEX_POINT('',#6426);
#6426 = CARTESIAN_POINT('',(2.349798289999,0.982258056749,5.75));
#6427 = LINE('',#6428,#6429);
#6428 = CARTESIAN_POINT('',(2.349798289999,0.982258056749,5.75));
#6429 = VECTOR('',#6430,1.);
#6430 = DIRECTION('',(5.116149740848E-16,1.479114197289E-31,1.));
#6431 = ORIENTED_EDGE('',*,*,#6432,.F.);
#6432 = EDGE_CURVE('',#6394,#6425,#6433,.T.);
#6433 = LINE('',#6434,#6435);
#6434 = CARTESIAN_POINT('',(2.349798289999,1.474596779587,5.75));
#6435 = VECTOR('',#6436,1.);
#6436 = DIRECTION('',(3.71230823859E-16,-1.,-2.079363207786E-30));
#6437 = ORIENTED_EDGE('',*,*,#6393,.T.);
#6438 = PLANE('',#6439);
#6439 = AXIS2_PLACEMENT_3D('',#6440,#6441,#6442);
#6440 = CARTESIAN_POINT('',(2.349798289999,1.449193559174,5.75));
#6441 = DIRECTION('',(1.,3.71230823859E-16,-5.116149740848E-16));
#6442 = DIRECTION('',(-5.116149740848E-16,7.904275559324E-33,-1.));
#6443 = ADVANCED_FACE('',(#6444),#6473,.T.);
#6444 = FACE_BOUND('',#6445,.T.);
#6445 = EDGE_LOOP('',(#6446,#6456,#6464,#6472));
#6446 = ORIENTED_EDGE('',*,*,#6447,.T.);
#6447 = EDGE_CURVE('',#6417,#6448,#6450,.T.);
#6448 = VERTEX_POINT('',#6449);
#6449 = CARTESIAN_POINT('',(2.497378941025,0.84072579306,5.95));
#6450 = B_SPLINE_CURVE_WITH_KNOTS('',2,(#6451,#6452,#6453,#6454,#6455),
  .UNSPECIFIED.,.F.,.F.,(3,1,1,3),(0.,1.,2.,3.),.QUASI_UNIFORM_KNOTS.);
#6451 = CARTESIAN_POINT('',(2.349798289999,0.982258056749,5.95));
#6452 = CARTESIAN_POINT('',(2.349798289999,0.918145150975,5.95));
#6453 = CARTESIAN_POINT('',(2.376411194282,0.867338697343,5.95));
#6454 = CARTESIAN_POINT('',(2.429637002849,0.84072579306,5.95));
#6455 = CARTESIAN_POINT('',(2.497378941025,0.84072579306,5.95));
#6456 = ORIENTED_EDGE('',*,*,#6457,.F.);
#6457 = EDGE_CURVE('',#6458,#6448,#6460,.T.);
#6458 = VERTEX_POINT('',#6459);
#6459 = CARTESIAN_POINT('',(2.497378941025,0.84072579306,5.75));
#6460 = LINE('',#6461,#6462);
#6461 = CARTESIAN_POINT('',(2.497378941025,0.84072579306,5.75));
#6462 = VECTOR('',#6463,1.);
#6463 = DIRECTION('',(5.116149740848E-16,1.479114197289E-31,1.));
#6464 = ORIENTED_EDGE('',*,*,#6465,.F.);
#6465 = EDGE_CURVE('',#6425,#6458,#6466,.T.);
#6466 = B_SPLINE_CURVE_WITH_KNOTS('',2,(#6467,#6468,#6469,#6470,#6471),
  .UNSPECIFIED.,.F.,.F.,(3,1,1,3),(0.,1.,2.,3.),.QUASI_UNIFORM_KNOTS.);
#6467 = CARTESIAN_POINT('',(2.349798289999,0.982258056749,5.75));
#6468 = CARTESIAN_POINT('',(2.349798289999,0.918145150975,5.75));
#6469 = CARTESIAN_POINT('',(2.376411194282,0.867338697343,5.75));
#6470 = CARTESIAN_POINT('',(2.429637002849,0.84072579306,5.75));
#6471 = CARTESIAN_POINT('',(2.497378941025,0.84072579306,5.75));
#6472 = ORIENTED_EDGE('',*,*,#6424,.T.);
#6473 = B_SPLINE_SURFACE_WITH_KNOTS('',2,1,(
    (#6474,#6475)
    ,(#6476,#6477)
    ,(#6478,#6479)
    ,(#6480,#6481)
    ,(#6482,#6483
    )),.UNSPECIFIED.,.F.,.F.,.F.,(3,1,1,3),(2,2),(-3.,-2.,-1.,0.),(0.,
    2.4E-02),.UNSPECIFIED.);
#6474 = CARTESIAN_POINT('',(2.497378941025,0.84072579306,5.75));
#6475 = CARTESIAN_POINT('',(2.497378941025,0.84072579306,5.99));
#6476 = CARTESIAN_POINT('',(2.429637002849,0.84072579306,5.75));
#6477 = CARTESIAN_POINT('',(2.429637002849,0.84072579306,5.99));
#6478 = CARTESIAN_POINT('',(2.376411194282,0.867338697343,5.75));
#6479 = CARTESIAN_POINT('',(2.376411194282,0.867338697343,5.99));
#6480 = CARTESIAN_POINT('',(2.349798289999,0.918145150975,5.75));
#6481 = CARTESIAN_POINT('',(2.349798289999,0.918145150975,5.99));
#6482 = CARTESIAN_POINT('',(2.349798289999,0.982258056749,5.75));
#6483 = CARTESIAN_POINT('',(2.349798289999,0.982258056749,5.99));
#6484 = ADVANCED_FACE('',(#6485),#6510,.T.);
#6485 = FACE_BOUND('',#6486,.T.);
#6486 = EDGE_LOOP('',(#6487,#6495,#6503,#6509));
#6487 = ORIENTED_EDGE('',*,*,#6488,.T.);
#6488 = EDGE_CURVE('',#6448,#6489,#6491,.T.);
#6489 = VERTEX_POINT('',#6490);
#6490 = CARTESIAN_POINT('',(2.537298297449,0.84072579306,5.95));
#6491 = LINE('',#6492,#6493);
#6492 = CARTESIAN_POINT('',(2.497378941025,0.84072579306,5.95));
#6493 = VECTOR('',#6494,1.);
#6494 = DIRECTION('',(1.,3.71230823859E-16,-5.116149740848E-16));
#6495 = ORIENTED_EDGE('',*,*,#6496,.F.);
#6496 = EDGE_CURVE('',#6497,#6489,#6499,.T.);
#6497 = VERTEX_POINT('',#6498);
#6498 = CARTESIAN_POINT('',(2.537298297449,0.84072579306,5.75));
#6499 = LINE('',#6500,#6501);
#6500 = CARTESIAN_POINT('',(2.537298297449,0.84072579306,5.75));
#6501 = VECTOR('',#6502,1.);
#6502 = DIRECTION('',(5.116149740848E-16,1.479114197289E-31,1.));
#6503 = ORIENTED_EDGE('',*,*,#6504,.F.);
#6504 = EDGE_CURVE('',#6458,#6497,#6505,.T.);
#6505 = LINE('',#6506,#6507);
#6506 = CARTESIAN_POINT('',(1.248689470512,0.84072579306,5.75));
#6507 = VECTOR('',#6508,1.);
#6508 = DIRECTION('',(1.,3.71230823859E-16,-5.116149740848E-16));
#6509 = ORIENTED_EDGE('',*,*,#6457,.T.);
#6510 = PLANE('',#6511);
#6511 = AXIS2_PLACEMENT_3D('',#6512,#6513,#6514);
#6512 = CARTESIAN_POINT('',(2.497378941025,0.84072579306,5.75));
#6513 = DIRECTION('',(-3.71230823859E-16,1.,4.201582859919E-32));
#6514 = DIRECTION('',(5.329070518201E-16,1.558156952883E-31,1.));
#6515 = ADVANCED_FACE('',(#6516),#6541,.T.);
#6516 = FACE_BOUND('',#6517,.T.);
#6517 = EDGE_LOOP('',(#6518,#6526,#6534,#6540));
#6518 = ORIENTED_EDGE('',*,*,#6519,.T.);
#6519 = EDGE_CURVE('',#6489,#6520,#6522,.T.);
#6520 = VERTEX_POINT('',#6521);
#6521 = CARTESIAN_POINT('',(2.537298297449,0.749999983003,5.95));
#6522 = LINE('',#6523,#6524);
#6523 = CARTESIAN_POINT('',(2.537298297449,0.84072579306,5.95));
#6524 = VECTOR('',#6525,1.);
#6525 = DIRECTION('',(3.71230823859E-16,-1.,-4.201582859919E-32));
#6526 = ORIENTED_EDGE('',*,*,#6527,.F.);
#6527 = EDGE_CURVE('',#6528,#6520,#6530,.T.);
#6528 = VERTEX_POINT('',#6529);
#6529 = CARTESIAN_POINT('',(2.537298297449,0.749999983003,5.75));
#6530 = LINE('',#6531,#6532);
#6531 = CARTESIAN_POINT('',(2.537298297449,0.749999983003,5.75));
#6532 = VECTOR('',#6533,1.);
#6533 = DIRECTION('',(5.116149740848E-16,1.479114197289E-31,1.));
#6534 = ORIENTED_EDGE('',*,*,#6535,.F.);
#6535 = EDGE_CURVE('',#6497,#6528,#6536,.T.);
#6536 = LINE('',#6537,#6538);
#6537 = CARTESIAN_POINT('',(2.537298297449,1.17036289653,5.75));
#6538 = VECTOR('',#6539,1.);
#6539 = DIRECTION('',(3.71230823859E-16,-1.,-2.079363207786E-30));
#6540 = ORIENTED_EDGE('',*,*,#6496,.T.);
#6541 = PLANE('',#6542);
#6542 = AXIS2_PLACEMENT_3D('',#6543,#6544,#6545);
#6543 = CARTESIAN_POINT('',(2.537298297449,0.84072579306,5.75));
#6544 = DIRECTION('',(1.,3.71230823859E-16,-5.116149740848E-16));
#6545 = DIRECTION('',(-5.116149740848E-16,7.904275559324E-33,-1.));
#6546 = ADVANCED_FACE('',(#6547),#6572,.T.);
#6547 = FACE_BOUND('',#6548,.T.);
#6548 = EDGE_LOOP('',(#6549,#6557,#6565,#6571));
#6549 = ORIENTED_EDGE('',*,*,#6550,.T.);
#6550 = EDGE_CURVE('',#6520,#6551,#6553,.T.);
#6551 = VERTEX_POINT('',#6552);
#6552 = CARTESIAN_POINT('',(1.966330532826,0.749999983003,5.95));
#6553 = LINE('',#6554,#6555);
#6554 = CARTESIAN_POINT('',(2.537298297449,0.749999983003,5.95));
#6555 = VECTOR('',#6556,1.);
#6556 = DIRECTION('',(-1.,-3.71230823859E-16,5.116149740848E-16));
#6557 = ORIENTED_EDGE('',*,*,#6558,.F.);
#6558 = EDGE_CURVE('',#6559,#6551,#6561,.T.);
#6559 = VERTEX_POINT('',#6560);
#6560 = CARTESIAN_POINT('',(1.966330532826,0.749999983003,5.75));
#6561 = LINE('',#6562,#6563);
#6562 = CARTESIAN_POINT('',(1.966330532826,0.749999983003,5.75));
#6563 = VECTOR('',#6564,1.);
#6564 = DIRECTION('',(5.116149740848E-16,1.479114197289E-31,1.));
#6565 = ORIENTED_EDGE('',*,*,#6566,.F.);
#6566 = EDGE_CURVE('',#6528,#6559,#6567,.T.);
#6567 = LINE('',#6568,#6569);
#6568 = CARTESIAN_POINT('',(1.268649148725,0.749999983003,5.75));
#6569 = VECTOR('',#6570,1.);
#6570 = DIRECTION('',(-1.,-3.71230823859E-16,5.116149740848E-16));
#6571 = ORIENTED_EDGE('',*,*,#6527,.T.);
#6572 = PLANE('',#6573);
#6573 = AXIS2_PLACEMENT_3D('',#6574,#6575,#6576);
#6574 = CARTESIAN_POINT('',(2.537298297449,0.749999983003,5.75));
#6575 = DIRECTION('',(3.71230823859E-16,-1.,-4.201582859919E-32));
#6576 = DIRECTION('',(-5.329070518201E-16,-1.558156952883E-31,-1.));
#6577 = ADVANCED_FACE('',(#6578),#6603,.T.);
#6578 = FACE_BOUND('',#6579,.T.);
#6579 = EDGE_LOOP('',(#6580,#6588,#6596,#6602));
#6580 = ORIENTED_EDGE('',*,*,#6581,.T.);
#6581 = EDGE_CURVE('',#6551,#6582,#6584,.T.);
#6582 = VERTEX_POINT('',#6583);
#6583 = CARTESIAN_POINT('',(1.966330532826,0.84072579306,5.95));
#6584 = LINE('',#6585,#6586);
#6585 = CARTESIAN_POINT('',(1.966330532826,0.749999983003,5.95));
#6586 = VECTOR('',#6587,1.);
#6587 = DIRECTION('',(-3.71230823859E-16,1.,4.201582859919E-32));
#6588 = ORIENTED_EDGE('',*,*,#6589,.F.);
#6589 = EDGE_CURVE('',#6590,#6582,#6592,.T.);
#6590 = VERTEX_POINT('',#6591);
#6591 = CARTESIAN_POINT('',(1.966330532826,0.84072579306,5.75));
#6592 = LINE('',#6593,#6594);
#6593 = CARTESIAN_POINT('',(1.966330532826,0.84072579306,5.75));
#6594 = VECTOR('',#6595,1.);
#6595 = DIRECTION('',(5.116149740848E-16,1.479114197289E-31,1.));
#6596 = ORIENTED_EDGE('',*,*,#6597,.F.);
#6597 = EDGE_CURVE('',#6559,#6590,#6598,.T.);
#6598 = LINE('',#6599,#6600);
#6599 = CARTESIAN_POINT('',(1.966330532826,1.124999991502,5.75));
#6600 = VECTOR('',#6601,1.);
#6601 = DIRECTION('',(-3.71230823859E-16,1.,2.079363207786E-30));
#6602 = ORIENTED_EDGE('',*,*,#6558,.T.);
#6603 = PLANE('',#6604);
#6604 = AXIS2_PLACEMENT_3D('',#6605,#6606,#6607);
#6605 = CARTESIAN_POINT('',(1.966330532826,0.749999983003,5.75));
#6606 = DIRECTION('',(-1.,-3.71230823859E-16,5.116149740848E-16));
#6607 = DIRECTION('',(5.116149740848E-16,3.387046026532E-34,1.));
#6608 = ADVANCED_FACE('',(#6609),#6634,.T.);
#6609 = FACE_BOUND('',#6610,.T.);
#6610 = EDGE_LOOP('',(#6611,#6619,#6627,#6633));
#6611 = ORIENTED_EDGE('',*,*,#6612,.T.);
#6612 = EDGE_CURVE('',#6582,#6613,#6615,.T.);
#6613 = VERTEX_POINT('',#6614);
#6614 = CARTESIAN_POINT('',(2.002620856848,0.84072579306,5.95));
#6615 = LINE('',#6616,#6617);
#6616 = CARTESIAN_POINT('',(1.966330532826,0.84072579306,5.95));
#6617 = VECTOR('',#6618,1.);
#6618 = DIRECTION('',(1.,3.71230823859E-16,-5.116149740848E-16));
#6619 = ORIENTED_EDGE('',*,*,#6620,.F.);
#6620 = EDGE_CURVE('',#6621,#6613,#6623,.T.);
#6621 = VERTEX_POINT('',#6622);
#6622 = CARTESIAN_POINT('',(2.002620856848,0.84072579306,5.75));
#6623 = LINE('',#6624,#6625);
#6624 = CARTESIAN_POINT('',(2.002620856848,0.84072579306,5.75));
#6625 = VECTOR('',#6626,1.);
#6626 = DIRECTION('',(5.116149740848E-16,1.479114197289E-31,1.));
#6627 = ORIENTED_EDGE('',*,*,#6628,.F.);
#6628 = EDGE_CURVE('',#6590,#6621,#6629,.T.);
#6629 = LINE('',#6630,#6631);
#6630 = CARTESIAN_POINT('',(0.983165266413,0.84072579306,5.75));
#6631 = VECTOR('',#6632,1.);
#6632 = DIRECTION('',(1.,3.71230823859E-16,-5.116149740848E-16));
#6633 = ORIENTED_EDGE('',*,*,#6589,.T.);
#6634 = PLANE('',#6635);
#6635 = AXIS2_PLACEMENT_3D('',#6636,#6637,#6638);
#6636 = CARTESIAN_POINT('',(1.966330532826,0.84072579306,5.75));
#6637 = DIRECTION('',(-3.71230823859E-16,1.,4.201582859919E-32));
#6638 = DIRECTION('',(5.107025913276E-16,1.475727151263E-31,1.));
#6639 = ADVANCED_FACE('',(#6640),#6669,.T.);
#6640 = FACE_BOUND('',#6641,.T.);
#6641 = EDGE_LOOP('',(#6642,#6652,#6660,#6668));
#6642 = ORIENTED_EDGE('',*,*,#6643,.T.);
#6643 = EDGE_CURVE('',#6613,#6644,#6646,.T.);
#6644 = VERTEX_POINT('',#6645);
#6645 = CARTESIAN_POINT('',(2.148991830407,0.993145153955,5.95));
#6646 = B_SPLINE_CURVE_WITH_KNOTS('',2,(#6647,#6648,#6649,#6650,#6651),
  .UNSPECIFIED.,.F.,.F.,(3,1,1,3),(0.,1.,2.,3.),.QUASI_UNIFORM_KNOTS.);
#6647 = CARTESIAN_POINT('',(2.002620856848,0.84072579306,5.95));
#6648 = CARTESIAN_POINT('',(2.071572472492,0.84072579306,5.95));
#6649 = CARTESIAN_POINT('',(2.124798281058,0.866129019876,5.95));
#6650 = CARTESIAN_POINT('',(2.148991830407,0.921774183377,5.95));
#6651 = CARTESIAN_POINT('',(2.148991830407,0.993145153955,5.95));
#6652 = ORIENTED_EDGE('',*,*,#6653,.F.);
#6653 = EDGE_CURVE('',#6654,#6644,#6656,.T.);
#6654 = VERTEX_POINT('',#6655);
#6655 = CARTESIAN_POINT('',(2.148991830407,0.993145153955,5.75));
#6656 = LINE('',#6657,#6658);
#6657 = CARTESIAN_POINT('',(2.148991830407,0.993145153955,5.75));
#6658 = VECTOR('',#6659,1.);
#6659 = DIRECTION('',(5.116149740848E-16,1.479114197289E-31,1.));
#6660 = ORIENTED_EDGE('',*,*,#6661,.F.);
#6661 = EDGE_CURVE('',#6621,#6654,#6662,.T.);
#6662 = B_SPLINE_CURVE_WITH_KNOTS('',2,(#6663,#6664,#6665,#6666,#6667),
  .UNSPECIFIED.,.F.,.F.,(3,1,1,3),(0.,1.,2.,3.),.QUASI_UNIFORM_KNOTS.);
#6663 = CARTESIAN_POINT('',(2.002620856848,0.84072579306,5.75));
#6664 = CARTESIAN_POINT('',(2.071572472492,0.84072579306,5.75));
#6665 = CARTESIAN_POINT('',(2.124798281058,0.866129019876,5.75));
#6666 = CARTESIAN_POINT('',(2.148991830407,0.921774183377,5.75));
#6667 = CARTESIAN_POINT('',(2.148991830407,0.993145153955,5.75));
#6668 = ORIENTED_EDGE('',*,*,#6620,.T.);
#6669 = B_SPLINE_SURFACE_WITH_KNOTS('',2,1,(
    (#6670,#6671)
    ,(#6672,#6673)
    ,(#6674,#6675)
    ,(#6676,#6677)
    ,(#6678,#6679
    )),.UNSPECIFIED.,.F.,.F.,.F.,(3,1,1,3),(2,2),(-3.,-2.,-1.,0.),(0.,
    2.4E-02),.UNSPECIFIED.);
#6670 = CARTESIAN_POINT('',(2.148991830407,0.993145153955,5.75));
#6671 = CARTESIAN_POINT('',(2.148991830407,0.993145153955,5.99));
#6672 = CARTESIAN_POINT('',(2.148991830407,0.921774183377,5.75));
#6673 = CARTESIAN_POINT('',(2.148991830407,0.921774183377,5.99));
#6674 = CARTESIAN_POINT('',(2.124798281058,0.866129019876,5.75));
#6675 = CARTESIAN_POINT('',(2.124798281058,0.866129019876,5.99));
#6676 = CARTESIAN_POINT('',(2.071572472492,0.84072579306,5.75));
#6677 = CARTESIAN_POINT('',(2.071572472492,0.84072579306,5.99));
#6678 = CARTESIAN_POINT('',(2.002620856848,0.84072579306,5.75));
#6679 = CARTESIAN_POINT('',(2.002620856848,0.84072579306,5.99));
#6680 = ADVANCED_FACE('',(#6681),#6706,.T.);
#6681 = FACE_BOUND('',#6682,.T.);
#6682 = EDGE_LOOP('',(#6683,#6691,#6699,#6705));
#6683 = ORIENTED_EDGE('',*,*,#6684,.T.);
#6684 = EDGE_CURVE('',#6644,#6685,#6687,.T.);
#6685 = VERTEX_POINT('',#6686);
#6686 = CARTESIAN_POINT('',(2.148991830407,2.012903258993,5.95));
#6687 = LINE('',#6688,#6689);
#6688 = CARTESIAN_POINT('',(2.148991830407,0.993145153955,5.95));
#6689 = VECTOR('',#6690,1.);
#6690 = DIRECTION('',(-3.71230823859E-16,1.,4.201582859919E-32));
#6691 = ORIENTED_EDGE('',*,*,#6692,.F.);
#6692 = EDGE_CURVE('',#6693,#6685,#6695,.T.);
#6693 = VERTEX_POINT('',#6694);
#6694 = CARTESIAN_POINT('',(2.148991830407,2.012903258993,5.75));
#6695 = LINE('',#6696,#6697);
#6696 = CARTESIAN_POINT('',(2.148991830407,2.012903258993,5.75));
#6697 = VECTOR('',#6698,1.);
#6698 = DIRECTION('',(5.116149740848E-16,1.479114197289E-31,1.));
#6699 = ORIENTED_EDGE('',*,*,#6700,.F.);
#6700 = EDGE_CURVE('',#6654,#6693,#6701,.T.);
#6701 = LINE('',#6702,#6703);
#6702 = CARTESIAN_POINT('',(2.148991830407,1.246572576978,5.75));
#6703 = VECTOR('',#6704,1.);
#6704 = DIRECTION('',(-3.71230823859E-16,1.,2.079363207786E-30));
#6705 = ORIENTED_EDGE('',*,*,#6653,.T.);
#6706 = PLANE('',#6707);
#6707 = AXIS2_PLACEMENT_3D('',#6708,#6709,#6710);
#6708 = CARTESIAN_POINT('',(2.148991830407,0.993145153955,5.75));
#6709 = DIRECTION('',(-1.,-3.71230823859E-16,5.116149740848E-16));
#6710 = DIRECTION('',(5.116149740848E-16,-7.904275559324E-33,1.));
#6711 = ADVANCED_FACE('',(#6712),#6741,.T.);
#6712 = FACE_BOUND('',#6713,.T.);
#6713 = EDGE_LOOP('',(#6714,#6724,#6732,#6740));
#6714 = ORIENTED_EDGE('',*,*,#6715,.T.);
#6715 = EDGE_CURVE('',#6685,#6716,#6718,.T.);
#6716 = VERTEX_POINT('',#6717);
#6717 = CARTESIAN_POINT('',(2.017136986458,2.159274232551,5.95));
#6718 = B_SPLINE_CURVE_WITH_KNOTS('',2,(#6719,#6720,#6721,#6722,#6723),
  .UNSPECIFIED.,.F.,.F.,(3,1,1,3),(0.,1.,2.,3.),.QUASI_UNIFORM_KNOTS.);
#6719 = CARTESIAN_POINT('',(2.148991830407,2.012903258993,5.95));
#6720 = CARTESIAN_POINT('',(2.148991830407,2.080645197169,5.95));
#6721 = CARTESIAN_POINT('',(2.124798281058,2.133871005735,5.95));
#6722 = CARTESIAN_POINT('',(2.076411182361,2.159274232551,5.95));
#6723 = CARTESIAN_POINT('',(2.017136986458,2.159274232551,5.95));
#6724 = ORIENTED_EDGE('',*,*,#6725,.F.);
#6725 = EDGE_CURVE('',#6726,#6716,#6728,.T.);
#6726 = VERTEX_POINT('',#6727);
#6727 = CARTESIAN_POINT('',(2.017136986458,2.159274232551,5.75));
#6728 = LINE('',#6729,#6730);
#6729 = CARTESIAN_POINT('',(2.017136986458,2.159274232551,5.75));
#6730 = VECTOR('',#6731,1.);
#6731 = DIRECTION('',(5.116149740848E-16,1.479114197289E-31,1.));
#6732 = ORIENTED_EDGE('',*,*,#6733,.F.);
#6733 = EDGE_CURVE('',#6693,#6726,#6734,.T.);
#6734 = B_SPLINE_CURVE_WITH_KNOTS('',2,(#6735,#6736,#6737,#6738,#6739),
  .UNSPECIFIED.,.F.,.F.,(3,1,1,3),(0.,1.,2.,3.),.QUASI_UNIFORM_KNOTS.);
#6735 = CARTESIAN_POINT('',(2.148991830407,2.012903258993,5.75));
#6736 = CARTESIAN_POINT('',(2.148991830407,2.080645197169,5.75));
#6737 = CARTESIAN_POINT('',(2.124798281058,2.133871005735,5.75));
#6738 = CARTESIAN_POINT('',(2.076411182361,2.159274232551,5.75));
#6739 = CARTESIAN_POINT('',(2.017136986458,2.159274232551,5.75));
#6740 = ORIENTED_EDGE('',*,*,#6692,.T.);
#6741 = B_SPLINE_SURFACE_WITH_KNOTS('',2,1,(
    (#6742,#6743)
    ,(#6744,#6745)
    ,(#6746,#6747)
    ,(#6748,#6749)
    ,(#6750,#6751
    )),.UNSPECIFIED.,.F.,.F.,.F.,(3,1,1,3),(2,2),(-3.,-2.,-1.,0.),(0.,
    2.4E-02),.UNSPECIFIED.);
#6742 = CARTESIAN_POINT('',(2.017136986458,2.159274232551,5.75));
#6743 = CARTESIAN_POINT('',(2.017136986458,2.159274232551,5.99));
#6744 = CARTESIAN_POINT('',(2.076411182361,2.159274232551,5.75));
#6745 = CARTESIAN_POINT('',(2.076411182361,2.159274232551,5.99));
#6746 = CARTESIAN_POINT('',(2.124798281058,2.133871005735,5.75));
#6747 = CARTESIAN_POINT('',(2.124798281058,2.133871005735,5.99));
#6748 = CARTESIAN_POINT('',(2.148991830407,2.080645197169,5.75));
#6749 = CARTESIAN_POINT('',(2.148991830407,2.080645197169,5.99));
#6750 = CARTESIAN_POINT('',(2.148991830407,2.012903258993,5.75));
#6751 = CARTESIAN_POINT('',(2.148991830407,2.012903258993,5.99));
#6752 = ADVANCED_FACE('',(#6753),#6778,.T.);
#6753 = FACE_BOUND('',#6754,.T.);
#6754 = EDGE_LOOP('',(#6755,#6763,#6771,#6777));
#6755 = ORIENTED_EDGE('',*,*,#6756,.T.);
#6756 = EDGE_CURVE('',#6716,#6757,#6759,.T.);
#6757 = VERTEX_POINT('',#6758);
#6758 = CARTESIAN_POINT('',(1.966330532826,2.159274232551,5.95));
#6759 = LINE('',#6760,#6761);
#6760 = CARTESIAN_POINT('',(2.017136986458,2.159274232551,5.95));
#6761 = VECTOR('',#6762,1.);
#6762 = DIRECTION('',(-1.,-3.71230823859E-16,5.116149740848E-16));
#6763 = ORIENTED_EDGE('',*,*,#6764,.F.);
#6764 = EDGE_CURVE('',#6765,#6757,#6767,.T.);
#6765 = VERTEX_POINT('',#6766);
#6766 = CARTESIAN_POINT('',(1.966330532826,2.159274232551,5.75));
#6767 = LINE('',#6768,#6769);
#6768 = CARTESIAN_POINT('',(1.966330532826,2.159274232551,5.75));
#6769 = VECTOR('',#6770,1.);
#6770 = DIRECTION('',(5.116149740848E-16,1.479114197289E-31,1.));
#6771 = ORIENTED_EDGE('',*,*,#6772,.F.);
#6772 = EDGE_CURVE('',#6726,#6765,#6773,.T.);
#6773 = LINE('',#6774,#6775);
#6774 = CARTESIAN_POINT('',(1.008568493229,2.159274232551,5.75));
#6775 = VECTOR('',#6776,1.);
#6776 = DIRECTION('',(-1.,-3.71230823859E-16,5.116149740848E-16));
#6777 = ORIENTED_EDGE('',*,*,#6725,.T.);
#6778 = PLANE('',#6779);
#6779 = AXIS2_PLACEMENT_3D('',#6780,#6781,#6782);
#6780 = CARTESIAN_POINT('',(2.017136986458,2.159274232551,5.75));
#6781 = DIRECTION('',(3.71230823859E-16,-1.,-4.201582859919E-32));
#6782 = DIRECTION('',(-5.329070518201E-16,-1.558156952883E-31,-1.));
#6783 = ADVANCED_FACE('',(#6784),#6809,.T.);
#6784 = FACE_BOUND('',#6785,.T.);
#6785 = EDGE_LOOP('',(#6786,#6794,#6802,#6808));
#6786 = ORIENTED_EDGE('',*,*,#6787,.T.);
#6787 = EDGE_CURVE('',#6757,#6788,#6790,.T.);
#6788 = VERTEX_POINT('',#6789);
#6789 = CARTESIAN_POINT('',(1.966330532826,2.250000042608,5.95));
#6790 = LINE('',#6791,#6792);
#6791 = CARTESIAN_POINT('',(1.966330532826,2.159274232551,5.95));
#6792 = VECTOR('',#6793,1.);
#6793 = DIRECTION('',(-3.71230823859E-16,1.,4.201582859919E-32));
#6794 = ORIENTED_EDGE('',*,*,#6795,.F.);
#6795 = EDGE_CURVE('',#6796,#6788,#6798,.T.);
#6796 = VERTEX_POINT('',#6797);
#6797 = CARTESIAN_POINT('',(1.966330532826,2.250000042608,5.75));
#6798 = LINE('',#6799,#6800);
#6799 = CARTESIAN_POINT('',(1.966330532826,2.250000042608,5.75));
#6800 = VECTOR('',#6801,1.);
#6801 = DIRECTION('',(5.116149740848E-16,1.479114197289E-31,1.));
#6802 = ORIENTED_EDGE('',*,*,#6803,.F.);
#6803 = EDGE_CURVE('',#6765,#6796,#6804,.T.);
#6804 = LINE('',#6805,#6806);
#6805 = CARTESIAN_POINT('',(1.966330532826,1.829637116276,5.75));
#6806 = VECTOR('',#6807,1.);
#6807 = DIRECTION('',(-3.71230823859E-16,1.,2.079363207786E-30));
#6808 = ORIENTED_EDGE('',*,*,#6764,.T.);
#6809 = PLANE('',#6810);
#6810 = AXIS2_PLACEMENT_3D('',#6811,#6812,#6813);
#6811 = CARTESIAN_POINT('',(1.966330532826,2.159274232551,5.75));
#6812 = DIRECTION('',(-1.,-3.71230823859E-16,5.116149740848E-16));
#6813 = DIRECTION('',(5.116149740848E-16,3.387046026532E-34,1.));
#6814 = ADVANCED_FACE('',(#6815),#6831,.T.);
#6815 = FACE_BOUND('',#6816,.T.);
#6816 = EDGE_LOOP('',(#6817,#6823,#6824,#6830));
#6817 = ORIENTED_EDGE('',*,*,#6818,.T.);
#6818 = EDGE_CURVE('',#6788,#5944,#6819,.T.);
#6819 = LINE('',#6820,#6821);
#6820 = CARTESIAN_POINT('',(1.966330532826,2.250000042608,5.95));
#6821 = VECTOR('',#6822,1.);
#6822 = DIRECTION('',(1.,3.71230823859E-16,-5.116149740848E-16));
#6823 = ORIENTED_EDGE('',*,*,#5969,.F.);
#6824 = ORIENTED_EDGE('',*,*,#6825,.F.);
#6825 = EDGE_CURVE('',#6796,#5962,#6826,.T.);
#6826 = LINE('',#6827,#6828);
#6827 = CARTESIAN_POINT('',(0.983165266413,2.250000042608,5.75));
#6828 = VECTOR('',#6829,1.);
#6829 = DIRECTION('',(1.,3.71230823859E-16,-5.116149740848E-16));
#6830 = ORIENTED_EDGE('',*,*,#6795,.T.);
#6831 = PLANE('',#6832);
#6832 = AXIS2_PLACEMENT_3D('',#6833,#6834,#6835);
#6833 = CARTESIAN_POINT('',(1.966330532826,2.250000042608,5.75));
#6834 = DIRECTION('',(-3.71230823859E-16,1.,4.201582859919E-32));
#6835 = DIRECTION('',(5.107025913276E-16,1.475727151263E-31,1.));
#6836 = ADVANCED_FACE('',(#6837),#6866,.T.);
#6837 = FACE_BOUND('',#6838,.T.);
#6838 = EDGE_LOOP('',(#6839,#6840,#6841,#6842,#6843,#6844,#6845,#6846,
    #6847,#6848,#6849,#6850,#6851,#6852,#6853,#6854,#6855,#6856,#6857,
    #6858,#6859,#6860,#6861,#6862,#6863,#6864,#6865));
#6839 = ORIENTED_EDGE('',*,*,#5943,.F.);
#6840 = ORIENTED_EDGE('',*,*,#6818,.F.);
#6841 = ORIENTED_EDGE('',*,*,#6787,.F.);
#6842 = ORIENTED_EDGE('',*,*,#6756,.F.);
#6843 = ORIENTED_EDGE('',*,*,#6715,.F.);
#6844 = ORIENTED_EDGE('',*,*,#6684,.F.);
#6845 = ORIENTED_EDGE('',*,*,#6643,.F.);
#6846 = ORIENTED_EDGE('',*,*,#6612,.F.);
#6847 = ORIENTED_EDGE('',*,*,#6581,.F.);
#6848 = ORIENTED_EDGE('',*,*,#6550,.F.);
#6849 = ORIENTED_EDGE('',*,*,#6519,.F.);
#6850 = ORIENTED_EDGE('',*,*,#6488,.F.);
#6851 = ORIENTED_EDGE('',*,*,#6447,.F.);
#6852 = ORIENTED_EDGE('',*,*,#6416,.F.);
#6853 = ORIENTED_EDGE('',*,*,#6385,.F.);
#6854 = ORIENTED_EDGE('',*,*,#6344,.F.);
#6855 = ORIENTED_EDGE('',*,*,#6313,.F.);
#6856 = ORIENTED_EDGE('',*,*,#6282,.F.);
#6857 = ORIENTED_EDGE('',*,*,#6251,.F.);
#6858 = ORIENTED_EDGE('',*,*,#6220,.F.);
#6859 = ORIENTED_EDGE('',*,*,#6189,.F.);
#6860 = ORIENTED_EDGE('',*,*,#6148,.F.);
#6861 = ORIENTED_EDGE('',*,*,#6117,.F.);
#6862 = ORIENTED_EDGE('',*,*,#6086,.F.);
#6863 = ORIENTED_EDGE('',*,*,#6055,.F.);
#6864 = ORIENTED_EDGE('',*,*,#6014,.F.);
#6865 = ORIENTED_EDGE('',*,*,#5983,.F.);
#6866 = PLANE('',#6867);
#6867 = AXIS2_PLACEMENT_3D('',#6868,#6869,#6870);
#6868 = CARTESIAN_POINT('',(2.517421617844,1.625198981101,5.95));
#6869 = DIRECTION('',(5.116149740848E-16,1.479114197289E-31,1.));
#6870 = DIRECTION('',(1.,3.774758283726E-16,-5.116149740848E-16));
#6871 = ADVANCED_FACE('',(#6872),#6908,.F.);
#6872 = FACE_BOUND('',#6873,.F.);
#6873 = EDGE_LOOP('',(#6874,#6884,#6893,#6901));
#6874 = ORIENTED_EDGE('',*,*,#6875,.F.);
#6875 = EDGE_CURVE('',#6876,#6878,#6880,.T.);
#6876 = VERTEX_POINT('',#6877);
#6877 = CARTESIAN_POINT('',(-2.75,0.4,6.));
#6878 = VERTEX_POINT('',#6879);
#6879 = CARTESIAN_POINT('',(-2.75,0.4,5.75));
#6880 = LINE('',#6881,#6882);
#6881 = CARTESIAN_POINT('',(-2.75,0.4,6.));
#6882 = VECTOR('',#6883,1.);
#6883 = DIRECTION('',(-5.116149740848E-16,-1.479114197289E-31,-1.));
#6884 = ORIENTED_EDGE('',*,*,#6885,.T.);
#6885 = EDGE_CURVE('',#6876,#6886,#6888,.T.);
#6886 = VERTEX_POINT('',#6887);
#6887 = CARTESIAN_POINT('',(-2.75,2.6,6.));
#6888 = CIRCLE('',#6889,1.1);
#6889 = AXIS2_PLACEMENT_3D('',#6890,#6891,#6892);
#6890 = CARTESIAN_POINT('',(-2.75,1.5,6.));
#6891 = DIRECTION('',(-5.116149740848E-16,-1.479114197289E-31,-1.));
#6892 = DIRECTION('',(3.71230823859E-16,-1.,-4.201582859919E-32));
#6893 = ORIENTED_EDGE('',*,*,#6894,.T.);
#6894 = EDGE_CURVE('',#6886,#6895,#6897,.T.);
#6895 = VERTEX_POINT('',#6896);
#6896 = CARTESIAN_POINT('',(-2.75,2.6,5.75));
#6897 = LINE('',#6898,#6899);
#6898 = CARTESIAN_POINT('',(-2.75,2.6,6.));
#6899 = VECTOR('',#6900,1.);
#6900 = DIRECTION('',(-5.116149740848E-16,-1.479114197289E-31,-1.));
#6901 = ORIENTED_EDGE('',*,*,#6902,.T.);
#6902 = EDGE_CURVE('',#6895,#6878,#6903,.T.);
#6903 = CIRCLE('',#6904,1.1);
#6904 = AXIS2_PLACEMENT_3D('',#6905,#6906,#6907);
#6905 = CARTESIAN_POINT('',(-2.75,1.5,5.75));
#6906 = DIRECTION('',(5.116149740848E-16,1.479114197289E-31,1.));
#6907 = DIRECTION('',(3.71230823859E-16,-1.,-4.201582859919E-32));
#6908 = CYLINDRICAL_SURFACE('',#6909,1.1);
#6909 = AXIS2_PLACEMENT_3D('',#6910,#6911,#6912);
#6910 = CARTESIAN_POINT('',(-2.75,1.5,6.));
#6911 = DIRECTION('',(-5.116149740848E-16,-1.479114197289E-31,-1.));
#6912 = DIRECTION('',(3.71230823859E-16,-1.,-4.201582859919E-32));
#6913 = ADVANCED_FACE('',(#6914),#6939,.F.);
#6914 = FACE_BOUND('',#6915,.T.);
#6915 = EDGE_LOOP('',(#6916,#6924,#6925,#6933));
#6916 = ORIENTED_EDGE('',*,*,#6917,.F.);
#6917 = EDGE_CURVE('',#6878,#6918,#6920,.T.);
#6918 = VERTEX_POINT('',#6919);
#6919 = CARTESIAN_POINT('',(2.75,0.4,5.75));
#6920 = LINE('',#6921,#6922);
#6921 = CARTESIAN_POINT('',(2.75,0.4,5.75));
#6922 = VECTOR('',#6923,1.);
#6923 = DIRECTION('',(1.,3.71230823859E-16,-5.116149740848E-16));
#6924 = ORIENTED_EDGE('',*,*,#6875,.F.);
#6925 = ORIENTED_EDGE('',*,*,#6926,.F.);
#6926 = EDGE_CURVE('',#6927,#6876,#6929,.T.);
#6927 = VERTEX_POINT('',#6928);
#6928 = CARTESIAN_POINT('',(2.75,0.4,6.));
#6929 = LINE('',#6930,#6931);
#6930 = CARTESIAN_POINT('',(-1.375,0.4,6.));
#6931 = VECTOR('',#6932,1.);
#6932 = DIRECTION('',(-1.,-3.71230823859E-16,5.116149740848E-16));
#6933 = ORIENTED_EDGE('',*,*,#6934,.T.);
#6934 = EDGE_CURVE('',#6927,#6918,#6935,.T.);
#6935 = LINE('',#6936,#6937);
#6936 = CARTESIAN_POINT('',(2.75,0.4,6.));
#6937 = VECTOR('',#6938,1.);
#6938 = DIRECTION('',(-5.116149740848E-16,-1.479114197289E-31,-1.));
#6939 = PLANE('',#6940);
#6940 = AXIS2_PLACEMENT_3D('',#6941,#6942,#6943);
#6941 = CARTESIAN_POINT('',(-2.75,0.4,6.));
#6942 = DIRECTION('',(3.71230823859E-16,-1.,-4.201582859919E-32));
#6943 = DIRECTION('',(-5.329070518201E-16,-1.558156952883E-31,-1.));
#6944 = ADVANCED_FACE('',(#6945),#6972,.F.);
#6945 = FACE_BOUND('',#6946,.F.);
#6946 = EDGE_LOOP('',(#6947,#6957,#6964,#6965));
#6947 = ORIENTED_EDGE('',*,*,#6948,.F.);
#6948 = EDGE_CURVE('',#6949,#6951,#6953,.T.);
#6949 = VERTEX_POINT('',#6950);
#6950 = CARTESIAN_POINT('',(2.75,2.6,6.));
#6951 = VERTEX_POINT('',#6952);
#6952 = CARTESIAN_POINT('',(2.75,2.6,5.75));
#6953 = LINE('',#6954,#6955);
#6954 = CARTESIAN_POINT('',(2.75,2.6,6.));
#6955 = VECTOR('',#6956,1.);
#6956 = DIRECTION('',(-5.116149740848E-16,-1.479114197289E-31,-1.));
#6957 = ORIENTED_EDGE('',*,*,#6958,.T.);
#6958 = EDGE_CURVE('',#6949,#6927,#6959,.T.);
#6959 = CIRCLE('',#6960,1.1);
#6960 = AXIS2_PLACEMENT_3D('',#6961,#6962,#6963);
#6961 = CARTESIAN_POINT('',(2.75,1.5,6.));
#6962 = DIRECTION('',(-5.116149740848E-16,-1.479114197289E-31,-1.));
#6963 = DIRECTION('',(1.33416005516E-16,1.,-2.161690459335E-31));
#6964 = ORIENTED_EDGE('',*,*,#6934,.T.);
#6965 = ORIENTED_EDGE('',*,*,#6966,.T.);
#6966 = EDGE_CURVE('',#6918,#6951,#6967,.T.);
#6967 = CIRCLE('',#6968,1.1);
#6968 = AXIS2_PLACEMENT_3D('',#6969,#6970,#6971);
#6969 = CARTESIAN_POINT('',(2.75,1.5,5.75));
#6970 = DIRECTION('',(5.116149740848E-16,1.479114197289E-31,1.));
#6971 = DIRECTION('',(1.33416005516E-16,1.,-2.161690459335E-31));
#6972 = CYLINDRICAL_SURFACE('',#6973,1.1);
#6973 = AXIS2_PLACEMENT_3D('',#6974,#6975,#6976);
#6974 = CARTESIAN_POINT('',(2.75,1.5,6.));
#6975 = DIRECTION('',(-5.116149740848E-16,-1.479114197289E-31,-1.));
#6976 = DIRECTION('',(1.33416005516E-16,1.,-2.161690459335E-31));
#6977 = ADVANCED_FACE('',(#6978),#6994,.F.);
#6978 = FACE_BOUND('',#6979,.T.);
#6979 = EDGE_LOOP('',(#6980,#6986,#6987,#6993));
#6980 = ORIENTED_EDGE('',*,*,#6981,.F.);
#6981 = EDGE_CURVE('',#6951,#6895,#6982,.T.);
#6982 = LINE('',#6983,#6984);
#6983 = CARTESIAN_POINT('',(-2.75,2.6,5.75));
#6984 = VECTOR('',#6985,1.);
#6985 = DIRECTION('',(-1.,-3.71230823859E-16,5.116149740848E-16));
#6986 = ORIENTED_EDGE('',*,*,#6948,.F.);
#6987 = ORIENTED_EDGE('',*,*,#6988,.F.);
#6988 = EDGE_CURVE('',#6886,#6949,#6989,.T.);
#6989 = LINE('',#6990,#6991);
#6990 = CARTESIAN_POINT('',(1.375,2.6,6.));
#6991 = VECTOR('',#6992,1.);
#6992 = DIRECTION('',(1.,3.71230823859E-16,-5.116149740848E-16));
#6993 = ORIENTED_EDGE('',*,*,#6894,.T.);
#6994 = PLANE('',#6995);
#6995 = AXIS2_PLACEMENT_3D('',#6996,#6997,#6998);
#6996 = CARTESIAN_POINT('',(2.75,2.6,6.));
#6997 = DIRECTION('',(-3.71230823859E-16,1.,4.201582859919E-32));
#6998 = DIRECTION('',(5.329070518201E-16,1.558156952883E-31,1.));
#6999 = ADVANCED_FACE('',(#7000,#7006,#7035,#7057,#7075,#7093),#7122,.T.
  );
#7000 = FACE_BOUND('',#7001,.T.);
#7001 = EDGE_LOOP('',(#7002,#7003,#7004,#7005));
#7002 = ORIENTED_EDGE('',*,*,#6902,.T.);
#7003 = ORIENTED_EDGE('',*,*,#6917,.T.);
#7004 = ORIENTED_EDGE('',*,*,#6966,.T.);
#7005 = ORIENTED_EDGE('',*,*,#6981,.T.);
#7006 = FACE_BOUND('',#7007,.T.);
#7007 = EDGE_LOOP('',(#7008,#7009,#7010,#7011,#7012,#7013,#7014,#7015,
    #7016,#7017,#7018,#7019,#7020,#7021,#7022,#7023,#7024,#7025,#7026,
    #7027,#7028,#7029,#7030,#7031,#7032,#7033,#7034));
#7008 = ORIENTED_EDGE('',*,*,#3193,.T.);
#7009 = ORIENTED_EDGE('',*,*,#3231,.T.);
#7010 = ORIENTED_EDGE('',*,*,#3264,.T.);
#7011 = ORIENTED_EDGE('',*,*,#3303,.T.);
#7012 = ORIENTED_EDGE('',*,*,#3334,.T.);
#7013 = ORIENTED_EDGE('',*,*,#3365,.T.);
#7014 = ORIENTED_EDGE('',*,*,#3398,.T.);
#7015 = ORIENTED_EDGE('',*,*,#3437,.T.);
#7016 = ORIENTED_EDGE('',*,*,#3468,.T.);
#7017 = ORIENTED_EDGE('',*,*,#3499,.T.);
#7018 = ORIENTED_EDGE('',*,*,#3530,.T.);
#7019 = ORIENTED_EDGE('',*,*,#3561,.T.);
#7020 = ORIENTED_EDGE('',*,*,#3594,.T.);
#7021 = ORIENTED_EDGE('',*,*,#3633,.T.);
#7022 = ORIENTED_EDGE('',*,*,#3664,.T.);
#7023 = ORIENTED_EDGE('',*,*,#3697,.T.);
#7024 = ORIENTED_EDGE('',*,*,#3736,.T.);
#7025 = ORIENTED_EDGE('',*,*,#3767,.T.);
#7026 = ORIENTED_EDGE('',*,*,#3798,.T.);
#7027 = ORIENTED_EDGE('',*,*,#3829,.T.);
#7028 = ORIENTED_EDGE('',*,*,#3860,.T.);
#7029 = ORIENTED_EDGE('',*,*,#3893,.T.);
#7030 = ORIENTED_EDGE('',*,*,#3932,.T.);
#7031 = ORIENTED_EDGE('',*,*,#3965,.T.);
#7032 = ORIENTED_EDGE('',*,*,#4004,.T.);
#7033 = ORIENTED_EDGE('',*,*,#4035,.T.);
#7034 = ORIENTED_EDGE('',*,*,#4057,.T.);
#7035 = FACE_BOUND('',#7036,.T.);
#7036 = EDGE_LOOP('',(#7037,#7038,#7039,#7040,#7041,#7042,#7043,#7044,
    #7045,#7046,#7047,#7048,#7049,#7050,#7051,#7052,#7053,#7054,#7055,
    #7056));
#7037 = ORIENTED_EDGE('',*,*,#4125,.T.);
#7038 = ORIENTED_EDGE('',*,*,#4163,.T.);
#7039 = ORIENTED_EDGE('',*,*,#4196,.T.);
#7040 = ORIENTED_EDGE('',*,*,#4235,.T.);
#7041 = ORIENTED_EDGE('',*,*,#4266,.T.);
#7042 = ORIENTED_EDGE('',*,*,#4299,.T.);
#7043 = ORIENTED_EDGE('',*,*,#4332,.T.);
#7044 = ORIENTED_EDGE('',*,*,#4365,.T.);
#7045 = ORIENTED_EDGE('',*,*,#4398,.T.);
#7046 = ORIENTED_EDGE('',*,*,#4437,.T.);
#7047 = ORIENTED_EDGE('',*,*,#4468,.T.);
#7048 = ORIENTED_EDGE('',*,*,#4499,.T.);
#7049 = ORIENTED_EDGE('',*,*,#4530,.T.);
#7050 = ORIENTED_EDGE('',*,*,#4561,.T.);
#7051 = ORIENTED_EDGE('',*,*,#4594,.T.);
#7052 = ORIENTED_EDGE('',*,*,#4633,.T.);
#7053 = ORIENTED_EDGE('',*,*,#4666,.T.);
#7054 = ORIENTED_EDGE('',*,*,#4705,.T.);
#7055 = ORIENTED_EDGE('',*,*,#4736,.T.);
#7056 = ORIENTED_EDGE('',*,*,#4758,.T.);
#7057 = FACE_BOUND('',#7058,.T.);
#7058 = EDGE_LOOP('',(#7059,#7060,#7061,#7062,#7063,#7064,#7065,#7066,
    #7067,#7068,#7069,#7070,#7071,#7072,#7073,#7074));
#7059 = ORIENTED_EDGE('',*,*,#4819,.T.);
#7060 = ORIENTED_EDGE('',*,*,#4857,.T.);
#7061 = ORIENTED_EDGE('',*,*,#4888,.T.);
#7062 = ORIENTED_EDGE('',*,*,#4922,.T.);
#7063 = ORIENTED_EDGE('',*,*,#4960,.T.);
#7064 = ORIENTED_EDGE('',*,*,#5001,.T.);
#7065 = ORIENTED_EDGE('',*,*,#5041,.T.);
#7066 = ORIENTED_EDGE('',*,*,#5077,.T.);
#7067 = ORIENTED_EDGE('',*,*,#5108,.T.);
#7068 = ORIENTED_EDGE('',*,*,#5142,.T.);
#7069 = ORIENTED_EDGE('',*,*,#5178,.T.);
#7070 = ORIENTED_EDGE('',*,*,#5211,.T.);
#7071 = ORIENTED_EDGE('',*,*,#5246,.T.);
#7072 = ORIENTED_EDGE('',*,*,#5286,.T.);
#7073 = ORIENTED_EDGE('',*,*,#5322,.T.);
#7074 = ORIENTED_EDGE('',*,*,#5344,.T.);
#7075 = FACE_BOUND('',#7076,.T.);
#7076 = EDGE_LOOP('',(#7077,#7078,#7079,#7080,#7081,#7082,#7083,#7084,
    #7085,#7086,#7087,#7088,#7089,#7090,#7091,#7092));
#7077 = ORIENTED_EDGE('',*,*,#5401,.T.);
#7078 = ORIENTED_EDGE('',*,*,#5439,.T.);
#7079 = ORIENTED_EDGE('',*,*,#5472,.T.);
#7080 = ORIENTED_EDGE('',*,*,#5511,.T.);
#7081 = ORIENTED_EDGE('',*,*,#5544,.T.);
#7082 = ORIENTED_EDGE('',*,*,#5583,.T.);
#7083 = ORIENTED_EDGE('',*,*,#5614,.T.);
#7084 = ORIENTED_EDGE('',*,*,#5645,.T.);
#7085 = ORIENTED_EDGE('',*,*,#5676,.T.);
#7086 = ORIENTED_EDGE('',*,*,#5707,.T.);
#7087 = ORIENTED_EDGE('',*,*,#5740,.T.);
#7088 = ORIENTED_EDGE('',*,*,#5779,.T.);
#7089 = ORIENTED_EDGE('',*,*,#5812,.T.);
#7090 = ORIENTED_EDGE('',*,*,#5851,.T.);
#7091 = ORIENTED_EDGE('',*,*,#5882,.T.);
#7092 = ORIENTED_EDGE('',*,*,#5904,.T.);
#7093 = FACE_BOUND('',#7094,.T.);
#7094 = EDGE_LOOP('',(#7095,#7096,#7097,#7098,#7099,#7100,#7101,#7102,
    #7103,#7104,#7105,#7106,#7107,#7108,#7109,#7110,#7111,#7112,#7113,
    #7114,#7115,#7116,#7117,#7118,#7119,#7120,#7121));
#7095 = ORIENTED_EDGE('',*,*,#5961,.T.);
#7096 = ORIENTED_EDGE('',*,*,#5999,.T.);
#7097 = ORIENTED_EDGE('',*,*,#6032,.T.);
#7098 = ORIENTED_EDGE('',*,*,#6071,.T.);
#7099 = ORIENTED_EDGE('',*,*,#6102,.T.);
#7100 = ORIENTED_EDGE('',*,*,#6133,.T.);
#7101 = ORIENTED_EDGE('',*,*,#6166,.T.);
#7102 = ORIENTED_EDGE('',*,*,#6205,.T.);
#7103 = ORIENTED_EDGE('',*,*,#6236,.T.);
#7104 = ORIENTED_EDGE('',*,*,#6267,.T.);
#7105 = ORIENTED_EDGE('',*,*,#6298,.T.);
#7106 = ORIENTED_EDGE('',*,*,#6329,.T.);
#7107 = ORIENTED_EDGE('',*,*,#6362,.T.);
#7108 = ORIENTED_EDGE('',*,*,#6401,.T.);
#7109 = ORIENTED_EDGE('',*,*,#6432,.T.);
#7110 = ORIENTED_EDGE('',*,*,#6465,.T.);
#7111 = ORIENTED_EDGE('',*,*,#6504,.T.);
#7112 = ORIENTED_EDGE('',*,*,#6535,.T.);
#7113 = ORIENTED_EDGE('',*,*,#6566,.T.);
#7114 = ORIENTED_EDGE('',*,*,#6597,.T.);
#7115 = ORIENTED_EDGE('',*,*,#6628,.T.);
#7116 = ORIENTED_EDGE('',*,*,#6661,.T.);
#7117 = ORIENTED_EDGE('',*,*,#6700,.T.);
#7118 = ORIENTED_EDGE('',*,*,#6733,.T.);
#7119 = ORIENTED_EDGE('',*,*,#6772,.T.);
#7120 = ORIENTED_EDGE('',*,*,#6803,.T.);
#7121 = ORIENTED_EDGE('',*,*,#6825,.T.);
#7122 = PLANE('',#7123);
#7123 = AXIS2_PLACEMENT_3D('',#7124,#7125,#7126);
#7124 = CARTESIAN_POINT('',(5.198822222666E-15,1.5,5.75));
#7125 = DIRECTION('',(5.116149740848E-16,-1.889435959458E-30,1.));
#7126 = DIRECTION('',(1.,3.774758283726E-16,-5.116149740848E-16));
#7127 = ADVANCED_FACE('',(#7128),#7164,.T.);
#7128 = FACE_BOUND('',#7129,.T.);
#7129 = EDGE_LOOP('',(#7130,#7141,#7149,#7158));
#7130 = ORIENTED_EDGE('',*,*,#7131,.T.);
#7131 = EDGE_CURVE('',#7132,#7134,#7136,.T.);
#7132 = VERTEX_POINT('',#7133);
#7133 = CARTESIAN_POINT('',(-6.,-1.423408492523E-14,5.5));
#7134 = VERTEX_POINT('',#7135);
#7135 = CARTESIAN_POINT('',(-5.5,-1.44346340436E-14,6.));
#7136 = CIRCLE('',#7137,0.5);
#7137 = AXIS2_PLACEMENT_3D('',#7138,#7139,#7140);
#7138 = CARTESIAN_POINT('',(-5.5,-5.552849846602E-15,5.5));
#7139 = DIRECTION('',(-3.71230823859E-16,1.,7.723290606088E-16));
#7140 = DIRECTION('',(-0.707106781187,-8.086189490001E-16,0.707106781187
    ));
#7141 = ORIENTED_EDGE('',*,*,#7142,.T.);
#7142 = EDGE_CURVE('',#7134,#7143,#7145,.T.);
#7143 = VERTEX_POINT('',#7144);
#7144 = CARTESIAN_POINT('',(-5.5,3.,6.));
#7145 = LINE('',#7146,#7147);
#7146 = CARTESIAN_POINT('',(-5.5,4.75,6.));
#7147 = VECTOR('',#7148,1.);
#7148 = DIRECTION('',(-3.71230823859E-16,1.,4.201582859919E-32));
#7149 = ORIENTED_EDGE('',*,*,#7150,.T.);
#7150 = EDGE_CURVE('',#7143,#7151,#7153,.T.);
#7151 = VERTEX_POINT('',#7152);
#7152 = CARTESIAN_POINT('',(-6.,3.,5.5));
#7153 = CIRCLE('',#7154,0.5);
#7154 = AXIS2_PLACEMENT_3D('',#7155,#7156,#7157);
#7155 = CARTESIAN_POINT('',(-5.5,3.,5.5));
#7156 = DIRECTION('',(4.194092454929E-16,-1.,-7.333991849583E-16));
#7157 = DIRECTION('',(-0.707106781187,-8.15158658581E-16,0.707106781187)
  );
#7158 = ORIENTED_EDGE('',*,*,#7159,.T.);
#7159 = EDGE_CURVE('',#7151,#7132,#7160,.T.);
#7160 = LINE('',#7161,#7162);
#7161 = CARTESIAN_POINT('',(-6.,4.75,5.5));
#7162 = VECTOR('',#7163,1.);
#7163 = DIRECTION('',(3.71230823859E-16,-1.,-4.201582859919E-32));
#7164 = CYLINDRICAL_SURFACE('',#7165,0.5);
#7165 = AXIS2_PLACEMENT_3D('',#7166,#7167,#7168);
#7166 = CARTESIAN_POINT('',(-5.5,4.75,5.5));
#7167 = DIRECTION('',(3.71230823859E-16,-1.,-4.201582859919E-32));
#7168 = DIRECTION('',(-0.707106781187,-2.624998329362E-16,0.707106781187
    ));
#7169 = ADVANCED_FACE('',(#7170),#7196,.T.);
#7170 = FACE_BOUND('',#7171,.T.);
#7171 = EDGE_LOOP('',(#7172,#7173,#7181,#7190));
#7172 = ORIENTED_EDGE('',*,*,#7150,.F.);
#7173 = ORIENTED_EDGE('',*,*,#7174,.F.);
#7174 = EDGE_CURVE('',#7175,#7143,#7177,.T.);
#7175 = VERTEX_POINT('',#7176);
#7176 = CARTESIAN_POINT('',(-2.,3.,6.));
#7177 = LINE('',#7178,#7179);
#7178 = CARTESIAN_POINT('',(-2.388273372593,3.,6.));
#7179 = VECTOR('',#7180,1.);
#7180 = DIRECTION('',(-1.,-4.194092454929E-16,5.116149740848E-16));
#7181 = ORIENTED_EDGE('',*,*,#7182,.T.);
#7182 = EDGE_CURVE('',#7175,#7183,#7185,.T.);
#7183 = VERTEX_POINT('',#7184);
#7184 = CARTESIAN_POINT('',(-6.,3.,2.));
#7185 = CIRCLE('',#7186,4.);
#7186 = AXIS2_PLACEMENT_3D('',#7187,#7188,#7189);
#7187 = CARTESIAN_POINT('',(-2.,3.,2.));
#7188 = DIRECTION('',(3.71230823859E-16,-1.,-5.792467954566E-16));
#7189 = DIRECTION('',(1.,3.71230823859E-16,-5.116149740848E-16));
#7190 = ORIENTED_EDGE('',*,*,#7191,.F.);
#7191 = EDGE_CURVE('',#7151,#7183,#7192,.T.);
#7192 = LINE('',#7193,#7194);
#7193 = CARTESIAN_POINT('',(-6.,3.,2.513273372593));
#7194 = VECTOR('',#7195,1.);
#7195 = DIRECTION('',(-5.116149740848E-16,7.333991849583E-16,-1.));
#7196 = PLANE('',#7197);
#7197 = AXIS2_PLACEMENT_3D('',#7198,#7199,#7200);
#7198 = CARTESIAN_POINT('',(-4.776546745187,3.,4.776546745187));
#7199 = DIRECTION('',(-4.194092454929E-16,1.,7.333991849583E-16));
#7200 = DIRECTION('',(5.329070518201E-16,-7.333991849583E-16,1.));
#7201 = ADVANCED_FACE('',(#7202,#7252,#7258),#7294,.T.);
#7202 = FACE_BOUND('',#7203,.T.);
#7203 = EDGE_LOOP('',(#7204,#7205,#7213,#7221,#7229,#7237,#7245,#7251));
#7204 = ORIENTED_EDGE('',*,*,#7142,.F.);
#7205 = ORIENTED_EDGE('',*,*,#7206,.T.);
#7206 = EDGE_CURVE('',#7134,#7207,#7209,.T.);
#7207 = VERTEX_POINT('',#7208);
#7208 = CARTESIAN_POINT('',(5.5,-1.035109498115E-14,6.));
#7209 = LINE('',#7210,#7211);
#7210 = CARTESIAN_POINT('',(5.883572201976E-15,-1.239286451238E-14,6.));
#7211 = VECTOR('',#7212,1.);
#7212 = DIRECTION('',(1.,3.71230823859E-16,-5.116149740848E-16));
#7213 = ORIENTED_EDGE('',*,*,#7214,.F.);
#7214 = EDGE_CURVE('',#7215,#7207,#7217,.T.);
#7215 = VERTEX_POINT('',#7216);
#7216 = CARTESIAN_POINT('',(5.5,3.,6.));
#7217 = LINE('',#7218,#7219);
#7218 = CARTESIAN_POINT('',(5.5,4.75,6.));
#7219 = VECTOR('',#7220,1.);
#7220 = DIRECTION('',(3.71230823859E-16,-1.,-4.201582859919E-32));
#7221 = ORIENTED_EDGE('',*,*,#7222,.T.);
#7222 = EDGE_CURVE('',#7215,#7223,#7225,.T.);
#7223 = VERTEX_POINT('',#7224);
#7224 = CARTESIAN_POINT('',(2.,3.,6.));
#7225 = LINE('',#7226,#7227);
#7226 = CARTESIAN_POINT('',(2.388273372593,3.,6.));
#7227 = VECTOR('',#7228,1.);
#7228 = DIRECTION('',(-1.,-3.230524022252E-16,5.116149740848E-16));
#7229 = ORIENTED_EDGE('',*,*,#7230,.T.);
#7230 = EDGE_CURVE('',#7223,#7231,#7233,.T.);
#7231 = VERTEX_POINT('',#7232);
#7232 = CARTESIAN_POINT('',(2.,17.5,6.));
#7233 = LINE('',#7234,#7235);
#7234 = CARTESIAN_POINT('',(2.,19.,6.));
#7235 = VECTOR('',#7236,1.);
#7236 = DIRECTION('',(-3.71230823859E-16,1.,5.551115123126E-16));
#7237 = ORIENTED_EDGE('',*,*,#7238,.F.);
#7238 = EDGE_CURVE('',#7239,#7231,#7241,.T.);
#7239 = VERTEX_POINT('',#7240);
#7240 = CARTESIAN_POINT('',(-2.,17.5,6.));
#7241 = LINE('',#7242,#7243);
#7242 = CARTESIAN_POINT('',(-6.129672155575E-16,17.5,6.));
#7243 = VECTOR('',#7244,1.);
#7244 = DIRECTION('',(1.,3.71230823859E-16,-5.116149740848E-16));
#7245 = ORIENTED_EDGE('',*,*,#7246,.F.);
#7246 = EDGE_CURVE('',#7175,#7239,#7247,.T.);
#7247 = LINE('',#7248,#7249);
#7248 = CARTESIAN_POINT('',(-2.,19.,6.));
#7249 = VECTOR('',#7250,1.);
#7250 = DIRECTION('',(-3.71230823859E-16,1.,5.551115123126E-16));
#7251 = ORIENTED_EDGE('',*,*,#7174,.T.);
#7252 = FACE_BOUND('',#7253,.T.);
#7253 = EDGE_LOOP('',(#7254,#7255,#7256,#7257));
#7254 = ORIENTED_EDGE('',*,*,#6885,.T.);
#7255 = ORIENTED_EDGE('',*,*,#6988,.T.);
#7256 = ORIENTED_EDGE('',*,*,#6958,.T.);
#7257 = ORIENTED_EDGE('',*,*,#6926,.T.);
#7258 = FACE_BOUND('',#7259,.T.);
#7259 = EDGE_LOOP('',(#7260,#7271,#7279,#7288));
#7260 = ORIENTED_EDGE('',*,*,#7261,.T.);
#7261 = EDGE_CURVE('',#7262,#7264,#7266,.T.);
#7262 = VERTEX_POINT('',#7263);
#7263 = CARTESIAN_POINT('',(1.5,4.5,6.));
#7264 = VERTEX_POINT('',#7265);
#7265 = CARTESIAN_POINT('',(-1.5,4.5,6.));
#7266 = CIRCLE('',#7267,1.5);
#7267 = AXIS2_PLACEMENT_3D('',#7268,#7269,#7270);
#7268 = CARTESIAN_POINT('',(5.323256519235E-15,4.5,6.));
#7269 = DIRECTION('',(-5.116149740848E-16,-1.479114197289E-31,-1.));
#7270 = DIRECTION('',(-1.,-1.156482317318E-18,5.116149740848E-16));
#7271 = ORIENTED_EDGE('',*,*,#7272,.T.);
#7272 = EDGE_CURVE('',#7264,#7273,#7275,.T.);
#7273 = VERTEX_POINT('',#7274);
#7274 = CARTESIAN_POINT('',(-1.5,15.5,6.));
#7275 = LINE('',#7276,#7277);
#7276 = CARTESIAN_POINT('',(-1.5,7.75,6.));
#7277 = VECTOR('',#7278,1.);
#7278 = DIRECTION('',(-1.189074091715E-16,1.,-8.707660866717E-32));
#7279 = ORIENTED_EDGE('',*,*,#7280,.T.);
#7280 = EDGE_CURVE('',#7273,#7281,#7283,.T.);
#7281 = VERTEX_POINT('',#7282);
#7282 = CARTESIAN_POINT('',(1.5,15.5,6.));
#7283 = CIRCLE('',#7284,1.5);
#7284 = AXIS2_PLACEMENT_3D('',#7285,#7286,#7287);
#7285 = CARTESIAN_POINT('',(3.460163506036E-15,15.5,6.));
#7286 = DIRECTION('',(-5.116149740848E-16,-1.479114197289E-31,-1.));
#7287 = DIRECTION('',(1.,3.71230823859E-16,-5.116149740848E-16));
#7288 = ORIENTED_EDGE('',*,*,#7289,.T.);
#7289 = EDGE_CURVE('',#7281,#7262,#7290,.T.);
#7290 = LINE('',#7291,#7292);
#7291 = CARTESIAN_POINT('',(1.5,2.25,6.));
#7292 = VECTOR('',#7293,1.);
#7293 = DIRECTION('',(3.71230823859E-16,-1.,-4.201582859919E-32));
#7294 = PLANE('',#7295);
#7295 = AXIS2_PLACEMENT_3D('',#7296,#7297,#7298);
#7296 = CARTESIAN_POINT('',(5.883572201976E-15,-1.239286451238E-14,6.));
#7297 = DIRECTION('',(5.116149740848E-16,1.479114197289E-31,1.));
#7298 = DIRECTION('',(1.,3.71230823859E-16,-5.116149740848E-16));
#7299 = ADVANCED_FACE('',(#7300),#7327,.T.);
#7300 = FACE_BOUND('',#7301,.T.);
#7301 = EDGE_LOOP('',(#7302,#7311,#7312,#7321));
#7302 = ORIENTED_EDGE('',*,*,#7303,.T.);
#7303 = EDGE_CURVE('',#7304,#7215,#7306,.T.);
#7304 = VERTEX_POINT('',#7305);
#7305 = CARTESIAN_POINT('',(6.,3.,5.5));
#7306 = CIRCLE('',#7307,0.5);
#7307 = AXIS2_PLACEMENT_3D('',#7308,#7309,#7310);
#7308 = CARTESIAN_POINT('',(5.5,3.,5.5));
#7309 = DIRECTION('',(3.230524022252E-16,-1.,-7.333991849583E-16));
#7310 = DIRECTION('',(0.707106781187,-2.901589927086E-16,0.707106781187)
  );
#7311 = ORIENTED_EDGE('',*,*,#7214,.T.);
#7312 = ORIENTED_EDGE('',*,*,#7313,.T.);
#7313 = EDGE_CURVE('',#7207,#7314,#7316,.T.);
#7314 = VERTEX_POINT('',#7315);
#7315 = CARTESIAN_POINT('',(6.,-9.77931503892E-15,5.5));
#7316 = CIRCLE('',#7317,0.5);
#7317 = AXIS2_PLACEMENT_3D('',#7318,#7319,#7320);
#7318 = CARTESIAN_POINT('',(5.5,-1.469310784152E-15,5.5));
#7319 = DIRECTION('',(-3.71230823859E-16,1.,7.723290606088E-16));
#7320 = DIRECTION('',(0.707106781187,-2.836192831277E-16,0.707106781187)
  );
#7321 = ORIENTED_EDGE('',*,*,#7322,.T.);
#7322 = EDGE_CURVE('',#7314,#7304,#7323,.T.);
#7323 = LINE('',#7324,#7325);
#7324 = CARTESIAN_POINT('',(6.,4.75,5.5));
#7325 = VECTOR('',#7326,1.);
#7326 = DIRECTION('',(-3.71230823859E-16,1.,4.201582859919E-32));
#7327 = CYLINDRICAL_SURFACE('',#7328,0.5);
#7328 = AXIS2_PLACEMENT_3D('',#7329,#7330,#7331);
#7329 = CARTESIAN_POINT('',(5.5,4.75,5.5));
#7330 = DIRECTION('',(-3.71230823859E-16,1.,4.201582859919E-32));
#7331 = DIRECTION('',(0.707106781187,2.624998329362E-16,0.707106781187)
  );
#7332 = ADVANCED_FACE('',(#7333),#7352,.T.);
#7333 = FACE_BOUND('',#7334,.T.);
#7334 = EDGE_LOOP('',(#7335,#7336,#7344,#7351));
#7335 = ORIENTED_EDGE('',*,*,#7303,.F.);
#7336 = ORIENTED_EDGE('',*,*,#7337,.F.);
#7337 = EDGE_CURVE('',#7338,#7304,#7340,.T.);
#7338 = VERTEX_POINT('',#7339);
#7339 = CARTESIAN_POINT('',(6.,3.,2.));
#7340 = LINE('',#7341,#7342);
#7341 = CARTESIAN_POINT('',(6.,3.,2.513273372593));
#7342 = VECTOR('',#7343,1.);
#7343 = DIRECTION('',(5.116149740848E-16,-7.333991849583E-16,1.));
#7344 = ORIENTED_EDGE('',*,*,#7345,.T.);
#7345 = EDGE_CURVE('',#7338,#7223,#7346,.T.);
#7346 = CIRCLE('',#7347,4.);
#7347 = AXIS2_PLACEMENT_3D('',#7348,#7349,#7350);
#7348 = CARTESIAN_POINT('',(2.,3.,2.));
#7349 = DIRECTION('',(3.71230823859E-16,-1.,-5.792467954566E-16));
#7350 = DIRECTION('',(-5.116149740848E-16,5.792467954566E-16,-1.));
#7351 = ORIENTED_EDGE('',*,*,#7222,.F.);
#7352 = PLANE('',#7353);
#7353 = AXIS2_PLACEMENT_3D('',#7354,#7355,#7356);
#7354 = CARTESIAN_POINT('',(4.776546745187,3.,4.776546745187));
#7355 = DIRECTION('',(-3.230524022252E-16,1.,7.333991849583E-16));
#7356 = DIRECTION('',(5.329070518201E-16,-7.333991849583E-16,1.));
#7357 = ADVANCED_FACE('',(#7358),#7378,.F.);
#7358 = FACE_BOUND('',#7359,.F.);
#7359 = EDGE_LOOP('',(#7360,#7368,#7369,#7370,#7371));
#7360 = ORIENTED_EDGE('',*,*,#7361,.T.);
#7361 = EDGE_CURVE('',#7362,#1684,#7364,.T.);
#7362 = VERTEX_POINT('',#7363);
#7363 = CARTESIAN_POINT('',(0.5,8.5,5.75));
#7364 = LINE('',#7365,#7366);
#7365 = CARTESIAN_POINT('',(0.5,8.5,6.));
#7366 = VECTOR('',#7367,1.);
#7367 = DIRECTION('',(-5.116149740848E-16,-1.479114197289E-31,-1.));
#7368 = ORIENTED_EDGE('',*,*,#1681,.F.);
#7369 = ORIENTED_EDGE('',*,*,#1706,.F.);
#7370 = ORIENTED_EDGE('',*,*,#7361,.F.);
#7371 = ORIENTED_EDGE('',*,*,#7372,.T.);
#7372 = EDGE_CURVE('',#7362,#7362,#7373,.T.);
#7373 = CIRCLE('',#7374,0.5);
#7374 = AXIS2_PLACEMENT_3D('',#7375,#7376,#7377);
#7375 = CARTESIAN_POINT('',(2.600206455653E-15,8.5,5.75));
#7376 = DIRECTION('',(-5.116149740848E-16,1.499408640821E-30,-1.));
#7377 = DIRECTION('',(-1.,-3.71230823859E-16,5.116149740848E-16));
#7378 = CYLINDRICAL_SURFACE('',#7379,0.5);
#7379 = AXIS2_PLACEMENT_3D('',#7380,#7381,#7382);
#7380 = CARTESIAN_POINT('',(2.728110199174E-15,8.5,6.));
#7381 = DIRECTION('',(-5.116149740848E-16,-1.479114197289E-31,-1.));
#7382 = DIRECTION('',(-1.,-3.71230823859E-16,5.116149740848E-16));
#7383 = ADVANCED_FACE('',(#7384),#7404,.F.);
#7384 = FACE_BOUND('',#7385,.F.);
#7385 = EDGE_LOOP('',(#7386,#7394,#7395,#7396,#7397));
#7386 = ORIENTED_EDGE('',*,*,#7387,.T.);
#7387 = EDGE_CURVE('',#7388,#1630,#7390,.T.);
#7388 = VERTEX_POINT('',#7389);
#7389 = CARTESIAN_POINT('',(0.5,13.75,5.75));
#7390 = LINE('',#7391,#7392);
#7391 = CARTESIAN_POINT('',(0.5,13.75,6.));
#7392 = VECTOR('',#7393,1.);
#7393 = DIRECTION('',(-5.116149740848E-16,-1.479114197289E-31,-1.));
#7394 = ORIENTED_EDGE('',*,*,#1627,.F.);
#7395 = ORIENTED_EDGE('',*,*,#1652,.F.);
#7396 = ORIENTED_EDGE('',*,*,#7387,.F.);
#7397 = ORIENTED_EDGE('',*,*,#7398,.T.);
#7398 = EDGE_CURVE('',#7388,#7388,#7399,.T.);
#7399 = CIRCLE('',#7400,0.5);
#7400 = AXIS2_PLACEMENT_3D('',#7401,#7402,#7403);
#7401 = CARTESIAN_POINT('',(6.512446303926E-16,13.75,5.75));
#7402 = DIRECTION('',(-5.116149740848E-16,1.499408640821E-30,-1.));
#7403 = DIRECTION('',(-1.,-3.71230823859E-16,5.116149740848E-16));
#7404 = CYLINDRICAL_SURFACE('',#7405,0.5);
#7405 = AXIS2_PLACEMENT_3D('',#7406,#7407,#7408);
#7406 = CARTESIAN_POINT('',(7.791483739138E-16,13.75,6.));
#7407 = DIRECTION('',(-5.116149740848E-16,-1.479114197289E-31,-1.));
#7408 = DIRECTION('',(-1.,-3.71230823859E-16,5.116149740848E-16));
#7409 = ADVANCED_FACE('',(#7410),#7438,.T.);
#7410 = FACE_BOUND('',#7411,.T.);
#7411 = EDGE_LOOP('',(#7412,#7421,#7430,#7437));
#7412 = ORIENTED_EDGE('',*,*,#7413,.T.);
#7413 = EDGE_CURVE('',#2946,#7414,#7416,.T.);
#7414 = VERTEX_POINT('',#7415);
#7415 = CARTESIAN_POINT('',(-2.,11.,0.5));
#7416 = CIRCLE('',#7417,0.5);
#7417 = AXIS2_PLACEMENT_3D('',#7418,#7419,#7420);
#7418 = CARTESIAN_POINT('',(-2.5,11.,0.5));
#7419 = DIRECTION('',(-3.71230823859E-16,1.,4.201582859919E-32));
#7420 = DIRECTION('',(5.116149740848E-16,1.479114197289E-31,1.));
#7421 = ORIENTED_EDGE('',*,*,#7422,.T.);
#7422 = EDGE_CURVE('',#7414,#7423,#7425,.T.);
#7423 = VERTEX_POINT('',#7424);
#7424 = CARTESIAN_POINT('',(-4.,11.,0.5));
#7425 = CIRCLE('',#7426,1.);
#7426 = AXIS2_PLACEMENT_3D('',#7427,#7428,#7429);
#7427 = CARTESIAN_POINT('',(-3.,11.,0.5));
#7428 = DIRECTION('',(-5.116149740848E-16,-1.479114197289E-31,-1.));
#7429 = DIRECTION('',(-1.849215225391E-15,-1.,1.093997619345E-30));
#7430 = ORIENTED_EDGE('',*,*,#7431,.T.);
#7431 = EDGE_CURVE('',#7423,#2944,#7432,.T.);
#7432 = CIRCLE('',#7433,0.5);
#7433 = AXIS2_PLACEMENT_3D('',#7434,#7435,#7436);
#7434 = CARTESIAN_POINT('',(-3.5,11.,0.5));
#7435 = DIRECTION('',(4.069661274642E-15,1.,-2.230011067289E-30));
#7436 = DIRECTION('',(-1.,4.069661274642E-15,5.116149740848E-16));
#7437 = ORIENTED_EDGE('',*,*,#2943,.T.);
#7438 = ( BOUNDED_SURFACE() B_SPLINE_SURFACE(2,2,(
    (#7439,#7440,#7441,#7442,#7443)
    ,(#7444,#7445,#7446,#7447,#7448)
    ,(#7449,#7450,#7451,#7452,#7453
)),.UNSPECIFIED.,.F.,.F.,.F.) B_SPLINE_SURFACE_WITH_KNOTS((3,3),(3,2,3),
  (-1.570796326795,5.327296430338E-15),(-3.14159265359,-1.570796326795,
4.821499181412E-15),.UNSPECIFIED.) GEOMETRIC_REPRESENTATION_ITEM() 
RATIONAL_B_SPLINE_SURFACE((
    (1.,0.707106781187,1.,0.707106781187,1.)
    ,(0.707106781187,0.5,0.707106781187,0.5,0.707106781187)
,(1.,0.707106781187,1.,0.707106781187,1.
))) REPRESENTATION_ITEM('') SURFACE() );
#7439 = CARTESIAN_POINT('',(-2.5,11.,1.));
#7440 = CARTESIAN_POINT('',(-2.5,10.5,1.));
#7441 = CARTESIAN_POINT('',(-3.,10.5,1.));
#7442 = CARTESIAN_POINT('',(-3.5,10.5,1.));
#7443 = CARTESIAN_POINT('',(-3.5,11.,1.));
#7444 = CARTESIAN_POINT('',(-2.,11.,1.));
#7445 = CARTESIAN_POINT('',(-2.,10.,1.));
#7446 = CARTESIAN_POINT('',(-3.,10.,1.));
#7447 = CARTESIAN_POINT('',(-4.,10.,1.));
#7448 = CARTESIAN_POINT('',(-4.,11.,1.));
#7449 = CARTESIAN_POINT('',(-2.,11.,0.5));
#7450 = CARTESIAN_POINT('',(-2.,10.,0.5));
#7451 = CARTESIAN_POINT('',(-3.,10.,0.5));
#7452 = CARTESIAN_POINT('',(-4.,10.,0.5));
#7453 = CARTESIAN_POINT('',(-4.,11.,0.5));
#7454 = ADVANCED_FACE('',(#7455),#7474,.F.);
#7455 = FACE_BOUND('',#7456,.F.);
#7456 = EDGE_LOOP('',(#7457,#7458,#7459,#7467));
#7457 = ORIENTED_EDGE('',*,*,#3039,.F.);
#7458 = ORIENTED_EDGE('',*,*,#7413,.T.);
#7459 = ORIENTED_EDGE('',*,*,#7460,.F.);
#7460 = EDGE_CURVE('',#7461,#7414,#7463,.T.);
#7461 = VERTEX_POINT('',#7462);
#7462 = CARTESIAN_POINT('',(-2.,15.,0.5));
#7463 = LINE('',#7464,#7465);
#7464 = CARTESIAN_POINT('',(-2.,15.136363636364,0.5));
#7465 = VECTOR('',#7466,1.);
#7466 = DIRECTION('',(3.71230823859E-16,-1.,-4.201582859919E-32));
#7467 = ORIENTED_EDGE('',*,*,#7468,.F.);
#7468 = EDGE_CURVE('',#3031,#7461,#7469,.T.);
#7469 = CIRCLE('',#7470,0.5);
#7470 = AXIS2_PLACEMENT_3D('',#7471,#7472,#7473);
#7471 = CARTESIAN_POINT('',(-2.5,15.,0.5));
#7472 = DIRECTION('',(-3.71230823859E-16,1.,4.201582859919E-32));
#7473 = DIRECTION('',(5.116149740848E-16,1.479114197289E-31,1.));
#7474 = CYLINDRICAL_SURFACE('',#7475,0.5);
#7475 = AXIS2_PLACEMENT_3D('',#7476,#7477,#7478);
#7476 = CARTESIAN_POINT('',(-2.5,15.136363636364,0.5));
#7477 = DIRECTION('',(3.71230823859E-16,-1.,-4.201582859919E-32));
#7478 = DIRECTION('',(0.707106781187,2.624998329362E-16,0.707106781187)
  );
#7479 = ADVANCED_FACE('',(#7480),#7499,.F.);
#7480 = FACE_BOUND('',#7481,.F.);
#7481 = EDGE_LOOP('',(#7482,#7490,#7491,#7492));
#7482 = ORIENTED_EDGE('',*,*,#7483,.F.);
#7483 = EDGE_CURVE('',#7423,#7484,#7486,.T.);
#7484 = VERTEX_POINT('',#7485);
#7485 = CARTESIAN_POINT('',(-4.,17.,0.5));
#7486 = LINE('',#7487,#7488);
#7487 = CARTESIAN_POINT('',(-4.,12.136363636364,0.5));
#7488 = VECTOR('',#7489,1.);
#7489 = DIRECTION('',(-3.71230823859E-16,1.,4.201582859919E-32));
#7490 = ORIENTED_EDGE('',*,*,#7431,.T.);
#7491 = ORIENTED_EDGE('',*,*,#2954,.F.);
#7492 = ORIENTED_EDGE('',*,*,#7493,.F.);
#7493 = EDGE_CURVE('',#7484,#2955,#7494,.T.);
#7494 = CIRCLE('',#7495,0.5);
#7495 = AXIS2_PLACEMENT_3D('',#7496,#7497,#7498);
#7496 = CARTESIAN_POINT('',(-3.5,17.,0.5));
#7497 = DIRECTION('',(-3.71230823859E-16,1.,4.201582859919E-32));
#7498 = DIRECTION('',(-1.,-3.71230823859E-16,5.116149740848E-16));
#7499 = CYLINDRICAL_SURFACE('',#7500,0.5);
#7500 = AXIS2_PLACEMENT_3D('',#7501,#7502,#7503);
#7501 = CARTESIAN_POINT('',(-3.5,12.136363636364,0.5));
#7502 = DIRECTION('',(-3.71230823859E-16,1.,4.201582859919E-32));
#7503 = DIRECTION('',(-0.707106781187,-2.624998329362E-16,0.707106781187
    ));
#7504 = ADVANCED_FACE('',(#7505),#7525,.F.);
#7505 = FACE_BOUND('',#7506,.F.);
#7506 = EDGE_LOOP('',(#7507,#7508,#7509,#7518));
#7507 = ORIENTED_EDGE('',*,*,#3030,.F.);
#7508 = ORIENTED_EDGE('',*,*,#7468,.T.);
#7509 = ORIENTED_EDGE('',*,*,#7510,.F.);
#7510 = EDGE_CURVE('',#7511,#7461,#7513,.T.);
#7511 = VERTEX_POINT('',#7512);
#7512 = CARTESIAN_POINT('',(-1.,16.,0.5));
#7513 = CIRCLE('',#7514,1.);
#7514 = AXIS2_PLACEMENT_3D('',#7515,#7516,#7517);
#7515 = CARTESIAN_POINT('',(-1.,15.,0.5));
#7516 = DIRECTION('',(5.116149740848E-16,1.972152263053E-31,1.));
#7517 = DIRECTION('',(-0.707106781187,0.707106781187,3.61766417532E-16)
  );
#7518 = ORIENTED_EDGE('',*,*,#7519,.F.);
#7519 = EDGE_CURVE('',#3023,#7511,#7520,.T.);
#7520 = CIRCLE('',#7521,0.5);
#7521 = AXIS2_PLACEMENT_3D('',#7522,#7523,#7524);
#7522 = CARTESIAN_POINT('',(-1.,16.5,0.5));
#7523 = DIRECTION('',(1.,9.367506770275E-17,-5.116149740848E-16));
#7524 = DIRECTION('',(5.116149740848E-16,1.479114197289E-31,1.));
#7525 = TOROIDAL_SURFACE('',#7526,1.5,0.5);
#7526 = AXIS2_PLACEMENT_3D('',#7527,#7528,#7529);
#7527 = CARTESIAN_POINT('',(-1.,15.,0.5));
#7528 = DIRECTION('',(-5.116149740848E-16,-1.479114197289E-31,-1.));
#7529 = DIRECTION('',(-1.,-2.533536457593E-48,5.116149740848E-16));
#7530 = ADVANCED_FACE('',(#7531),#7551,.T.);
#7531 = FACE_BOUND('',#7532,.T.);
#7532 = EDGE_LOOP('',(#7533,#7542,#7543,#7544));
#7533 = ORIENTED_EDGE('',*,*,#7534,.T.);
#7534 = EDGE_CURVE('',#7535,#2963,#7537,.T.);
#7535 = VERTEX_POINT('',#7536);
#7536 = CARTESIAN_POINT('',(-3.,18.,0.5));
#7537 = CIRCLE('',#7538,0.5);
#7538 = AXIS2_PLACEMENT_3D('',#7539,#7540,#7541);
#7539 = CARTESIAN_POINT('',(-3.,17.5,0.5));
#7540 = DIRECTION('',(1.,3.71230823859E-16,-5.116149740848E-16));
#7541 = DIRECTION('',(-3.71230823859E-16,1.,4.201582859919E-32));
#7542 = ORIENTED_EDGE('',*,*,#2962,.T.);
#7543 = ORIENTED_EDGE('',*,*,#7493,.F.);
#7544 = ORIENTED_EDGE('',*,*,#7545,.T.);
#7545 = EDGE_CURVE('',#7484,#7535,#7546,.T.);
#7546 = CIRCLE('',#7547,1.);
#7547 = AXIS2_PLACEMENT_3D('',#7548,#7549,#7550);
#7548 = CARTESIAN_POINT('',(-3.,17.,0.5));
#7549 = DIRECTION('',(-5.116149740848E-16,-1.479114197289E-31,-1.));
#7550 = DIRECTION('',(-0.707106781187,0.707106781187,3.61766417532E-16)
  );
#7551 = ( BOUNDED_SURFACE() B_SPLINE_SURFACE(2,2,(
    (#7552,#7553,#7554)
    ,(#7555,#7556,#7557)
    ,(#7558,#7559,#7560
)),.UNSPECIFIED.,.F.,.F.,.F.) B_SPLINE_SURFACE_WITH_KNOTS((3,3),(3,3),(
    -1.570796326795,3.329596638806E-14),(3.10862446895E-14,
    1.570796326795),.PIECEWISE_BEZIER_KNOTS.) 
GEOMETRIC_REPRESENTATION_ITEM() RATIONAL_B_SPLINE_SURFACE((
    (1.,0.707106781187,1.)
    ,(0.707106781187,0.5,0.707106781187)
,(1.,0.707106781187,1.))) REPRESENTATION_ITEM('') SURFACE() );
#7552 = CARTESIAN_POINT('',(-3.5,17.,1.));
#7553 = CARTESIAN_POINT('',(-3.5,17.5,1.));
#7554 = CARTESIAN_POINT('',(-3.,17.5,1.));
#7555 = CARTESIAN_POINT('',(-4.,17.,1.));
#7556 = CARTESIAN_POINT('',(-4.,18.,1.));
#7557 = CARTESIAN_POINT('',(-3.,18.,1.));
#7558 = CARTESIAN_POINT('',(-4.,17.,0.5));
#7559 = CARTESIAN_POINT('',(-4.,18.,0.5));
#7560 = CARTESIAN_POINT('',(-3.,18.,0.5));
#7561 = ADVANCED_FACE('',(#7562),#7581,.F.);
#7562 = FACE_BOUND('',#7563,.F.);
#7563 = EDGE_LOOP('',(#7564,#7565,#7566,#7574));
#7564 = ORIENTED_EDGE('',*,*,#3022,.F.);
#7565 = ORIENTED_EDGE('',*,*,#7519,.T.);
#7566 = ORIENTED_EDGE('',*,*,#7567,.F.);
#7567 = EDGE_CURVE('',#7568,#7511,#7570,.T.);
#7568 = VERTEX_POINT('',#7569);
#7569 = CARTESIAN_POINT('',(1.,16.,0.5));
#7570 = LINE('',#7571,#7572);
#7571 = CARTESIAN_POINT('',(1.,16.,0.5));
#7572 = VECTOR('',#7573,1.);
#7573 = DIRECTION('',(-1.,-3.71230823859E-16,5.116149740848E-16));
#7574 = ORIENTED_EDGE('',*,*,#7575,.F.);
#7575 = EDGE_CURVE('',#3014,#7568,#7576,.T.);
#7576 = CIRCLE('',#7577,0.5);
#7577 = AXIS2_PLACEMENT_3D('',#7578,#7579,#7580);
#7578 = CARTESIAN_POINT('',(1.,16.5,0.5));
#7579 = DIRECTION('',(1.,3.71230823859E-16,-5.116149740848E-16));
#7580 = DIRECTION('',(5.116149740848E-16,1.479114197289E-31,1.));
#7581 = CYLINDRICAL_SURFACE('',#7582,0.5);
#7582 = AXIS2_PLACEMENT_3D('',#7583,#7584,#7585);
#7583 = CARTESIAN_POINT('',(1.,16.5,0.5));
#7584 = DIRECTION('',(-1.,-3.71230823859E-16,5.116149740848E-16));
#7585 = DIRECTION('',(6.242662504682E-16,-0.707106781187,0.707106781187)
  );
#7586 = ADVANCED_FACE('',(#7587),#7606,.F.);
#7587 = FACE_BOUND('',#7588,.F.);
#7588 = EDGE_LOOP('',(#7589,#7597,#7598,#7599));
#7589 = ORIENTED_EDGE('',*,*,#7590,.F.);
#7590 = EDGE_CURVE('',#7535,#7591,#7593,.T.);
#7591 = VERTEX_POINT('',#7592);
#7592 = CARTESIAN_POINT('',(3.,18.,0.5));
#7593 = LINE('',#7594,#7595);
#7594 = CARTESIAN_POINT('',(-2.,18.,0.5));
#7595 = VECTOR('',#7596,1.);
#7596 = DIRECTION('',(1.,3.71230823859E-16,-5.116149740848E-16));
#7597 = ORIENTED_EDGE('',*,*,#7534,.T.);
#7598 = ORIENTED_EDGE('',*,*,#2971,.F.);
#7599 = ORIENTED_EDGE('',*,*,#7600,.F.);
#7600 = EDGE_CURVE('',#7591,#2972,#7601,.T.);
#7601 = CIRCLE('',#7602,0.5);
#7602 = AXIS2_PLACEMENT_3D('',#7603,#7604,#7605);
#7603 = CARTESIAN_POINT('',(3.,17.5,0.5));
#7604 = DIRECTION('',(1.,3.71230823859E-16,-5.116149740848E-16));
#7605 = DIRECTION('',(-3.71230823859E-16,1.,4.201582859919E-32));
#7606 = CYLINDRICAL_SURFACE('',#7607,0.5);
#7607 = AXIS2_PLACEMENT_3D('',#7608,#7609,#7610);
#7608 = CARTESIAN_POINT('',(-2.,17.5,0.5));
#7609 = DIRECTION('',(1.,3.71230823859E-16,-5.116149740848E-16));
#7610 = DIRECTION('',(9.926658459577E-17,0.707106781187,0.707106781187)
  );
#7611 = ADVANCED_FACE('',(#7612),#7632,.F.);
#7612 = FACE_BOUND('',#7613,.F.);
#7613 = EDGE_LOOP('',(#7614,#7615,#7616,#7625));
#7614 = ORIENTED_EDGE('',*,*,#3013,.F.);
#7615 = ORIENTED_EDGE('',*,*,#7575,.T.);
#7616 = ORIENTED_EDGE('',*,*,#7617,.F.);
#7617 = EDGE_CURVE('',#7618,#7568,#7620,.T.);
#7618 = VERTEX_POINT('',#7619);
#7619 = CARTESIAN_POINT('',(2.,15.,0.5));
#7620 = CIRCLE('',#7621,1.);
#7621 = AXIS2_PLACEMENT_3D('',#7622,#7623,#7624);
#7622 = CARTESIAN_POINT('',(1.,15.,0.5));
#7623 = DIRECTION('',(5.116149740848E-16,9.860761315263E-32,1.));
#7624 = DIRECTION('',(0.707106781187,0.707106781187,-3.61766417532E-16)
  );
#7625 = ORIENTED_EDGE('',*,*,#7626,.F.);
#7626 = EDGE_CURVE('',#3006,#7618,#7627,.T.);
#7627 = CIRCLE('',#7628,0.5);
#7628 = AXIS2_PLACEMENT_3D('',#7629,#7630,#7631);
#7629 = CARTESIAN_POINT('',(2.5,15.,0.5));
#7630 = DIRECTION('',(3.71230823859E-16,-1.,-4.201582859919E-32));
#7631 = DIRECTION('',(5.116149740848E-16,1.479114197289E-31,1.));
#7632 = TOROIDAL_SURFACE('',#7633,1.5,0.5);
#7633 = AXIS2_PLACEMENT_3D('',#7634,#7635,#7636);
#7634 = CARTESIAN_POINT('',(1.,15.,0.5));
#7635 = DIRECTION('',(-5.116149740848E-16,-1.479114197289E-31,-1.));
#7636 = DIRECTION('',(-1.,-2.533536457593E-48,5.116149740848E-16));
#7637 = ADVANCED_FACE('',(#7638),#7658,.T.);
#7638 = FACE_BOUND('',#7639,.T.);
#7639 = EDGE_LOOP('',(#7640,#7649,#7650,#7651));
#7640 = ORIENTED_EDGE('',*,*,#7641,.T.);
#7641 = EDGE_CURVE('',#7642,#2980,#7644,.T.);
#7642 = VERTEX_POINT('',#7643);
#7643 = CARTESIAN_POINT('',(4.,17.,0.5));
#7644 = CIRCLE('',#7645,0.5);
#7645 = AXIS2_PLACEMENT_3D('',#7646,#7647,#7648);
#7646 = CARTESIAN_POINT('',(3.5,17.,0.5));
#7647 = DIRECTION('',(3.71230823859E-16,-1.,-4.201582859919E-32));
#7648 = DIRECTION('',(1.,3.71230823859E-16,-5.116149740848E-16));
#7649 = ORIENTED_EDGE('',*,*,#2979,.T.);
#7650 = ORIENTED_EDGE('',*,*,#7600,.F.);
#7651 = ORIENTED_EDGE('',*,*,#7652,.T.);
#7652 = EDGE_CURVE('',#7591,#7642,#7653,.T.);
#7653 = CIRCLE('',#7654,1.);
#7654 = AXIS2_PLACEMENT_3D('',#7655,#7656,#7657);
#7655 = CARTESIAN_POINT('',(3.,17.,0.5));
#7656 = DIRECTION('',(-5.116149740848E-16,-9.860761315263E-32,-1.));
#7657 = DIRECTION('',(0.707106781187,0.707106781187,-3.61766417532E-16)
  );
#7658 = ( BOUNDED_SURFACE() B_SPLINE_SURFACE(2,2,(
    (#7659,#7660,#7661)
    ,(#7662,#7663,#7664)
    ,(#7665,#7666,#7667
)),.UNSPECIFIED.,.F.,.F.,.F.) B_SPLINE_SURFACE_WITH_KNOTS((3,3),(3,3),(
    -1.570796326795,5.891971746878E-15),(1.570796326795,3.14159265359),
.PIECEWISE_BEZIER_KNOTS.) GEOMETRIC_REPRESENTATION_ITEM() 
RATIONAL_B_SPLINE_SURFACE((
    (1.,0.707106781187,1.)
    ,(0.707106781187,0.5,0.707106781187)
,(1.,0.707106781187,1.))) REPRESENTATION_ITEM('') SURFACE() );
#7659 = CARTESIAN_POINT('',(3.,17.5,1.));
#7660 = CARTESIAN_POINT('',(3.5,17.5,1.));
#7661 = CARTESIAN_POINT('',(3.5,17.,1.));
#7662 = CARTESIAN_POINT('',(3.,18.,1.));
#7663 = CARTESIAN_POINT('',(4.,18.,1.));
#7664 = CARTESIAN_POINT('',(4.,17.,1.));
#7665 = CARTESIAN_POINT('',(3.,18.,0.5));
#7666 = CARTESIAN_POINT('',(4.,18.,0.5));
#7667 = CARTESIAN_POINT('',(4.,17.,0.5));
#7668 = ADVANCED_FACE('',(#7669),#7688,.F.);
#7669 = FACE_BOUND('',#7670,.F.);
#7670 = EDGE_LOOP('',(#7671,#7672,#7673,#7681));
#7671 = ORIENTED_EDGE('',*,*,#3005,.F.);
#7672 = ORIENTED_EDGE('',*,*,#7626,.T.);
#7673 = ORIENTED_EDGE('',*,*,#7674,.F.);
#7674 = EDGE_CURVE('',#7675,#7618,#7677,.T.);
#7675 = VERTEX_POINT('',#7676);
#7676 = CARTESIAN_POINT('',(2.,11.,0.5));
#7677 = LINE('',#7678,#7679);
#7678 = CARTESIAN_POINT('',(2.,12.136363636364,0.5));
#7679 = VECTOR('',#7680,1.);
#7680 = DIRECTION('',(-3.71230823859E-16,1.,4.201582859919E-32));
#7681 = ORIENTED_EDGE('',*,*,#7682,.F.);
#7682 = EDGE_CURVE('',#2997,#7675,#7683,.T.);
#7683 = CIRCLE('',#7684,0.5);
#7684 = AXIS2_PLACEMENT_3D('',#7685,#7686,#7687);
#7685 = CARTESIAN_POINT('',(2.5,11.,0.5));
#7686 = DIRECTION('',(3.71230823859E-16,-1.,-4.201582859919E-32));
#7687 = DIRECTION('',(5.116149740848E-16,1.479114197289E-31,1.));
#7688 = CYLINDRICAL_SURFACE('',#7689,0.5);
#7689 = AXIS2_PLACEMENT_3D('',#7690,#7691,#7692);
#7690 = CARTESIAN_POINT('',(2.5,12.136363636364,0.5));
#7691 = DIRECTION('',(-3.71230823859E-16,1.,4.201582859919E-32));
#7692 = DIRECTION('',(-0.707106781187,-2.624998329362E-16,0.707106781187
    ));
#7693 = ADVANCED_FACE('',(#7694),#7713,.F.);
#7694 = FACE_BOUND('',#7695,.F.);
#7695 = EDGE_LOOP('',(#7696,#7704,#7705,#7706));
#7696 = ORIENTED_EDGE('',*,*,#7697,.F.);
#7697 = EDGE_CURVE('',#7642,#7698,#7700,.T.);
#7698 = VERTEX_POINT('',#7699);
#7699 = CARTESIAN_POINT('',(4.,11.,0.5));
#7700 = LINE('',#7701,#7702);
#7701 = CARTESIAN_POINT('',(4.,16.136363636364,0.5));
#7702 = VECTOR('',#7703,1.);
#7703 = DIRECTION('',(2.324529457809E-16,-1.,2.898501189731E-32));
#7704 = ORIENTED_EDGE('',*,*,#7641,.T.);
#7705 = ORIENTED_EDGE('',*,*,#2988,.F.);
#7706 = ORIENTED_EDGE('',*,*,#7707,.F.);
#7707 = EDGE_CURVE('',#7698,#2989,#7708,.T.);
#7708 = CIRCLE('',#7709,0.5);
#7709 = AXIS2_PLACEMENT_3D('',#7710,#7711,#7712);
#7710 = CARTESIAN_POINT('',(3.5,11.,0.5));
#7711 = DIRECTION('',(3.71230823859E-16,-1.,-4.201582859919E-32));
#7712 = DIRECTION('',(1.,3.71230823859E-16,-5.116149740848E-16));
#7713 = CYLINDRICAL_SURFACE('',#7714,0.5);
#7714 = AXIS2_PLACEMENT_3D('',#7715,#7716,#7717);
#7715 = CARTESIAN_POINT('',(3.5,16.136363636364,0.5));
#7716 = DIRECTION('',(2.324529457809E-16,-1.,2.898501189731E-32));
#7717 = DIRECTION('',(0.707106781187,1.643690542685E-16,0.707106781187)
  );
#7718 = ADVANCED_FACE('',(#7719),#7731,.T.);
#7719 = FACE_BOUND('',#7720,.T.);
#7720 = EDGE_LOOP('',(#7721,#7722,#7723,#7724));
#7721 = ORIENTED_EDGE('',*,*,#7682,.F.);
#7722 = ORIENTED_EDGE('',*,*,#2996,.T.);
#7723 = ORIENTED_EDGE('',*,*,#7707,.F.);
#7724 = ORIENTED_EDGE('',*,*,#7725,.T.);
#7725 = EDGE_CURVE('',#7698,#7675,#7726,.T.);
#7726 = CIRCLE('',#7727,1.);
#7727 = AXIS2_PLACEMENT_3D('',#7728,#7729,#7730);
#7728 = CARTESIAN_POINT('',(3.,11.,0.5));
#7729 = DIRECTION('',(-5.116149740848E-16,-1.479114197289E-31,-1.));
#7730 = DIRECTION('',(3.71230823859E-16,-1.,-4.201582859919E-32));
#7731 = ( BOUNDED_SURFACE() B_SPLINE_SURFACE(2,2,(
    (#7732,#7733,#7734,#7735,#7736)
    ,(#7737,#7738,#7739,#7740,#7741)
    ,(#7742,#7743,#7744,#7745,#7746
)),.UNSPECIFIED.,.F.,.F.,.F.) B_SPLINE_SURFACE_WITH_KNOTS((3,3),(3,2,3),
  (-1.570796326795,1.461882106381E-15),(-3.14159265359,-1.570796326795,
4.291588446038E-15),.UNSPECIFIED.) GEOMETRIC_REPRESENTATION_ITEM() 
RATIONAL_B_SPLINE_SURFACE((
    (1.,0.707106781187,1.,0.707106781187,1.)
    ,(0.707106781187,0.5,0.707106781187,0.5,0.707106781187)
,(1.,0.707106781187,1.,0.707106781187,1.
))) REPRESENTATION_ITEM('') SURFACE() );
#7732 = CARTESIAN_POINT('',(3.5,11.,1.));
#7733 = CARTESIAN_POINT('',(3.5,10.5,1.));
#7734 = CARTESIAN_POINT('',(3.,10.5,1.));
#7735 = CARTESIAN_POINT('',(2.5,10.5,1.));
#7736 = CARTESIAN_POINT('',(2.5,11.,1.));
#7737 = CARTESIAN_POINT('',(4.,11.,1.));
#7738 = CARTESIAN_POINT('',(4.,10.,1.));
#7739 = CARTESIAN_POINT('',(3.,10.,1.));
#7740 = CARTESIAN_POINT('',(2.,10.,1.));
#7741 = CARTESIAN_POINT('',(2.,11.,1.));
#7742 = CARTESIAN_POINT('',(4.,11.,0.5));
#7743 = CARTESIAN_POINT('',(4.,10.,0.5));
#7744 = CARTESIAN_POINT('',(3.,10.,0.5));
#7745 = CARTESIAN_POINT('',(2.,10.,0.5));
#7746 = CARTESIAN_POINT('',(2.,11.,0.5));
#7747 = ADVANCED_FACE('',(#7748),#7773,.F.);
#7748 = FACE_BOUND('',#7749,.T.);
#7749 = EDGE_LOOP('',(#7750,#7751,#7759,#7767));
#7750 = ORIENTED_EDGE('',*,*,#7697,.F.);
#7751 = ORIENTED_EDGE('',*,*,#7752,.F.);
#7752 = EDGE_CURVE('',#7753,#7642,#7755,.T.);
#7753 = VERTEX_POINT('',#7754);
#7754 = CARTESIAN_POINT('',(4.,17.,-5.5));
#7755 = LINE('',#7756,#7757);
#7756 = CARTESIAN_POINT('',(4.,17.,-5.5));
#7757 = VECTOR('',#7758,1.);
#7758 = DIRECTION('',(5.116149740848E-16,1.479114197289E-31,1.));
#7759 = ORIENTED_EDGE('',*,*,#7760,.F.);
#7760 = EDGE_CURVE('',#7761,#7753,#7763,.T.);
#7761 = VERTEX_POINT('',#7762);
#7762 = CARTESIAN_POINT('',(4.,11.,-5.5));
#7763 = LINE('',#7764,#7765);
#7764 = CARTESIAN_POINT('',(4.,18.5,-5.5));
#7765 = VECTOR('',#7766,1.);
#7766 = DIRECTION('',(-2.324529457809E-16,1.,-2.898501189731E-32));
#7767 = ORIENTED_EDGE('',*,*,#7768,.F.);
#7768 = EDGE_CURVE('',#7698,#7761,#7769,.T.);
#7769 = LINE('',#7770,#7771);
#7770 = CARTESIAN_POINT('',(4.,11.,-5.5));
#7771 = VECTOR('',#7772,1.);
#7772 = DIRECTION('',(-5.116149740848E-16,-1.479114197289E-31,-1.));
#7773 = PLANE('',#7774);
#7774 = AXIS2_PLACEMENT_3D('',#7775,#7776,#7777);
#7775 = CARTESIAN_POINT('',(4.,18.,-5.5));
#7776 = DIRECTION('',(1.,2.324529457809E-16,-5.116149740848E-16));
#7777 = DIRECTION('',(-5.116149740848E-16,4.949406191353E-33,-1.));
#7778 = ADVANCED_FACE('',(#7779),#7798,.F.);
#7779 = FACE_BOUND('',#7780,.F.);
#7780 = EDGE_LOOP('',(#7781,#7782,#7791,#7797));
#7781 = ORIENTED_EDGE('',*,*,#7752,.F.);
#7782 = ORIENTED_EDGE('',*,*,#7783,.F.);
#7783 = EDGE_CURVE('',#7784,#7753,#7786,.T.);
#7784 = VERTEX_POINT('',#7785);
#7785 = CARTESIAN_POINT('',(3.,18.,-5.5));
#7786 = CIRCLE('',#7787,1.);
#7787 = AXIS2_PLACEMENT_3D('',#7788,#7789,#7790);
#7788 = CARTESIAN_POINT('',(3.,17.,-5.5));
#7789 = DIRECTION('',(-5.116149740848E-16,-9.860761315263E-32,-1.));
#7790 = DIRECTION('',(0.707106781187,0.707106781187,-3.61766417532E-16)
  );
#7791 = ORIENTED_EDGE('',*,*,#7792,.F.);
#7792 = EDGE_CURVE('',#7591,#7784,#7793,.T.);
#7793 = LINE('',#7794,#7795);
#7794 = CARTESIAN_POINT('',(3.,18.,-5.5));
#7795 = VECTOR('',#7796,1.);
#7796 = DIRECTION('',(-5.116149740848E-16,-1.479114197289E-31,-1.));
#7797 = ORIENTED_EDGE('',*,*,#7652,.T.);
#7798 = CYLINDRICAL_SURFACE('',#7799,1.);
#7799 = AXIS2_PLACEMENT_3D('',#7800,#7801,#7802);
#7800 = CARTESIAN_POINT('',(3.,17.,-5.5));
#7801 = DIRECTION('',(5.116149740848E-16,1.479114197289E-31,1.));
#7802 = DIRECTION('',(0.707106781187,0.707106781187,-3.61766417532E-16)
  );
#7803 = ADVANCED_FACE('',(#7804),#7822,.F.);
#7804 = FACE_BOUND('',#7805,.T.);
#7805 = EDGE_LOOP('',(#7806,#7807,#7815,#7821));
#7806 = ORIENTED_EDGE('',*,*,#7590,.F.);
#7807 = ORIENTED_EDGE('',*,*,#7808,.F.);
#7808 = EDGE_CURVE('',#7809,#7535,#7811,.T.);
#7809 = VERTEX_POINT('',#7810);
#7810 = CARTESIAN_POINT('',(-3.,18.,-5.5));
#7811 = LINE('',#7812,#7813);
#7812 = CARTESIAN_POINT('',(-3.,18.,-5.5));
#7813 = VECTOR('',#7814,1.);
#7814 = DIRECTION('',(5.116149740848E-16,1.479114197289E-31,1.));
#7815 = ORIENTED_EDGE('',*,*,#7816,.F.);
#7816 = EDGE_CURVE('',#7784,#7809,#7817,.T.);
#7817 = LINE('',#7818,#7819);
#7818 = CARTESIAN_POINT('',(-2.,18.,-5.5));
#7819 = VECTOR('',#7820,1.);
#7820 = DIRECTION('',(-1.,-3.71230823859E-16,5.116149740848E-16));
#7821 = ORIENTED_EDGE('',*,*,#7792,.F.);
#7822 = PLANE('',#7823);
#7823 = AXIS2_PLACEMENT_3D('',#7824,#7825,#7826);
#7824 = CARTESIAN_POINT('',(-4.,18.,-5.5));
#7825 = DIRECTION('',(-3.71230823859E-16,1.,4.201582859919E-32));
#7826 = DIRECTION('',(5.329070518201E-16,1.558156952883E-31,1.));
#7827 = ADVANCED_FACE('',(#7828),#7847,.F.);
#7828 = FACE_BOUND('',#7829,.F.);
#7829 = EDGE_LOOP('',(#7830,#7831,#7840,#7846));
#7830 = ORIENTED_EDGE('',*,*,#7808,.F.);
#7831 = ORIENTED_EDGE('',*,*,#7832,.F.);
#7832 = EDGE_CURVE('',#7833,#7809,#7835,.T.);
#7833 = VERTEX_POINT('',#7834);
#7834 = CARTESIAN_POINT('',(-4.,17.,-5.5));
#7835 = CIRCLE('',#7836,1.);
#7836 = AXIS2_PLACEMENT_3D('',#7837,#7838,#7839);
#7837 = CARTESIAN_POINT('',(-3.,17.,-5.5));
#7838 = DIRECTION('',(-5.116149740848E-16,-1.972152263053E-31,-1.));
#7839 = DIRECTION('',(-0.707106781187,0.707106781187,3.61766417532E-16)
  );
#7840 = ORIENTED_EDGE('',*,*,#7841,.F.);
#7841 = EDGE_CURVE('',#7484,#7833,#7842,.T.);
#7842 = LINE('',#7843,#7844);
#7843 = CARTESIAN_POINT('',(-4.,17.,-5.5));
#7844 = VECTOR('',#7845,1.);
#7845 = DIRECTION('',(-5.116149740848E-16,-1.479114197289E-31,-1.));
#7846 = ORIENTED_EDGE('',*,*,#7545,.T.);
#7847 = CYLINDRICAL_SURFACE('',#7848,1.);
#7848 = AXIS2_PLACEMENT_3D('',#7849,#7850,#7851);
#7849 = CARTESIAN_POINT('',(-3.,17.,-5.5));
#7850 = DIRECTION('',(5.116149740848E-16,1.479114197289E-31,1.));
#7851 = DIRECTION('',(-0.707106781187,0.707106781187,3.61766417532E-16)
  );
#7852 = ADVANCED_FACE('',(#7853),#7871,.F.);
#7853 = FACE_BOUND('',#7854,.T.);
#7854 = EDGE_LOOP('',(#7855,#7856,#7864,#7870));
#7855 = ORIENTED_EDGE('',*,*,#7483,.F.);
#7856 = ORIENTED_EDGE('',*,*,#7857,.F.);
#7857 = EDGE_CURVE('',#7858,#7423,#7860,.T.);
#7858 = VERTEX_POINT('',#7859);
#7859 = CARTESIAN_POINT('',(-4.,11.,-5.5));
#7860 = LINE('',#7861,#7862);
#7861 = CARTESIAN_POINT('',(-4.,11.,-5.5));
#7862 = VECTOR('',#7863,1.);
#7863 = DIRECTION('',(5.116149740848E-16,1.479114197289E-31,1.));
#7864 = ORIENTED_EDGE('',*,*,#7865,.F.);
#7865 = EDGE_CURVE('',#7833,#7858,#7866,.T.);
#7866 = LINE('',#7867,#7868);
#7867 = CARTESIAN_POINT('',(-4.,14.5,-5.5));
#7868 = VECTOR('',#7869,1.);
#7869 = DIRECTION('',(3.71230823859E-16,-1.,-4.201582859919E-32));
#7870 = ORIENTED_EDGE('',*,*,#7841,.F.);
#7871 = PLANE('',#7872);
#7872 = AXIS2_PLACEMENT_3D('',#7873,#7874,#7875);
#7873 = CARTESIAN_POINT('',(-4.,10.,-5.5));
#7874 = DIRECTION('',(-1.,-3.71230823859E-16,5.116149740848E-16));
#7875 = DIRECTION('',(5.116149740848E-16,-7.904275559324E-33,1.));
#7876 = ADVANCED_FACE('',(#7877),#7896,.F.);
#7877 = FACE_BOUND('',#7878,.F.);
#7878 = EDGE_LOOP('',(#7879,#7880,#7889,#7895));
#7879 = ORIENTED_EDGE('',*,*,#7857,.F.);
#7880 = ORIENTED_EDGE('',*,*,#7881,.F.);
#7881 = EDGE_CURVE('',#7882,#7858,#7884,.T.);
#7882 = VERTEX_POINT('',#7883);
#7883 = CARTESIAN_POINT('',(-2.,11.,-5.5));
#7884 = CIRCLE('',#7885,1.);
#7885 = AXIS2_PLACEMENT_3D('',#7886,#7887,#7888);
#7886 = CARTESIAN_POINT('',(-3.,11.,-5.5));
#7887 = DIRECTION('',(-5.116149740848E-16,-1.972152263053E-31,-1.));
#7888 = DIRECTION('',(0.707106781187,-0.707106781187,-3.61766417532E-16)
  );
#7889 = ORIENTED_EDGE('',*,*,#7890,.F.);
#7890 = EDGE_CURVE('',#7414,#7882,#7891,.T.);
#7891 = LINE('',#7892,#7893);
#7892 = CARTESIAN_POINT('',(-2.,11.,-5.5));
#7893 = VECTOR('',#7894,1.);
#7894 = DIRECTION('',(-5.116149740848E-16,-1.479114197289E-31,-1.));
#7895 = ORIENTED_EDGE('',*,*,#7422,.T.);
#7896 = CYLINDRICAL_SURFACE('',#7897,1.);
#7897 = AXIS2_PLACEMENT_3D('',#7898,#7899,#7900);
#7898 = CARTESIAN_POINT('',(-3.,11.,-5.5));
#7899 = DIRECTION('',(5.116149740848E-16,1.479114197289E-31,1.));
#7900 = DIRECTION('',(0.707106781187,-0.707106781187,-3.61766417532E-16)
  );
#7901 = ADVANCED_FACE('',(#7902),#7907,.F.);
#7902 = FACE_BOUND('',#7903,.T.);
#7903 = EDGE_LOOP('',(#7904,#7905,#7906));
#7904 = ORIENTED_EDGE('',*,*,#2485,.T.);
#7905 = ORIENTED_EDGE('',*,*,#2556,.T.);
#7906 = ORIENTED_EDGE('',*,*,#2525,.T.);
#7907 = PLANE('',#7908);
#7908 = AXIS2_PLACEMENT_3D('',#7909,#7910,#7911);
#7909 = CARTESIAN_POINT('',(-2.250534728775E-15,14.272727272727,1.));
#7910 = DIRECTION('',(5.116149740848E-16,1.479114197289E-31,1.));
#7911 = DIRECTION('',(1.,3.552713678801E-16,-5.116149740848E-16));
#7912 = ADVANCED_FACE('',(#7913),#7939,.T.);
#7913 = FACE_BOUND('',#7914,.T.);
#7914 = EDGE_LOOP('',(#7915,#7916,#7924,#7933));
#7915 = ORIENTED_EDGE('',*,*,#7510,.F.);
#7916 = ORIENTED_EDGE('',*,*,#7917,.T.);
#7917 = EDGE_CURVE('',#7511,#7918,#7920,.T.);
#7918 = VERTEX_POINT('',#7919);
#7919 = CARTESIAN_POINT('',(-1.,16.,-5.5));
#7920 = LINE('',#7921,#7922);
#7921 = CARTESIAN_POINT('',(-1.,16.,-5.5));
#7922 = VECTOR('',#7923,1.);
#7923 = DIRECTION('',(-5.116149740848E-16,-1.479114197289E-31,-1.));
#7924 = ORIENTED_EDGE('',*,*,#7925,.T.);
#7925 = EDGE_CURVE('',#7918,#7926,#7928,.T.);
#7926 = VERTEX_POINT('',#7927);
#7927 = CARTESIAN_POINT('',(-2.,15.,-5.5));
#7928 = CIRCLE('',#7929,1.);
#7929 = AXIS2_PLACEMENT_3D('',#7930,#7931,#7932);
#7930 = CARTESIAN_POINT('',(-1.,15.,-5.5));
#7931 = DIRECTION('',(5.116149740848E-16,1.972152263053E-31,1.));
#7932 = DIRECTION('',(-0.707106781187,0.707106781187,3.61766417532E-16)
  );
#7933 = ORIENTED_EDGE('',*,*,#7934,.T.);
#7934 = EDGE_CURVE('',#7926,#7461,#7935,.T.);
#7935 = LINE('',#7936,#7937);
#7936 = CARTESIAN_POINT('',(-2.,15.,-5.5));
#7937 = VECTOR('',#7938,1.);
#7938 = DIRECTION('',(5.116149740848E-16,1.479114197289E-31,1.));
#7939 = CYLINDRICAL_SURFACE('',#7940,1.);
#7940 = AXIS2_PLACEMENT_3D('',#7941,#7942,#7943);
#7941 = CARTESIAN_POINT('',(-1.,15.,-5.5));
#7942 = DIRECTION('',(5.116149740848E-16,1.479114197289E-31,1.));
#7943 = DIRECTION('',(-0.707106781187,0.707106781187,3.61766417532E-16)
  );
#7944 = ADVANCED_FACE('',(#7945),#7956,.F.);
#7945 = FACE_BOUND('',#7946,.T.);
#7946 = EDGE_LOOP('',(#7947,#7948,#7949,#7955));
#7947 = ORIENTED_EDGE('',*,*,#7460,.F.);
#7948 = ORIENTED_EDGE('',*,*,#7934,.F.);
#7949 = ORIENTED_EDGE('',*,*,#7950,.F.);
#7950 = EDGE_CURVE('',#7882,#7926,#7951,.T.);
#7951 = LINE('',#7952,#7953);
#7952 = CARTESIAN_POINT('',(-2.,17.5,-5.5));
#7953 = VECTOR('',#7954,1.);
#7954 = DIRECTION('',(-3.71230823859E-16,1.,4.201582859919E-32));
#7955 = ORIENTED_EDGE('',*,*,#7890,.F.);
#7956 = PLANE('',#7957);
#7957 = AXIS2_PLACEMENT_3D('',#7958,#7959,#7960);
#7958 = CARTESIAN_POINT('',(-2.,16.,-5.5));
#7959 = DIRECTION('',(1.,3.71230823859E-16,-5.116149740848E-16));
#7960 = DIRECTION('',(-5.116149740848E-16,7.904275559324E-33,-1.));
#7961 = ADVANCED_FACE('',(#7962,#8022,#8025,#8031,#8037,#8043,#8049,
    #8052,#8055,#8058),#8100,.T.);
#7962 = FACE_BOUND('',#7963,.T.);
#7963 = EDGE_LOOP('',(#7964,#7975,#7983,#7992,#8000,#8008,#8016));
#7964 = ORIENTED_EDGE('',*,*,#7965,.F.);
#7965 = EDGE_CURVE('',#7966,#7968,#7970,.T.);
#7966 = VERTEX_POINT('',#7967);
#7967 = CARTESIAN_POINT('',(-4.5,19.,-5.5));
#7968 = VERTEX_POINT('',#7969);
#7969 = CARTESIAN_POINT('',(-6.,17.5,-5.5));
#7970 = CIRCLE('',#7971,1.5);
#7971 = AXIS2_PLACEMENT_3D('',#7972,#7973,#7974);
#7972 = CARTESIAN_POINT('',(-4.5,17.5,-5.5));
#7973 = DIRECTION('',(5.116149740848E-16,9.860761315263E-32,1.));
#7974 = DIRECTION('',(-0.707106781187,0.707106781187,3.61766417532E-16)
  );
#7975 = ORIENTED_EDGE('',*,*,#7976,.T.);
#7976 = EDGE_CURVE('',#7966,#7977,#7979,.T.);
#7977 = VERTEX_POINT('',#7978);
#7978 = CARTESIAN_POINT('',(4.5,19.,-5.5));
#7979 = LINE('',#7980,#7981);
#7980 = CARTESIAN_POINT('',(-7.053385653322E-15,19.,-5.5));
#7981 = VECTOR('',#7982,1.);
#7982 = DIRECTION('',(1.,3.71230823859E-16,-5.116149740848E-16));
#7983 = ORIENTED_EDGE('',*,*,#7984,.F.);
#7984 = EDGE_CURVE('',#7985,#7977,#7987,.T.);
#7985 = VERTEX_POINT('',#7986);
#7986 = CARTESIAN_POINT('',(6.,17.5,-5.5));
#7987 = CIRCLE('',#7988,1.5);
#7988 = AXIS2_PLACEMENT_3D('',#7989,#7990,#7991);
#7989 = CARTESIAN_POINT('',(4.5,17.5,-5.5));
#7990 = DIRECTION('',(5.116149740848E-16,1.972152263053E-31,1.));
#7991 = DIRECTION('',(0.707106781187,0.707106781187,-3.61766417532E-16)
  );
#7992 = ORIENTED_EDGE('',*,*,#7993,.T.);
#7993 = EDGE_CURVE('',#7985,#7994,#7996,.T.);
#7994 = VERTEX_POINT('',#7995);
#7995 = CARTESIAN_POINT('',(6.,-1.283695372223E-15,-5.5));
#7996 = LINE('',#7997,#7998);
#7997 = CARTESIAN_POINT('',(6.,-1.283695372223E-15,-5.5));
#7998 = VECTOR('',#7999,1.);
#7999 = DIRECTION('',(3.71230823859E-16,-1.,-4.201582859919E-32));
#8000 = ORIENTED_EDGE('',*,*,#8001,.T.);
#8001 = EDGE_CURVE('',#7994,#8002,#8004,.T.);
#8002 = VERTEX_POINT('',#8003);
#8003 = CARTESIAN_POINT('',(1.040282789403E-45,-3.511080315377E-15,-5.5)
  );
#8004 = LINE('',#8005,#8006);
#8005 = CARTESIAN_POINT('',(1.040282789403E-45,-3.511080315377E-15,-5.5)
  );
#8006 = VECTOR('',#8007,1.);
#8007 = DIRECTION('',(-1.,-3.71230823859E-16,5.116149740848E-16));
#8008 = ORIENTED_EDGE('',*,*,#8009,.T.);
#8009 = EDGE_CURVE('',#8002,#8010,#8012,.T.);
#8010 = VERTEX_POINT('',#8011);
#8011 = CARTESIAN_POINT('',(-6.,-5.738465258531E-15,-5.5));
#8012 = LINE('',#8013,#8014);
#8013 = CARTESIAN_POINT('',(1.040282789403E-45,-3.511080315377E-15,-5.5)
  );
#8014 = VECTOR('',#8015,1.);
#8015 = DIRECTION('',(-1.,-3.71230823859E-16,5.116149740848E-16));
#8016 = ORIENTED_EDGE('',*,*,#8017,.T.);
#8017 = EDGE_CURVE('',#8010,#7968,#8018,.T.);
#8018 = LINE('',#8019,#8020);
#8019 = CARTESIAN_POINT('',(-6.,-5.738465258531E-15,-5.5));
#8020 = VECTOR('',#8021,1.);
#8021 = DIRECTION('',(-3.71230823859E-16,1.,4.201582859919E-32));
#8022 = FACE_BOUND('',#8023,.T.);
#8023 = EDGE_LOOP('',(#8024));
#8024 = ORIENTED_EDGE('',*,*,#777,.T.);
#8025 = FACE_BOUND('',#8026,.T.);
#8026 = EDGE_LOOP('',(#8027,#8028,#8029,#8030));
#8027 = ORIENTED_EDGE('',*,*,#1337,.T.);
#8028 = ORIENTED_EDGE('',*,*,#1185,.T.);
#8029 = ORIENTED_EDGE('',*,*,#2442,.T.);
#8030 = ORIENTED_EDGE('',*,*,#2093,.T.);
#8031 = FACE_BOUND('',#8032,.T.);
#8032 = EDGE_LOOP('',(#8033,#8034,#8035,#8036));
#8033 = ORIENTED_EDGE('',*,*,#1281,.T.);
#8034 = ORIENTED_EDGE('',*,*,#1424,.T.);
#8035 = ORIENTED_EDGE('',*,*,#1225,.T.);
#8036 = ORIENTED_EDGE('',*,*,#2369,.T.);
#8037 = FACE_BOUND('',#8038,.T.);
#8038 = EDGE_LOOP('',(#8039,#8040,#8041,#8042));
#8039 = ORIENTED_EDGE('',*,*,#1384,.T.);
#8040 = ORIENTED_EDGE('',*,*,#1580,.T.);
#8041 = ORIENTED_EDGE('',*,*,#2347,.T.);
#8042 = ORIENTED_EDGE('',*,*,#2124,.T.);
#8043 = FACE_BOUND('',#8044,.T.);
#8044 = EDGE_LOOP('',(#8045,#8046,#8047,#8048));
#8045 = ORIENTED_EDGE('',*,*,#1533,.T.);
#8046 = ORIENTED_EDGE('',*,*,#1502,.T.);
#8047 = ORIENTED_EDGE('',*,*,#1446,.T.);
#8048 = ORIENTED_EDGE('',*,*,#2391,.T.);
#8049 = FACE_BOUND('',#8050,.T.);
#8050 = EDGE_LOOP('',(#8051));
#8051 = ORIENTED_EDGE('',*,*,#3084,.T.);
#8052 = FACE_BOUND('',#8053,.T.);
#8053 = EDGE_LOOP('',(#8054));
#8054 = ORIENTED_EDGE('',*,*,#3126,.T.);
#8055 = FACE_BOUND('',#8056,.T.);
#8056 = EDGE_LOOP('',(#8057));
#8057 = ORIENTED_EDGE('',*,*,#3160,.T.);
#8058 = FACE_BOUND('',#8059,.T.);
#8059 = EDGE_LOOP('',(#8060,#8061,#8069,#8078,#8086,#8093,#8094,#8095,
    #8096,#8097,#8098,#8099));
#8060 = ORIENTED_EDGE('',*,*,#7925,.F.);
#8061 = ORIENTED_EDGE('',*,*,#8062,.T.);
#8062 = EDGE_CURVE('',#7918,#8063,#8065,.T.);
#8063 = VERTEX_POINT('',#8064);
#8064 = CARTESIAN_POINT('',(1.,16.,-5.5));
#8065 = LINE('',#8066,#8067);
#8066 = CARTESIAN_POINT('',(1.,16.,-5.5));
#8067 = VECTOR('',#8068,1.);
#8068 = DIRECTION('',(1.,3.71230823859E-16,-5.116149740848E-16));
#8069 = ORIENTED_EDGE('',*,*,#8070,.F.);
#8070 = EDGE_CURVE('',#8071,#8063,#8073,.T.);
#8071 = VERTEX_POINT('',#8072);
#8072 = CARTESIAN_POINT('',(2.,15.,-5.5));
#8073 = CIRCLE('',#8074,1.);
#8074 = AXIS2_PLACEMENT_3D('',#8075,#8076,#8077);
#8075 = CARTESIAN_POINT('',(1.,15.,-5.5));
#8076 = DIRECTION('',(5.116149740848E-16,9.860761315263E-32,1.));
#8077 = DIRECTION('',(0.707106781187,0.707106781187,-3.61766417532E-16)
  );
#8078 = ORIENTED_EDGE('',*,*,#8079,.T.);
#8079 = EDGE_CURVE('',#8071,#8080,#8082,.T.);
#8080 = VERTEX_POINT('',#8081);
#8081 = CARTESIAN_POINT('',(2.,11.,-5.5));
#8082 = LINE('',#8083,#8084);
#8083 = CARTESIAN_POINT('',(2.,14.5,-5.5));
#8084 = VECTOR('',#8085,1.);
#8085 = DIRECTION('',(3.71230823859E-16,-1.,-4.201582859919E-32));
#8086 = ORIENTED_EDGE('',*,*,#8087,.F.);
#8087 = EDGE_CURVE('',#7761,#8080,#8088,.T.);
#8088 = CIRCLE('',#8089,1.);
#8089 = AXIS2_PLACEMENT_3D('',#8090,#8091,#8092);
#8090 = CARTESIAN_POINT('',(3.,11.,-5.5));
#8091 = DIRECTION('',(-5.116149740848E-16,-1.972152263053E-31,-1.));
#8092 = DIRECTION('',(0.707106781187,-0.707106781187,-3.61766417532E-16)
  );
#8093 = ORIENTED_EDGE('',*,*,#7760,.T.);
#8094 = ORIENTED_EDGE('',*,*,#7783,.F.);
#8095 = ORIENTED_EDGE('',*,*,#7816,.T.);
#8096 = ORIENTED_EDGE('',*,*,#7832,.F.);
#8097 = ORIENTED_EDGE('',*,*,#7865,.T.);
#8098 = ORIENTED_EDGE('',*,*,#7881,.F.);
#8099 = ORIENTED_EDGE('',*,*,#7950,.T.);
#8100 = PLANE('',#8101);
#8101 = AXIS2_PLACEMENT_3D('',#8102,#8103,#8104);
#8102 = CARTESIAN_POINT('',(-7.053385653322E-15,19.,-5.5));
#8103 = DIRECTION('',(-5.116149740848E-16,-1.479114197289E-31,-1.));
#8104 = DIRECTION('',(-1.,-3.552713678801E-16,5.116149740848E-16));
#8105 = ADVANCED_FACE('',(#8106),#8117,.F.);
#8106 = FACE_BOUND('',#8107,.F.);
#8107 = EDGE_LOOP('',(#8108,#8114,#8115,#8116));
#8108 = ORIENTED_EDGE('',*,*,#8109,.F.);
#8109 = EDGE_CURVE('',#8080,#7675,#8110,.T.);
#8110 = LINE('',#8111,#8112);
#8111 = CARTESIAN_POINT('',(2.,11.,-5.5));
#8112 = VECTOR('',#8113,1.);
#8113 = DIRECTION('',(5.116149740848E-16,1.479114197289E-31,1.));
#8114 = ORIENTED_EDGE('',*,*,#8087,.F.);
#8115 = ORIENTED_EDGE('',*,*,#7768,.F.);
#8116 = ORIENTED_EDGE('',*,*,#7725,.T.);
#8117 = CYLINDRICAL_SURFACE('',#8118,1.);
#8118 = AXIS2_PLACEMENT_3D('',#8119,#8120,#8121);
#8119 = CARTESIAN_POINT('',(3.,11.,-5.5));
#8120 = DIRECTION('',(5.116149740848E-16,1.479114197289E-31,1.));
#8121 = DIRECTION('',(-0.707106781187,-0.707106781187,3.61766417532E-16)
  );
#8122 = ADVANCED_FACE('',(#8123),#8134,.F.);
#8123 = FACE_BOUND('',#8124,.T.);
#8124 = EDGE_LOOP('',(#8125,#8126,#8127,#8128));
#8125 = ORIENTED_EDGE('',*,*,#7674,.F.);
#8126 = ORIENTED_EDGE('',*,*,#8109,.F.);
#8127 = ORIENTED_EDGE('',*,*,#8079,.F.);
#8128 = ORIENTED_EDGE('',*,*,#8129,.F.);
#8129 = EDGE_CURVE('',#7618,#8071,#8130,.T.);
#8130 = LINE('',#8131,#8132);
#8131 = CARTESIAN_POINT('',(2.,15.,-5.5));
#8132 = VECTOR('',#8133,1.);
#8133 = DIRECTION('',(-5.116149740848E-16,-1.479114197289E-31,-1.));
#8134 = PLANE('',#8135);
#8135 = AXIS2_PLACEMENT_3D('',#8136,#8137,#8138);
#8136 = CARTESIAN_POINT('',(2.,10.,-5.5));
#8137 = DIRECTION('',(-1.,-3.71230823859E-16,5.116149740848E-16));
#8138 = DIRECTION('',(5.116149740848E-16,-7.904275559324E-33,1.));
#8139 = ADVANCED_FACE('',(#8140),#8151,.T.);
#8140 = FACE_BOUND('',#8141,.T.);
#8141 = EDGE_LOOP('',(#8142,#8143,#8144,#8145));
#8142 = ORIENTED_EDGE('',*,*,#7617,.F.);
#8143 = ORIENTED_EDGE('',*,*,#8129,.T.);
#8144 = ORIENTED_EDGE('',*,*,#8070,.T.);
#8145 = ORIENTED_EDGE('',*,*,#8146,.T.);
#8146 = EDGE_CURVE('',#8063,#7568,#8147,.T.);
#8147 = LINE('',#8148,#8149);
#8148 = CARTESIAN_POINT('',(1.,16.,-5.5));
#8149 = VECTOR('',#8150,1.);
#8150 = DIRECTION('',(5.116149740848E-16,1.479114197289E-31,1.));
#8151 = CYLINDRICAL_SURFACE('',#8152,1.);
#8152 = AXIS2_PLACEMENT_3D('',#8153,#8154,#8155);
#8153 = CARTESIAN_POINT('',(1.,15.,-5.5));
#8154 = DIRECTION('',(5.116149740848E-16,1.479114197289E-31,1.));
#8155 = DIRECTION('',(0.707106781187,0.707106781187,-3.61766417532E-16)
  );
#8156 = ADVANCED_FACE('',(#8157),#8163,.F.);
#8157 = FACE_BOUND('',#8158,.T.);
#8158 = EDGE_LOOP('',(#8159,#8160,#8161,#8162));
#8159 = ORIENTED_EDGE('',*,*,#7567,.F.);
#8160 = ORIENTED_EDGE('',*,*,#8146,.F.);
#8161 = ORIENTED_EDGE('',*,*,#8062,.F.);
#8162 = ORIENTED_EDGE('',*,*,#7917,.F.);
#8163 = PLANE('',#8164);
#8164 = AXIS2_PLACEMENT_3D('',#8165,#8166,#8167);
#8165 = CARTESIAN_POINT('',(2.,16.,-5.5));
#8166 = DIRECTION('',(3.71230823859E-16,-1.,-4.201582859919E-32));
#8167 = DIRECTION('',(-5.107025913276E-16,-1.475727151263E-31,-1.));
#8168 = ADVANCED_FACE('',(#8169),#8195,.T.);
#8169 = FACE_BOUND('',#8170,.T.);
#8170 = EDGE_LOOP('',(#8171,#8172,#8180,#8189));
#8171 = ORIENTED_EDGE('',*,*,#7984,.T.);
#8172 = ORIENTED_EDGE('',*,*,#8173,.T.);
#8173 = EDGE_CURVE('',#7977,#8174,#8176,.T.);
#8174 = VERTEX_POINT('',#8175);
#8175 = CARTESIAN_POINT('',(4.5,19.,2.));
#8176 = LINE('',#8177,#8178);
#8177 = CARTESIAN_POINT('',(4.5,19.,3.125));
#8178 = VECTOR('',#8179,1.);
#8179 = DIRECTION('',(5.116149740848E-16,-5.792467954566E-16,1.));
#8180 = ORIENTED_EDGE('',*,*,#8181,.T.);
#8181 = EDGE_CURVE('',#8174,#8182,#8184,.T.);
#8182 = VERTEX_POINT('',#8183);
#8183 = CARTESIAN_POINT('',(6.,17.5,2.));
#8184 = CIRCLE('',#8185,1.5);
#8185 = AXIS2_PLACEMENT_3D('',#8186,#8187,#8188);
#8186 = CARTESIAN_POINT('',(4.5,17.5,2.));
#8187 = DIRECTION('',(-5.116149740848E-16,7.401486830834E-16,-1.));
#8188 = DIRECTION('',(-3.71230823859E-16,1.,7.401486830834E-16));
#8189 = ORIENTED_EDGE('',*,*,#8190,.T.);
#8190 = EDGE_CURVE('',#8182,#7985,#8191,.T.);
#8191 = LINE('',#8192,#8193);
#8192 = CARTESIAN_POINT('',(6.,17.5,3.125));
#8193 = VECTOR('',#8194,1.);
#8194 = DIRECTION('',(-5.116149740848E-16,5.792467954566E-16,-1.));
#8195 = CYLINDRICAL_SURFACE('',#8196,1.5);
#8196 = AXIS2_PLACEMENT_3D('',#8197,#8198,#8199);
#8197 = CARTESIAN_POINT('',(4.5,17.5,3.125));
#8198 = DIRECTION('',(-5.116149740848E-16,5.792467954566E-16,-1.));
#8199 = DIRECTION('',(0.707106781187,0.707106781187,4.782291951597E-17)
  );
#8200 = ADVANCED_FACE('',(#8201),#8227,.T.);
#8201 = FACE_BOUND('',#8202,.T.);
#8202 = EDGE_LOOP('',(#8203,#8212,#8219,#8220));
#8203 = ORIENTED_EDGE('',*,*,#8204,.T.);
#8204 = EDGE_CURVE('',#8205,#7231,#8207,.T.);
#8205 = VERTEX_POINT('',#8206);
#8206 = CARTESIAN_POINT('',(2.,19.,4.5));
#8207 = CIRCLE('',#8208,1.5);
#8208 = AXIS2_PLACEMENT_3D('',#8209,#8210,#8211);
#8209 = CARTESIAN_POINT('',(2.,17.5,4.5));
#8210 = DIRECTION('',(1.,3.71230823859E-16,-5.116149740848E-16));
#8211 = DIRECTION('',(-3.71230823859E-16,1.,1.480297366167E-15));
#8212 = ORIENTED_EDGE('',*,*,#8213,.T.);
#8213 = EDGE_CURVE('',#7231,#8182,#8214,.T.);
#8214 = CIRCLE('',#8215,4.);
#8215 = AXIS2_PLACEMENT_3D('',#8216,#8217,#8218);
#8216 = CARTESIAN_POINT('',(2.,17.5,2.));
#8217 = DIRECTION('',(-3.71230823859E-16,1.,5.792467954566E-16));
#8218 = DIRECTION('',(0.707106781187,-1.470895041117E-16,0.707106781187)
  );
#8219 = ORIENTED_EDGE('',*,*,#8181,.F.);
#8220 = ORIENTED_EDGE('',*,*,#8221,.T.);
#8221 = EDGE_CURVE('',#8174,#8205,#8222,.T.);
#8222 = CIRCLE('',#8223,2.5);
#8223 = AXIS2_PLACEMENT_3D('',#8224,#8225,#8226);
#8224 = CARTESIAN_POINT('',(2.,19.,2.));
#8225 = DIRECTION('',(3.71230823859E-16,-1.,-5.792467954566E-16));
#8226 = DIRECTION('',(0.707106781187,-1.470895041117E-16,0.707106781187)
  );
#8227 = TOROIDAL_SURFACE('',#8228,2.5,1.5);
#8228 = AXIS2_PLACEMENT_3D('',#8229,#8230,#8231);
#8229 = CARTESIAN_POINT('',(2.,17.5,2.));
#8230 = DIRECTION('',(-3.71230823859E-16,1.,5.792467954566E-16));
#8231 = DIRECTION('',(5.287437154777E-16,-5.792467954566E-16,1.));
#8232 = ADVANCED_FACE('',(#8233),#8252,.T.);
#8233 = FACE_BOUND('',#8234,.T.);
#8234 = EDGE_LOOP('',(#8235,#8244,#8245,#8246));
#8235 = ORIENTED_EDGE('',*,*,#8236,.T.);
#8236 = EDGE_CURVE('',#8237,#7239,#8239,.T.);
#8237 = VERTEX_POINT('',#8238);
#8238 = CARTESIAN_POINT('',(-2.,19.,4.5));
#8239 = CIRCLE('',#8240,1.5);
#8240 = AXIS2_PLACEMENT_3D('',#8241,#8242,#8243);
#8241 = CARTESIAN_POINT('',(-2.,17.5,4.5));
#8242 = DIRECTION('',(1.,3.71230823859E-16,-5.116149740848E-16));
#8243 = DIRECTION('',(-3.71230823859E-16,1.,4.201582859919E-32));
#8244 = ORIENTED_EDGE('',*,*,#7238,.T.);
#8245 = ORIENTED_EDGE('',*,*,#8204,.F.);
#8246 = ORIENTED_EDGE('',*,*,#8247,.T.);
#8247 = EDGE_CURVE('',#8205,#8237,#8248,.T.);
#8248 = LINE('',#8249,#8250);
#8249 = CARTESIAN_POINT('',(-1.937235912473E-15,19.,4.5));
#8250 = VECTOR('',#8251,1.);
#8251 = DIRECTION('',(-1.,-3.71230823859E-16,5.116149740848E-16));
#8252 = CYLINDRICAL_SURFACE('',#8253,1.5);
#8253 = AXIS2_PLACEMENT_3D('',#8254,#8255,#8256);
#8254 = CARTESIAN_POINT('',(-1.380389676685E-15,17.5,4.5));
#8255 = DIRECTION('',(1.,3.71230823859E-16,-5.116149740848E-16));
#8256 = DIRECTION('',(9.926658459577E-17,0.707106781187,0.707106781187)
  );
#8257 = ADVANCED_FACE('',(#8258),#8286,.T.);
#8258 = FACE_BOUND('',#8259,.T.);
#8259 = EDGE_LOOP('',(#8260,#8271,#8278,#8279));
#8260 = ORIENTED_EDGE('',*,*,#8261,.T.);
#8261 = EDGE_CURVE('',#8262,#8264,#8266,.T.);
#8262 = VERTEX_POINT('',#8263);
#8263 = CARTESIAN_POINT('',(-4.5,19.,2.));
#8264 = VERTEX_POINT('',#8265);
#8265 = CARTESIAN_POINT('',(-6.,17.5,2.));
#8266 = CIRCLE('',#8267,1.5);
#8267 = AXIS2_PLACEMENT_3D('',#8268,#8269,#8270);
#8268 = CARTESIAN_POINT('',(-4.5,17.5,2.));
#8269 = DIRECTION('',(5.116149740848E-16,-7.401486830834E-16,1.));
#8270 = DIRECTION('',(-3.71230823859E-16,1.,7.401486830834E-16));
#8271 = ORIENTED_EDGE('',*,*,#8272,.T.);
#8272 = EDGE_CURVE('',#8264,#7239,#8273,.T.);
#8273 = CIRCLE('',#8274,4.);
#8274 = AXIS2_PLACEMENT_3D('',#8275,#8276,#8277);
#8275 = CARTESIAN_POINT('',(-2.,17.5,2.));
#8276 = DIRECTION('',(-3.71230823859E-16,1.,5.792467954566E-16));
#8277 = DIRECTION('',(-0.707106781187,-6.720891699841E-16,0.707106781187
    ));
#8278 = ORIENTED_EDGE('',*,*,#8236,.F.);
#8279 = ORIENTED_EDGE('',*,*,#8280,.T.);
#8280 = EDGE_CURVE('',#8237,#8262,#8281,.T.);
#8281 = CIRCLE('',#8282,2.5);
#8282 = AXIS2_PLACEMENT_3D('',#8283,#8284,#8285);
#8283 = CARTESIAN_POINT('',(-2.,19.,2.));
#8284 = DIRECTION('',(3.71230823859E-16,-1.,-5.792467954566E-16));
#8285 = DIRECTION('',(-0.707106781187,-6.720891699841E-16,0.707106781187
    ));
#8286 = TOROIDAL_SURFACE('',#8287,2.5,1.5);
#8287 = AXIS2_PLACEMENT_3D('',#8288,#8289,#8290);
#8288 = CARTESIAN_POINT('',(-2.,17.5,2.));
#8289 = DIRECTION('',(-3.71230823859E-16,1.,5.792467954566E-16));
#8290 = DIRECTION('',(5.287437154777E-16,-5.792467954566E-16,1.));
#8291 = ADVANCED_FACE('',(#8292),#8308,.T.);
#8292 = FACE_BOUND('',#8293,.T.);
#8293 = EDGE_LOOP('',(#8294,#8295,#8301,#8302));
#8294 = ORIENTED_EDGE('',*,*,#7965,.T.);
#8295 = ORIENTED_EDGE('',*,*,#8296,.T.);
#8296 = EDGE_CURVE('',#7968,#8264,#8297,.T.);
#8297 = LINE('',#8298,#8299);
#8298 = CARTESIAN_POINT('',(-6.,17.5,3.125));
#8299 = VECTOR('',#8300,1.);
#8300 = DIRECTION('',(5.116149740848E-16,-5.792467954566E-16,1.));
#8301 = ORIENTED_EDGE('',*,*,#8261,.F.);
#8302 = ORIENTED_EDGE('',*,*,#8303,.T.);
#8303 = EDGE_CURVE('',#8262,#7966,#8304,.T.);
#8304 = LINE('',#8305,#8306);
#8305 = CARTESIAN_POINT('',(-4.5,19.,3.125));
#8306 = VECTOR('',#8307,1.);
#8307 = DIRECTION('',(-5.116149740848E-16,5.792467954566E-16,-1.));
#8308 = CYLINDRICAL_SURFACE('',#8309,1.5);
#8309 = AXIS2_PLACEMENT_3D('',#8310,#8311,#8312);
#8310 = CARTESIAN_POINT('',(-4.5,17.5,3.125));
#8311 = DIRECTION('',(5.116149740848E-16,-5.792467954566E-16,1.));
#8312 = DIRECTION('',(-0.707106781187,0.707106781187,7.713557545799E-16)
  );
#8313 = ADVANCED_FACE('',(#8314),#8322,.T.);
#8314 = FACE_BOUND('',#8315,.T.);
#8315 = EDGE_LOOP('',(#8316,#8317,#8318,#8319,#8320,#8321));
#8316 = ORIENTED_EDGE('',*,*,#8303,.F.);
#8317 = ORIENTED_EDGE('',*,*,#8280,.F.);
#8318 = ORIENTED_EDGE('',*,*,#8247,.F.);
#8319 = ORIENTED_EDGE('',*,*,#8221,.F.);
#8320 = ORIENTED_EDGE('',*,*,#8173,.F.);
#8321 = ORIENTED_EDGE('',*,*,#7976,.F.);
#8322 = PLANE('',#8323);
#8323 = AXIS2_PLACEMENT_3D('',#8324,#8325,#8326);
#8324 = CARTESIAN_POINT('',(-1.169813451346E-15,19.,6.));
#8325 = DIRECTION('',(-3.71230823859E-16,1.,5.792467954566E-16));
#8326 = DIRECTION('',(5.116149740848E-16,-5.792467954566E-16,1.));
#8327 = ADVANCED_FACE('',(#8328),#8354,.F.);
#8328 = FACE_BOUND('',#8329,.F.);
#8329 = EDGE_LOOP('',(#8330,#8338,#8339,#8347));
#8330 = ORIENTED_EDGE('',*,*,#8331,.F.);
#8331 = EDGE_CURVE('',#7262,#8332,#8334,.T.);
#8332 = VERTEX_POINT('',#8333);
#8333 = CARTESIAN_POINT('',(1.5,4.5,5.75));
#8334 = LINE('',#8335,#8336);
#8335 = CARTESIAN_POINT('',(1.5,4.5,6.));
#8336 = VECTOR('',#8337,1.);
#8337 = DIRECTION('',(-5.116149740848E-16,-1.479114197289E-31,-1.));
#8338 = ORIENTED_EDGE('',*,*,#7261,.T.);
#8339 = ORIENTED_EDGE('',*,*,#8340,.T.);
#8340 = EDGE_CURVE('',#7264,#8341,#8343,.T.);
#8341 = VERTEX_POINT('',#8342);
#8342 = CARTESIAN_POINT('',(-1.5,4.5,5.75));
#8343 = LINE('',#8344,#8345);
#8344 = CARTESIAN_POINT('',(-1.5,4.5,6.));
#8345 = VECTOR('',#8346,1.);
#8346 = DIRECTION('',(-5.116149740848E-16,-1.479114197289E-31,-1.));
#8347 = ORIENTED_EDGE('',*,*,#8348,.T.);
#8348 = EDGE_CURVE('',#8341,#8332,#8349,.T.);
#8349 = CIRCLE('',#8350,1.5);
#8350 = AXIS2_PLACEMENT_3D('',#8351,#8352,#8353);
#8351 = CARTESIAN_POINT('',(5.195352775714E-15,4.5,5.75));
#8352 = DIRECTION('',(5.116149740848E-16,1.479114197289E-31,1.));
#8353 = DIRECTION('',(-1.,-1.156482317318E-18,5.116149740848E-16));
#8354 = CYLINDRICAL_SURFACE('',#8355,1.5);
#8355 = AXIS2_PLACEMENT_3D('',#8356,#8357,#8358);
#8356 = CARTESIAN_POINT('',(5.323256519235E-15,4.5,6.));
#8357 = DIRECTION('',(-5.116149740848E-16,-1.479114197289E-31,-1.));
#8358 = DIRECTION('',(-1.,-1.156482317318E-18,5.116149740848E-16));
#8359 = ADVANCED_FACE('',(#8360),#8378,.F.);
#8360 = FACE_BOUND('',#8361,.T.);
#8361 = EDGE_LOOP('',(#8362,#8370,#8371,#8372));
#8362 = ORIENTED_EDGE('',*,*,#8363,.F.);
#8363 = EDGE_CURVE('',#8332,#8364,#8366,.T.);
#8364 = VERTEX_POINT('',#8365);
#8365 = CARTESIAN_POINT('',(1.5,15.5,5.75));
#8366 = LINE('',#8367,#8368);
#8367 = CARTESIAN_POINT('',(1.5,4.5,5.75));
#8368 = VECTOR('',#8369,1.);
#8369 = DIRECTION('',(-3.71230823859E-16,1.,4.201582859919E-32));
#8370 = ORIENTED_EDGE('',*,*,#8331,.F.);
#8371 = ORIENTED_EDGE('',*,*,#7289,.F.);
#8372 = ORIENTED_EDGE('',*,*,#8373,.T.);
#8373 = EDGE_CURVE('',#7281,#8364,#8374,.T.);
#8374 = LINE('',#8375,#8376);
#8375 = CARTESIAN_POINT('',(1.5,15.5,6.));
#8376 = VECTOR('',#8377,1.);
#8377 = DIRECTION('',(-5.116149740848E-16,-1.479114197289E-31,-1.));
#8378 = PLANE('',#8379);
#8379 = AXIS2_PLACEMENT_3D('',#8380,#8381,#8382);
#8380 = CARTESIAN_POINT('',(1.5,4.5,6.));
#8381 = DIRECTION('',(1.,3.71230823859E-16,-5.116149740848E-16));
#8382 = DIRECTION('',(-5.116149740848E-16,-3.387046026532E-34,-1.));
#8383 = ADVANCED_FACE('',(#8384),#8403,.F.);
#8384 = FACE_BOUND('',#8385,.F.);
#8385 = EDGE_LOOP('',(#8386,#8394,#8395,#8396));
#8386 = ORIENTED_EDGE('',*,*,#8387,.F.);
#8387 = EDGE_CURVE('',#7273,#8388,#8390,.T.);
#8388 = VERTEX_POINT('',#8389);
#8389 = CARTESIAN_POINT('',(-1.5,15.5,5.75));
#8390 = LINE('',#8391,#8392);
#8391 = CARTESIAN_POINT('',(-1.5,15.5,6.));
#8392 = VECTOR('',#8393,1.);
#8393 = DIRECTION('',(-5.116149740848E-16,-1.479114197289E-31,-1.));
#8394 = ORIENTED_EDGE('',*,*,#7280,.T.);
#8395 = ORIENTED_EDGE('',*,*,#8373,.T.);
#8396 = ORIENTED_EDGE('',*,*,#8397,.T.);
#8397 = EDGE_CURVE('',#8364,#8388,#8398,.T.);
#8398 = CIRCLE('',#8399,1.5);
#8399 = AXIS2_PLACEMENT_3D('',#8400,#8401,#8402);
#8400 = CARTESIAN_POINT('',(3.332259762515E-15,15.5,5.75));
#8401 = DIRECTION('',(5.116149740848E-16,1.479114197289E-31,1.));
#8402 = DIRECTION('',(1.,3.71230823859E-16,-5.116149740848E-16));
#8403 = CYLINDRICAL_SURFACE('',#8404,1.5);
#8404 = AXIS2_PLACEMENT_3D('',#8405,#8406,#8407);
#8405 = CARTESIAN_POINT('',(3.460163506036E-15,15.5,6.));
#8406 = DIRECTION('',(-5.116149740848E-16,-1.479114197289E-31,-1.));
#8407 = DIRECTION('',(1.,3.71230823859E-16,-5.116149740848E-16));
#8408 = ADVANCED_FACE('',(#8409),#8420,.F.);
#8409 = FACE_BOUND('',#8410,.T.);
#8410 = EDGE_LOOP('',(#8411,#8417,#8418,#8419));
#8411 = ORIENTED_EDGE('',*,*,#8412,.F.);
#8412 = EDGE_CURVE('',#8388,#8341,#8413,.T.);
#8413 = LINE('',#8414,#8415);
#8414 = CARTESIAN_POINT('',(-1.5,15.5,5.75));
#8415 = VECTOR('',#8416,1.);
#8416 = DIRECTION('',(1.189074091715E-16,-1.,8.707660866717E-32));
#8417 = ORIENTED_EDGE('',*,*,#8387,.F.);
#8418 = ORIENTED_EDGE('',*,*,#7272,.F.);
#8419 = ORIENTED_EDGE('',*,*,#8340,.T.);
#8420 = PLANE('',#8421);
#8421 = AXIS2_PLACEMENT_3D('',#8422,#8423,#8424);
#8422 = CARTESIAN_POINT('',(-1.5,15.5,6.));
#8423 = DIRECTION('',(-1.,-1.189074091715E-16,5.116149740848E-16));
#8424 = DIRECTION('',(5.116149740848E-16,1.084890698388E-34,1.));
#8425 = ADVANCED_FACE('',(#8426,#8432,#8435),#8438,.T.);
#8426 = FACE_BOUND('',#8427,.T.);
#8427 = EDGE_LOOP('',(#8428,#8429,#8430,#8431));
#8428 = ORIENTED_EDGE('',*,*,#8348,.T.);
#8429 = ORIENTED_EDGE('',*,*,#8363,.T.);
#8430 = ORIENTED_EDGE('',*,*,#8397,.T.);
#8431 = ORIENTED_EDGE('',*,*,#8412,.T.);
#8432 = FACE_BOUND('',#8433,.T.);
#8433 = EDGE_LOOP('',(#8434));
#8434 = ORIENTED_EDGE('',*,*,#7372,.T.);
#8435 = FACE_BOUND('',#8436,.T.);
#8436 = EDGE_LOOP('',(#8437));
#8437 = ORIENTED_EDGE('',*,*,#7398,.T.);
#8438 = PLANE('',#8439);
#8439 = AXIS2_PLACEMENT_3D('',#8440,#8441,#8442);
#8440 = CARTESIAN_POINT('',(4.570351499881E-15,10.,5.75));
#8441 = DIRECTION('',(5.116149740848E-16,-1.499408640821E-30,1.));
#8442 = DIRECTION('',(1.,3.552713678801E-16,-5.116149740848E-16));
#8443 = ADVANCED_FACE('',(#8444),#8455,.T.);
#8444 = FACE_BOUND('',#8445,.T.);
#8445 = EDGE_LOOP('',(#8446,#8447,#8448,#8449));
#8446 = ORIENTED_EDGE('',*,*,#8213,.F.);
#8447 = ORIENTED_EDGE('',*,*,#7230,.F.);
#8448 = ORIENTED_EDGE('',*,*,#7345,.F.);
#8449 = ORIENTED_EDGE('',*,*,#8450,.T.);
#8450 = EDGE_CURVE('',#7338,#8182,#8451,.T.);
#8451 = LINE('',#8452,#8453);
#8452 = CARTESIAN_POINT('',(6.,19.,2.));
#8453 = VECTOR('',#8454,1.);
#8454 = DIRECTION('',(-3.71230823859E-16,1.,5.551115123126E-16));
#8455 = CYLINDRICAL_SURFACE('',#8456,4.);
#8456 = AXIS2_PLACEMENT_3D('',#8457,#8458,#8459);
#8457 = CARTESIAN_POINT('',(2.,19.,2.));
#8458 = DIRECTION('',(3.71230823859E-16,-1.,-5.551115123126E-16));
#8459 = DIRECTION('',(-5.116149740848E-16,5.551115123126E-16,-1.));
#8460 = ADVANCED_FACE('',(#8461),#8472,.T.);
#8461 = FACE_BOUND('',#8462,.T.);
#8462 = EDGE_LOOP('',(#8463,#8464,#8470,#8471));
#8463 = ORIENTED_EDGE('',*,*,#8272,.F.);
#8464 = ORIENTED_EDGE('',*,*,#8465,.F.);
#8465 = EDGE_CURVE('',#7183,#8264,#8466,.T.);
#8466 = LINE('',#8467,#8468);
#8467 = CARTESIAN_POINT('',(-6.,19.,2.));
#8468 = VECTOR('',#8469,1.);
#8469 = DIRECTION('',(-3.71230823859E-16,1.,5.551115123126E-16));
#8470 = ORIENTED_EDGE('',*,*,#7182,.F.);
#8471 = ORIENTED_EDGE('',*,*,#7246,.T.);
#8472 = CYLINDRICAL_SURFACE('',#8473,4.);
#8473 = AXIS2_PLACEMENT_3D('',#8474,#8475,#8476);
#8474 = CARTESIAN_POINT('',(-2.,19.,2.));
#8475 = DIRECTION('',(3.71230823859E-16,-1.,-5.551115123126E-16));
#8476 = DIRECTION('',(1.,3.71230823859E-16,-5.116149740848E-16));
#8477 = ADVANCED_FACE('',(#8478),#8491,.T.);
#8478 = FACE_BOUND('',#8479,.T.);
#8479 = EDGE_LOOP('',(#8480,#8481,#8487,#8488,#8489,#8490));
#8480 = ORIENTED_EDGE('',*,*,#7322,.F.);
#8481 = ORIENTED_EDGE('',*,*,#8482,.F.);
#8482 = EDGE_CURVE('',#7994,#7314,#8483,.T.);
#8483 = LINE('',#8484,#8485);
#8484 = CARTESIAN_POINT('',(6.,-1.016547956922E-14,6.));
#8485 = VECTOR('',#8486,1.);
#8486 = DIRECTION('',(5.116149740848E-16,-7.723290606088E-16,1.));
#8487 = ORIENTED_EDGE('',*,*,#7993,.F.);
#8488 = ORIENTED_EDGE('',*,*,#8190,.F.);
#8489 = ORIENTED_EDGE('',*,*,#8450,.F.);
#8490 = ORIENTED_EDGE('',*,*,#7337,.T.);
#8491 = PLANE('',#8492);
#8492 = AXIS2_PLACEMENT_3D('',#8493,#8494,#8495);
#8493 = CARTESIAN_POINT('',(6.,9.5,0.25));
#8494 = DIRECTION('',(1.,3.71230823859E-16,-5.116149740848E-16));
#8495 = DIRECTION('',(-5.116149740848E-16,7.904275559324E-33,-1.));
#8496 = ADVANCED_FACE('',(#8497),#8517,.F.);
#8497 = FACE_BOUND('',#8498,.F.);
#8498 = EDGE_LOOP('',(#8499,#8507,#8508,#8509,#8510));
#8499 = ORIENTED_EDGE('',*,*,#8500,.T.);
#8500 = EDGE_CURVE('',#8501,#804,#8503,.T.);
#8501 = VERTEX_POINT('',#8502);
#8502 = CARTESIAN_POINT('',(2.2,-14.,4.440892098501E-15));
#8503 = LINE('',#8504,#8505);
#8504 = CARTESIAN_POINT('',(2.2,-14.,4.156139884327E-15));
#8505 = VECTOR('',#8506,1.);
#8506 = DIRECTION('',(-3.71230823859E-16,1.,4.201582859919E-32));
#8507 = ORIENTED_EDGE('',*,*,#803,.F.);
#8508 = ORIENTED_EDGE('',*,*,#812,.F.);
#8509 = ORIENTED_EDGE('',*,*,#8500,.F.);
#8510 = ORIENTED_EDGE('',*,*,#8511,.T.);
#8511 = EDGE_CURVE('',#8501,#8501,#8512,.T.);
#8512 = CIRCLE('',#8513,2.2);
#8513 = AXIS2_PLACEMENT_3D('',#8514,#8515,#8516);
#8514 = CARTESIAN_POINT('',(8.011113891493E-15,-14.,5.551115123126E-15)
  );
#8515 = DIRECTION('',(-3.71230823859E-16,1.,4.201582859919E-32));
#8516 = DIRECTION('',(-1.,-3.71230823859E-16,5.116149740848E-16));
#8517 = CYLINDRICAL_SURFACE('',#8518,2.2);
#8518 = AXIS2_PLACEMENT_3D('',#8519,#8520,#8521);
#8519 = CARTESIAN_POINT('',(8.011113891493E-15,-14.,5.551115123126E-15)
  );
#8520 = DIRECTION('',(-3.71230823859E-16,1.,4.201582859919E-32));
#8521 = DIRECTION('',(-1.,-3.71230823859E-16,5.116149740848E-16));
#8522 = ADVANCED_FACE('',(#8523),#8560,.T.);
#8523 = FACE_BOUND('',#8524,.T.);
#8524 = EDGE_LOOP('',(#8525,#8534,#8543,#8552,#8559));
#8525 = ORIENTED_EDGE('',*,*,#8526,.T.);
#8526 = EDGE_CURVE('',#8527,#8527,#8529,.T.);
#8527 = VERTEX_POINT('',#8528);
#8528 = CARTESIAN_POINT('',(1.02428958138E-14,-14.,2.95));
#8529 = CIRCLE('',#8530,2.95);
#8530 = AXIS2_PLACEMENT_3D('',#8531,#8532,#8533);
#8531 = CARTESIAN_POINT('',(8.011113891493E-15,-14.,5.551115123126E-15)
  );
#8532 = DIRECTION('',(-3.71230823859E-16,1.,4.201582859919E-32));
#8533 = DIRECTION('',(-6.340756094671E-16,-1.933725822922E-31,-1.));
#8534 = ORIENTED_EDGE('',*,*,#8535,.T.);
#8535 = EDGE_CURVE('',#8527,#8536,#8538,.T.);
#8536 = VERTEX_POINT('',#8537);
#8537 = CARTESIAN_POINT('',(9.5554741026E-15,-13.75,3.2));
#8538 = CIRCLE('',#8539,0.25);
#8539 = AXIS2_PLACEMENT_3D('',#8540,#8541,#8542);
#8540 = CARTESIAN_POINT('',(9.06629955333E-15,-13.75,2.95));
#8541 = DIRECTION('',(-1.,-3.71230823859E-16,3.891502941701E-16));
#8542 = DIRECTION('',(3.891502941701E-16,0.,1.));
#8543 = ORIENTED_EDGE('',*,*,#8544,.T.);
#8544 = EDGE_CURVE('',#8536,#8545,#8547,.T.);
#8545 = VERTEX_POINT('',#8546);
#8546 = CARTESIAN_POINT('',(6.673025244184E-15,-13.75,-3.2));
#8547 = CIRCLE('',#8548,3.2);
#8548 = AXIS2_PLACEMENT_3D('',#8549,#8550,#8551);
#8549 = CARTESIAN_POINT('',(7.918306185528E-15,-13.75,5.551115123126E-15
    ));
#8550 = DIRECTION('',(3.71230823859E-16,-1.,-4.201582859919E-32));
#8551 = DIRECTION('',(-6.340756094671E-16,-1.933725822922E-31,-1.));
#8552 = ORIENTED_EDGE('',*,*,#8553,.T.);
#8553 = EDGE_CURVE('',#8545,#8536,#8554,.T.);
#8554 = CIRCLE('',#8555,3.2);
#8555 = AXIS2_PLACEMENT_3D('',#8556,#8557,#8558);
#8556 = CARTESIAN_POINT('',(7.918306185528E-15,-13.75,5.551115123126E-15
    ));
#8557 = DIRECTION('',(3.71230823859E-16,-1.,-4.201582859919E-32));
#8558 = DIRECTION('',(-6.340756094671E-16,-1.933725822922E-31,-1.));
#8559 = ORIENTED_EDGE('',*,*,#8535,.F.);
#8560 = TOROIDAL_SURFACE('',#8561,2.95,0.25);
#8561 = AXIS2_PLACEMENT_3D('',#8562,#8563,#8564);
#8562 = CARTESIAN_POINT('',(7.918306185528E-15,-13.75,5.551115123126E-15
    ));
#8563 = DIRECTION('',(3.71230823859E-16,-1.,-4.201582859919E-32));
#8564 = DIRECTION('',(-5.116149740848E-16,-1.479114197289E-31,-1.));
#8565 = ADVANCED_FACE('',(#8566),#8595,.T.);
#8566 = FACE_BOUND('',#8567,.T.);
#8567 = EDGE_LOOP('',(#8568,#8569,#8570,#8578,#8587,#8594));
#8568 = ORIENTED_EDGE('',*,*,#8544,.F.);
#8569 = ORIENTED_EDGE('',*,*,#8553,.F.);
#8570 = ORIENTED_EDGE('',*,*,#8571,.T.);
#8571 = EDGE_CURVE('',#8545,#8572,#8574,.T.);
#8572 = VERTEX_POINT('',#8573);
#8573 = CARTESIAN_POINT('',(-4.174834915236E-16,5.35,-3.2));
#8574 = LINE('',#8575,#8576);
#8575 = CARTESIAN_POINT('',(3.174174729313E-15,-4.325,-3.2));
#8576 = VECTOR('',#8577,1.);
#8577 = DIRECTION('',(-3.71230823859E-16,1.,4.201582859919E-32));
#8578 = ORIENTED_EDGE('',*,*,#8579,.T.);
#8579 = EDGE_CURVE('',#8572,#8580,#8582,.T.);
#8580 = VERTEX_POINT('',#8581);
#8581 = CARTESIAN_POINT('',(2.464965366892E-15,5.35,3.2));
#8582 = CIRCLE('',#8583,3.2);
#8583 = AXIS2_PLACEMENT_3D('',#8584,#8585,#8586);
#8584 = CARTESIAN_POINT('',(8.277974498207E-16,5.35,5.551115123126E-15)
  );
#8585 = DIRECTION('',(3.71230823859E-16,-1.,-4.201582859919E-32));
#8586 = DIRECTION('',(5.116149740848E-16,1.479114197289E-31,1.));
#8587 = ORIENTED_EDGE('',*,*,#8588,.T.);
#8588 = EDGE_CURVE('',#8580,#8572,#8589,.T.);
#8589 = CIRCLE('',#8590,3.2);
#8590 = AXIS2_PLACEMENT_3D('',#8591,#8592,#8593);
#8591 = CARTESIAN_POINT('',(8.277974498207E-16,5.35,5.551115123126E-15)
  );
#8592 = DIRECTION('',(3.71230823859E-16,-1.,-4.201582859919E-32));
#8593 = DIRECTION('',(5.116149740848E-16,1.479114197289E-31,1.));
#8594 = ORIENTED_EDGE('',*,*,#8571,.F.);
#8595 = CYLINDRICAL_SURFACE('',#8596,3.2);
#8596 = AXIS2_PLACEMENT_3D('',#8597,#8598,#8599);
#8597 = CARTESIAN_POINT('',(4.419455670657E-15,-4.325,5.551115123126E-15
    ));
#8598 = DIRECTION('',(3.71230823859E-16,-1.,-4.201582859919E-32));
#8599 = DIRECTION('',(5.116149740848E-16,1.479114197289E-31,1.));
#8600 = ADVANCED_FACE('',(#8601,#8604),#8607,.T.);
#8601 = FACE_BOUND('',#8602,.T.);
#8602 = EDGE_LOOP('',(#8603));
#8603 = ORIENTED_EDGE('',*,*,#8526,.F.);
#8604 = FACE_BOUND('',#8605,.T.);
#8605 = EDGE_LOOP('',(#8606));
#8606 = ORIENTED_EDGE('',*,*,#8511,.T.);
#8607 = PLANE('',#8608);
#8608 = AXIS2_PLACEMENT_3D('',#8609,#8610,#8611);
#8609 = CARTESIAN_POINT('',(8.011113891493E-15,-14.,5.551115123126E-15)
  );
#8610 = DIRECTION('',(3.71230823859E-16,-1.,-4.201582859919E-32));
#8611 = DIRECTION('',(-5.116149740848E-16,-1.479114197289E-31,-1.));
#8612 = ADVANCED_FACE('',(#8613),#8641,.T.);
#8613 = FACE_BOUND('',#8614,.T.);
#8614 = EDGE_LOOP('',(#8615,#8624,#8633,#8640));
#8615 = ORIENTED_EDGE('',*,*,#8616,.T.);
#8616 = EDGE_CURVE('',#8617,#8617,#8619,.T.);
#8617 = VERTEX_POINT('',#8618);
#8618 = CARTESIAN_POINT('',(4.999235534995E-15,-14.,-4.75));
#8619 = CIRCLE('',#8620,4.75);
#8620 = AXIS2_PLACEMENT_3D('',#8621,#8622,#8623);
#8621 = CARTESIAN_POINT('',(8.011113891493E-15,-14.,5.551115123126E-15)
  );
#8622 = DIRECTION('',(3.71230823859E-16,-1.,-4.201582859919E-32));
#8623 = DIRECTION('',(-3.891543387026E-16,-1.024502571657E-31,-1.));
#8624 = ORIENTED_EDGE('',*,*,#8625,.T.);
#8625 = EDGE_CURVE('',#8617,#8626,#8628,.T.);
#8626 = VERTEX_POINT('',#8627);
#8627 = CARTESIAN_POINT('',(5.06494774253E-15,-13.75,-4.5));
#8628 = CIRCLE('',#8629,0.25);
#8629 = AXIS2_PLACEMENT_3D('',#8630,#8631,#8632);
#8630 = CARTESIAN_POINT('',(4.90642782903E-15,-13.75,-4.75));
#8631 = DIRECTION('',(-1.,-3.71230823859E-16,6.340796539996E-16));
#8632 = DIRECTION('',(-6.340796539996E-16,0.,-1.));
#8633 = ORIENTED_EDGE('',*,*,#8634,.T.);
#8634 = EDGE_CURVE('',#8626,#8626,#8635,.T.);
#8635 = CIRCLE('',#8636,4.5);
#8636 = AXIS2_PLACEMENT_3D('',#8637,#8638,#8639);
#8637 = CARTESIAN_POINT('',(7.918306185528E-15,-13.75,5.551115123126E-15
    ));
#8638 = DIRECTION('',(-3.71230823859E-16,1.,4.201582859919E-32));
#8639 = DIRECTION('',(-3.891543387026E-16,-1.024502571657E-31,-1.));
#8640 = ORIENTED_EDGE('',*,*,#8625,.F.);
#8641 = TOROIDAL_SURFACE('',#8642,4.75,0.25);
#8642 = AXIS2_PLACEMENT_3D('',#8643,#8644,#8645);
#8643 = CARTESIAN_POINT('',(7.918306185528E-15,-13.75,5.551115123126E-15
    ));
#8644 = DIRECTION('',(-3.71230823859E-16,1.,4.201582859919E-32));
#8645 = DIRECTION('',(5.116149740848E-16,1.479114197289E-31,1.));
#8646 = ADVANCED_FACE('',(#8647,#8658),#8661,.T.);
#8647 = FACE_BOUND('',#8648,.T.);
#8648 = EDGE_LOOP('',(#8649));
#8649 = ORIENTED_EDGE('',*,*,#8650,.F.);
#8650 = EDGE_CURVE('',#8651,#8651,#8653,.T.);
#8651 = VERTEX_POINT('',#8652);
#8652 = CARTESIAN_POINT('',(4.682195707995E-15,-14.,-5.25));
#8653 = CIRCLE('',#8654,5.25);
#8654 = AXIS2_PLACEMENT_3D('',#8655,#8656,#8657);
#8655 = CARTESIAN_POINT('',(8.011113891493E-15,-14.,5.551115123126E-15)
  );
#8656 = DIRECTION('',(-3.71230823859E-16,1.,4.201582859919E-32));
#8657 = DIRECTION('',(1.,3.71230823859E-16,-5.116149740848E-16));
#8658 = FACE_BOUND('',#8659,.T.);
#8659 = EDGE_LOOP('',(#8660));
#8660 = ORIENTED_EDGE('',*,*,#8616,.F.);
#8661 = PLANE('',#8662);
#8662 = AXIS2_PLACEMENT_3D('',#8663,#8664,#8665);
#8663 = CARTESIAN_POINT('',(8.011113891493E-15,-14.,5.551115123126E-15)
  );
#8664 = DIRECTION('',(3.71230823859E-16,-1.,-4.201582859919E-32));
#8665 = DIRECTION('',(-5.116149740848E-16,-1.479114197289E-31,-1.));
#8666 = ADVANCED_FACE('',(#8667),#8695,.F.);
#8667 = FACE_BOUND('',#8668,.F.);
#8668 = EDGE_LOOP('',(#8669,#8677,#8678,#8679,#8688));
#8669 = ORIENTED_EDGE('',*,*,#8670,.T.);
#8670 = EDGE_CURVE('',#8671,#8626,#8673,.T.);
#8671 = VERTEX_POINT('',#8672);
#8672 = CARTESIAN_POINT('',(-9.233788739447E-16,5.35,-4.5));
#8673 = LINE('',#8674,#8675);
#8674 = CARTESIAN_POINT('',(2.668279346891E-15,-4.325,-4.5));
#8675 = VECTOR('',#8676,1.);
#8676 = DIRECTION('',(3.71230823859E-16,-1.,-4.201582859919E-32));
#8677 = ORIENTED_EDGE('',*,*,#8634,.T.);
#8678 = ORIENTED_EDGE('',*,*,#8670,.F.);
#8679 = ORIENTED_EDGE('',*,*,#8680,.T.);
#8680 = EDGE_CURVE('',#8671,#8681,#8683,.T.);
#8681 = VERTEX_POINT('',#8682);
#8682 = CARTESIAN_POINT('',(3.130064833202E-15,5.35,4.5));
#8683 = CIRCLE('',#8684,4.5);
#8684 = AXIS2_PLACEMENT_3D('',#8685,#8686,#8687);
#8685 = CARTESIAN_POINT('',(8.277974498207E-16,5.35,5.551115123126E-15)
  );
#8686 = DIRECTION('',(3.71230823859E-16,-1.,-4.201582859919E-32));
#8687 = DIRECTION('',(5.116149740848E-16,1.479114197289E-31,1.));
#8688 = ORIENTED_EDGE('',*,*,#8689,.T.);
#8689 = EDGE_CURVE('',#8681,#8671,#8690,.T.);
#8690 = CIRCLE('',#8691,4.5);
#8691 = AXIS2_PLACEMENT_3D('',#8692,#8693,#8694);
#8692 = CARTESIAN_POINT('',(8.277974498207E-16,5.35,5.551115123126E-15)
  );
#8693 = DIRECTION('',(3.71230823859E-16,-1.,-4.201582859919E-32));
#8694 = DIRECTION('',(5.116149740848E-16,1.479114197289E-31,1.));
#8695 = CYLINDRICAL_SURFACE('',#8696,4.5);
#8696 = AXIS2_PLACEMENT_3D('',#8697,#8698,#8699);
#8697 = CARTESIAN_POINT('',(4.419455670657E-15,-4.325,5.551115123126E-15
    ));
#8698 = DIRECTION('',(3.71230823859E-16,-1.,-4.201582859919E-32));
#8699 = DIRECTION('',(5.116149740848E-16,1.479114197289E-31,1.));
#8700 = ADVANCED_FACE('',(#8701),#8730,.T.);
#8701 = FACE_BOUND('',#8702,.T.);
#8702 = EDGE_LOOP('',(#8703,#8714,#8721,#8722,#8723));
#8703 = ORIENTED_EDGE('',*,*,#8704,.T.);
#8704 = EDGE_CURVE('',#8705,#8707,#8709,.T.);
#8705 = VERTEX_POINT('',#8706);
#8706 = CARTESIAN_POINT('',(-5.5,-13.75,7.771561172376E-15));
#8707 = VERTEX_POINT('',#8708);
#8708 = CARTESIAN_POINT('',(4.430868088531E-15,-13.75,-5.5));
#8709 = CIRCLE('',#8710,5.5);
#8710 = AXIS2_PLACEMENT_3D('',#8711,#8712,#8713);
#8711 = CARTESIAN_POINT('',(7.918306185528E-15,-13.75,5.551115123126E-15
    ));
#8712 = DIRECTION('',(3.71230823859E-16,-1.,-4.201582859919E-32));
#8713 = DIRECTION('',(1.,3.71230823859E-16,-5.116149740848E-16));
#8714 = ORIENTED_EDGE('',*,*,#8715,.T.);
#8715 = EDGE_CURVE('',#8707,#8651,#8716,.T.);
#8716 = CIRCLE('',#8717,0.25);
#8717 = AXIS2_PLACEMENT_3D('',#8718,#8719,#8720);
#8718 = CARTESIAN_POINT('',(4.589388002031E-15,-13.75,-5.25));
#8719 = DIRECTION('',(-1.,-3.71230823859E-16,6.340796539996E-16));
#8720 = DIRECTION('',(-6.340796539996E-16,0.,-1.));
#8721 = ORIENTED_EDGE('',*,*,#8650,.T.);
#8722 = ORIENTED_EDGE('',*,*,#8715,.F.);
#8723 = ORIENTED_EDGE('',*,*,#8724,.T.);
#8724 = EDGE_CURVE('',#8707,#8705,#8725,.T.);
#8725 = CIRCLE('',#8726,5.5);
#8726 = AXIS2_PLACEMENT_3D('',#8727,#8728,#8729);
#8727 = CARTESIAN_POINT('',(7.918306185528E-15,-13.75,5.551115123126E-15
    ));
#8728 = DIRECTION('',(3.71230823859E-16,-1.,-4.201582859919E-32));
#8729 = DIRECTION('',(1.,3.71230823859E-16,-5.116149740848E-16));
#8730 = TOROIDAL_SURFACE('',#8731,5.25,0.25);
#8731 = AXIS2_PLACEMENT_3D('',#8732,#8733,#8734);
#8732 = CARTESIAN_POINT('',(7.918306185528E-15,-13.75,5.551115123126E-15
    ));
#8733 = DIRECTION('',(-3.71230823859E-16,1.,4.201582859919E-32));
#8734 = DIRECTION('',(5.116149740848E-16,1.479114197289E-31,1.));
#8735 = ADVANCED_FACE('',(#8736),#8765,.T.);
#8736 = FACE_BOUND('',#8737,.T.);
#8737 = EDGE_LOOP('',(#8738,#8739,#8747,#8756,#8763,#8764));
#8738 = ORIENTED_EDGE('',*,*,#8704,.F.);
#8739 = ORIENTED_EDGE('',*,*,#8740,.T.);
#8740 = EDGE_CURVE('',#8705,#8741,#8743,.T.);
#8741 = VERTEX_POINT('',#8742);
#8742 = CARTESIAN_POINT('',(-5.5,-1.305040013253E-15,7.691441741061E-15)
  );
#8743 = LINE('',#8744,#8745);
#8744 = CARTESIAN_POINT('',(-5.5,-5.552849846602E-15,7.691441741061E-15)
  );
#8745 = VECTOR('',#8746,1.);
#8746 = DIRECTION('',(-3.71230823859E-16,1.,4.201582859919E-32));
#8747 = ORIENTED_EDGE('',*,*,#8748,.F.);
#8748 = EDGE_CURVE('',#8749,#8741,#8751,.T.);
#8749 = VERTEX_POINT('',#8750);
#8750 = CARTESIAN_POINT('',(1.040282789403E-45,-3.511080315377E-15,-5.5)
  );
#8751 = CIRCLE('',#8752,5.5);
#8752 = AXIS2_PLACEMENT_3D('',#8753,#8754,#8755);
#8753 = CARTESIAN_POINT('',(2.813882357467E-15,-3.511080315377E-15,
    5.551115123126E-15));
#8754 = DIRECTION('',(-3.71230823859E-16,1.,7.723290606088E-16));
#8755 = DIRECTION('',(1.,3.71230823859E-16,-5.116149740848E-16));
#8756 = ORIENTED_EDGE('',*,*,#8757,.F.);
#8757 = EDGE_CURVE('',#8741,#8749,#8758,.T.);
#8758 = CIRCLE('',#8759,5.5);
#8759 = AXIS2_PLACEMENT_3D('',#8760,#8761,#8762);
#8760 = CARTESIAN_POINT('',(2.813882357467E-15,-3.511080315377E-15,
    5.551115123126E-15));
#8761 = DIRECTION('',(-3.71230823859E-16,1.,7.723290606088E-16));
#8762 = DIRECTION('',(1.,3.71230823859E-16,-5.116149740848E-16));
#8763 = ORIENTED_EDGE('',*,*,#8740,.F.);
#8764 = ORIENTED_EDGE('',*,*,#8724,.F.);
#8765 = CYLINDRICAL_SURFACE('',#8766,5.5);
#8766 = AXIS2_PLACEMENT_3D('',#8767,#8768,#8769);
#8767 = CARTESIAN_POINT('',(2.813882357467E-15,-3.511080315377E-15,
    5.551115123126E-15));
#8768 = DIRECTION('',(3.71230823859E-16,-1.,-4.201582859919E-32));
#8769 = DIRECTION('',(1.,3.71230823859E-16,-5.116149740848E-16));
#8770 = ADVANCED_FACE('',(#8771),#8785,.F.);
#8771 = FACE_BOUND('',#8772,.F.);
#8772 = EDGE_LOOP('',(#8773,#8774,#8781,#8782,#8783,#8784));
#8773 = ORIENTED_EDGE('',*,*,#8579,.T.);
#8774 = ORIENTED_EDGE('',*,*,#8775,.T.);
#8775 = EDGE_CURVE('',#8580,#8681,#8776,.T.);
#8776 = CIRCLE('',#8777,0.65);
#8777 = AXIS2_PLACEMENT_3D('',#8778,#8779,#8780);
#8778 = CARTESIAN_POINT('',(2.326026082376E-15,5.35,3.85));
#8779 = DIRECTION('',(1.,3.71230823859E-16,-3.891502941701E-16));
#8780 = DIRECTION('',(3.891502941701E-16,0.,1.));
#8781 = ORIENTED_EDGE('',*,*,#8680,.F.);
#8782 = ORIENTED_EDGE('',*,*,#8689,.F.);
#8783 = ORIENTED_EDGE('',*,*,#8775,.F.);
#8784 = ORIENTED_EDGE('',*,*,#8588,.T.);
#8785 = TOROIDAL_SURFACE('',#8786,3.85,0.65);
#8786 = AXIS2_PLACEMENT_3D('',#8787,#8788,#8789);
#8787 = CARTESIAN_POINT('',(8.277974498207E-16,5.35,5.551115123126E-15)
  );
#8788 = DIRECTION('',(3.71230823859E-16,-1.,-4.201582859919E-32));
#8789 = DIRECTION('',(-5.116149740848E-16,-1.479114197289E-31,-1.));
#8790 = ADVANCED_FACE('',(#8791,#8805),#8809,.T.);
#8791 = FACE_BOUND('',#8792,.T.);
#8792 = EDGE_LOOP('',(#8793,#8794,#8795,#8796,#8797,#8798,#8799));
#8793 = ORIENTED_EDGE('',*,*,#8009,.F.);
#8794 = ORIENTED_EDGE('',*,*,#8001,.F.);
#8795 = ORIENTED_EDGE('',*,*,#8482,.T.);
#8796 = ORIENTED_EDGE('',*,*,#7313,.F.);
#8797 = ORIENTED_EDGE('',*,*,#7206,.F.);
#8798 = ORIENTED_EDGE('',*,*,#7131,.F.);
#8799 = ORIENTED_EDGE('',*,*,#8800,.T.);
#8800 = EDGE_CURVE('',#7132,#8010,#8801,.T.);
#8801 = LINE('',#8802,#8803);
#8802 = CARTESIAN_POINT('',(-6.,-1.462024945553E-14,6.));
#8803 = VECTOR('',#8804,1.);
#8804 = DIRECTION('',(-5.116149740848E-16,7.723290606088E-16,-1.));
#8805 = FACE_BOUND('',#8806,.T.);
#8806 = EDGE_LOOP('',(#8807,#8808));
#8807 = ORIENTED_EDGE('',*,*,#8748,.T.);
#8808 = ORIENTED_EDGE('',*,*,#8757,.T.);
#8809 = PLANE('',#8810);
#8810 = AXIS2_PLACEMENT_3D('',#8811,#8812,#8813);
#8811 = CARTESIAN_POINT('',(1.040282789403E-45,-3.511080315377E-15,-5.5)
  );
#8812 = DIRECTION('',(3.71230823859E-16,-1.,-7.723290606088E-16));
#8813 = DIRECTION('',(-5.116149740848E-16,7.723290606088E-16,-1.));
#8814 = ADVANCED_FACE('',(#8815),#8823,.F.);
#8815 = FACE_BOUND('',#8816,.T.);
#8816 = EDGE_LOOP('',(#8817,#8818,#8819,#8820,#8821,#8822));
#8817 = ORIENTED_EDGE('',*,*,#7159,.F.);
#8818 = ORIENTED_EDGE('',*,*,#7191,.T.);
#8819 = ORIENTED_EDGE('',*,*,#8465,.T.);
#8820 = ORIENTED_EDGE('',*,*,#8296,.F.);
#8821 = ORIENTED_EDGE('',*,*,#8017,.F.);
#8822 = ORIENTED_EDGE('',*,*,#8800,.F.);
#8823 = PLANE('',#8824);
#8824 = AXIS2_PLACEMENT_3D('',#8825,#8826,#8827);
#8825 = CARTESIAN_POINT('',(-6.,9.5,0.25));
#8826 = DIRECTION('',(1.,3.71230823859E-16,-5.116149740848E-16));
#8827 = DIRECTION('',(-5.116149740848E-16,7.904275559324E-33,-1.));
#8828 = ( GEOMETRIC_REPRESENTATION_CONTEXT(3) 
GLOBAL_UNCERTAINTY_ASSIGNED_CONTEXT((#8832)) 
GLOBAL_UNIT_ASSIGNED_CONTEXT((#8829,#8830,#8831)) REPRESENTATION_CONTEXT
('Context #1','3D Context with UNIT and UNCERTAINTY') );
#8829 = ( LENGTH_UNIT() NAMED_UNIT(*) SI_UNIT(.MILLI.,.METRE.) );
#8830 = ( NAMED_UNIT(*) PLANE_ANGLE_UNIT() SI_UNIT($,.RADIAN.) );
#8831 = ( NAMED_UNIT(*) SI_UNIT($,.STERADIAN.) SOLID_ANGLE_UNIT() );
#8832 = UNCERTAINTY_MEASURE_WITH_UNIT(LENGTH_MEASURE(2.E-06),#8829,
  'distance_accuracy_value','confusion accuracy');
#8833 = CONTEXT_DEPENDENT_SHAPE_REPRESENTATION(#8834,#8836);
#8834 = ( REPRESENTATION_RELATIONSHIP('','',#753,#726) 
REPRESENTATION_RELATIONSHIP_WITH_TRANSFORMATION(#8835) 
SHAPE_REPRESENTATION_RELATIONSHIP() );
#8835 = ITEM_DEFINED_TRANSFORMATION('','',#11,#727);
#8836 = PRODUCT_DEFINITION_SHAPE('Placement','Placement of an item',
  #8837);
#8837 = NEXT_ASSEMBLY_USAGE_OCCURRENCE('10','FCR7350:1','',#721,#748,$);
#8838 = PRODUCT_RELATED_PRODUCT_CATEGORY('part',$,(#750));
#8839 = SHAPE_DEFINITION_REPRESENTATION(#8840,#8846);
#8840 = PRODUCT_DEFINITION_SHAPE('','',#8841);
#8841 = PRODUCT_DEFINITION('design','',#8842,#8845);
#8842 = PRODUCT_DEFINITION_FORMATION('','',#8843);
#8843 = PRODUCT('FCR7350R','FCR7350R','',(#8844));
#8844 = PRODUCT_CONTEXT('',#2,'mechanical');
#8845 = PRODUCT_DEFINITION_CONTEXT('part definition',#2,'design');
#8846 = SHAPE_REPRESENTATION('',(#11,#8847,#8925,#9237,#9549,#9861,
    #10173),#11797);
#8847 = MANIFOLD_SOLID_BREP('',#8848);
#8848 = CLOSED_SHELL('',(#8849,#8882,#8907,#8916));
#8849 = ADVANCED_FACE('',(#8850),#8877,.T.);
#8850 = FACE_BOUND('',#8851,.T.);
#8851 = EDGE_LOOP('',(#8852,#8861,#8869,#8876));
#8852 = ORIENTED_EDGE('',*,*,#8853,.F.);
#8853 = EDGE_CURVE('',#8854,#8854,#8856,.T.);
#8854 = VERTEX_POINT('',#8855);
#8855 = CARTESIAN_POINT('',(1.28,-3.2,-1.));
#8856 = CIRCLE('',#8857,1.);
#8857 = AXIS2_PLACEMENT_3D('',#8858,#8859,#8860);
#8858 = CARTESIAN_POINT('',(1.28,-3.2,0.));
#8859 = DIRECTION('',(0.,1.,0.));
#8860 = DIRECTION('',(0.,0.,-1.));
#8861 = ORIENTED_EDGE('',*,*,#8862,.T.);
#8862 = EDGE_CURVE('',#8854,#8863,#8865,.T.);
#8863 = VERTEX_POINT('',#8864);
#8864 = CARTESIAN_POINT('',(1.28,-3.4,-0.8));
#8865 = LINE('',#8866,#8867);
#8866 = CARTESIAN_POINT('',(1.28,-3.4,-0.8));
#8867 = VECTOR('',#8868,1.);
#8868 = DIRECTION('',(8.659560562355E-17,-0.707106781187,0.707106781187)
  );
#8869 = ORIENTED_EDGE('',*,*,#8870,.F.);
#8870 = EDGE_CURVE('',#8863,#8863,#8871,.T.);
#8871 = CIRCLE('',#8872,0.8);
#8872 = AXIS2_PLACEMENT_3D('',#8873,#8874,#8875);
#8873 = CARTESIAN_POINT('',(1.28,-3.4,0.));
#8874 = DIRECTION('',(0.,-1.,0.));
#8875 = DIRECTION('',(0.,0.,-1.));
#8876 = ORIENTED_EDGE('',*,*,#8862,.F.);
#8877 = CONICAL_SURFACE('',#8878,0.8,0.785398163397);
#8878 = AXIS2_PLACEMENT_3D('',#8879,#8880,#8881);
#8879 = CARTESIAN_POINT('',(1.28,-3.4,0.));
#8880 = DIRECTION('',(0.,1.,0.));
#8881 = DIRECTION('',(0.,-0.,1.));
#8882 = ADVANCED_FACE('',(#8883),#8902,.T.);
#8883 = FACE_BOUND('',#8884,.T.);
#8884 = EDGE_LOOP('',(#8885,#8894,#8900,#8901));
#8885 = ORIENTED_EDGE('',*,*,#8886,.T.);
#8886 = EDGE_CURVE('',#8887,#8887,#8889,.T.);
#8887 = VERTEX_POINT('',#8888);
#8888 = CARTESIAN_POINT('',(1.28,0.,-1.));
#8889 = CIRCLE('',#8890,1.);
#8890 = AXIS2_PLACEMENT_3D('',#8891,#8892,#8893);
#8891 = CARTESIAN_POINT('',(1.28,0.,0.));
#8892 = DIRECTION('',(0.,-1.,0.));
#8893 = DIRECTION('',(0.,0.,-1.));
#8894 = ORIENTED_EDGE('',*,*,#8895,.T.);
#8895 = EDGE_CURVE('',#8887,#8854,#8896,.T.);
#8896 = LINE('',#8897,#8898);
#8897 = CARTESIAN_POINT('',(1.28,-3.4,-1.));
#8898 = VECTOR('',#8899,1.);
#8899 = DIRECTION('',(0.,-1.,0.));
#8900 = ORIENTED_EDGE('',*,*,#8853,.T.);
#8901 = ORIENTED_EDGE('',*,*,#8895,.F.);
#8902 = CYLINDRICAL_SURFACE('',#8903,1.);
#8903 = AXIS2_PLACEMENT_3D('',#8904,#8905,#8906);
#8904 = CARTESIAN_POINT('',(1.28,-3.4,0.));
#8905 = DIRECTION('',(0.,1.,0.));
#8906 = DIRECTION('',(0.,-0.,1.));
#8907 = ADVANCED_FACE('',(#8908),#8911,.T.);
#8908 = FACE_BOUND('',#8909,.T.);
#8909 = EDGE_LOOP('',(#8910));
#8910 = ORIENTED_EDGE('',*,*,#8870,.T.);
#8911 = PLANE('',#8912);
#8912 = AXIS2_PLACEMENT_3D('',#8913,#8914,#8915);
#8913 = CARTESIAN_POINT('',(1.28,-3.4,0.));
#8914 = DIRECTION('',(0.,-1.,0.));
#8915 = DIRECTION('',(0.,0.,-1.));
#8916 = ADVANCED_FACE('',(#8917),#8920,.F.);
#8917 = FACE_BOUND('',#8918,.T.);
#8918 = EDGE_LOOP('',(#8919));
#8919 = ORIENTED_EDGE('',*,*,#8886,.F.);
#8920 = PLANE('',#8921);
#8921 = AXIS2_PLACEMENT_3D('',#8922,#8923,#8924);
#8922 = CARTESIAN_POINT('',(1.28,0.,0.));
#8923 = DIRECTION('',(0.,-1.,0.));
#8924 = DIRECTION('',(0.,0.,-1.));
#8925 = MANIFOLD_SOLID_BREP('',#8926);
#8926 = CLOSED_SHELL('',(#8927,#8983,#9014,#9061,#9101,#9123,#9135,#9152
    ,#9169,#9191,#9213,#9225));
#8927 = ADVANCED_FACE('',(#8928),#8978,.F.);
#8928 = FACE_BOUND('',#8929,.T.);
#8929 = EDGE_LOOP('',(#8930,#8940,#8948,#8956,#8964,#8972));
#8930 = ORIENTED_EDGE('',*,*,#8931,.F.);
#8931 = EDGE_CURVE('',#8932,#8934,#8936,.T.);
#8932 = VERTEX_POINT('',#8933);
#8933 = CARTESIAN_POINT('',(-5.48,-2.6,-4.68));
#8934 = VERTEX_POINT('',#8935);
#8935 = CARTESIAN_POINT('',(-5.48,0.,-4.68));
#8936 = LINE('',#8937,#8938);
#8937 = CARTESIAN_POINT('',(-5.48,-4.56,-4.68));
#8938 = VECTOR('',#8939,1.);
#8939 = DIRECTION('',(0.,1.,0.));
#8940 = ORIENTED_EDGE('',*,*,#8941,.T.);
#8941 = EDGE_CURVE('',#8932,#8942,#8944,.T.);
#8942 = VERTEX_POINT('',#8943);
#8943 = CARTESIAN_POINT('',(-4.68,-2.6,-4.68));
#8944 = LINE('',#8945,#8946);
#8945 = CARTESIAN_POINT('',(-26.220025,-2.6,-4.68));
#8946 = VECTOR('',#8947,1.);
#8947 = DIRECTION('',(1.,0.,0.));
#8948 = ORIENTED_EDGE('',*,*,#8949,.T.);
#8949 = EDGE_CURVE('',#8942,#8950,#8952,.T.);
#8950 = VERTEX_POINT('',#8951);
#8951 = CARTESIAN_POINT('',(-4.68,-0.8,-4.68));
#8952 = LINE('',#8953,#8954);
#8953 = CARTESIAN_POINT('',(-4.68,-4.56,-4.68));
#8954 = VECTOR('',#8955,1.);
#8955 = DIRECTION('',(0.,1.,0.));
#8956 = ORIENTED_EDGE('',*,*,#8957,.T.);
#8957 = EDGE_CURVE('',#8950,#8958,#8960,.T.);
#8958 = VERTEX_POINT('',#8959);
#8959 = CARTESIAN_POINT('',(-4.64,-0.8,-4.68));
#8960 = LINE('',#8961,#8962);
#8961 = CARTESIAN_POINT('',(-5.48,-0.8,-4.68));
#8962 = VECTOR('',#8963,1.);
#8963 = DIRECTION('',(1.,2.710505431214E-15,0.));
#8964 = ORIENTED_EDGE('',*,*,#8965,.T.);
#8965 = EDGE_CURVE('',#8958,#8966,#8968,.T.);
#8966 = VERTEX_POINT('',#8967);
#8967 = CARTESIAN_POINT('',(-4.64,0.,-4.68));
#8968 = LINE('',#8969,#8970);
#8969 = CARTESIAN_POINT('',(-4.64,-4.56,-4.68));
#8970 = VECTOR('',#8971,1.);
#8971 = DIRECTION('',(0.,1.,0.));
#8972 = ORIENTED_EDGE('',*,*,#8973,.T.);
#8973 = EDGE_CURVE('',#8966,#8934,#8974,.T.);
#8974 = LINE('',#8975,#8976);
#8975 = CARTESIAN_POINT('',(-5.48,0.,-4.68));
#8976 = VECTOR('',#8977,1.);
#8977 = DIRECTION('',(-1.,0.,0.));
#8978 = PLANE('',#8979);
#8979 = AXIS2_PLACEMENT_3D('',#8980,#8981,#8982);
#8980 = CARTESIAN_POINT('',(-5.48,-4.56,-4.68));
#8981 = DIRECTION('',(0.,0.,-1.));
#8982 = DIRECTION('',(-1.,0.,0.));
#8983 = ADVANCED_FACE('',(#8984),#9009,.F.);
#8984 = FACE_BOUND('',#8985,.T.);
#8985 = EDGE_LOOP('',(#8986,#8994,#8995,#9003));
#8986 = ORIENTED_EDGE('',*,*,#8987,.T.);
#8987 = EDGE_CURVE('',#8988,#8932,#8990,.T.);
#8988 = VERTEX_POINT('',#8989);
#8989 = CARTESIAN_POINT('',(-5.48,-2.6,-5.48));
#8990 = LINE('',#8991,#8992);
#8991 = CARTESIAN_POINT('',(-5.48,-2.6,-6.));
#8992 = VECTOR('',#8993,1.);
#8993 = DIRECTION('',(0.,0.,1.));
#8994 = ORIENTED_EDGE('',*,*,#8931,.T.);
#8995 = ORIENTED_EDGE('',*,*,#8996,.T.);
#8996 = EDGE_CURVE('',#8934,#8997,#8999,.T.);
#8997 = VERTEX_POINT('',#8998);
#8998 = CARTESIAN_POINT('',(-5.48,0.,-5.48));
#8999 = LINE('',#9000,#9001);
#9000 = CARTESIAN_POINT('',(-5.48,0.,-5.48));
#9001 = VECTOR('',#9002,1.);
#9002 = DIRECTION('',(0.,0.,-1.));
#9003 = ORIENTED_EDGE('',*,*,#9004,.F.);
#9004 = EDGE_CURVE('',#8988,#8997,#9005,.T.);
#9005 = LINE('',#9006,#9007);
#9006 = CARTESIAN_POINT('',(-5.48,-4.56,-5.48));
#9007 = VECTOR('',#9008,1.);
#9008 = DIRECTION('',(0.,1.,0.));
#9009 = PLANE('',#9010);
#9010 = AXIS2_PLACEMENT_3D('',#9011,#9012,#9013);
#9011 = CARTESIAN_POINT('',(-5.48,-4.56,-5.48));
#9012 = DIRECTION('',(1.,0.,0.));
#9013 = DIRECTION('',(0.,0.,-1.));
#9014 = ADVANCED_FACE('',(#9015),#9056,.F.);
#9015 = FACE_BOUND('',#9016,.T.);
#9016 = EDGE_LOOP('',(#9017,#9027,#9033,#9034,#9042,#9050));
#9017 = ORIENTED_EDGE('',*,*,#9018,.T.);
#9018 = EDGE_CURVE('',#9019,#9021,#9023,.T.);
#9019 = VERTEX_POINT('',#9020);
#9020 = CARTESIAN_POINT('',(-4.68,-0.8,-5.48));
#9021 = VERTEX_POINT('',#9022);
#9022 = CARTESIAN_POINT('',(-4.68,-2.6,-5.48));
#9023 = LINE('',#9024,#9025);
#9024 = CARTESIAN_POINT('',(-4.68,-4.56,-5.48));
#9025 = VECTOR('',#9026,1.);
#9026 = DIRECTION('',(0.,-1.,0.));
#9027 = ORIENTED_EDGE('',*,*,#9028,.F.);
#9028 = EDGE_CURVE('',#8988,#9021,#9029,.T.);
#9029 = LINE('',#9030,#9031);
#9030 = CARTESIAN_POINT('',(-26.220025,-2.6,-5.48));
#9031 = VECTOR('',#9032,1.);
#9032 = DIRECTION('',(1.,0.,0.));
#9033 = ORIENTED_EDGE('',*,*,#9004,.T.);
#9034 = ORIENTED_EDGE('',*,*,#9035,.T.);
#9035 = EDGE_CURVE('',#8997,#9036,#9038,.T.);
#9036 = VERTEX_POINT('',#9037);
#9037 = CARTESIAN_POINT('',(-4.64,0.,-5.48));
#9038 = LINE('',#9039,#9040);
#9039 = CARTESIAN_POINT('',(-5.48,0.,-5.48));
#9040 = VECTOR('',#9041,1.);
#9041 = DIRECTION('',(1.,0.,0.));
#9042 = ORIENTED_EDGE('',*,*,#9043,.F.);
#9043 = EDGE_CURVE('',#9044,#9036,#9046,.T.);
#9044 = VERTEX_POINT('',#9045);
#9045 = CARTESIAN_POINT('',(-4.64,-0.8,-5.48));
#9046 = LINE('',#9047,#9048);
#9047 = CARTESIAN_POINT('',(-4.64,-4.56,-5.48));
#9048 = VECTOR('',#9049,1.);
#9049 = DIRECTION('',(0.,1.,0.));
#9050 = ORIENTED_EDGE('',*,*,#9051,.T.);
#9051 = EDGE_CURVE('',#9044,#9019,#9052,.T.);
#9052 = LINE('',#9053,#9054);
#9053 = CARTESIAN_POINT('',(-5.48,-0.8,-5.48));
#9054 = VECTOR('',#9055,1.);
#9055 = DIRECTION('',(-1.,-2.710505431214E-15,0.));
#9056 = PLANE('',#9057);
#9057 = AXIS2_PLACEMENT_3D('',#9058,#9059,#9060);
#9058 = CARTESIAN_POINT('',(-5.48,-4.56,-5.48));
#9059 = DIRECTION('',(0.,0.,1.));
#9060 = DIRECTION('',(1.,0.,-0.));
#9061 = ADVANCED_FACE('',(#9062),#9096,.T.);
#9062 = FACE_BOUND('',#9063,.T.);
#9063 = EDGE_LOOP('',(#9064,#9074,#9082,#9090));
#9064 = ORIENTED_EDGE('',*,*,#9065,.F.);
#9065 = EDGE_CURVE('',#9066,#9068,#9070,.T.);
#9066 = VERTEX_POINT('',#9067);
#9067 = CARTESIAN_POINT('',(-5.265640646055,-3.4,-4.894359353945));
#9068 = VERTEX_POINT('',#9069);
#9069 = CARTESIAN_POINT('',(-4.894359353945,-3.4,-4.894359353945));
#9070 = LINE('',#9071,#9072);
#9071 = CARTESIAN_POINT('',(-26.220025,-3.4,-4.894359353945));
#9072 = VECTOR('',#9073,1.);
#9073 = DIRECTION('',(1.,0.,0.));
#9074 = ORIENTED_EDGE('',*,*,#9075,.T.);
#9075 = EDGE_CURVE('',#9066,#9076,#9078,.T.);
#9076 = VERTEX_POINT('',#9077);
#9077 = CARTESIAN_POINT('',(-5.265640646055,-3.4,-5.265640646055));
#9078 = LINE('',#9079,#9080);
#9079 = CARTESIAN_POINT('',(-5.265640646055,-3.4,0.));
#9080 = VECTOR('',#9081,1.);
#9081 = DIRECTION('',(0.,0.,-1.));
#9082 = ORIENTED_EDGE('',*,*,#9083,.T.);
#9083 = EDGE_CURVE('',#9076,#9084,#9086,.T.);
#9084 = VERTEX_POINT('',#9085);
#9085 = CARTESIAN_POINT('',(-4.894359353945,-3.4,-5.265640646055));
#9086 = LINE('',#9087,#9088);
#9087 = CARTESIAN_POINT('',(-26.220025,-3.4,-5.265640646055));
#9088 = VECTOR('',#9089,1.);
#9089 = DIRECTION('',(1.,0.,0.));
#9090 = ORIENTED_EDGE('',*,*,#9091,.F.);
#9091 = EDGE_CURVE('',#9068,#9084,#9092,.T.);
#9092 = LINE('',#9093,#9094);
#9093 = CARTESIAN_POINT('',(-4.894359353945,-3.4,0.));
#9094 = VECTOR('',#9095,1.);
#9095 = DIRECTION('',(0.,0.,-1.));
#9096 = PLANE('',#9097);
#9097 = AXIS2_PLACEMENT_3D('',#9098,#9099,#9100);
#9098 = CARTESIAN_POINT('',(1.28,-3.4,0.));
#9099 = DIRECTION('',(0.,-1.,0.));
#9100 = DIRECTION('',(0.,0.,-1.));
#9101 = ADVANCED_FACE('',(#9102),#9118,.F.);
#9102 = FACE_BOUND('',#9103,.T.);
#9103 = EDGE_LOOP('',(#9104,#9105,#9111,#9112));
#9104 = ORIENTED_EDGE('',*,*,#8965,.F.);
#9105 = ORIENTED_EDGE('',*,*,#9106,.F.);
#9106 = EDGE_CURVE('',#9044,#8958,#9107,.T.);
#9107 = LINE('',#9108,#9109);
#9108 = CARTESIAN_POINT('',(-4.64,-0.8,-6.));
#9109 = VECTOR('',#9110,1.);
#9110 = DIRECTION('',(0.,0.,1.));
#9111 = ORIENTED_EDGE('',*,*,#9043,.T.);
#9112 = ORIENTED_EDGE('',*,*,#9113,.T.);
#9113 = EDGE_CURVE('',#9036,#8966,#9114,.T.);
#9114 = LINE('',#9115,#9116);
#9115 = CARTESIAN_POINT('',(-4.64,0.,-5.48));
#9116 = VECTOR('',#9117,1.);
#9117 = DIRECTION('',(0.,0.,1.));
#9118 = PLANE('',#9119);
#9119 = AXIS2_PLACEMENT_3D('',#9120,#9121,#9122);
#9120 = CARTESIAN_POINT('',(-4.64,-4.56,-5.48));
#9121 = DIRECTION('',(-1.,0.,0.));
#9122 = DIRECTION('',(0.,0.,1.));
#9123 = ADVANCED_FACE('',(#9124),#9130,.T.);
#9124 = FACE_BOUND('',#9125,.T.);
#9125 = EDGE_LOOP('',(#9126,#9127,#9128,#9129));
#9126 = ORIENTED_EDGE('',*,*,#9113,.F.);
#9127 = ORIENTED_EDGE('',*,*,#9035,.F.);
#9128 = ORIENTED_EDGE('',*,*,#8996,.F.);
#9129 = ORIENTED_EDGE('',*,*,#8973,.F.);
#9130 = PLANE('',#9131);
#9131 = AXIS2_PLACEMENT_3D('',#9132,#9133,#9134);
#9132 = CARTESIAN_POINT('',(0.,0.,0.));
#9133 = DIRECTION('',(0.,1.,0.));
#9134 = DIRECTION('',(0.,-0.,1.));
#9135 = ADVANCED_FACE('',(#9136),#9147,.F.);
#9136 = FACE_BOUND('',#9137,.T.);
#9137 = EDGE_LOOP('',(#9138,#9144,#9145,#9146));
#9138 = ORIENTED_EDGE('',*,*,#9139,.F.);
#9139 = EDGE_CURVE('',#9019,#8950,#9140,.T.);
#9140 = LINE('',#9141,#9142);
#9141 = CARTESIAN_POINT('',(-4.68,-0.8,-6.));
#9142 = VECTOR('',#9143,1.);
#9143 = DIRECTION('',(0.,0.,1.));
#9144 = ORIENTED_EDGE('',*,*,#9051,.F.);
#9145 = ORIENTED_EDGE('',*,*,#9106,.T.);
#9146 = ORIENTED_EDGE('',*,*,#8957,.F.);
#9147 = PLANE('',#9148);
#9148 = AXIS2_PLACEMENT_3D('',#9149,#9150,#9151);
#9149 = CARTESIAN_POINT('',(2.168404344971E-15,-0.8,-6.));
#9150 = DIRECTION('',(-2.710505431214E-15,1.,0.));
#9151 = DIRECTION('',(-1.,-2.710505431214E-15,0.));
#9152 = ADVANCED_FACE('',(#9153),#9164,.F.);
#9153 = FACE_BOUND('',#9154,.T.);
#9154 = EDGE_LOOP('',(#9155,#9161,#9162,#9163));
#9155 = ORIENTED_EDGE('',*,*,#9156,.F.);
#9156 = EDGE_CURVE('',#9021,#8942,#9157,.T.);
#9157 = LINE('',#9158,#9159);
#9158 = CARTESIAN_POINT('',(-4.68,-2.6,-6.));
#9159 = VECTOR('',#9160,1.);
#9160 = DIRECTION('',(0.,0.,1.));
#9161 = ORIENTED_EDGE('',*,*,#9018,.F.);
#9162 = ORIENTED_EDGE('',*,*,#9139,.T.);
#9163 = ORIENTED_EDGE('',*,*,#8949,.F.);
#9164 = PLANE('',#9165);
#9165 = AXIS2_PLACEMENT_3D('',#9166,#9167,#9168);
#9166 = CARTESIAN_POINT('',(-4.68,0.,-6.));
#9167 = DIRECTION('',(-1.,0.,0.));
#9168 = DIRECTION('',(0.,0.,1.));
#9169 = ADVANCED_FACE('',(#9170),#9186,.F.);
#9170 = FACE_BOUND('',#9171,.T.);
#9171 = EDGE_LOOP('',(#9172,#9173,#9179,#9180));
#9172 = ORIENTED_EDGE('',*,*,#9156,.T.);
#9173 = ORIENTED_EDGE('',*,*,#9174,.T.);
#9174 = EDGE_CURVE('',#8942,#9068,#9175,.T.);
#9175 = LINE('',#9176,#9177);
#9176 = CARTESIAN_POINT('',(-3.859861538001,0.46079840942,
    -3.859861538001));
#9177 = VECTOR('',#9178,1.);
#9178 = DIRECTION('',(-0.250562807086,-0.935113126531,-0.250562807086));
#9179 = ORIENTED_EDGE('',*,*,#9091,.T.);
#9180 = ORIENTED_EDGE('',*,*,#9181,.T.);
#9181 = EDGE_CURVE('',#9084,#9021,#9182,.T.);
#9182 = LINE('',#9183,#9184);
#9183 = CARTESIAN_POINT('',(-3.744343172659,0.891918818085,
    -6.415656827341));
#9184 = VECTOR('',#9185,1.);
#9185 = DIRECTION('',(0.250562807086,0.935113126531,-0.250562807086));
#9186 = PLANE('',#9187);
#9187 = AXIS2_PLACEMENT_3D('',#9188,#9189,#9190);
#9188 = CARTESIAN_POINT('',(-3.716499444856,0.99583302492,-6.));
#9189 = DIRECTION('',(-0.965925826289,0.258819045103,0.));
#9190 = DIRECTION('',(-0.258819045103,-0.965925826289,0.));
#9191 = ADVANCED_FACE('',(#9192),#9208,.T.);
#9192 = FACE_BOUND('',#9193,.T.);
#9193 = EDGE_LOOP('',(#9194,#9200,#9201,#9207));
#9194 = ORIENTED_EDGE('',*,*,#9195,.F.);
#9195 = EDGE_CURVE('',#8932,#9066,#9196,.T.);
#9196 = LINE('',#9197,#9198);
#9197 = CARTESIAN_POINT('',(-5.662276183805,-1.919736021031,
    -4.497723816195));
#9198 = VECTOR('',#9199,1.);
#9199 = DIRECTION('',(0.250562807086,-0.935113126531,-0.250562807086));
#9200 = ORIENTED_EDGE('',*,*,#8987,.F.);
#9201 = ORIENTED_EDGE('',*,*,#9202,.F.);
#9202 = EDGE_CURVE('',#9076,#8988,#9203,.T.);
#9203 = LINE('',#9204,#9205);
#9204 = CARTESIAN_POINT('',(-5.777794549147,-1.488615612367,
    -5.777794549147));
#9205 = VECTOR('',#9206,1.);
#9206 = DIRECTION('',(-0.250562807086,0.935113126531,-0.250562807086));
#9207 = ORIENTED_EDGE('',*,*,#9075,.F.);
#9208 = PLANE('',#9209);
#9209 = AXIS2_PLACEMENT_3D('',#9210,#9211,#9212);
#9210 = CARTESIAN_POINT('',(-5.762909606369,-1.54416697508,-6.));
#9211 = DIRECTION('',(-0.965925826289,-0.258819045103,0.));
#9212 = DIRECTION('',(0.258819045103,-0.965925826289,0.));
#9213 = ADVANCED_FACE('',(#9214),#9220,.F.);
#9214 = FACE_BOUND('',#9215,.T.);
#9215 = EDGE_LOOP('',(#9216,#9217,#9218,#9219));
#9216 = ORIENTED_EDGE('',*,*,#9083,.F.);
#9217 = ORIENTED_EDGE('',*,*,#9202,.T.);
#9218 = ORIENTED_EDGE('',*,*,#9028,.T.);
#9219 = ORIENTED_EDGE('',*,*,#9181,.F.);
#9220 = PLANE('',#9221);
#9221 = AXIS2_PLACEMENT_3D('',#9222,#9223,#9224);
#9222 = CARTESIAN_POINT('',(-26.220025,-2.6,-5.48));
#9223 = DIRECTION('',(0.,0.258819045103,0.965925826289));
#9224 = DIRECTION('',(0.,-0.965925826289,0.258819045103));
#9225 = ADVANCED_FACE('',(#9226),#9232,.F.);
#9226 = FACE_BOUND('',#9227,.T.);
#9227 = EDGE_LOOP('',(#9228,#9229,#9230,#9231));
#9228 = ORIENTED_EDGE('',*,*,#8941,.F.);
#9229 = ORIENTED_EDGE('',*,*,#9195,.T.);
#9230 = ORIENTED_EDGE('',*,*,#9065,.T.);
#9231 = ORIENTED_EDGE('',*,*,#9174,.F.);
#9232 = PLANE('',#9233);
#9233 = AXIS2_PLACEMENT_3D('',#9234,#9235,#9236);
#9234 = CARTESIAN_POINT('',(-26.220025,-2.6,-4.68));
#9235 = DIRECTION('',(0.,0.258819045103,-0.965925826289));
#9236 = DIRECTION('',(0.,0.965925826289,0.258819045103));
#9237 = MANIFOLD_SOLID_BREP('',#9238);
#9238 = CLOSED_SHELL('',(#9239,#9295,#9326,#9373,#9413,#9435,#9447,#9464
    ,#9481,#9503,#9525,#9537));
#9239 = ADVANCED_FACE('',(#9240),#9290,.F.);
#9240 = FACE_BOUND('',#9241,.T.);
#9241 = EDGE_LOOP('',(#9242,#9252,#9260,#9268,#9276,#9284));
#9242 = ORIENTED_EDGE('',*,*,#9243,.F.);
#9243 = EDGE_CURVE('',#9244,#9246,#9248,.T.);
#9244 = VERTEX_POINT('',#9245);
#9245 = CARTESIAN_POINT('',(-5.48,-2.6,5.48));
#9246 = VERTEX_POINT('',#9247);
#9247 = CARTESIAN_POINT('',(-5.48,0.,5.48));
#9248 = LINE('',#9249,#9250);
#9249 = CARTESIAN_POINT('',(-5.48,-4.56,5.48));
#9250 = VECTOR('',#9251,1.);
#9251 = DIRECTION('',(0.,1.,0.));
#9252 = ORIENTED_EDGE('',*,*,#9253,.T.);
#9253 = EDGE_CURVE('',#9244,#9254,#9256,.T.);
#9254 = VERTEX_POINT('',#9255);
#9255 = CARTESIAN_POINT('',(-4.68,-2.6,5.48));
#9256 = LINE('',#9257,#9258);
#9257 = CARTESIAN_POINT('',(-26.220025,-2.6,5.48));
#9258 = VECTOR('',#9259,1.);
#9259 = DIRECTION('',(1.,0.,0.));
#9260 = ORIENTED_EDGE('',*,*,#9261,.T.);
#9261 = EDGE_CURVE('',#9254,#9262,#9264,.T.);
#9262 = VERTEX_POINT('',#9263);
#9263 = CARTESIAN_POINT('',(-4.68,-0.8,5.48));
#9264 = LINE('',#9265,#9266);
#9265 = CARTESIAN_POINT('',(-4.68,-4.56,5.48));
#9266 = VECTOR('',#9267,1.);
#9267 = DIRECTION('',(0.,1.,0.));
#9268 = ORIENTED_EDGE('',*,*,#9269,.T.);
#9269 = EDGE_CURVE('',#9262,#9270,#9272,.T.);
#9270 = VERTEX_POINT('',#9271);
#9271 = CARTESIAN_POINT('',(-4.64,-0.8,5.48));
#9272 = LINE('',#9273,#9274);
#9273 = CARTESIAN_POINT('',(-5.48,-0.8,5.48));
#9274 = VECTOR('',#9275,1.);
#9275 = DIRECTION('',(1.,2.710505431214E-15,0.));
#9276 = ORIENTED_EDGE('',*,*,#9277,.T.);
#9277 = EDGE_CURVE('',#9270,#9278,#9280,.T.);
#9278 = VERTEX_POINT('',#9279);
#9279 = CARTESIAN_POINT('',(-4.64,0.,5.48));
#9280 = LINE('',#9281,#9282);
#9281 = CARTESIAN_POINT('',(-4.64,-4.56,5.48));
#9282 = VECTOR('',#9283,1.);
#9283 = DIRECTION('',(0.,1.,0.));
#9284 = ORIENTED_EDGE('',*,*,#9285,.T.);
#9285 = EDGE_CURVE('',#9278,#9246,#9286,.T.);
#9286 = LINE('',#9287,#9288);
#9287 = CARTESIAN_POINT('',(-5.48,0.,5.48));
#9288 = VECTOR('',#9289,1.);
#9289 = DIRECTION('',(-1.,0.,0.));
#9290 = PLANE('',#9291);
#9291 = AXIS2_PLACEMENT_3D('',#9292,#9293,#9294);
#9292 = CARTESIAN_POINT('',(-5.48,-4.56,5.48));
#9293 = DIRECTION('',(0.,0.,-1.));
#9294 = DIRECTION('',(-1.,0.,0.));
#9295 = ADVANCED_FACE('',(#9296),#9321,.F.);
#9296 = FACE_BOUND('',#9297,.T.);
#9297 = EDGE_LOOP('',(#9298,#9306,#9307,#9315));
#9298 = ORIENTED_EDGE('',*,*,#9299,.T.);
#9299 = EDGE_CURVE('',#9300,#9244,#9302,.T.);
#9300 = VERTEX_POINT('',#9301);
#9301 = CARTESIAN_POINT('',(-5.48,-2.6,4.68));
#9302 = LINE('',#9303,#9304);
#9303 = CARTESIAN_POINT('',(-5.48,-2.6,-6.));
#9304 = VECTOR('',#9305,1.);
#9305 = DIRECTION('',(0.,0.,1.));
#9306 = ORIENTED_EDGE('',*,*,#9243,.T.);
#9307 = ORIENTED_EDGE('',*,*,#9308,.T.);
#9308 = EDGE_CURVE('',#9246,#9309,#9311,.T.);
#9309 = VERTEX_POINT('',#9310);
#9310 = CARTESIAN_POINT('',(-5.48,0.,4.68));
#9311 = LINE('',#9312,#9313);
#9312 = CARTESIAN_POINT('',(-5.48,0.,4.68));
#9313 = VECTOR('',#9314,1.);
#9314 = DIRECTION('',(0.,0.,-1.));
#9315 = ORIENTED_EDGE('',*,*,#9316,.F.);
#9316 = EDGE_CURVE('',#9300,#9309,#9317,.T.);
#9317 = LINE('',#9318,#9319);
#9318 = CARTESIAN_POINT('',(-5.48,-4.56,4.68));
#9319 = VECTOR('',#9320,1.);
#9320 = DIRECTION('',(0.,1.,0.));
#9321 = PLANE('',#9322);
#9322 = AXIS2_PLACEMENT_3D('',#9323,#9324,#9325);
#9323 = CARTESIAN_POINT('',(-5.48,-4.56,4.68));
#9324 = DIRECTION('',(1.,0.,0.));
#9325 = DIRECTION('',(0.,0.,-1.));
#9326 = ADVANCED_FACE('',(#9327),#9368,.F.);
#9327 = FACE_BOUND('',#9328,.T.);
#9328 = EDGE_LOOP('',(#9329,#9339,#9345,#9346,#9354,#9362));
#9329 = ORIENTED_EDGE('',*,*,#9330,.T.);
#9330 = EDGE_CURVE('',#9331,#9333,#9335,.T.);
#9331 = VERTEX_POINT('',#9332);
#9332 = CARTESIAN_POINT('',(-4.68,-0.8,4.68));
#9333 = VERTEX_POINT('',#9334);
#9334 = CARTESIAN_POINT('',(-4.68,-2.6,4.68));
#9335 = LINE('',#9336,#9337);
#9336 = CARTESIAN_POINT('',(-4.68,-4.56,4.68));
#9337 = VECTOR('',#9338,1.);
#9338 = DIRECTION('',(0.,-1.,0.));
#9339 = ORIENTED_EDGE('',*,*,#9340,.F.);
#9340 = EDGE_CURVE('',#9300,#9333,#9341,.T.);
#9341 = LINE('',#9342,#9343);
#9342 = CARTESIAN_POINT('',(-26.220025,-2.6,4.68));
#9343 = VECTOR('',#9344,1.);
#9344 = DIRECTION('',(1.,0.,0.));
#9345 = ORIENTED_EDGE('',*,*,#9316,.T.);
#9346 = ORIENTED_EDGE('',*,*,#9347,.T.);
#9347 = EDGE_CURVE('',#9309,#9348,#9350,.T.);
#9348 = VERTEX_POINT('',#9349);
#9349 = CARTESIAN_POINT('',(-4.64,0.,4.68));
#9350 = LINE('',#9351,#9352);
#9351 = CARTESIAN_POINT('',(-5.48,0.,4.68));
#9352 = VECTOR('',#9353,1.);
#9353 = DIRECTION('',(1.,0.,0.));
#9354 = ORIENTED_EDGE('',*,*,#9355,.F.);
#9355 = EDGE_CURVE('',#9356,#9348,#9358,.T.);
#9356 = VERTEX_POINT('',#9357);
#9357 = CARTESIAN_POINT('',(-4.64,-0.8,4.68));
#9358 = LINE('',#9359,#9360);
#9359 = CARTESIAN_POINT('',(-4.64,-4.56,4.68));
#9360 = VECTOR('',#9361,1.);
#9361 = DIRECTION('',(0.,1.,0.));
#9362 = ORIENTED_EDGE('',*,*,#9363,.T.);
#9363 = EDGE_CURVE('',#9356,#9331,#9364,.T.);
#9364 = LINE('',#9365,#9366);
#9365 = CARTESIAN_POINT('',(-5.48,-0.8,4.68));
#9366 = VECTOR('',#9367,1.);
#9367 = DIRECTION('',(-1.,-2.710505431214E-15,0.));
#9368 = PLANE('',#9369);
#9369 = AXIS2_PLACEMENT_3D('',#9370,#9371,#9372);
#9370 = CARTESIAN_POINT('',(-5.48,-4.56,4.68));
#9371 = DIRECTION('',(0.,0.,1.));
#9372 = DIRECTION('',(1.,0.,-0.));
#9373 = ADVANCED_FACE('',(#9374),#9408,.T.);
#9374 = FACE_BOUND('',#9375,.T.);
#9375 = EDGE_LOOP('',(#9376,#9386,#9394,#9402));
#9376 = ORIENTED_EDGE('',*,*,#9377,.F.);
#9377 = EDGE_CURVE('',#9378,#9380,#9382,.T.);
#9378 = VERTEX_POINT('',#9379);
#9379 = CARTESIAN_POINT('',(-5.265640646055,-3.4,5.265640646055));
#9380 = VERTEX_POINT('',#9381);
#9381 = CARTESIAN_POINT('',(-4.894359353945,-3.4,5.265640646055));
#9382 = LINE('',#9383,#9384);
#9383 = CARTESIAN_POINT('',(-26.220025,-3.4,5.265640646055));
#9384 = VECTOR('',#9385,1.);
#9385 = DIRECTION('',(1.,0.,0.));
#9386 = ORIENTED_EDGE('',*,*,#9387,.T.);
#9387 = EDGE_CURVE('',#9378,#9388,#9390,.T.);
#9388 = VERTEX_POINT('',#9389);
#9389 = CARTESIAN_POINT('',(-5.265640646055,-3.4,4.894359353945));
#9390 = LINE('',#9391,#9392);
#9391 = CARTESIAN_POINT('',(-5.265640646055,-3.4,0.));
#9392 = VECTOR('',#9393,1.);
#9393 = DIRECTION('',(0.,0.,-1.));
#9394 = ORIENTED_EDGE('',*,*,#9395,.T.);
#9395 = EDGE_CURVE('',#9388,#9396,#9398,.T.);
#9396 = VERTEX_POINT('',#9397);
#9397 = CARTESIAN_POINT('',(-4.894359353945,-3.4,4.894359353945));
#9398 = LINE('',#9399,#9400);
#9399 = CARTESIAN_POINT('',(-26.220025,-3.4,4.894359353945));
#9400 = VECTOR('',#9401,1.);
#9401 = DIRECTION('',(1.,0.,0.));
#9402 = ORIENTED_EDGE('',*,*,#9403,.F.);
#9403 = EDGE_CURVE('',#9380,#9396,#9404,.T.);
#9404 = LINE('',#9405,#9406);
#9405 = CARTESIAN_POINT('',(-4.894359353945,-3.4,0.));
#9406 = VECTOR('',#9407,1.);
#9407 = DIRECTION('',(0.,0.,-1.));
#9408 = PLANE('',#9409);
#9409 = AXIS2_PLACEMENT_3D('',#9410,#9411,#9412);
#9410 = CARTESIAN_POINT('',(1.28,-3.4,0.));
#9411 = DIRECTION('',(0.,-1.,0.));
#9412 = DIRECTION('',(0.,0.,-1.));
#9413 = ADVANCED_FACE('',(#9414),#9430,.F.);
#9414 = FACE_BOUND('',#9415,.T.);
#9415 = EDGE_LOOP('',(#9416,#9417,#9423,#9424));
#9416 = ORIENTED_EDGE('',*,*,#9277,.F.);
#9417 = ORIENTED_EDGE('',*,*,#9418,.F.);
#9418 = EDGE_CURVE('',#9356,#9270,#9419,.T.);
#9419 = LINE('',#9420,#9421);
#9420 = CARTESIAN_POINT('',(-4.64,-0.8,-6.));
#9421 = VECTOR('',#9422,1.);
#9422 = DIRECTION('',(0.,0.,1.));
#9423 = ORIENTED_EDGE('',*,*,#9355,.T.);
#9424 = ORIENTED_EDGE('',*,*,#9425,.T.);
#9425 = EDGE_CURVE('',#9348,#9278,#9426,.T.);
#9426 = LINE('',#9427,#9428);
#9427 = CARTESIAN_POINT('',(-4.64,0.,4.68));
#9428 = VECTOR('',#9429,1.);
#9429 = DIRECTION('',(0.,0.,1.));
#9430 = PLANE('',#9431);
#9431 = AXIS2_PLACEMENT_3D('',#9432,#9433,#9434);
#9432 = CARTESIAN_POINT('',(-4.64,-4.56,4.68));
#9433 = DIRECTION('',(-1.,0.,0.));
#9434 = DIRECTION('',(0.,0.,1.));
#9435 = ADVANCED_FACE('',(#9436),#9442,.T.);
#9436 = FACE_BOUND('',#9437,.T.);
#9437 = EDGE_LOOP('',(#9438,#9439,#9440,#9441));
#9438 = ORIENTED_EDGE('',*,*,#9425,.F.);
#9439 = ORIENTED_EDGE('',*,*,#9347,.F.);
#9440 = ORIENTED_EDGE('',*,*,#9308,.F.);
#9441 = ORIENTED_EDGE('',*,*,#9285,.F.);
#9442 = PLANE('',#9443);
#9443 = AXIS2_PLACEMENT_3D('',#9444,#9445,#9446);
#9444 = CARTESIAN_POINT('',(0.,0.,0.));
#9445 = DIRECTION('',(0.,1.,0.));
#9446 = DIRECTION('',(0.,-0.,1.));
#9447 = ADVANCED_FACE('',(#9448),#9459,.F.);
#9448 = FACE_BOUND('',#9449,.T.);
#9449 = EDGE_LOOP('',(#9450,#9456,#9457,#9458));
#9450 = ORIENTED_EDGE('',*,*,#9451,.F.);
#9451 = EDGE_CURVE('',#9331,#9262,#9452,.T.);
#9452 = LINE('',#9453,#9454);
#9453 = CARTESIAN_POINT('',(-4.68,-0.8,-6.));
#9454 = VECTOR('',#9455,1.);
#9455 = DIRECTION('',(0.,0.,1.));
#9456 = ORIENTED_EDGE('',*,*,#9363,.F.);
#9457 = ORIENTED_EDGE('',*,*,#9418,.T.);
#9458 = ORIENTED_EDGE('',*,*,#9269,.F.);
#9459 = PLANE('',#9460);
#9460 = AXIS2_PLACEMENT_3D('',#9461,#9462,#9463);
#9461 = CARTESIAN_POINT('',(2.168404344971E-15,-0.8,-6.));
#9462 = DIRECTION('',(-2.710505431214E-15,1.,0.));
#9463 = DIRECTION('',(-1.,-2.710505431214E-15,0.));
#9464 = ADVANCED_FACE('',(#9465),#9476,.F.);
#9465 = FACE_BOUND('',#9466,.T.);
#9466 = EDGE_LOOP('',(#9467,#9473,#9474,#9475));
#9467 = ORIENTED_EDGE('',*,*,#9468,.F.);
#9468 = EDGE_CURVE('',#9333,#9254,#9469,.T.);
#9469 = LINE('',#9470,#9471);
#9470 = CARTESIAN_POINT('',(-4.68,-2.6,-6.));
#9471 = VECTOR('',#9472,1.);
#9472 = DIRECTION('',(0.,0.,1.));
#9473 = ORIENTED_EDGE('',*,*,#9330,.F.);
#9474 = ORIENTED_EDGE('',*,*,#9451,.T.);
#9475 = ORIENTED_EDGE('',*,*,#9261,.F.);
#9476 = PLANE('',#9477);
#9477 = AXIS2_PLACEMENT_3D('',#9478,#9479,#9480);
#9478 = CARTESIAN_POINT('',(-4.68,0.,-6.));
#9479 = DIRECTION('',(-1.,0.,0.));
#9480 = DIRECTION('',(0.,0.,1.));
#9481 = ADVANCED_FACE('',(#9482),#9498,.F.);
#9482 = FACE_BOUND('',#9483,.T.);
#9483 = EDGE_LOOP('',(#9484,#9485,#9491,#9492));
#9484 = ORIENTED_EDGE('',*,*,#9468,.T.);
#9485 = ORIENTED_EDGE('',*,*,#9486,.T.);
#9486 = EDGE_CURVE('',#9254,#9380,#9487,.T.);
#9487 = LINE('',#9488,#9489);
#9488 = CARTESIAN_POINT('',(-4.497723816195,-1.919736021031,
    5.662276183805));
#9489 = VECTOR('',#9490,1.);
#9490 = DIRECTION('',(-0.250562807086,-0.935113126531,-0.250562807086));
#9491 = ORIENTED_EDGE('',*,*,#9403,.T.);
#9492 = ORIENTED_EDGE('',*,*,#9493,.T.);
#9493 = EDGE_CURVE('',#9396,#9333,#9494,.T.);
#9494 = LINE('',#9495,#9496);
#9495 = CARTESIAN_POINT('',(-3.106480894465,3.272453248536,
    3.106480894465));
#9496 = VECTOR('',#9497,1.);
#9497 = DIRECTION('',(0.250562807086,0.935113126531,-0.250562807086));
#9498 = PLANE('',#9499);
#9499 = AXIS2_PLACEMENT_3D('',#9500,#9501,#9502);
#9500 = CARTESIAN_POINT('',(-3.716499444856,0.99583302492,-6.));
#9501 = DIRECTION('',(-0.965925826289,0.258819045103,0.));
#9502 = DIRECTION('',(-0.258819045103,-0.965925826289,0.));
#9503 = ADVANCED_FACE('',(#9504),#9520,.T.);
#9504 = FACE_BOUND('',#9505,.T.);
#9505 = EDGE_LOOP('',(#9506,#9512,#9513,#9519));
#9506 = ORIENTED_EDGE('',*,*,#9507,.F.);
#9507 = EDGE_CURVE('',#9244,#9378,#9508,.T.);
#9508 = LINE('',#9509,#9510);
#9509 = CARTESIAN_POINT('',(-5.024413905611,-4.300270451483,
    5.024413905611));
#9510 = VECTOR('',#9511,1.);
#9511 = DIRECTION('',(0.250562807086,-0.935113126531,-0.250562807086));
#9512 = ORIENTED_EDGE('',*,*,#9299,.F.);
#9513 = ORIENTED_EDGE('',*,*,#9514,.F.);
#9514 = EDGE_CURVE('',#9388,#9300,#9515,.T.);
#9515 = LINE('',#9516,#9517);
#9516 = CARTESIAN_POINT('',(-6.415656827341,0.891918818085,
    3.744343172659));
#9517 = VECTOR('',#9518,1.);
#9518 = DIRECTION('',(-0.250562807086,0.935113126531,-0.250562807086));
#9519 = ORIENTED_EDGE('',*,*,#9387,.F.);
#9520 = PLANE('',#9521);
#9521 = AXIS2_PLACEMENT_3D('',#9522,#9523,#9524);
#9522 = CARTESIAN_POINT('',(-5.762909606369,-1.54416697508,-6.));
#9523 = DIRECTION('',(-0.965925826289,-0.258819045103,0.));
#9524 = DIRECTION('',(0.258819045103,-0.965925826289,0.));
#9525 = ADVANCED_FACE('',(#9526),#9532,.F.);
#9526 = FACE_BOUND('',#9527,.T.);
#9527 = EDGE_LOOP('',(#9528,#9529,#9530,#9531));
#9528 = ORIENTED_EDGE('',*,*,#9395,.F.);
#9529 = ORIENTED_EDGE('',*,*,#9514,.T.);
#9530 = ORIENTED_EDGE('',*,*,#9340,.T.);
#9531 = ORIENTED_EDGE('',*,*,#9493,.F.);
#9532 = PLANE('',#9533);
#9533 = AXIS2_PLACEMENT_3D('',#9534,#9535,#9536);
#9534 = CARTESIAN_POINT('',(-26.220025,-2.6,4.68));
#9535 = DIRECTION('',(0.,0.258819045103,0.965925826289));
#9536 = DIRECTION('',(0.,-0.965925826289,0.258819045103));
#9537 = ADVANCED_FACE('',(#9538),#9544,.F.);
#9538 = FACE_BOUND('',#9539,.T.);
#9539 = EDGE_LOOP('',(#9540,#9541,#9542,#9543));
#9540 = ORIENTED_EDGE('',*,*,#9253,.F.);
#9541 = ORIENTED_EDGE('',*,*,#9507,.T.);
#9542 = ORIENTED_EDGE('',*,*,#9377,.T.);
#9543 = ORIENTED_EDGE('',*,*,#9486,.F.);
#9544 = PLANE('',#9545);
#9545 = AXIS2_PLACEMENT_3D('',#9546,#9547,#9548);
#9546 = CARTESIAN_POINT('',(-26.220025,-2.6,5.48));
#9547 = DIRECTION('',(0.,0.258819045103,-0.965925826289));
#9548 = DIRECTION('',(0.,0.965925826289,0.258819045103));
#9549 = MANIFOLD_SOLID_BREP('',#9550);
#9550 = CLOSED_SHELL('',(#9551,#9607,#9638,#9685,#9725,#9747,#9759,#9776
    ,#9793,#9815,#9837,#9849));
#9551 = ADVANCED_FACE('',(#9552),#9602,.F.);
#9552 = FACE_BOUND('',#9553,.T.);
#9553 = EDGE_LOOP('',(#9554,#9564,#9572,#9580,#9588,#9596));
#9554 = ORIENTED_EDGE('',*,*,#9555,.F.);
#9555 = EDGE_CURVE('',#9556,#9558,#9560,.T.);
#9556 = VERTEX_POINT('',#9557);
#9557 = CARTESIAN_POINT('',(4.68,-2.6,5.48));
#9558 = VERTEX_POINT('',#9559);
#9559 = CARTESIAN_POINT('',(4.68,-0.8,5.48));
#9560 = LINE('',#9561,#9562);
#9561 = CARTESIAN_POINT('',(4.68,-4.56,5.48));
#9562 = VECTOR('',#9563,1.);
#9563 = DIRECTION('',(0.,1.,0.));
#9564 = ORIENTED_EDGE('',*,*,#9565,.T.);
#9565 = EDGE_CURVE('',#9556,#9566,#9568,.T.);
#9566 = VERTEX_POINT('',#9567);
#9567 = CARTESIAN_POINT('',(5.48,-2.6,5.48));
#9568 = LINE('',#9569,#9570);
#9569 = CARTESIAN_POINT('',(-26.220025,-2.6,5.48));
#9570 = VECTOR('',#9571,1.);
#9571 = DIRECTION('',(1.,0.,0.));
#9572 = ORIENTED_EDGE('',*,*,#9573,.T.);
#9573 = EDGE_CURVE('',#9566,#9574,#9576,.T.);
#9574 = VERTEX_POINT('',#9575);
#9575 = CARTESIAN_POINT('',(5.48,0.,5.48));
#9576 = LINE('',#9577,#9578);
#9577 = CARTESIAN_POINT('',(5.48,-4.56,5.48));
#9578 = VECTOR('',#9579,1.);
#9579 = DIRECTION('',(0.,1.,0.));
#9580 = ORIENTED_EDGE('',*,*,#9581,.T.);
#9581 = EDGE_CURVE('',#9574,#9582,#9584,.T.);
#9582 = VERTEX_POINT('',#9583);
#9583 = CARTESIAN_POINT('',(4.64,0.,5.48));
#9584 = LINE('',#9585,#9586);
#9585 = CARTESIAN_POINT('',(4.64,0.,5.48));
#9586 = VECTOR('',#9587,1.);
#9587 = DIRECTION('',(-1.,0.,0.));
#9588 = ORIENTED_EDGE('',*,*,#9589,.F.);
#9589 = EDGE_CURVE('',#9590,#9582,#9592,.T.);
#9590 = VERTEX_POINT('',#9591);
#9591 = CARTESIAN_POINT('',(4.64,-0.8,5.48));
#9592 = LINE('',#9593,#9594);
#9593 = CARTESIAN_POINT('',(4.64,-4.56,5.48));
#9594 = VECTOR('',#9595,1.);
#9595 = DIRECTION('',(0.,1.,0.));
#9596 = ORIENTED_EDGE('',*,*,#9597,.F.);
#9597 = EDGE_CURVE('',#9558,#9590,#9598,.T.);
#9598 = LINE('',#9599,#9600);
#9599 = CARTESIAN_POINT('',(4.64,-0.8,5.48));
#9600 = VECTOR('',#9601,1.);
#9601 = DIRECTION('',(-1.,0.,0.));
#9602 = PLANE('',#9603);
#9603 = AXIS2_PLACEMENT_3D('',#9604,#9605,#9606);
#9604 = CARTESIAN_POINT('',(4.64,-4.56,5.48));
#9605 = DIRECTION('',(0.,0.,-1.));
#9606 = DIRECTION('',(-1.,0.,0.));
#9607 = ADVANCED_FACE('',(#9608),#9633,.F.);
#9608 = FACE_BOUND('',#9609,.T.);
#9609 = EDGE_LOOP('',(#9610,#9618,#9619,#9627));
#9610 = ORIENTED_EDGE('',*,*,#9611,.T.);
#9611 = EDGE_CURVE('',#9612,#9590,#9614,.T.);
#9612 = VERTEX_POINT('',#9613);
#9613 = CARTESIAN_POINT('',(4.64,-0.8,4.68));
#9614 = LINE('',#9615,#9616);
#9615 = CARTESIAN_POINT('',(4.64,-0.8,-6.));
#9616 = VECTOR('',#9617,1.);
#9617 = DIRECTION('',(0.,0.,1.));
#9618 = ORIENTED_EDGE('',*,*,#9589,.T.);
#9619 = ORIENTED_EDGE('',*,*,#9620,.T.);
#9620 = EDGE_CURVE('',#9582,#9621,#9623,.T.);
#9621 = VERTEX_POINT('',#9622);
#9622 = CARTESIAN_POINT('',(4.64,0.,4.68));
#9623 = LINE('',#9624,#9625);
#9624 = CARTESIAN_POINT('',(4.64,0.,4.68));
#9625 = VECTOR('',#9626,1.);
#9626 = DIRECTION('',(0.,0.,-1.));
#9627 = ORIENTED_EDGE('',*,*,#9628,.F.);
#9628 = EDGE_CURVE('',#9612,#9621,#9629,.T.);
#9629 = LINE('',#9630,#9631);
#9630 = CARTESIAN_POINT('',(4.64,-4.56,4.68));
#9631 = VECTOR('',#9632,1.);
#9632 = DIRECTION('',(0.,1.,0.));
#9633 = PLANE('',#9634);
#9634 = AXIS2_PLACEMENT_3D('',#9635,#9636,#9637);
#9635 = CARTESIAN_POINT('',(4.64,-4.56,4.68));
#9636 = DIRECTION('',(1.,0.,0.));
#9637 = DIRECTION('',(0.,0.,-1.));
#9638 = ADVANCED_FACE('',(#9639),#9680,.F.);
#9639 = FACE_BOUND('',#9640,.T.);
#9640 = EDGE_LOOP('',(#9641,#9651,#9659,#9667,#9673,#9674));
#9641 = ORIENTED_EDGE('',*,*,#9642,.F.);
#9642 = EDGE_CURVE('',#9643,#9645,#9647,.T.);
#9643 = VERTEX_POINT('',#9644);
#9644 = CARTESIAN_POINT('',(5.48,-2.6,4.68));
#9645 = VERTEX_POINT('',#9646);
#9646 = CARTESIAN_POINT('',(5.48,0.,4.68));
#9647 = LINE('',#9648,#9649);
#9648 = CARTESIAN_POINT('',(5.48,-4.56,4.68));
#9649 = VECTOR('',#9650,1.);
#9650 = DIRECTION('',(0.,1.,0.));
#9651 = ORIENTED_EDGE('',*,*,#9652,.F.);
#9652 = EDGE_CURVE('',#9653,#9643,#9655,.T.);
#9653 = VERTEX_POINT('',#9654);
#9654 = CARTESIAN_POINT('',(4.68,-2.6,4.68));
#9655 = LINE('',#9656,#9657);
#9656 = CARTESIAN_POINT('',(-26.220025,-2.6,4.68));
#9657 = VECTOR('',#9658,1.);
#9658 = DIRECTION('',(1.,0.,0.));
#9659 = ORIENTED_EDGE('',*,*,#9660,.F.);
#9660 = EDGE_CURVE('',#9661,#9653,#9663,.T.);
#9661 = VERTEX_POINT('',#9662);
#9662 = CARTESIAN_POINT('',(4.68,-0.8,4.68));
#9663 = LINE('',#9664,#9665);
#9664 = CARTESIAN_POINT('',(4.68,-4.56,4.68));
#9665 = VECTOR('',#9666,1.);
#9666 = DIRECTION('',(0.,-1.,0.));
#9667 = ORIENTED_EDGE('',*,*,#9668,.F.);
#9668 = EDGE_CURVE('',#9612,#9661,#9669,.T.);
#9669 = LINE('',#9670,#9671);
#9670 = CARTESIAN_POINT('',(4.64,-0.8,4.68));
#9671 = VECTOR('',#9672,1.);
#9672 = DIRECTION('',(1.,0.,0.));
#9673 = ORIENTED_EDGE('',*,*,#9628,.T.);
#9674 = ORIENTED_EDGE('',*,*,#9675,.T.);
#9675 = EDGE_CURVE('',#9621,#9645,#9676,.T.);
#9676 = LINE('',#9677,#9678);
#9677 = CARTESIAN_POINT('',(4.64,0.,4.68));
#9678 = VECTOR('',#9679,1.);
#9679 = DIRECTION('',(1.,0.,0.));
#9680 = PLANE('',#9681);
#9681 = AXIS2_PLACEMENT_3D('',#9682,#9683,#9684);
#9682 = CARTESIAN_POINT('',(4.64,-4.56,4.68));
#9683 = DIRECTION('',(0.,0.,1.));
#9684 = DIRECTION('',(1.,0.,-0.));
#9685 = ADVANCED_FACE('',(#9686),#9720,.T.);
#9686 = FACE_BOUND('',#9687,.T.);
#9687 = EDGE_LOOP('',(#9688,#9698,#9706,#9714));
#9688 = ORIENTED_EDGE('',*,*,#9689,.F.);
#9689 = EDGE_CURVE('',#9690,#9692,#9694,.T.);
#9690 = VERTEX_POINT('',#9691);
#9691 = CARTESIAN_POINT('',(4.894359353945,-3.4,5.265640646055));
#9692 = VERTEX_POINT('',#9693);
#9693 = CARTESIAN_POINT('',(5.265640646055,-3.4,5.265640646055));
#9694 = LINE('',#9695,#9696);
#9695 = CARTESIAN_POINT('',(-26.220025,-3.4,5.265640646055));
#9696 = VECTOR('',#9697,1.);
#9697 = DIRECTION('',(1.,0.,0.));
#9698 = ORIENTED_EDGE('',*,*,#9699,.T.);
#9699 = EDGE_CURVE('',#9690,#9700,#9702,.T.);
#9700 = VERTEX_POINT('',#9701);
#9701 = CARTESIAN_POINT('',(4.894359353945,-3.4,4.894359353945));
#9702 = LINE('',#9703,#9704);
#9703 = CARTESIAN_POINT('',(4.894359353945,-3.4,0.));
#9704 = VECTOR('',#9705,1.);
#9705 = DIRECTION('',(0.,0.,-1.));
#9706 = ORIENTED_EDGE('',*,*,#9707,.T.);
#9707 = EDGE_CURVE('',#9700,#9708,#9710,.T.);
#9708 = VERTEX_POINT('',#9709);
#9709 = CARTESIAN_POINT('',(5.265640646055,-3.4,4.894359353945));
#9710 = LINE('',#9711,#9712);
#9711 = CARTESIAN_POINT('',(-26.220025,-3.4,4.894359353945));
#9712 = VECTOR('',#9713,1.);
#9713 = DIRECTION('',(1.,0.,0.));
#9714 = ORIENTED_EDGE('',*,*,#9715,.F.);
#9715 = EDGE_CURVE('',#9692,#9708,#9716,.T.);
#9716 = LINE('',#9717,#9718);
#9717 = CARTESIAN_POINT('',(5.265640646055,-3.4,0.));
#9718 = VECTOR('',#9719,1.);
#9719 = DIRECTION('',(0.,0.,-1.));
#9720 = PLANE('',#9721);
#9721 = AXIS2_PLACEMENT_3D('',#9722,#9723,#9724);
#9722 = CARTESIAN_POINT('',(1.28,-3.4,0.));
#9723 = DIRECTION('',(0.,-1.,0.));
#9724 = DIRECTION('',(0.,0.,-1.));
#9725 = ADVANCED_FACE('',(#9726),#9742,.F.);
#9726 = FACE_BOUND('',#9727,.T.);
#9727 = EDGE_LOOP('',(#9728,#9729,#9735,#9736));
#9728 = ORIENTED_EDGE('',*,*,#9573,.F.);
#9729 = ORIENTED_EDGE('',*,*,#9730,.F.);
#9730 = EDGE_CURVE('',#9643,#9566,#9731,.T.);
#9731 = LINE('',#9732,#9733);
#9732 = CARTESIAN_POINT('',(5.48,-2.6,-6.));
#9733 = VECTOR('',#9734,1.);
#9734 = DIRECTION('',(0.,0.,1.));
#9735 = ORIENTED_EDGE('',*,*,#9642,.T.);
#9736 = ORIENTED_EDGE('',*,*,#9737,.T.);
#9737 = EDGE_CURVE('',#9645,#9574,#9738,.T.);
#9738 = LINE('',#9739,#9740);
#9739 = CARTESIAN_POINT('',(5.48,0.,4.68));
#9740 = VECTOR('',#9741,1.);
#9741 = DIRECTION('',(0.,0.,1.));
#9742 = PLANE('',#9743);
#9743 = AXIS2_PLACEMENT_3D('',#9744,#9745,#9746);
#9744 = CARTESIAN_POINT('',(5.48,-4.56,4.68));
#9745 = DIRECTION('',(-1.,0.,0.));
#9746 = DIRECTION('',(0.,0.,1.));
#9747 = ADVANCED_FACE('',(#9748),#9754,.T.);
#9748 = FACE_BOUND('',#9749,.T.);
#9749 = EDGE_LOOP('',(#9750,#9751,#9752,#9753));
#9750 = ORIENTED_EDGE('',*,*,#9737,.F.);
#9751 = ORIENTED_EDGE('',*,*,#9675,.F.);
#9752 = ORIENTED_EDGE('',*,*,#9620,.F.);
#9753 = ORIENTED_EDGE('',*,*,#9581,.F.);
#9754 = PLANE('',#9755);
#9755 = AXIS2_PLACEMENT_3D('',#9756,#9757,#9758);
#9756 = CARTESIAN_POINT('',(0.,0.,0.));
#9757 = DIRECTION('',(0.,1.,0.));
#9758 = DIRECTION('',(0.,-0.,1.));
#9759 = ADVANCED_FACE('',(#9760),#9771,.T.);
#9760 = FACE_BOUND('',#9761,.T.);
#9761 = EDGE_LOOP('',(#9762,#9763,#9764,#9765));
#9762 = ORIENTED_EDGE('',*,*,#9597,.T.);
#9763 = ORIENTED_EDGE('',*,*,#9611,.F.);
#9764 = ORIENTED_EDGE('',*,*,#9668,.T.);
#9765 = ORIENTED_EDGE('',*,*,#9766,.T.);
#9766 = EDGE_CURVE('',#9661,#9558,#9767,.T.);
#9767 = LINE('',#9768,#9769);
#9768 = CARTESIAN_POINT('',(4.68,-0.8,-6.));
#9769 = VECTOR('',#9770,1.);
#9770 = DIRECTION('',(0.,0.,1.));
#9771 = PLANE('',#9772);
#9772 = AXIS2_PLACEMENT_3D('',#9773,#9774,#9775);
#9773 = CARTESIAN_POINT('',(0.,-0.8,-6.));
#9774 = DIRECTION('',(0.,-1.,0.));
#9775 = DIRECTION('',(0.,0.,-1.));
#9776 = ADVANCED_FACE('',(#9777),#9788,.T.);
#9777 = FACE_BOUND('',#9778,.T.);
#9778 = EDGE_LOOP('',(#9779,#9780,#9781,#9782));
#9779 = ORIENTED_EDGE('',*,*,#9555,.T.);
#9780 = ORIENTED_EDGE('',*,*,#9766,.F.);
#9781 = ORIENTED_EDGE('',*,*,#9660,.T.);
#9782 = ORIENTED_EDGE('',*,*,#9783,.T.);
#9783 = EDGE_CURVE('',#9653,#9556,#9784,.T.);
#9784 = LINE('',#9785,#9786);
#9785 = CARTESIAN_POINT('',(4.68,-2.6,-6.));
#9786 = VECTOR('',#9787,1.);
#9787 = DIRECTION('',(0.,0.,1.));
#9788 = PLANE('',#9789);
#9789 = AXIS2_PLACEMENT_3D('',#9790,#9791,#9792);
#9790 = CARTESIAN_POINT('',(4.68,0.,-6.));
#9791 = DIRECTION('',(-1.,0.,0.));
#9792 = DIRECTION('',(0.,0.,1.));
#9793 = ADVANCED_FACE('',(#9794),#9810,.T.);
#9794 = FACE_BOUND('',#9795,.T.);
#9795 = EDGE_LOOP('',(#9796,#9802,#9803,#9809));
#9796 = ORIENTED_EDGE('',*,*,#9797,.F.);
#9797 = EDGE_CURVE('',#9556,#9690,#9798,.T.);
#9798 = LINE('',#9799,#9800);
#9799 = CARTESIAN_POINT('',(4.497723816195,-1.919736021031,
    5.662276183805));
#9800 = VECTOR('',#9801,1.);
#9801 = DIRECTION('',(0.250562807086,-0.935113126531,-0.250562807086));
#9802 = ORIENTED_EDGE('',*,*,#9783,.F.);
#9803 = ORIENTED_EDGE('',*,*,#9804,.F.);
#9804 = EDGE_CURVE('',#9700,#9653,#9805,.T.);
#9805 = LINE('',#9806,#9807);
#9806 = CARTESIAN_POINT('',(3.106480894465,3.272453248536,3.106480894465
    ));
#9807 = VECTOR('',#9808,1.);
#9808 = DIRECTION('',(-0.250562807086,0.935113126531,-0.250562807086));
#9809 = ORIENTED_EDGE('',*,*,#9699,.F.);
#9810 = PLANE('',#9811);
#9811 = AXIS2_PLACEMENT_3D('',#9812,#9813,#9814);
#9812 = CARTESIAN_POINT('',(3.716499444856,0.99583302492,-6.));
#9813 = DIRECTION('',(-0.965925826289,-0.258819045103,0.));
#9814 = DIRECTION('',(0.258819045103,-0.965925826289,0.));
#9815 = ADVANCED_FACE('',(#9816),#9832,.F.);
#9816 = FACE_BOUND('',#9817,.T.);
#9817 = EDGE_LOOP('',(#9818,#9819,#9825,#9826));
#9818 = ORIENTED_EDGE('',*,*,#9730,.T.);
#9819 = ORIENTED_EDGE('',*,*,#9820,.T.);
#9820 = EDGE_CURVE('',#9566,#9692,#9821,.T.);
#9821 = LINE('',#9822,#9823);
#9822 = CARTESIAN_POINT('',(5.024413905611,-4.300270451483,
    5.024413905611));
#9823 = VECTOR('',#9824,1.);
#9824 = DIRECTION('',(-0.250562807086,-0.935113126531,-0.250562807086));
#9825 = ORIENTED_EDGE('',*,*,#9715,.T.);
#9826 = ORIENTED_EDGE('',*,*,#9827,.T.);
#9827 = EDGE_CURVE('',#9708,#9643,#9828,.T.);
#9828 = LINE('',#9829,#9830);
#9829 = CARTESIAN_POINT('',(6.415656827341,0.891918818085,3.744343172659
    ));
#9830 = VECTOR('',#9831,1.);
#9831 = DIRECTION('',(0.250562807086,0.935113126531,-0.250562807086));
#9832 = PLANE('',#9833);
#9833 = AXIS2_PLACEMENT_3D('',#9834,#9835,#9836);
#9834 = CARTESIAN_POINT('',(5.762909606369,-1.54416697508,-6.));
#9835 = DIRECTION('',(-0.965925826289,0.258819045103,0.));
#9836 = DIRECTION('',(-0.258819045103,-0.965925826289,0.));
#9837 = ADVANCED_FACE('',(#9838),#9844,.F.);
#9838 = FACE_BOUND('',#9839,.T.);
#9839 = EDGE_LOOP('',(#9840,#9841,#9842,#9843));
#9840 = ORIENTED_EDGE('',*,*,#9804,.T.);
#9841 = ORIENTED_EDGE('',*,*,#9652,.T.);
#9842 = ORIENTED_EDGE('',*,*,#9827,.F.);
#9843 = ORIENTED_EDGE('',*,*,#9707,.F.);
#9844 = PLANE('',#9845);
#9845 = AXIS2_PLACEMENT_3D('',#9846,#9847,#9848);
#9846 = CARTESIAN_POINT('',(-26.220025,-2.6,4.68));
#9847 = DIRECTION('',(0.,0.258819045103,0.965925826289));
#9848 = DIRECTION('',(0.,-0.965925826289,0.258819045103));
#9849 = ADVANCED_FACE('',(#9850),#9856,.F.);
#9850 = FACE_BOUND('',#9851,.T.);
#9851 = EDGE_LOOP('',(#9852,#9853,#9854,#9855));
#9852 = ORIENTED_EDGE('',*,*,#9797,.T.);
#9853 = ORIENTED_EDGE('',*,*,#9689,.T.);
#9854 = ORIENTED_EDGE('',*,*,#9820,.F.);
#9855 = ORIENTED_EDGE('',*,*,#9565,.F.);
#9856 = PLANE('',#9857);
#9857 = AXIS2_PLACEMENT_3D('',#9858,#9859,#9860);
#9858 = CARTESIAN_POINT('',(-26.220025,-2.6,5.48));
#9859 = DIRECTION('',(0.,0.258819045103,-0.965925826289));
#9860 = DIRECTION('',(0.,0.965925826289,0.258819045103));
#9861 = MANIFOLD_SOLID_BREP('',#9862);
#9862 = CLOSED_SHELL('',(#9863,#9919,#9950,#9997,#10037,#10059,#10071,
    #10088,#10105,#10127,#10149,#10161));
#9863 = ADVANCED_FACE('',(#9864),#9914,.F.);
#9864 = FACE_BOUND('',#9865,.T.);
#9865 = EDGE_LOOP('',(#9866,#9876,#9884,#9892,#9900,#9908));
#9866 = ORIENTED_EDGE('',*,*,#9867,.F.);
#9867 = EDGE_CURVE('',#9868,#9870,#9872,.T.);
#9868 = VERTEX_POINT('',#9869);
#9869 = CARTESIAN_POINT('',(4.68,-2.6,-4.68));
#9870 = VERTEX_POINT('',#9871);
#9871 = CARTESIAN_POINT('',(4.68,-0.8,-4.68));
#9872 = LINE('',#9873,#9874);
#9873 = CARTESIAN_POINT('',(4.68,-4.56,-4.68));
#9874 = VECTOR('',#9875,1.);
#9875 = DIRECTION('',(0.,1.,0.));
#9876 = ORIENTED_EDGE('',*,*,#9877,.T.);
#9877 = EDGE_CURVE('',#9868,#9878,#9880,.T.);
#9878 = VERTEX_POINT('',#9879);
#9879 = CARTESIAN_POINT('',(5.48,-2.6,-4.68));
#9880 = LINE('',#9881,#9882);
#9881 = CARTESIAN_POINT('',(-26.220025,-2.6,-4.68));
#9882 = VECTOR('',#9883,1.);
#9883 = DIRECTION('',(1.,0.,0.));
#9884 = ORIENTED_EDGE('',*,*,#9885,.T.);
#9885 = EDGE_CURVE('',#9878,#9886,#9888,.T.);
#9886 = VERTEX_POINT('',#9887);
#9887 = CARTESIAN_POINT('',(5.48,0.,-4.68));
#9888 = LINE('',#9889,#9890);
#9889 = CARTESIAN_POINT('',(5.48,-4.56,-4.68));
#9890 = VECTOR('',#9891,1.);
#9891 = DIRECTION('',(0.,1.,0.));
#9892 = ORIENTED_EDGE('',*,*,#9893,.T.);
#9893 = EDGE_CURVE('',#9886,#9894,#9896,.T.);
#9894 = VERTEX_POINT('',#9895);
#9895 = CARTESIAN_POINT('',(4.64,0.,-4.68));
#9896 = LINE('',#9897,#9898);
#9897 = CARTESIAN_POINT('',(4.64,0.,-4.68));
#9898 = VECTOR('',#9899,1.);
#9899 = DIRECTION('',(-1.,0.,2.06514699521E-15));
#9900 = ORIENTED_EDGE('',*,*,#9901,.F.);
#9901 = EDGE_CURVE('',#9902,#9894,#9904,.T.);
#9902 = VERTEX_POINT('',#9903);
#9903 = CARTESIAN_POINT('',(4.64,-0.8,-4.68));
#9904 = LINE('',#9905,#9906);
#9905 = CARTESIAN_POINT('',(4.64,-4.56,-4.68));
#9906 = VECTOR('',#9907,1.);
#9907 = DIRECTION('',(0.,1.,0.));
#9908 = ORIENTED_EDGE('',*,*,#9909,.F.);
#9909 = EDGE_CURVE('',#9870,#9902,#9910,.T.);
#9910 = LINE('',#9911,#9912);
#9911 = CARTESIAN_POINT('',(4.64,-0.8,-4.68));
#9912 = VECTOR('',#9913,1.);
#9913 = DIRECTION('',(-1.,0.,2.06514699521E-15));
#9914 = PLANE('',#9915);
#9915 = AXIS2_PLACEMENT_3D('',#9916,#9917,#9918);
#9916 = CARTESIAN_POINT('',(4.64,-4.56,-4.68));
#9917 = DIRECTION('',(-2.06514699521E-15,0.,-1.));
#9918 = DIRECTION('',(-1.,0.,2.06514699521E-15));
#9919 = ADVANCED_FACE('',(#9920),#9945,.F.);
#9920 = FACE_BOUND('',#9921,.T.);
#9921 = EDGE_LOOP('',(#9922,#9930,#9931,#9939));
#9922 = ORIENTED_EDGE('',*,*,#9923,.T.);
#9923 = EDGE_CURVE('',#9924,#9902,#9926,.T.);
#9924 = VERTEX_POINT('',#9925);
#9925 = CARTESIAN_POINT('',(4.64,-0.8,-5.48));
#9926 = LINE('',#9927,#9928);
#9927 = CARTESIAN_POINT('',(4.64,-0.8,-6.));
#9928 = VECTOR('',#9929,1.);
#9929 = DIRECTION('',(0.,0.,1.));
#9930 = ORIENTED_EDGE('',*,*,#9901,.T.);
#9931 = ORIENTED_EDGE('',*,*,#9932,.T.);
#9932 = EDGE_CURVE('',#9894,#9933,#9935,.T.);
#9933 = VERTEX_POINT('',#9934);
#9934 = CARTESIAN_POINT('',(4.64,0.,-5.48));
#9935 = LINE('',#9936,#9937);
#9936 = CARTESIAN_POINT('',(4.64,0.,-5.48));
#9937 = VECTOR('',#9938,1.);
#9938 = DIRECTION('',(0.,0.,-1.));
#9939 = ORIENTED_EDGE('',*,*,#9940,.F.);
#9940 = EDGE_CURVE('',#9924,#9933,#9941,.T.);
#9941 = LINE('',#9942,#9943);
#9942 = CARTESIAN_POINT('',(4.64,-4.56,-5.48));
#9943 = VECTOR('',#9944,1.);
#9944 = DIRECTION('',(0.,1.,0.));
#9945 = PLANE('',#9946);
#9946 = AXIS2_PLACEMENT_3D('',#9947,#9948,#9949);
#9947 = CARTESIAN_POINT('',(4.64,-4.56,-5.48));
#9948 = DIRECTION('',(1.,0.,0.));
#9949 = DIRECTION('',(0.,0.,-1.));
#9950 = ADVANCED_FACE('',(#9951),#9992,.F.);
#9951 = FACE_BOUND('',#9952,.T.);
#9952 = EDGE_LOOP('',(#9953,#9963,#9971,#9979,#9985,#9986));
#9953 = ORIENTED_EDGE('',*,*,#9954,.F.);
#9954 = EDGE_CURVE('',#9955,#9957,#9959,.T.);
#9955 = VERTEX_POINT('',#9956);
#9956 = CARTESIAN_POINT('',(5.48,-2.6,-5.48));
#9957 = VERTEX_POINT('',#9958);
#9958 = CARTESIAN_POINT('',(5.48,0.,-5.48));
#9959 = LINE('',#9960,#9961);
#9960 = CARTESIAN_POINT('',(5.48,-4.56,-5.48));
#9961 = VECTOR('',#9962,1.);
#9962 = DIRECTION('',(0.,1.,0.));
#9963 = ORIENTED_EDGE('',*,*,#9964,.F.);
#9964 = EDGE_CURVE('',#9965,#9955,#9967,.T.);
#9965 = VERTEX_POINT('',#9966);
#9966 = CARTESIAN_POINT('',(4.68,-2.6,-5.48));
#9967 = LINE('',#9968,#9969);
#9968 = CARTESIAN_POINT('',(-26.220025,-2.6,-5.48));
#9969 = VECTOR('',#9970,1.);
#9970 = DIRECTION('',(1.,0.,0.));
#9971 = ORIENTED_EDGE('',*,*,#9972,.F.);
#9972 = EDGE_CURVE('',#9973,#9965,#9975,.T.);
#9973 = VERTEX_POINT('',#9974);
#9974 = CARTESIAN_POINT('',(4.68,-0.8,-5.48));
#9975 = LINE('',#9976,#9977);
#9976 = CARTESIAN_POINT('',(4.68,-4.56,-5.48));
#9977 = VECTOR('',#9978,1.);
#9978 = DIRECTION('',(0.,-1.,0.));
#9979 = ORIENTED_EDGE('',*,*,#9980,.F.);
#9980 = EDGE_CURVE('',#9924,#9973,#9981,.T.);
#9981 = LINE('',#9982,#9983);
#9982 = CARTESIAN_POINT('',(4.64,-0.8,-5.48));
#9983 = VECTOR('',#9984,1.);
#9984 = DIRECTION('',(1.,0.,-2.06514699521E-15));
#9985 = ORIENTED_EDGE('',*,*,#9940,.T.);
#9986 = ORIENTED_EDGE('',*,*,#9987,.T.);
#9987 = EDGE_CURVE('',#9933,#9957,#9988,.T.);
#9988 = LINE('',#9989,#9990);
#9989 = CARTESIAN_POINT('',(4.64,0.,-5.48));
#9990 = VECTOR('',#9991,1.);
#9991 = DIRECTION('',(1.,0.,-2.06514699521E-15));
#9992 = PLANE('',#9993);
#9993 = AXIS2_PLACEMENT_3D('',#9994,#9995,#9996);
#9994 = CARTESIAN_POINT('',(4.64,-4.56,-5.48));
#9995 = DIRECTION('',(2.06514699521E-15,0.,1.));
#9996 = DIRECTION('',(1.,0.,-2.06514699521E-15));
#9997 = ADVANCED_FACE('',(#9998),#10032,.T.);
#9998 = FACE_BOUND('',#9999,.T.);
#9999 = EDGE_LOOP('',(#10000,#10010,#10018,#10026));
#10000 = ORIENTED_EDGE('',*,*,#10001,.F.);
#10001 = EDGE_CURVE('',#10002,#10004,#10006,.T.);
#10002 = VERTEX_POINT('',#10003);
#10003 = CARTESIAN_POINT('',(4.894359353945,-3.4,-4.894359353945));
#10004 = VERTEX_POINT('',#10005);
#10005 = CARTESIAN_POINT('',(5.265640646055,-3.4,-4.894359353945));
#10006 = LINE('',#10007,#10008);
#10007 = CARTESIAN_POINT('',(-26.220025,-3.4,-4.894359353945));
#10008 = VECTOR('',#10009,1.);
#10009 = DIRECTION('',(1.,0.,0.));
#10010 = ORIENTED_EDGE('',*,*,#10011,.T.);
#10011 = EDGE_CURVE('',#10002,#10012,#10014,.T.);
#10012 = VERTEX_POINT('',#10013);
#10013 = CARTESIAN_POINT('',(4.894359353945,-3.4,-5.265640646055));
#10014 = LINE('',#10015,#10016);
#10015 = CARTESIAN_POINT('',(4.894359353945,-3.4,0.));
#10016 = VECTOR('',#10017,1.);
#10017 = DIRECTION('',(0.,0.,-1.));
#10018 = ORIENTED_EDGE('',*,*,#10019,.T.);
#10019 = EDGE_CURVE('',#10012,#10020,#10022,.T.);
#10020 = VERTEX_POINT('',#10021);
#10021 = CARTESIAN_POINT('',(5.265640646055,-3.4,-5.265640646055));
#10022 = LINE('',#10023,#10024);
#10023 = CARTESIAN_POINT('',(-26.220025,-3.4,-5.265640646055));
#10024 = VECTOR('',#10025,1.);
#10025 = DIRECTION('',(1.,0.,0.));
#10026 = ORIENTED_EDGE('',*,*,#10027,.F.);
#10027 = EDGE_CURVE('',#10004,#10020,#10028,.T.);
#10028 = LINE('',#10029,#10030);
#10029 = CARTESIAN_POINT('',(5.265640646055,-3.4,0.));
#10030 = VECTOR('',#10031,1.);
#10031 = DIRECTION('',(0.,0.,-1.));
#10032 = PLANE('',#10033);
#10033 = AXIS2_PLACEMENT_3D('',#10034,#10035,#10036);
#10034 = CARTESIAN_POINT('',(1.28,-3.4,0.));
#10035 = DIRECTION('',(0.,-1.,0.));
#10036 = DIRECTION('',(0.,0.,-1.));
#10037 = ADVANCED_FACE('',(#10038),#10054,.F.);
#10038 = FACE_BOUND('',#10039,.T.);
#10039 = EDGE_LOOP('',(#10040,#10041,#10047,#10048));
#10040 = ORIENTED_EDGE('',*,*,#9885,.F.);
#10041 = ORIENTED_EDGE('',*,*,#10042,.F.);
#10042 = EDGE_CURVE('',#9955,#9878,#10043,.T.);
#10043 = LINE('',#10044,#10045);
#10044 = CARTESIAN_POINT('',(5.48,-2.6,-6.));
#10045 = VECTOR('',#10046,1.);
#10046 = DIRECTION('',(0.,0.,1.));
#10047 = ORIENTED_EDGE('',*,*,#9954,.T.);
#10048 = ORIENTED_EDGE('',*,*,#10049,.T.);
#10049 = EDGE_CURVE('',#9957,#9886,#10050,.T.);
#10050 = LINE('',#10051,#10052);
#10051 = CARTESIAN_POINT('',(5.48,0.,-5.48));
#10052 = VECTOR('',#10053,1.);
#10053 = DIRECTION('',(0.,0.,1.));
#10054 = PLANE('',#10055);
#10055 = AXIS2_PLACEMENT_3D('',#10056,#10057,#10058);
#10056 = CARTESIAN_POINT('',(5.48,-4.56,-5.48));
#10057 = DIRECTION('',(-1.,0.,0.));
#10058 = DIRECTION('',(0.,0.,1.));
#10059 = ADVANCED_FACE('',(#10060),#10066,.T.);
#10060 = FACE_BOUND('',#10061,.T.);
#10061 = EDGE_LOOP('',(#10062,#10063,#10064,#10065));
#10062 = ORIENTED_EDGE('',*,*,#10049,.F.);
#10063 = ORIENTED_EDGE('',*,*,#9987,.F.);
#10064 = ORIENTED_EDGE('',*,*,#9932,.F.);
#10065 = ORIENTED_EDGE('',*,*,#9893,.F.);
#10066 = PLANE('',#10067);
#10067 = AXIS2_PLACEMENT_3D('',#10068,#10069,#10070);
#10068 = CARTESIAN_POINT('',(0.,0.,0.));
#10069 = DIRECTION('',(0.,1.,0.));
#10070 = DIRECTION('',(0.,-0.,1.));
#10071 = ADVANCED_FACE('',(#10072),#10083,.T.);
#10072 = FACE_BOUND('',#10073,.T.);
#10073 = EDGE_LOOP('',(#10074,#10075,#10076,#10077));
#10074 = ORIENTED_EDGE('',*,*,#9909,.T.);
#10075 = ORIENTED_EDGE('',*,*,#9923,.F.);
#10076 = ORIENTED_EDGE('',*,*,#9980,.T.);
#10077 = ORIENTED_EDGE('',*,*,#10078,.T.);
#10078 = EDGE_CURVE('',#9973,#9870,#10079,.T.);
#10079 = LINE('',#10080,#10081);
#10080 = CARTESIAN_POINT('',(4.68,-0.8,-6.));
#10081 = VECTOR('',#10082,1.);
#10082 = DIRECTION('',(0.,0.,1.));
#10083 = PLANE('',#10084);
#10084 = AXIS2_PLACEMENT_3D('',#10085,#10086,#10087);
#10085 = CARTESIAN_POINT('',(0.,-0.8,-6.));
#10086 = DIRECTION('',(0.,-1.,0.));
#10087 = DIRECTION('',(0.,0.,-1.));
#10088 = ADVANCED_FACE('',(#10089),#10100,.T.);
#10089 = FACE_BOUND('',#10090,.T.);
#10090 = EDGE_LOOP('',(#10091,#10092,#10093,#10094));
#10091 = ORIENTED_EDGE('',*,*,#9867,.T.);
#10092 = ORIENTED_EDGE('',*,*,#10078,.F.);
#10093 = ORIENTED_EDGE('',*,*,#9972,.T.);
#10094 = ORIENTED_EDGE('',*,*,#10095,.T.);
#10095 = EDGE_CURVE('',#9965,#9868,#10096,.T.);
#10096 = LINE('',#10097,#10098);
#10097 = CARTESIAN_POINT('',(4.68,-2.6,-6.));
#10098 = VECTOR('',#10099,1.);
#10099 = DIRECTION('',(0.,0.,1.));
#10100 = PLANE('',#10101);
#10101 = AXIS2_PLACEMENT_3D('',#10102,#10103,#10104);
#10102 = CARTESIAN_POINT('',(4.68,0.,-6.));
#10103 = DIRECTION('',(-1.,0.,0.));
#10104 = DIRECTION('',(0.,0.,1.));
#10105 = ADVANCED_FACE('',(#10106),#10122,.T.);
#10106 = FACE_BOUND('',#10107,.T.);
#10107 = EDGE_LOOP('',(#10108,#10114,#10115,#10121));
#10108 = ORIENTED_EDGE('',*,*,#10109,.F.);
#10109 = EDGE_CURVE('',#9868,#10002,#10110,.T.);
#10110 = LINE('',#10111,#10112);
#10111 = CARTESIAN_POINT('',(3.859861538001,0.46079840942,
    -3.859861538001));
#10112 = VECTOR('',#10113,1.);
#10113 = DIRECTION('',(0.250562807086,-0.935113126531,-0.250562807086));
#10114 = ORIENTED_EDGE('',*,*,#10095,.F.);
#10115 = ORIENTED_EDGE('',*,*,#10116,.F.);
#10116 = EDGE_CURVE('',#10012,#9965,#10117,.T.);
#10117 = LINE('',#10118,#10119);
#10118 = CARTESIAN_POINT('',(3.744343172659,0.891918818085,
    -6.415656827341));
#10119 = VECTOR('',#10120,1.);
#10120 = DIRECTION('',(-0.250562807086,0.935113126531,-0.250562807086));
#10121 = ORIENTED_EDGE('',*,*,#10011,.F.);
#10122 = PLANE('',#10123);
#10123 = AXIS2_PLACEMENT_3D('',#10124,#10125,#10126);
#10124 = CARTESIAN_POINT('',(3.716499444856,0.99583302492,-6.));
#10125 = DIRECTION('',(-0.965925826289,-0.258819045103,0.));
#10126 = DIRECTION('',(0.258819045103,-0.965925826289,0.));
#10127 = ADVANCED_FACE('',(#10128),#10144,.F.);
#10128 = FACE_BOUND('',#10129,.T.);
#10129 = EDGE_LOOP('',(#10130,#10131,#10137,#10138));
#10130 = ORIENTED_EDGE('',*,*,#10042,.T.);
#10131 = ORIENTED_EDGE('',*,*,#10132,.T.);
#10132 = EDGE_CURVE('',#9878,#10004,#10133,.T.);
#10133 = LINE('',#10134,#10135);
#10134 = CARTESIAN_POINT('',(5.662276183805,-1.919736021031,
    -4.497723816195));
#10135 = VECTOR('',#10136,1.);
#10136 = DIRECTION('',(-0.250562807086,-0.935113126531,-0.250562807086)
  );
#10137 = ORIENTED_EDGE('',*,*,#10027,.T.);
#10138 = ORIENTED_EDGE('',*,*,#10139,.T.);
#10139 = EDGE_CURVE('',#10020,#9955,#10140,.T.);
#10140 = LINE('',#10141,#10142);
#10141 = CARTESIAN_POINT('',(5.777794549147,-1.488615612367,
    -5.777794549147));
#10142 = VECTOR('',#10143,1.);
#10143 = DIRECTION('',(0.250562807086,0.935113126531,-0.250562807086));
#10144 = PLANE('',#10145);
#10145 = AXIS2_PLACEMENT_3D('',#10146,#10147,#10148);
#10146 = CARTESIAN_POINT('',(5.762909606369,-1.54416697508,-6.));
#10147 = DIRECTION('',(-0.965925826289,0.258819045103,0.));
#10148 = DIRECTION('',(-0.258819045103,-0.965925826289,0.));
#10149 = ADVANCED_FACE('',(#10150),#10156,.F.);
#10150 = FACE_BOUND('',#10151,.T.);
#10151 = EDGE_LOOP('',(#10152,#10153,#10154,#10155));
#10152 = ORIENTED_EDGE('',*,*,#10116,.T.);
#10153 = ORIENTED_EDGE('',*,*,#9964,.T.);
#10154 = ORIENTED_EDGE('',*,*,#10139,.F.);
#10155 = ORIENTED_EDGE('',*,*,#10019,.F.);
#10156 = PLANE('',#10157);
#10157 = AXIS2_PLACEMENT_3D('',#10158,#10159,#10160);
#10158 = CARTESIAN_POINT('',(-26.220025,-2.6,-5.48));
#10159 = DIRECTION('',(0.,0.258819045103,0.965925826289));
#10160 = DIRECTION('',(0.,-0.965925826289,0.258819045103));
#10161 = ADVANCED_FACE('',(#10162),#10168,.F.);
#10162 = FACE_BOUND('',#10163,.T.);
#10163 = EDGE_LOOP('',(#10164,#10165,#10166,#10167));
#10164 = ORIENTED_EDGE('',*,*,#10109,.T.);
#10165 = ORIENTED_EDGE('',*,*,#10001,.T.);
#10166 = ORIENTED_EDGE('',*,*,#10132,.F.);
#10167 = ORIENTED_EDGE('',*,*,#9877,.F.);
#10168 = PLANE('',#10169);
#10169 = AXIS2_PLACEMENT_3D('',#10170,#10171,#10172);
#10170 = CARTESIAN_POINT('',(-26.220025,-2.6,-4.68));
#10171 = DIRECTION('',(0.,0.258819045103,-0.965925826289));
#10172 = DIRECTION('',(0.,0.965925826289,0.258819045103));
#10173 = MANIFOLD_SOLID_BREP('',#10174);
#10174 = CLOSED_SHELL('',(#10175,#10208,#10241,#10274,#10317,#10360,
    #10404,#10430,#10462,#10488,#10521,#10533,#10545,#10554,#10585,
    #10616,#10650,#10692,#10724,#10766,#10798,#10836,#10862,#10888,
    #10923,#10955,#10988,#11028,#11053,#11072,#11252,#11282,#11300,
    #11318,#11330,#11342,#11354,#11363,#11372,#11381,#11413,#11437,
    #11462,#11486,#11511,#11535,#11560,#11584,#11609,#11633,#11658,
    #11682,#11707,#11731,#11756,#11773));
#10175 = ADVANCED_FACE('',(#10176),#10203,.F.);
#10176 = FACE_BOUND('',#10177,.F.);
#10177 = EDGE_LOOP('',(#10178,#10188,#10195,#10196));
#10178 = ORIENTED_EDGE('',*,*,#10179,.T.);
#10179 = EDGE_CURVE('',#10180,#10182,#10184,.T.);
#10180 = VERTEX_POINT('',#10181);
#10181 = CARTESIAN_POINT('',(-5.72,0.5,-2.375));
#10182 = VERTEX_POINT('',#10183);
#10183 = CARTESIAN_POINT('',(-5.72,0.,-2.375));
#10184 = LINE('',#10185,#10186);
#10185 = CARTESIAN_POINT('',(-5.72,0.5,-2.375));
#10186 = VECTOR('',#10187,1.);
#10187 = DIRECTION('',(0.,-1.,0.));
#10188 = ORIENTED_EDGE('',*,*,#10189,.F.);
#10189 = EDGE_CURVE('',#10182,#10182,#10190,.T.);
#10190 = CIRCLE('',#10191,0.625);
#10191 = AXIS2_PLACEMENT_3D('',#10192,#10193,#10194);
#10192 = CARTESIAN_POINT('',(-5.72,0.,-3.));
#10193 = DIRECTION('',(0.,-1.,0.));
#10194 = DIRECTION('',(0.,0.,-1.));
#10195 = ORIENTED_EDGE('',*,*,#10179,.F.);
#10196 = ORIENTED_EDGE('',*,*,#10197,.T.);
#10197 = EDGE_CURVE('',#10180,#10180,#10198,.T.);
#10198 = CIRCLE('',#10199,0.625);
#10199 = AXIS2_PLACEMENT_3D('',#10200,#10201,#10202);
#10200 = CARTESIAN_POINT('',(-5.72,0.5,-3.));
#10201 = DIRECTION('',(0.,-1.,0.));
#10202 = DIRECTION('',(0.,0.,-1.));
#10203 = CYLINDRICAL_SURFACE('',#10204,0.625);
#10204 = AXIS2_PLACEMENT_3D('',#10205,#10206,#10207);
#10205 = CARTESIAN_POINT('',(-5.72,0.5,-3.));
#10206 = DIRECTION('',(0.,-1.,0.));
#10207 = DIRECTION('',(0.,0.,-1.));
#10208 = ADVANCED_FACE('',(#10209),#10236,.F.);
#10209 = FACE_BOUND('',#10210,.F.);
#10210 = EDGE_LOOP('',(#10211,#10221,#10228,#10229));
#10211 = ORIENTED_EDGE('',*,*,#10212,.T.);
#10212 = EDGE_CURVE('',#10213,#10215,#10217,.T.);
#10213 = VERTEX_POINT('',#10214);
#10214 = CARTESIAN_POINT('',(-5.72,0.5,0.625));
#10215 = VERTEX_POINT('',#10216);
#10216 = CARTESIAN_POINT('',(-5.72,0.,0.625));
#10217 = LINE('',#10218,#10219);
#10218 = CARTESIAN_POINT('',(-5.72,0.5,0.625));
#10219 = VECTOR('',#10220,1.);
#10220 = DIRECTION('',(0.,-1.,0.));
#10221 = ORIENTED_EDGE('',*,*,#10222,.F.);
#10222 = EDGE_CURVE('',#10215,#10215,#10223,.T.);
#10223 = CIRCLE('',#10224,0.625);
#10224 = AXIS2_PLACEMENT_3D('',#10225,#10226,#10227);
#10225 = CARTESIAN_POINT('',(-5.72,0.,-5.98479599212E-14));
#10226 = DIRECTION('',(0.,-1.,0.));
#10227 = DIRECTION('',(0.,0.,-1.));
#10228 = ORIENTED_EDGE('',*,*,#10212,.F.);
#10229 = ORIENTED_EDGE('',*,*,#10230,.T.);
#10230 = EDGE_CURVE('',#10213,#10213,#10231,.T.);
#10231 = CIRCLE('',#10232,0.625);
#10232 = AXIS2_PLACEMENT_3D('',#10233,#10234,#10235);
#10233 = CARTESIAN_POINT('',(-5.72,0.5,-5.98479599212E-14));
#10234 = DIRECTION('',(0.,-1.,0.));
#10235 = DIRECTION('',(0.,0.,-1.));
#10236 = CYLINDRICAL_SURFACE('',#10237,0.625);
#10237 = AXIS2_PLACEMENT_3D('',#10238,#10239,#10240);
#10238 = CARTESIAN_POINT('',(-5.72,0.5,-5.98479599212E-14));
#10239 = DIRECTION('',(0.,-1.,0.));
#10240 = DIRECTION('',(0.,0.,-1.));
#10241 = ADVANCED_FACE('',(#10242),#10269,.F.);
#10242 = FACE_BOUND('',#10243,.F.);
#10243 = EDGE_LOOP('',(#10244,#10254,#10261,#10262));
#10244 = ORIENTED_EDGE('',*,*,#10245,.T.);
#10245 = EDGE_CURVE('',#10246,#10248,#10250,.T.);
#10246 = VERTEX_POINT('',#10247);
#10247 = CARTESIAN_POINT('',(-5.72,0.5,3.625));
#10248 = VERTEX_POINT('',#10249);
#10249 = CARTESIAN_POINT('',(-5.72,0.,3.625));
#10250 = LINE('',#10251,#10252);
#10251 = CARTESIAN_POINT('',(-5.72,0.5,3.625));
#10252 = VECTOR('',#10253,1.);
#10253 = DIRECTION('',(0.,-1.,0.));
#10254 = ORIENTED_EDGE('',*,*,#10255,.F.);
#10255 = EDGE_CURVE('',#10248,#10248,#10256,.T.);
#10256 = CIRCLE('',#10257,0.625);
#10257 = AXIS2_PLACEMENT_3D('',#10258,#10259,#10260);
#10258 = CARTESIAN_POINT('',(-5.72,0.,3.));
#10259 = DIRECTION('',(0.,-1.,0.));
#10260 = DIRECTION('',(0.,0.,-1.));
#10261 = ORIENTED_EDGE('',*,*,#10245,.F.);
#10262 = ORIENTED_EDGE('',*,*,#10263,.T.);
#10263 = EDGE_CURVE('',#10246,#10246,#10264,.T.);
#10264 = CIRCLE('',#10265,0.625);
#10265 = AXIS2_PLACEMENT_3D('',#10266,#10267,#10268);
#10266 = CARTESIAN_POINT('',(-5.72,0.5,3.));
#10267 = DIRECTION('',(0.,-1.,0.));
#10268 = DIRECTION('',(0.,0.,-1.));
#10269 = CYLINDRICAL_SURFACE('',#10270,0.625);
#10270 = AXIS2_PLACEMENT_3D('',#10271,#10272,#10273);
#10271 = CARTESIAN_POINT('',(-5.72,0.5,3.));
#10272 = DIRECTION('',(0.,-1.,0.));
#10273 = DIRECTION('',(0.,0.,-1.));
#10274 = ADVANCED_FACE('',(#10275),#10312,.T.);
#10275 = FACE_BOUND('',#10276,.T.);
#10276 = EDGE_LOOP('',(#10277,#10288,#10295,#10304,#10311));
#10277 = ORIENTED_EDGE('',*,*,#10278,.F.);
#10278 = EDGE_CURVE('',#10279,#10281,#10283,.T.);
#10279 = VERTEX_POINT('',#10280);
#10280 = CARTESIAN_POINT('',(-25.92,5.5,4.5));
#10281 = VERTEX_POINT('',#10282);
#10282 = CARTESIAN_POINT('',(-25.92,5.5,-4.5));
#10283 = CIRCLE('',#10284,4.5);
#10284 = AXIS2_PLACEMENT_3D('',#10285,#10286,#10287);
#10285 = CARTESIAN_POINT('',(-25.92,5.5,4.78418041366E-15));
#10286 = DIRECTION('',(-1.,0.,1.327322271541E-16));
#10287 = DIRECTION('',(1.327322271541E-16,0.,1.));
#10288 = ORIENTED_EDGE('',*,*,#10289,.F.);
#10289 = EDGE_CURVE('',#10281,#10279,#10290,.T.);
#10290 = CIRCLE('',#10291,4.5);
#10291 = AXIS2_PLACEMENT_3D('',#10292,#10293,#10294);
#10292 = CARTESIAN_POINT('',(-25.92,5.5,4.78418041366E-15));
#10293 = DIRECTION('',(-1.,0.,1.327322271541E-16));
#10294 = DIRECTION('',(1.327322271541E-16,0.,1.));
#10295 = ORIENTED_EDGE('',*,*,#10296,.T.);
#10296 = EDGE_CURVE('',#10281,#10297,#10299,.T.);
#10297 = VERTEX_POINT('',#10298);
#10298 = CARTESIAN_POINT('',(-26.22,5.5,-4.8));
#10299 = CIRCLE('',#10300,0.3);
#10300 = AXIS2_PLACEMENT_3D('',#10301,#10302,#10303);
#10301 = CARTESIAN_POINT('',(-25.92,5.5,-4.8));
#10302 = DIRECTION('',(2.889458327377E-32,-1.,2.176907891422E-16));
#10303 = DIRECTION('',(0.,-2.176907891422E-16,-1.));
#10304 = ORIENTED_EDGE('',*,*,#10305,.F.);
#10305 = EDGE_CURVE('',#10297,#10297,#10306,.T.);
#10306 = CIRCLE('',#10307,4.8);
#10307 = AXIS2_PLACEMENT_3D('',#10308,#10309,#10310);
#10308 = CARTESIAN_POINT('',(-26.22,5.5,4.824000081806E-15));
#10309 = DIRECTION('',(1.,0.,-1.327322271541E-16));
#10310 = DIRECTION('',(1.327322271541E-16,0.,1.));
#10311 = ORIENTED_EDGE('',*,*,#10296,.F.);
#10312 = TOROIDAL_SURFACE('',#10313,4.8,0.3);
#10313 = AXIS2_PLACEMENT_3D('',#10314,#10315,#10316);
#10314 = CARTESIAN_POINT('',(-25.92,5.5,4.78418041366E-15));
#10315 = DIRECTION('',(-1.,0.,1.327322271541E-16));
#10316 = DIRECTION('',(1.327322271541E-16,0.,1.));
#10317 = ADVANCED_FACE('',(#10318),#10355,.T.);
#10318 = FACE_BOUND('',#10319,.T.);
#10319 = EDGE_LOOP('',(#10320,#10329,#10338,#10347,#10354));
#10320 = ORIENTED_EDGE('',*,*,#10321,.F.);
#10321 = EDGE_CURVE('',#10322,#10322,#10324,.T.);
#10322 = VERTEX_POINT('',#10323);
#10323 = CARTESIAN_POINT('',(-26.22,5.5,-2.7));
#10324 = CIRCLE('',#10325,2.7);
#10325 = AXIS2_PLACEMENT_3D('',#10326,#10327,#10328);
#10326 = CARTESIAN_POINT('',(-26.22,5.5,4.824000081806E-15));
#10327 = DIRECTION('',(-1.,0.,1.327322271541E-16));
#10328 = DIRECTION('',(1.327322271541E-16,0.,1.));
#10329 = ORIENTED_EDGE('',*,*,#10330,.T.);
#10330 = EDGE_CURVE('',#10322,#10331,#10333,.T.);
#10331 = VERTEX_POINT('',#10332);
#10332 = CARTESIAN_POINT('',(-25.92,5.5,-3.));
#10333 = CIRCLE('',#10334,0.3);
#10334 = AXIS2_PLACEMENT_3D('',#10335,#10336,#10337);
#10335 = CARTESIAN_POINT('',(-25.92,5.5,-2.7));
#10336 = DIRECTION('',(0.,-1.,0.));
#10337 = DIRECTION('',(0.,0.,-1.));
#10338 = ORIENTED_EDGE('',*,*,#10339,.F.);
#10339 = EDGE_CURVE('',#10340,#10331,#10342,.T.);
#10340 = VERTEX_POINT('',#10341);
#10341 = CARTESIAN_POINT('',(-25.92,5.5,3.));
#10342 = CIRCLE('',#10343,3.);
#10343 = AXIS2_PLACEMENT_3D('',#10344,#10345,#10346);
#10344 = CARTESIAN_POINT('',(-25.92,5.5,4.78418041366E-15));
#10345 = DIRECTION('',(1.,0.,-1.327322271541E-16));
#10346 = DIRECTION('',(1.327322271541E-16,0.,1.));
#10347 = ORIENTED_EDGE('',*,*,#10348,.F.);
#10348 = EDGE_CURVE('',#10331,#10340,#10349,.T.);
#10349 = CIRCLE('',#10350,3.);
#10350 = AXIS2_PLACEMENT_3D('',#10351,#10352,#10353);
#10351 = CARTESIAN_POINT('',(-25.92,5.5,4.78418041366E-15));
#10352 = DIRECTION('',(1.,0.,-1.327322271541E-16));
#10353 = DIRECTION('',(1.327322271541E-16,0.,1.));
#10354 = ORIENTED_EDGE('',*,*,#10330,.F.);
#10355 = TOROIDAL_SURFACE('',#10356,2.7,0.3);
#10356 = AXIS2_PLACEMENT_3D('',#10357,#10358,#10359);
#10357 = CARTESIAN_POINT('',(-25.92,5.5,4.78418041366E-15));
#10358 = DIRECTION('',(-1.,0.,1.327322271541E-16));
#10359 = DIRECTION('',(1.327322271541E-16,0.,1.));
#10360 = ADVANCED_FACE('',(#10361),#10399,.T.);
#10361 = FACE_BOUND('',#10362,.T.);
#10362 = EDGE_LOOP('',(#10363,#10374,#10383,#10392));
#10363 = ORIENTED_EDGE('',*,*,#10364,.F.);
#10364 = EDGE_CURVE('',#10365,#10367,#10369,.T.);
#10365 = VERTEX_POINT('',#10366);
#10366 = CARTESIAN_POINT('',(-25.92,8.376766398497E-04,
    -9.598823540506E-02));
#10367 = VERTEX_POINT('',#10368);
#10368 = CARTESIAN_POINT('',(-25.92,8.376766398484E-04,
    9.598823540506E-02));
#10369 = CIRCLE('',#10370,5.5);
#10370 = AXIS2_PLACEMENT_3D('',#10371,#10372,#10373);
#10371 = CARTESIAN_POINT('',(-25.92,5.5,4.78418041366E-15));
#10372 = DIRECTION('',(1.,0.,-1.327322271541E-16));
#10373 = DIRECTION('',(1.327322271541E-16,0.,1.));
#10374 = ORIENTED_EDGE('',*,*,#10375,.T.);
#10375 = EDGE_CURVE('',#10365,#10376,#10378,.T.);
#10376 = VERTEX_POINT('',#10377);
#10377 = CARTESIAN_POINT('',(-26.22,0.300791985187,-9.075251347386E-02)
  );
#10378 = CIRCLE('',#10379,0.3);
#10379 = AXIS2_PLACEMENT_3D('',#10380,#10381,#10382);
#10380 = CARTESIAN_POINT('',(-25.92,0.300791985187,-9.075251347386E-02)
  );
#10381 = DIRECTION('',(-1.355046304054E-16,1.74524064373E-02,
    -0.999847695156));
#10382 = DIRECTION('',(-3.851859888774E-34,0.999847695156,
    1.74524064373E-02));
#10383 = ORIENTED_EDGE('',*,*,#10384,.F.);
#10384 = EDGE_CURVE('',#10385,#10376,#10387,.T.);
#10385 = VERTEX_POINT('',#10386);
#10386 = CARTESIAN_POINT('',(-26.22,0.300791985187,9.075251347388E-02));
#10387 = CIRCLE('',#10388,5.2);
#10388 = AXIS2_PLACEMENT_3D('',#10389,#10390,#10391);
#10389 = CARTESIAN_POINT('',(-26.22,5.5,4.824000081806E-15));
#10390 = DIRECTION('',(-1.,0.,1.327322271541E-16));
#10391 = DIRECTION('',(1.327322271541E-16,0.,1.));
#10392 = ORIENTED_EDGE('',*,*,#10393,.F.);
#10393 = EDGE_CURVE('',#10367,#10385,#10394,.T.);
#10394 = CIRCLE('',#10395,0.3);
#10395 = AXIS2_PLACEMENT_3D('',#10396,#10397,#10398);
#10396 = CARTESIAN_POINT('',(-25.92,0.300791985187,9.075251347388E-02));
#10397 = DIRECTION('',(4.516821013513E-17,-1.745240643728E-02,
    -0.999847695156));
#10398 = DIRECTION('',(-1.925929944387E-34,0.999847695156,
    -1.745240643728E-02));
#10399 = TOROIDAL_SURFACE('',#10400,5.2,0.3);
#10400 = AXIS2_PLACEMENT_3D('',#10401,#10402,#10403);
#10401 = CARTESIAN_POINT('',(-25.92,5.5,4.78418041366E-15));
#10402 = DIRECTION('',(-1.,0.,1.327322271541E-16));
#10403 = DIRECTION('',(-5.081744502209E-32,1.,-3.828568698927E-16));
#10404 = ADVANCED_FACE('',(#10405),#10425,.F.);
#10405 = FACE_BOUND('',#10406,.F.);
#10406 = EDGE_LOOP('',(#10407,#10415,#10422,#10423,#10424));
#10407 = ORIENTED_EDGE('',*,*,#10408,.T.);
#10408 = EDGE_CURVE('',#10279,#10409,#10411,.T.);
#10409 = VERTEX_POINT('',#10410);
#10410 = CARTESIAN_POINT('',(-12.22,5.5,4.5));
#10411 = LINE('',#10412,#10413);
#10412 = CARTESIAN_POINT('',(-26.22,5.5,4.5));
#10413 = VECTOR('',#10414,1.);
#10414 = DIRECTION('',(1.,0.,-1.445602896647E-16));
#10415 = ORIENTED_EDGE('',*,*,#10416,.T.);
#10416 = EDGE_CURVE('',#10409,#10409,#10417,.T.);
#10417 = CIRCLE('',#10418,4.5);
#10418 = AXIS2_PLACEMENT_3D('',#10419,#10420,#10421);
#10419 = CARTESIAN_POINT('',(-12.22,5.5,2.803704445253E-15));
#10420 = DIRECTION('',(-1.,0.,1.327322271541E-16));
#10421 = DIRECTION('',(1.327322271541E-16,0.,1.));
#10422 = ORIENTED_EDGE('',*,*,#10408,.F.);
#10423 = ORIENTED_EDGE('',*,*,#10289,.F.);
#10424 = ORIENTED_EDGE('',*,*,#10278,.F.);
#10425 = CYLINDRICAL_SURFACE('',#10426,4.5);
#10426 = AXIS2_PLACEMENT_3D('',#10427,#10428,#10429);
#10427 = CARTESIAN_POINT('',(-26.22,5.5,4.82754850056E-15));
#10428 = DIRECTION('',(1.,0.,-1.445602896647E-16));
#10429 = DIRECTION('',(-1.445602896647E-16,0.,-1.));
#10430 = ADVANCED_FACE('',(#10431),#10457,.T.);
#10431 = FACE_BOUND('',#10432,.T.);
#10432 = EDGE_LOOP('',(#10433,#10434,#10442,#10451));
#10433 = ORIENTED_EDGE('',*,*,#10364,.T.);
#10434 = ORIENTED_EDGE('',*,*,#10435,.T.);
#10435 = EDGE_CURVE('',#10367,#10436,#10438,.T.);
#10436 = VERTEX_POINT('',#10437);
#10437 = CARTESIAN_POINT('',(-12.22,8.37676639848E-04,9.598823540506E-02
    ));
#10438 = LINE('',#10439,#10440);
#10439 = CARTESIAN_POINT('',(-26.22,8.376766398484E-04,
    9.598823540506E-02));
#10440 = VECTOR('',#10441,1.);
#10441 = DIRECTION('',(1.,0.,-1.445602896647E-16));
#10442 = ORIENTED_EDGE('',*,*,#10443,.T.);
#10443 = EDGE_CURVE('',#10436,#10444,#10446,.T.);
#10444 = VERTEX_POINT('',#10445);
#10445 = CARTESIAN_POINT('',(-12.22,8.376766398484E-04,
    -9.598823540506E-02));
#10446 = CIRCLE('',#10447,5.5);
#10447 = AXIS2_PLACEMENT_3D('',#10448,#10449,#10450);
#10448 = CARTESIAN_POINT('',(-12.22,5.5,2.803704445253E-15));
#10449 = DIRECTION('',(-1.,0.,1.327322271541E-16));
#10450 = DIRECTION('',(1.327322271541E-16,0.,1.));
#10451 = ORIENTED_EDGE('',*,*,#10452,.F.);
#10452 = EDGE_CURVE('',#10365,#10444,#10453,.T.);
#10453 = LINE('',#10454,#10455);
#10454 = CARTESIAN_POINT('',(-26.22,8.376766398497E-04,
    -9.598823540506E-02));
#10455 = VECTOR('',#10456,1.);
#10456 = DIRECTION('',(1.,0.,-1.445602896647E-16));
#10457 = CYLINDRICAL_SURFACE('',#10458,5.5);
#10458 = AXIS2_PLACEMENT_3D('',#10459,#10460,#10461);
#10459 = CARTESIAN_POINT('',(-26.22,5.5,4.82754850056E-15));
#10460 = DIRECTION('',(1.,0.,-1.445602896647E-16));
#10461 = DIRECTION('',(-8.851764801087E-33,1.,-6.123233995737E-17));
#10462 = ADVANCED_FACE('',(#10463),#10483,.T.);
#10463 = FACE_BOUND('',#10464,.T.);
#10464 = EDGE_LOOP('',(#10465,#10474,#10480,#10481,#10482));
#10465 = ORIENTED_EDGE('',*,*,#10466,.T.);
#10466 = EDGE_CURVE('',#10467,#10467,#10469,.T.);
#10467 = VERTEX_POINT('',#10468);
#10468 = CARTESIAN_POINT('',(-12.22,5.5,3.));
#10469 = CIRCLE('',#10470,3.);
#10470 = AXIS2_PLACEMENT_3D('',#10471,#10472,#10473);
#10471 = CARTESIAN_POINT('',(-12.22,5.5,2.803704445253E-15));
#10472 = DIRECTION('',(-1.,0.,1.445602896647E-16));
#10473 = DIRECTION('',(-1.445602896647E-16,0.,-1.));
#10474 = ORIENTED_EDGE('',*,*,#10475,.T.);
#10475 = EDGE_CURVE('',#10467,#10340,#10476,.T.);
#10476 = LINE('',#10477,#10478);
#10477 = CARTESIAN_POINT('',(-26.22,5.5,3.));
#10478 = VECTOR('',#10479,1.);
#10479 = DIRECTION('',(-1.,0.,1.445602896647E-16));
#10480 = ORIENTED_EDGE('',*,*,#10339,.T.);
#10481 = ORIENTED_EDGE('',*,*,#10348,.T.);
#10482 = ORIENTED_EDGE('',*,*,#10475,.F.);
#10483 = CYLINDRICAL_SURFACE('',#10484,3.);
#10484 = AXIS2_PLACEMENT_3D('',#10485,#10486,#10487);
#10485 = CARTESIAN_POINT('',(-26.22,5.5,4.82754850056E-15));
#10486 = DIRECTION('',(1.,0.,-1.445602896647E-16));
#10487 = DIRECTION('',(-1.445602896647E-16,0.,-1.));
#10488 = ADVANCED_FACE('',(#10489),#10516,.F.);
#10489 = FACE_BOUND('',#10490,.F.);
#10490 = EDGE_LOOP('',(#10491,#10501,#10508,#10509));
#10491 = ORIENTED_EDGE('',*,*,#10492,.T.);
#10492 = EDGE_CURVE('',#10493,#10495,#10497,.T.);
#10493 = VERTEX_POINT('',#10494);
#10494 = CARTESIAN_POINT('',(-26.22,5.5,2.));
#10495 = VERTEX_POINT('',#10496);
#10496 = CARTESIAN_POINT('',(-12.22,5.5,2.));
#10497 = LINE('',#10498,#10499);
#10498 = CARTESIAN_POINT('',(-26.22,5.5,2.));
#10499 = VECTOR('',#10500,1.);
#10500 = DIRECTION('',(1.,0.,-1.445602896647E-16));
#10501 = ORIENTED_EDGE('',*,*,#10502,.T.);
#10502 = EDGE_CURVE('',#10495,#10495,#10503,.T.);
#10503 = CIRCLE('',#10504,2.);
#10504 = AXIS2_PLACEMENT_3D('',#10505,#10506,#10507);
#10505 = CARTESIAN_POINT('',(-12.22,5.5,2.803704445253E-15));
#10506 = DIRECTION('',(-1.,0.,1.327322271541E-16));
#10507 = DIRECTION('',(1.327322271541E-16,0.,1.));
#10508 = ORIENTED_EDGE('',*,*,#10492,.F.);
#10509 = ORIENTED_EDGE('',*,*,#10510,.F.);
#10510 = EDGE_CURVE('',#10493,#10493,#10511,.T.);
#10511 = CIRCLE('',#10512,2.);
#10512 = AXIS2_PLACEMENT_3D('',#10513,#10514,#10515);
#10513 = CARTESIAN_POINT('',(-26.22,5.5,4.82754850056E-15));
#10514 = DIRECTION('',(-1.,0.,1.327322271541E-16));
#10515 = DIRECTION('',(1.327322271541E-16,0.,1.));
#10516 = CYLINDRICAL_SURFACE('',#10517,2.);
#10517 = AXIS2_PLACEMENT_3D('',#10518,#10519,#10520);
#10518 = CARTESIAN_POINT('',(-26.22,5.5,4.82754850056E-15));
#10519 = DIRECTION('',(1.,0.,-1.445602896647E-16));
#10520 = DIRECTION('',(-1.445602896647E-16,0.,-1.));
#10521 = ADVANCED_FACE('',(#10522,#10525),#10528,.F.);
#10522 = FACE_BOUND('',#10523,.T.);
#10523 = EDGE_LOOP('',(#10524));
#10524 = ORIENTED_EDGE('',*,*,#10416,.T.);
#10525 = FACE_BOUND('',#10526,.T.);
#10526 = EDGE_LOOP('',(#10527));
#10527 = ORIENTED_EDGE('',*,*,#10466,.F.);
#10528 = PLANE('',#10529);
#10529 = AXIS2_PLACEMENT_3D('',#10530,#10531,#10532);
#10530 = CARTESIAN_POINT('',(-12.22,11.5,6.));
#10531 = DIRECTION('',(1.,0.,-1.445602896647E-16));
#10532 = DIRECTION('',(-1.445602896647E-16,0.,-1.));
#10533 = ADVANCED_FACE('',(#10534,#10537),#10540,.T.);
#10534 = FACE_BOUND('',#10535,.T.);
#10535 = EDGE_LOOP('',(#10536));
#10536 = ORIENTED_EDGE('',*,*,#10321,.T.);
#10537 = FACE_BOUND('',#10538,.T.);
#10538 = EDGE_LOOP('',(#10539));
#10539 = ORIENTED_EDGE('',*,*,#10510,.F.);
#10540 = PLANE('',#10541);
#10541 = AXIS2_PLACEMENT_3D('',#10542,#10543,#10544);
#10542 = CARTESIAN_POINT('',(-26.22,0.,3.645831871129E-15));
#10543 = DIRECTION('',(-1.,0.,1.327322271541E-16));
#10544 = DIRECTION('',(1.327322271541E-16,0.,1.));
#10545 = ADVANCED_FACE('',(#10546),#10549,.F.);
#10546 = FACE_BOUND('',#10547,.T.);
#10547 = EDGE_LOOP('',(#10548));
#10548 = ORIENTED_EDGE('',*,*,#10502,.T.);
#10549 = PLANE('',#10550);
#10550 = AXIS2_PLACEMENT_3D('',#10551,#10552,#10553);
#10551 = CARTESIAN_POINT('',(-12.22,11.5,6.));
#10552 = DIRECTION('',(1.,0.,-1.445602896647E-16));
#10553 = DIRECTION('',(-1.445602896647E-16,0.,-1.));
#10554 = ADVANCED_FACE('',(#10555),#10580,.F.);
#10555 = FACE_BOUND('',#10556,.T.);
#10556 = EDGE_LOOP('',(#10557,#10567,#10573,#10574));
#10557 = ORIENTED_EDGE('',*,*,#10558,.F.);
#10558 = EDGE_CURVE('',#10559,#10561,#10563,.T.);
#10559 = VERTEX_POINT('',#10560);
#10560 = CARTESIAN_POINT('',(-25.92,0.,-4.799777284911E-02));
#10561 = VERTEX_POINT('',#10562);
#10562 = CARTESIAN_POINT('',(-12.22,0.,-4.799777284911E-02));
#10563 = LINE('',#10564,#10565);
#10564 = CARTESIAN_POINT('',(-26.22,0.,-4.799777284911E-02));
#10565 = VECTOR('',#10566,1.);
#10566 = DIRECTION('',(1.,0.,-1.445602896647E-16));
#10567 = ORIENTED_EDGE('',*,*,#10568,.T.);
#10568 = EDGE_CURVE('',#10559,#10365,#10569,.T.);
#10569 = LINE('',#10570,#10571);
#10570 = CARTESIAN_POINT('',(-25.92,8.376766398501E-04,
    -9.598823540506E-02));
#10571 = VECTOR('',#10572,1.);
#10572 = DIRECTION('',(-1.32712011393E-16,1.74524064373E-02,
    -0.999847695156));
#10573 = ORIENTED_EDGE('',*,*,#10452,.T.);
#10574 = ORIENTED_EDGE('',*,*,#10575,.T.);
#10575 = EDGE_CURVE('',#10444,#10561,#10576,.T.);
#10576 = LINE('',#10577,#10578);
#10577 = CARTESIAN_POINT('',(-12.22,-8.375490576384E-04,
    -1.461947318004E-05));
#10578 = VECTOR('',#10579,1.);
#10579 = DIRECTION('',(1.32712011393E-16,-1.74524064373E-02,
    0.999847695156));
#10580 = PLANE('',#10581);
#10581 = AXIS2_PLACEMENT_3D('',#10582,#10583,#10584);
#10582 = CARTESIAN_POINT('',(-26.22,-8.375490576384E-04,
    -1.461947317801E-05));
#10583 = DIRECTION('',(2.522924929923E-18,0.999847695156,
    1.74524064373E-02));
#10584 = DIRECTION('',(-1.203706215242E-35,-1.74524064373E-02,
    0.999847695156));
#10585 = ADVANCED_FACE('',(#10586),#10611,.F.);
#10586 = FACE_BOUND('',#10587,.T.);
#10587 = EDGE_LOOP('',(#10588,#10589,#10597,#10605));
#10588 = ORIENTED_EDGE('',*,*,#10435,.F.);
#10589 = ORIENTED_EDGE('',*,*,#10590,.T.);
#10590 = EDGE_CURVE('',#10367,#10591,#10593,.T.);
#10591 = VERTEX_POINT('',#10592);
#10592 = CARTESIAN_POINT('',(-25.92,0.,4.799777284917E-02));
#10593 = LINE('',#10594,#10595);
#10594 = CARTESIAN_POINT('',(-25.92,0.,4.799777284917E-02));
#10595 = VECTOR('',#10596,1.);
#10596 = DIRECTION('',(-1.32712011393E-16,-1.745240643728E-02,
    -0.999847695156));
#10597 = ORIENTED_EDGE('',*,*,#10598,.T.);
#10598 = EDGE_CURVE('',#10591,#10599,#10601,.T.);
#10599 = VERTEX_POINT('',#10600);
#10600 = CARTESIAN_POINT('',(-12.22,0.,4.799777284917E-02));
#10601 = LINE('',#10602,#10603);
#10602 = CARTESIAN_POINT('',(-26.22,0.,4.799777284917E-02));
#10603 = VECTOR('',#10604,1.);
#10604 = DIRECTION('',(1.,0.,-1.445602896647E-16));
#10605 = ORIENTED_EDGE('',*,*,#10606,.T.);
#10606 = EDGE_CURVE('',#10599,#10436,#10607,.T.);
#10607 = LINE('',#10608,#10609);
#10608 = CARTESIAN_POINT('',(-12.22,-8.375490576384E-04,
    1.461947318327E-05));
#10609 = VECTOR('',#10610,1.);
#10610 = DIRECTION('',(1.32712011393E-16,1.745240643728E-02,
    0.999847695156));
#10611 = PLANE('',#10612);
#10612 = AXIS2_PLACEMENT_3D('',#10613,#10614,#10615);
#10613 = CARTESIAN_POINT('',(-26.22,-8.375490576384E-04,
    1.461947318529E-05));
#10614 = DIRECTION('',(-2.52292492992E-18,0.999847695156,
    -1.745240643728E-02));
#10615 = DIRECTION('',(-1.203706215242E-35,1.745240643728E-02,
    0.999847695156));
#10616 = ADVANCED_FACE('',(#10617,#10642),#10645,.T.);
#10617 = FACE_BOUND('',#10618,.T.);
#10618 = EDGE_LOOP('',(#10619,#10627,#10635,#10641));
#10619 = ORIENTED_EDGE('',*,*,#10620,.T.);
#10620 = EDGE_CURVE('',#10376,#10621,#10623,.T.);
#10621 = VERTEX_POINT('',#10622);
#10622 = CARTESIAN_POINT('',(-26.22,0.3,-4.537971251188E-02));
#10623 = LINE('',#10624,#10625);
#10624 = CARTESIAN_POINT('',(-26.22,0.299954308547,-4.276205091792E-02)
  );
#10625 = VECTOR('',#10626,1.);
#10626 = DIRECTION('',(1.32712011393E-16,-1.74524064373E-02,
    0.999847695156));
#10627 = ORIENTED_EDGE('',*,*,#10628,.T.);
#10628 = EDGE_CURVE('',#10621,#10629,#10631,.T.);
#10629 = VERTEX_POINT('',#10630);
#10630 = CARTESIAN_POINT('',(-26.22,0.3,4.537971251194E-02));
#10631 = LINE('',#10632,#10633);
#10632 = CARTESIAN_POINT('',(-26.22,0.3,3.645831871129E-15));
#10633 = VECTOR('',#10634,1.);
#10634 = DIRECTION('',(1.327322271541E-16,0.,1.));
#10635 = ORIENTED_EDGE('',*,*,#10636,.T.);
#10636 = EDGE_CURVE('',#10629,#10385,#10637,.T.);
#10637 = LINE('',#10638,#10639);
#10638 = CARTESIAN_POINT('',(-26.22,0.300791985187,9.075251347388E-02));
#10639 = VECTOR('',#10640,1.);
#10640 = DIRECTION('',(1.32712011393E-16,1.745240643728E-02,
    0.999847695156));
#10641 = ORIENTED_EDGE('',*,*,#10384,.T.);
#10642 = FACE_BOUND('',#10643,.T.);
#10643 = EDGE_LOOP('',(#10644));
#10644 = ORIENTED_EDGE('',*,*,#10305,.T.);
#10645 = PLANE('',#10646);
#10646 = AXIS2_PLACEMENT_3D('',#10647,#10648,#10649);
#10647 = CARTESIAN_POINT('',(-26.22,0.,3.645831871129E-15));
#10648 = DIRECTION('',(-1.,0.,1.327322271541E-16));
#10649 = DIRECTION('',(1.327322271541E-16,0.,1.));
#10650 = ADVANCED_FACE('',(#10651),#10687,.T.);
#10651 = FACE_BOUND('',#10652,.T.);
#10652 = EDGE_LOOP('',(#10653,#10663,#10672,#10680));
#10653 = ORIENTED_EDGE('',*,*,#10654,.T.);
#10654 = EDGE_CURVE('',#10655,#10657,#10659,.T.);
#10655 = VERTEX_POINT('',#10656);
#10656 = CARTESIAN_POINT('',(-9.22,8.,-6.));
#10657 = VERTEX_POINT('',#10658);
#10658 = CARTESIAN_POINT('',(-9.22,11.2,-6.));
#10659 = LINE('',#10660,#10661);
#10660 = CARTESIAN_POINT('',(-9.22,-8.356995214685E-32,-6.));
#10661 = VECTOR('',#10662,1.);
#10662 = DIRECTION('',(1.232595164408E-32,1.,-1.781843140061E-48));
#10663 = ORIENTED_EDGE('',*,*,#10664,.T.);
#10664 = EDGE_CURVE('',#10657,#10665,#10667,.T.);
#10665 = VERTEX_POINT('',#10666);
#10666 = CARTESIAN_POINT('',(-9.22,11.5,-5.7));
#10667 = CIRCLE('',#10668,0.3);
#10668 = AXIS2_PLACEMENT_3D('',#10669,#10670,#10671);
#10669 = CARTESIAN_POINT('',(-9.22,11.2,-5.7));
#10670 = DIRECTION('',(1.,-1.232595164408E-32,-1.327322271541E-16));
#10671 = DIRECTION('',(-1.327322271541E-16,1.636051013512E-48,-1.));
#10672 = ORIENTED_EDGE('',*,*,#10673,.T.);
#10673 = EDGE_CURVE('',#10665,#10674,#10676,.T.);
#10674 = VERTEX_POINT('',#10675);
#10675 = CARTESIAN_POINT('',(-9.22,11.5,-2.5));
#10676 = LINE('',#10677,#10678);
#10677 = CARTESIAN_POINT('',(-9.22,11.5,1.413040134531E-15));
#10678 = VECTOR('',#10679,1.);
#10679 = DIRECTION('',(1.327322271541E-16,0.,1.));
#10680 = ORIENTED_EDGE('',*,*,#10681,.T.);
#10681 = EDGE_CURVE('',#10674,#10655,#10682,.T.);
#10682 = CIRCLE('',#10683,3.5);
#10683 = AXIS2_PLACEMENT_3D('',#10684,#10685,#10686);
#10684 = CARTESIAN_POINT('',(-9.22,8.,-2.5));
#10685 = DIRECTION('',(-1.,1.232595164408E-32,1.327322271541E-16));
#10686 = DIRECTION('',(-1.327322271541E-16,1.636051013512E-48,-1.));
#10687 = PLANE('',#10688);
#10688 = AXIS2_PLACEMENT_3D('',#10689,#10690,#10691);
#10689 = CARTESIAN_POINT('',(-9.22,-8.356995214685E-32,
    1.413040134531E-15));
#10690 = DIRECTION('',(1.,-1.232595164408E-32,-1.327322271541E-16));
#10691 = DIRECTION('',(-1.327322271541E-16,0.,-1.));
#10692 = ADVANCED_FACE('',(#10693),#10719,.T.);
#10693 = FACE_BOUND('',#10694,.T.);
#10694 = EDGE_LOOP('',(#10695,#10703,#10712,#10718));
#10695 = ORIENTED_EDGE('',*,*,#10696,.T.);
#10696 = EDGE_CURVE('',#10674,#10697,#10699,.T.);
#10697 = VERTEX_POINT('',#10698);
#10698 = CARTESIAN_POINT('',(5.28,11.5,-2.5));
#10699 = LINE('',#10700,#10701);
#10700 = CARTESIAN_POINT('',(-9.22,11.5,-2.5));
#10701 = VECTOR('',#10702,1.);
#10702 = DIRECTION('',(1.,0.,-1.445602896647E-16));
#10703 = ORIENTED_EDGE('',*,*,#10704,.T.);
#10704 = EDGE_CURVE('',#10697,#10705,#10707,.T.);
#10705 = VERTEX_POINT('',#10706);
#10706 = CARTESIAN_POINT('',(5.28,8.,-6.));
#10707 = CIRCLE('',#10708,3.5);
#10708 = AXIS2_PLACEMENT_3D('',#10709,#10710,#10711);
#10709 = CARTESIAN_POINT('',(5.28,8.,-2.5));
#10710 = DIRECTION('',(-1.,0.,1.445602896647E-16));
#10711 = DIRECTION('',(1.445602896647E-16,0.,1.));
#10712 = ORIENTED_EDGE('',*,*,#10713,.F.);
#10713 = EDGE_CURVE('',#10655,#10705,#10714,.T.);
#10714 = LINE('',#10715,#10716);
#10715 = CARTESIAN_POINT('',(-9.22,8.,-6.));
#10716 = VECTOR('',#10717,1.);
#10717 = DIRECTION('',(1.,0.,-1.445602896647E-16));
#10718 = ORIENTED_EDGE('',*,*,#10681,.F.);
#10719 = CYLINDRICAL_SURFACE('',#10720,3.5);
#10720 = AXIS2_PLACEMENT_3D('',#10721,#10722,#10723);
#10721 = CARTESIAN_POINT('',(-9.22,8.,-2.5));
#10722 = DIRECTION('',(1.,0.,-1.445602896647E-16));
#10723 = DIRECTION('',(-1.445602896647E-16,0.,-1.));
#10724 = ADVANCED_FACE('',(#10725),#10761,.T.);
#10725 = FACE_BOUND('',#10726,.T.);
#10726 = EDGE_LOOP('',(#10727,#10737,#10746,#10754));
#10727 = ORIENTED_EDGE('',*,*,#10728,.T.);
#10728 = EDGE_CURVE('',#10729,#10731,#10733,.T.);
#10729 = VERTEX_POINT('',#10730);
#10730 = CARTESIAN_POINT('',(-9.22,11.5,2.5));
#10731 = VERTEX_POINT('',#10732);
#10732 = CARTESIAN_POINT('',(-9.22,11.5,5.7));
#10733 = LINE('',#10734,#10735);
#10734 = CARTESIAN_POINT('',(-9.22,11.5,1.413040134531E-15));
#10735 = VECTOR('',#10736,1.);
#10736 = DIRECTION('',(1.327322271541E-16,0.,1.));
#10737 = ORIENTED_EDGE('',*,*,#10738,.T.);
#10738 = EDGE_CURVE('',#10731,#10739,#10741,.T.);
#10739 = VERTEX_POINT('',#10740);
#10740 = CARTESIAN_POINT('',(-9.22,11.2,6.));
#10741 = CIRCLE('',#10742,0.3);
#10742 = AXIS2_PLACEMENT_3D('',#10743,#10744,#10745);
#10743 = CARTESIAN_POINT('',(-9.22,11.2,5.7));
#10744 = DIRECTION('',(1.,-1.232595164408E-32,-1.327322271541E-16));
#10745 = DIRECTION('',(-1.327322271541E-16,1.636051013512E-48,-1.));
#10746 = ORIENTED_EDGE('',*,*,#10747,.T.);
#10747 = EDGE_CURVE('',#10739,#10748,#10750,.T.);
#10748 = VERTEX_POINT('',#10749);
#10749 = CARTESIAN_POINT('',(-9.22,8.,6.));
#10750 = LINE('',#10751,#10752);
#10751 = CARTESIAN_POINT('',(-9.22,-8.356995214685E-32,6.));
#10752 = VECTOR('',#10753,1.);
#10753 = DIRECTION('',(-1.232595164408E-32,-1.,1.781843140061E-48));
#10754 = ORIENTED_EDGE('',*,*,#10755,.T.);
#10755 = EDGE_CURVE('',#10748,#10729,#10756,.T.);
#10756 = CIRCLE('',#10757,3.5);
#10757 = AXIS2_PLACEMENT_3D('',#10758,#10759,#10760);
#10758 = CARTESIAN_POINT('',(-9.22,8.,2.5));
#10759 = DIRECTION('',(-1.,1.232595164408E-32,1.327322271541E-16));
#10760 = DIRECTION('',(-1.327322271541E-16,1.636051013512E-48,-1.));
#10761 = PLANE('',#10762);
#10762 = AXIS2_PLACEMENT_3D('',#10763,#10764,#10765);
#10763 = CARTESIAN_POINT('',(-9.22,-8.356995214685E-32,
    1.413040134531E-15));
#10764 = DIRECTION('',(1.,-1.232595164408E-32,-1.327322271541E-16));
#10765 = DIRECTION('',(-1.327322271541E-16,0.,-1.));
#10766 = ADVANCED_FACE('',(#10767),#10793,.T.);
#10767 = FACE_BOUND('',#10768,.T.);
#10768 = EDGE_LOOP('',(#10769,#10777,#10786,#10792));
#10769 = ORIENTED_EDGE('',*,*,#10770,.T.);
#10770 = EDGE_CURVE('',#10748,#10771,#10773,.T.);
#10771 = VERTEX_POINT('',#10772);
#10772 = CARTESIAN_POINT('',(5.28,8.,6.));
#10773 = LINE('',#10774,#10775);
#10774 = CARTESIAN_POINT('',(-9.22,8.,6.));
#10775 = VECTOR('',#10776,1.);
#10776 = DIRECTION('',(1.,0.,-1.445602896647E-16));
#10777 = ORIENTED_EDGE('',*,*,#10778,.T.);
#10778 = EDGE_CURVE('',#10771,#10779,#10781,.T.);
#10779 = VERTEX_POINT('',#10780);
#10780 = CARTESIAN_POINT('',(5.28,11.5,2.5));
#10781 = CIRCLE('',#10782,3.5);
#10782 = AXIS2_PLACEMENT_3D('',#10783,#10784,#10785);
#10783 = CARTESIAN_POINT('',(5.28,8.,2.5));
#10784 = DIRECTION('',(-1.,0.,1.445602896647E-16));
#10785 = DIRECTION('',(1.445602896647E-16,0.,1.));
#10786 = ORIENTED_EDGE('',*,*,#10787,.F.);
#10787 = EDGE_CURVE('',#10729,#10779,#10788,.T.);
#10788 = LINE('',#10789,#10790);
#10789 = CARTESIAN_POINT('',(-9.22,11.5,2.5));
#10790 = VECTOR('',#10791,1.);
#10791 = DIRECTION('',(1.,0.,-1.445602896647E-16));
#10792 = ORIENTED_EDGE('',*,*,#10755,.F.);
#10793 = CYLINDRICAL_SURFACE('',#10794,3.5);
#10794 = AXIS2_PLACEMENT_3D('',#10795,#10796,#10797);
#10795 = CARTESIAN_POINT('',(-9.22,8.,2.5));
#10796 = DIRECTION('',(1.,0.,-1.445602896647E-16));
#10797 = DIRECTION('',(-1.445602896647E-16,0.,-1.));
#10798 = ADVANCED_FACE('',(#10799),#10831,.T.);
#10799 = FACE_BOUND('',#10800,.T.);
#10800 = EDGE_LOOP('',(#10801,#10810,#10816,#10825));
#10801 = ORIENTED_EDGE('',*,*,#10802,.T.);
#10802 = EDGE_CURVE('',#10803,#10697,#10805,.T.);
#10803 = VERTEX_POINT('',#10804);
#10804 = CARTESIAN_POINT('',(6.78,10.,-2.5));
#10805 = CIRCLE('',#10806,1.5);
#10806 = AXIS2_PLACEMENT_3D('',#10807,#10808,#10809);
#10807 = CARTESIAN_POINT('',(5.28,10.,-2.5));
#10808 = DIRECTION('',(2.891205793295E-16,2.891205793295E-16,1.));
#10809 = DIRECTION('',(1.,4.379057701015E-47,-2.891205793295E-16));
#10810 = ORIENTED_EDGE('',*,*,#10811,.F.);
#10811 = EDGE_CURVE('',#10779,#10697,#10812,.T.);
#10812 = LINE('',#10813,#10814);
#10813 = CARTESIAN_POINT('',(5.28,11.5,-2.5));
#10814 = VECTOR('',#10815,1.);
#10815 = DIRECTION('',(-1.445602896647E-16,0.,-1.));
#10816 = ORIENTED_EDGE('',*,*,#10817,.F.);
#10817 = EDGE_CURVE('',#10818,#10779,#10820,.T.);
#10818 = VERTEX_POINT('',#10819);
#10819 = CARTESIAN_POINT('',(6.78,10.,2.5));
#10820 = CIRCLE('',#10821,1.5);
#10821 = AXIS2_PLACEMENT_3D('',#10822,#10823,#10824);
#10822 = CARTESIAN_POINT('',(5.28,10.,2.5));
#10823 = DIRECTION('',(2.891205793295E-16,2.891205793295E-16,1.));
#10824 = DIRECTION('',(1.,4.379057701015E-47,-2.891205793295E-16));
#10825 = ORIENTED_EDGE('',*,*,#10826,.F.);
#10826 = EDGE_CURVE('',#10803,#10818,#10827,.T.);
#10827 = LINE('',#10828,#10829);
#10828 = CARTESIAN_POINT('',(6.78,10.,2.5));
#10829 = VECTOR('',#10830,1.);
#10830 = DIRECTION('',(1.445602896647E-16,0.,1.));
#10831 = CYLINDRICAL_SURFACE('',#10832,1.5);
#10832 = AXIS2_PLACEMENT_3D('',#10833,#10834,#10835);
#10833 = CARTESIAN_POINT('',(5.28,10.,-7.632783294298E-16));
#10834 = DIRECTION('',(1.445602896647E-16,0.,1.));
#10835 = DIRECTION('',(1.,0.,-1.445602896647E-16));
#10836 = ADVANCED_FACE('',(#10837),#10857,.T.);
#10837 = FACE_BOUND('',#10838,.T.);
#10838 = EDGE_LOOP('',(#10839,#10848,#10849,#10850));
#10839 = ORIENTED_EDGE('',*,*,#10840,.T.);
#10840 = EDGE_CURVE('',#10841,#10705,#10843,.T.);
#10841 = VERTEX_POINT('',#10842);
#10842 = CARTESIAN_POINT('',(6.78,8.,-4.5));
#10843 = CIRCLE('',#10844,1.5);
#10844 = AXIS2_PLACEMENT_3D('',#10845,#10846,#10847);
#10845 = CARTESIAN_POINT('',(5.28,8.,-4.5));
#10846 = DIRECTION('',(0.,1.,0.));
#10847 = DIRECTION('',(0.,-0.,1.));
#10848 = ORIENTED_EDGE('',*,*,#10704,.F.);
#10849 = ORIENTED_EDGE('',*,*,#10802,.F.);
#10850 = ORIENTED_EDGE('',*,*,#10851,.F.);
#10851 = EDGE_CURVE('',#10841,#10803,#10852,.T.);
#10852 = CIRCLE('',#10853,2.);
#10853 = AXIS2_PLACEMENT_3D('',#10854,#10855,#10856);
#10854 = CARTESIAN_POINT('',(6.78,8.,-2.5));
#10855 = DIRECTION('',(1.,0.,-1.445602896647E-16));
#10856 = DIRECTION('',(1.445602896647E-16,0.,1.));
#10857 = TOROIDAL_SURFACE('',#10858,2.,1.5);
#10858 = AXIS2_PLACEMENT_3D('',#10859,#10860,#10861);
#10859 = CARTESIAN_POINT('',(5.28,8.,-2.5));
#10860 = DIRECTION('',(-1.,0.,1.445602896647E-16));
#10861 = DIRECTION('',(1.445602896647E-16,0.,1.));
#10862 = ADVANCED_FACE('',(#10863),#10883,.T.);
#10863 = FACE_BOUND('',#10864,.T.);
#10864 = EDGE_LOOP('',(#10865,#10866,#10867,#10876));
#10865 = ORIENTED_EDGE('',*,*,#10817,.T.);
#10866 = ORIENTED_EDGE('',*,*,#10778,.F.);
#10867 = ORIENTED_EDGE('',*,*,#10868,.F.);
#10868 = EDGE_CURVE('',#10869,#10771,#10871,.T.);
#10869 = VERTEX_POINT('',#10870);
#10870 = CARTESIAN_POINT('',(6.78,8.,4.5));
#10871 = CIRCLE('',#10872,1.5);
#10872 = AXIS2_PLACEMENT_3D('',#10873,#10874,#10875);
#10873 = CARTESIAN_POINT('',(5.28,8.,4.5));
#10874 = DIRECTION('',(0.,-1.,0.));
#10875 = DIRECTION('',(0.,0.,-1.));
#10876 = ORIENTED_EDGE('',*,*,#10877,.F.);
#10877 = EDGE_CURVE('',#10818,#10869,#10878,.T.);
#10878 = CIRCLE('',#10879,2.);
#10879 = AXIS2_PLACEMENT_3D('',#10880,#10881,#10882);
#10880 = CARTESIAN_POINT('',(6.78,8.,2.5));
#10881 = DIRECTION('',(1.,0.,-1.445602896647E-16));
#10882 = DIRECTION('',(1.445602896647E-16,0.,1.));
#10883 = TOROIDAL_SURFACE('',#10884,2.,1.5);
#10884 = AXIS2_PLACEMENT_3D('',#10885,#10886,#10887);
#10885 = CARTESIAN_POINT('',(5.28,8.,2.5));
#10886 = DIRECTION('',(-1.,0.,1.445602896647E-16));
#10887 = DIRECTION('',(1.445602896647E-16,0.,1.));
#10888 = ADVANCED_FACE('',(#10889),#10918,.T.);
#10889 = FACE_BOUND('',#10890,.T.);
#10890 = EDGE_LOOP('',(#10891,#10892,#10900,#10908,#10914,#10915,#10916,
    #10917));
#10891 = ORIENTED_EDGE('',*,*,#10673,.F.);
#10892 = ORIENTED_EDGE('',*,*,#10893,.T.);
#10893 = EDGE_CURVE('',#10665,#10894,#10896,.T.);
#10894 = VERTEX_POINT('',#10895);
#10895 = CARTESIAN_POINT('',(-12.22,11.5,-5.7));
#10896 = LINE('',#10897,#10898);
#10897 = CARTESIAN_POINT('',(-12.22,11.5,-5.7));
#10898 = VECTOR('',#10899,1.);
#10899 = DIRECTION('',(-1.,0.,1.369518533666E-16));
#10900 = ORIENTED_EDGE('',*,*,#10901,.T.);
#10901 = EDGE_CURVE('',#10894,#10902,#10904,.T.);
#10902 = VERTEX_POINT('',#10903);
#10903 = CARTESIAN_POINT('',(-12.22,11.5,5.7));
#10904 = LINE('',#10905,#10906);
#10905 = CARTESIAN_POINT('',(-12.22,11.5,6.));
#10906 = VECTOR('',#10907,1.);
#10907 = DIRECTION('',(1.445602896647E-16,0.,1.));
#10908 = ORIENTED_EDGE('',*,*,#10909,.T.);
#10909 = EDGE_CURVE('',#10902,#10731,#10910,.T.);
#10910 = LINE('',#10911,#10912);
#10911 = CARTESIAN_POINT('',(-9.22,11.5,5.7));
#10912 = VECTOR('',#10913,1.);
#10913 = DIRECTION('',(1.,0.,-1.369518533666E-16));
#10914 = ORIENTED_EDGE('',*,*,#10728,.F.);
#10915 = ORIENTED_EDGE('',*,*,#10787,.T.);
#10916 = ORIENTED_EDGE('',*,*,#10811,.T.);
#10917 = ORIENTED_EDGE('',*,*,#10696,.F.);
#10918 = PLANE('',#10919);
#10919 = AXIS2_PLACEMENT_3D('',#10920,#10921,#10922);
#10920 = CARTESIAN_POINT('',(0.,11.5,0.));
#10921 = DIRECTION('',(0.,1.,0.));
#10922 = DIRECTION('',(0.,-0.,1.));
#10923 = ADVANCED_FACE('',(#10924),#10950,.T.);
#10924 = FACE_BOUND('',#10925,.T.);
#10925 = EDGE_LOOP('',(#10926,#10937,#10943,#10944));
#10926 = ORIENTED_EDGE('',*,*,#10927,.F.);
#10927 = EDGE_CURVE('',#10928,#10930,#10932,.T.);
#10928 = VERTEX_POINT('',#10929);
#10929 = CARTESIAN_POINT('',(5.28,0.,-6.));
#10930 = VERTEX_POINT('',#10931);
#10931 = CARTESIAN_POINT('',(6.78,0.,-4.5));
#10932 = CIRCLE('',#10933,1.5);
#10933 = AXIS2_PLACEMENT_3D('',#10934,#10935,#10936);
#10934 = CARTESIAN_POINT('',(5.28,0.,-4.5));
#10935 = DIRECTION('',(0.,-1.,0.));
#10936 = DIRECTION('',(1.156482317318E-15,0.,1.));
#10937 = ORIENTED_EDGE('',*,*,#10938,.F.);
#10938 = EDGE_CURVE('',#10705,#10928,#10939,.T.);
#10939 = LINE('',#10940,#10941);
#10940 = CARTESIAN_POINT('',(5.28,11.5,-6.));
#10941 = VECTOR('',#10942,1.);
#10942 = DIRECTION('',(0.,-1.,0.));
#10943 = ORIENTED_EDGE('',*,*,#10840,.F.);
#10944 = ORIENTED_EDGE('',*,*,#10945,.F.);
#10945 = EDGE_CURVE('',#10930,#10841,#10946,.T.);
#10946 = LINE('',#10947,#10948);
#10947 = CARTESIAN_POINT('',(6.78,11.5,-4.5));
#10948 = VECTOR('',#10949,1.);
#10949 = DIRECTION('',(0.,1.,0.));
#10950 = CYLINDRICAL_SURFACE('',#10951,1.5);
#10951 = AXIS2_PLACEMENT_3D('',#10952,#10953,#10954);
#10952 = CARTESIAN_POINT('',(5.28,11.5,-4.5));
#10953 = DIRECTION('',(0.,-1.,0.));
#10954 = DIRECTION('',(0.,0.,-1.));
#10955 = ADVANCED_FACE('',(#10956),#10983,.F.);
#10956 = FACE_BOUND('',#10957,.T.);
#10957 = EDGE_LOOP('',(#10958,#10968,#10974,#10975,#10976,#10977));
#10958 = ORIENTED_EDGE('',*,*,#10959,.F.);
#10959 = EDGE_CURVE('',#10960,#10962,#10964,.T.);
#10960 = VERTEX_POINT('',#10961);
#10961 = CARTESIAN_POINT('',(-12.22,11.2,-6.));
#10962 = VERTEX_POINT('',#10963);
#10963 = CARTESIAN_POINT('',(-12.22,0.,-6.));
#10964 = LINE('',#10965,#10966);
#10965 = CARTESIAN_POINT('',(-12.22,11.5,-6.));
#10966 = VECTOR('',#10967,1.);
#10967 = DIRECTION('',(0.,-1.,0.));
#10968 = ORIENTED_EDGE('',*,*,#10969,.T.);
#10969 = EDGE_CURVE('',#10960,#10657,#10970,.T.);
#10970 = LINE('',#10971,#10972);
#10971 = CARTESIAN_POINT('',(-9.22,11.2,-6.));
#10972 = VECTOR('',#10973,1.);
#10973 = DIRECTION('',(1.,0.,-1.369518533666E-16));
#10974 = ORIENTED_EDGE('',*,*,#10654,.F.);
#10975 = ORIENTED_EDGE('',*,*,#10713,.T.);
#10976 = ORIENTED_EDGE('',*,*,#10938,.T.);
#10977 = ORIENTED_EDGE('',*,*,#10978,.T.);
#10978 = EDGE_CURVE('',#10928,#10962,#10979,.T.);
#10979 = LINE('',#10980,#10981);
#10980 = CARTESIAN_POINT('',(6.78,0.,-6.));
#10981 = VECTOR('',#10982,1.);
#10982 = DIRECTION('',(-1.,0.,1.369518533666E-16));
#10983 = PLANE('',#10984);
#10984 = AXIS2_PLACEMENT_3D('',#10985,#10986,#10987);
#10985 = CARTESIAN_POINT('',(6.78,11.5,-6.));
#10986 = DIRECTION('',(1.369518533666E-16,0.,1.));
#10987 = DIRECTION('',(1.,0.,-1.369518533666E-16));
#10988 = ADVANCED_FACE('',(#10989),#11023,.F.);
#10989 = FACE_BOUND('',#10990,.T.);
#10990 = EDGE_LOOP('',(#10991,#10992,#11000,#11008,#11016,#11022));
#10991 = ORIENTED_EDGE('',*,*,#10747,.F.);
#10992 = ORIENTED_EDGE('',*,*,#10993,.T.);
#10993 = EDGE_CURVE('',#10739,#10994,#10996,.T.);
#10994 = VERTEX_POINT('',#10995);
#10995 = CARTESIAN_POINT('',(-12.22,11.2,6.));
#10996 = LINE('',#10997,#10998);
#10997 = CARTESIAN_POINT('',(-12.22,11.2,6.));
#10998 = VECTOR('',#10999,1.);
#10999 = DIRECTION('',(-1.,0.,1.369518533666E-16));
#11000 = ORIENTED_EDGE('',*,*,#11001,.T.);
#11001 = EDGE_CURVE('',#10994,#11002,#11004,.T.);
#11002 = VERTEX_POINT('',#11003);
#11003 = CARTESIAN_POINT('',(-12.22,0.,6.));
#11004 = LINE('',#11005,#11006);
#11005 = CARTESIAN_POINT('',(-12.22,11.5,6.));
#11006 = VECTOR('',#11007,1.);
#11007 = DIRECTION('',(0.,-1.,0.));
#11008 = ORIENTED_EDGE('',*,*,#11009,.T.);
#11009 = EDGE_CURVE('',#11002,#11010,#11012,.T.);
#11010 = VERTEX_POINT('',#11011);
#11011 = CARTESIAN_POINT('',(5.28,0.,6.));
#11012 = LINE('',#11013,#11014);
#11013 = CARTESIAN_POINT('',(6.78,0.,6.));
#11014 = VECTOR('',#11015,1.);
#11015 = DIRECTION('',(1.,0.,-1.369518533666E-16));
#11016 = ORIENTED_EDGE('',*,*,#11017,.T.);
#11017 = EDGE_CURVE('',#11010,#10771,#11018,.T.);
#11018 = LINE('',#11019,#11020);
#11019 = CARTESIAN_POINT('',(5.28,11.5,6.));
#11020 = VECTOR('',#11021,1.);
#11021 = DIRECTION('',(0.,1.,0.));
#11022 = ORIENTED_EDGE('',*,*,#10770,.F.);
#11023 = PLANE('',#11024);
#11024 = AXIS2_PLACEMENT_3D('',#11025,#11026,#11027);
#11025 = CARTESIAN_POINT('',(6.78,11.5,6.));
#11026 = DIRECTION('',(-1.369518533666E-16,0.,-1.));
#11027 = DIRECTION('',(-1.,0.,1.369518533666E-16));
#11028 = ADVANCED_FACE('',(#11029),#11048,.T.);
#11029 = FACE_BOUND('',#11030,.T.);
#11030 = EDGE_LOOP('',(#11031,#11032,#11033,#11042));
#11031 = ORIENTED_EDGE('',*,*,#10868,.T.);
#11032 = ORIENTED_EDGE('',*,*,#11017,.F.);
#11033 = ORIENTED_EDGE('',*,*,#11034,.F.);
#11034 = EDGE_CURVE('',#11035,#11010,#11037,.T.);
#11035 = VERTEX_POINT('',#11036);
#11036 = CARTESIAN_POINT('',(6.78,0.,4.5));
#11037 = CIRCLE('',#11038,1.5);
#11038 = AXIS2_PLACEMENT_3D('',#11039,#11040,#11041);
#11039 = CARTESIAN_POINT('',(5.28,0.,4.5));
#11040 = DIRECTION('',(0.,-1.,0.));
#11041 = DIRECTION('',(0.,0.,1.));
#11042 = ORIENTED_EDGE('',*,*,#11043,.F.);
#11043 = EDGE_CURVE('',#10869,#11035,#11044,.T.);
#11044 = LINE('',#11045,#11046);
#11045 = CARTESIAN_POINT('',(6.78,11.5,4.5));
#11046 = VECTOR('',#11047,1.);
#11047 = DIRECTION('',(0.,-1.,0.));
#11048 = CYLINDRICAL_SURFACE('',#11049,1.5);
#11049 = AXIS2_PLACEMENT_3D('',#11050,#11051,#11052);
#11050 = CARTESIAN_POINT('',(5.28,11.5,4.5));
#11051 = DIRECTION('',(0.,-1.,0.));
#11052 = DIRECTION('',(0.,0.,-1.));
#11053 = ADVANCED_FACE('',(#11054),#11067,.F.);
#11054 = FACE_BOUND('',#11055,.T.);
#11055 = EDGE_LOOP('',(#11056,#11057,#11058,#11064,#11065,#11066));
#11056 = ORIENTED_EDGE('',*,*,#10877,.T.);
#11057 = ORIENTED_EDGE('',*,*,#11043,.T.);
#11058 = ORIENTED_EDGE('',*,*,#11059,.T.);
#11059 = EDGE_CURVE('',#11035,#10930,#11060,.T.);
#11060 = LINE('',#11061,#11062);
#11061 = CARTESIAN_POINT('',(6.78,0.,6.));
#11062 = VECTOR('',#11063,1.);
#11063 = DIRECTION('',(-1.445602896647E-16,0.,-1.));
#11064 = ORIENTED_EDGE('',*,*,#10945,.T.);
#11065 = ORIENTED_EDGE('',*,*,#10851,.T.);
#11066 = ORIENTED_EDGE('',*,*,#10826,.T.);
#11067 = PLANE('',#11068);
#11068 = AXIS2_PLACEMENT_3D('',#11069,#11070,#11071);
#11069 = CARTESIAN_POINT('',(6.78,11.5,6.));
#11070 = DIRECTION('',(-1.,0.,1.445602896647E-16));
#11071 = DIRECTION('',(1.445602896647E-16,0.,1.));
#11072 = ADVANCED_FACE('',(#11073,#11100,#11238,#11241,#11244),#11247,
  .F.);
#11073 = FACE_BOUND('',#11074,.T.);
#11074 = EDGE_LOOP('',(#11075,#11076,#11082,#11083,#11089,#11090,#11091,
    #11092,#11093,#11094));
#11075 = ORIENTED_EDGE('',*,*,#10598,.F.);
#11076 = ORIENTED_EDGE('',*,*,#11077,.T.);
#11077 = EDGE_CURVE('',#10591,#10559,#11078,.T.);
#11078 = LINE('',#11079,#11080);
#11079 = CARTESIAN_POINT('',(-25.92,0.,3.606012202983E-15));
#11080 = VECTOR('',#11081,1.);
#11081 = DIRECTION('',(-1.327322271541E-16,0.,-1.));
#11082 = ORIENTED_EDGE('',*,*,#10558,.T.);
#11083 = ORIENTED_EDGE('',*,*,#11084,.F.);
#11084 = EDGE_CURVE('',#10962,#10561,#11085,.T.);
#11085 = LINE('',#11086,#11087);
#11086 = CARTESIAN_POINT('',(-12.22,0.,6.));
#11087 = VECTOR('',#11088,1.);
#11088 = DIRECTION('',(1.445602896647E-16,0.,1.));
#11089 = ORIENTED_EDGE('',*,*,#10978,.F.);
#11090 = ORIENTED_EDGE('',*,*,#10927,.T.);
#11091 = ORIENTED_EDGE('',*,*,#11059,.F.);
#11092 = ORIENTED_EDGE('',*,*,#11034,.T.);
#11093 = ORIENTED_EDGE('',*,*,#11009,.F.);
#11094 = ORIENTED_EDGE('',*,*,#11095,.F.);
#11095 = EDGE_CURVE('',#10599,#11002,#11096,.T.);
#11096 = LINE('',#11097,#11098);
#11097 = CARTESIAN_POINT('',(-12.22,0.,6.));
#11098 = VECTOR('',#11099,1.);
#11099 = DIRECTION('',(1.445602896647E-16,0.,1.));
#11100 = FACE_BOUND('',#11101,.T.);
#11101 = EDGE_LOOP('',(#11102,#11112,#11121,#11129,#11138,#11146,#11155,
    #11163,#11172,#11180,#11189,#11197,#11206,#11214,#11223,#11231));
#11102 = ORIENTED_EDGE('',*,*,#11103,.F.);
#11103 = EDGE_CURVE('',#11104,#11106,#11108,.T.);
#11104 = VERTEX_POINT('',#11105);
#11105 = CARTESIAN_POINT('',(5.68,0.,-3.4));
#11106 = VERTEX_POINT('',#11107);
#11107 = CARTESIAN_POINT('',(5.68,0.,3.4));
#11108 = LINE('',#11109,#11110);
#11109 = CARTESIAN_POINT('',(5.68,0.,-3.4));
#11110 = VECTOR('',#11111,1.);
#11111 = DIRECTION('',(1.27553196763E-16,0.,1.));
#11112 = ORIENTED_EDGE('',*,*,#11113,.F.);
#11113 = EDGE_CURVE('',#11114,#11104,#11116,.T.);
#11114 = VERTEX_POINT('',#11115);
#11115 = CARTESIAN_POINT('',(5.08,0.,-4.));
#11116 = CIRCLE('',#11117,0.6);
#11117 = AXIS2_PLACEMENT_3D('',#11118,#11119,#11120);
#11118 = CARTESIAN_POINT('',(5.08,0.,-3.4));
#11119 = DIRECTION('',(0.,-1.,0.));
#11120 = DIRECTION('',(0.,0.,-1.));
#11121 = ORIENTED_EDGE('',*,*,#11122,.F.);
#11122 = EDGE_CURVE('',#11123,#11114,#11125,.T.);
#11123 = VERTEX_POINT('',#11124);
#11124 = CARTESIAN_POINT('',(-2.04,0.,-4.));
#11125 = LINE('',#11126,#11127);
#11126 = CARTESIAN_POINT('',(-2.04,0.,-4.));
#11127 = VECTOR('',#11128,1.);
#11128 = DIRECTION('',(1.,0.,1.218204688186E-16));
#11129 = ORIENTED_EDGE('',*,*,#11130,.F.);
#11130 = EDGE_CURVE('',#11131,#11123,#11133,.T.);
#11131 = VERTEX_POINT('',#11132);
#11132 = CARTESIAN_POINT('',(-2.64,0.,-3.4));
#11133 = CIRCLE('',#11134,0.6);
#11134 = AXIS2_PLACEMENT_3D('',#11135,#11136,#11137);
#11135 = CARTESIAN_POINT('',(-2.04,0.,-3.4));
#11136 = DIRECTION('',(0.,-1.,0.));
#11137 = DIRECTION('',(0.,0.,-1.));
#11138 = ORIENTED_EDGE('',*,*,#11139,.F.);
#11139 = EDGE_CURVE('',#11140,#11131,#11142,.T.);
#11140 = VERTEX_POINT('',#11141);
#11141 = CARTESIAN_POINT('',(-2.64,0.,-2.35));
#11142 = LINE('',#11143,#11144);
#11143 = CARTESIAN_POINT('',(-2.64,0.,-2.35));
#11144 = VECTOR('',#11145,1.);
#11145 = DIRECTION('',(4.130293990421E-16,0.,-1.));
#11146 = ORIENTED_EDGE('',*,*,#11147,.F.);
#11147 = EDGE_CURVE('',#11148,#11140,#11150,.T.);
#11148 = VERTEX_POINT('',#11149);
#11149 = CARTESIAN_POINT('',(-2.04,0.,-1.75));
#11150 = CIRCLE('',#11151,0.6);
#11151 = AXIS2_PLACEMENT_3D('',#11152,#11153,#11154);
#11152 = CARTESIAN_POINT('',(-2.04,0.,-2.35));
#11153 = DIRECTION('',(0.,-1.,0.));
#11154 = DIRECTION('',(0.,0.,-1.));
#11155 = ORIENTED_EDGE('',*,*,#11156,.F.);
#11156 = EDGE_CURVE('',#11157,#11148,#11159,.T.);
#11157 = VERTEX_POINT('',#11158);
#11158 = CARTESIAN_POINT('',(2.43,0.,-1.75));
#11159 = LINE('',#11160,#11161);
#11160 = CARTESIAN_POINT('',(2.43,0.,-1.75));
#11161 = VECTOR('',#11162,1.);
#11162 = DIRECTION('',(-1.,0.,-4.851016431702E-17));
#11163 = ORIENTED_EDGE('',*,*,#11164,.F.);
#11164 = EDGE_CURVE('',#11165,#11157,#11167,.T.);
#11165 = VERTEX_POINT('',#11166);
#11166 = CARTESIAN_POINT('',(3.03,0.,-1.15));
#11167 = CIRCLE('',#11168,0.6);
#11168 = AXIS2_PLACEMENT_3D('',#11169,#11170,#11171);
#11169 = CARTESIAN_POINT('',(2.43,0.,-1.15));
#11170 = DIRECTION('',(0.,1.,0.));
#11171 = DIRECTION('',(0.,-0.,1.));
#11172 = ORIENTED_EDGE('',*,*,#11173,.F.);
#11173 = EDGE_CURVE('',#11174,#11165,#11176,.T.);
#11174 = VERTEX_POINT('',#11175);
#11175 = CARTESIAN_POINT('',(3.03,0.,1.15));
#11176 = LINE('',#11177,#11178);
#11177 = CARTESIAN_POINT('',(3.03,0.,1.15));
#11178 = VECTOR('',#11179,1.);
#11179 = DIRECTION('',(1.885568995627E-16,0.,-1.));
#11180 = ORIENTED_EDGE('',*,*,#11181,.F.);
#11181 = EDGE_CURVE('',#11182,#11174,#11184,.T.);
#11182 = VERTEX_POINT('',#11183);
#11183 = CARTESIAN_POINT('',(2.43,0.,1.75));
#11184 = CIRCLE('',#11185,0.6);
#11185 = AXIS2_PLACEMENT_3D('',#11186,#11187,#11188);
#11186 = CARTESIAN_POINT('',(2.43,0.,1.15));
#11187 = DIRECTION('',(0.,1.,0.));
#11188 = DIRECTION('',(0.,-0.,1.));
#11189 = ORIENTED_EDGE('',*,*,#11190,.F.);
#11190 = EDGE_CURVE('',#11191,#11182,#11193,.T.);
#11191 = VERTEX_POINT('',#11192);
#11192 = CARTESIAN_POINT('',(-2.04,0.,1.75));
#11193 = LINE('',#11194,#11195);
#11194 = CARTESIAN_POINT('',(-2.04,0.,1.75));
#11195 = VECTOR('',#11196,1.);
#11196 = DIRECTION('',(1.,0.,9.702032863405E-17));
#11197 = ORIENTED_EDGE('',*,*,#11198,.F.);
#11198 = EDGE_CURVE('',#11199,#11191,#11201,.T.);
#11199 = VERTEX_POINT('',#11200);
#11200 = CARTESIAN_POINT('',(-2.64,0.,2.35));
#11201 = CIRCLE('',#11202,0.6);
#11202 = AXIS2_PLACEMENT_3D('',#11203,#11204,#11205);
#11203 = CARTESIAN_POINT('',(-2.04,0.,2.35));
#11204 = DIRECTION('',(0.,-1.,0.));
#11205 = DIRECTION('',(0.,0.,-1.));
#11206 = ORIENTED_EDGE('',*,*,#11207,.F.);
#11207 = EDGE_CURVE('',#11208,#11199,#11210,.T.);
#11208 = VERTEX_POINT('',#11209);
#11209 = CARTESIAN_POINT('',(-2.64,0.,3.4));
#11210 = LINE('',#11211,#11212);
#11211 = CARTESIAN_POINT('',(-2.64,0.,3.4));
#11212 = VECTOR('',#11213,1.);
#11213 = DIRECTION('',(4.130293990421E-16,0.,-1.));
#11214 = ORIENTED_EDGE('',*,*,#11215,.F.);
#11215 = EDGE_CURVE('',#11216,#11208,#11218,.T.);
#11216 = VERTEX_POINT('',#11217);
#11217 = CARTESIAN_POINT('',(-2.04,0.,4.));
#11218 = CIRCLE('',#11219,0.6);
#11219 = AXIS2_PLACEMENT_3D('',#11220,#11221,#11222);
#11220 = CARTESIAN_POINT('',(-2.04,0.,3.4));
#11221 = DIRECTION('',(0.,-1.,0.));
#11222 = DIRECTION('',(0.,0.,1.));
#11223 = ORIENTED_EDGE('',*,*,#11224,.F.);
#11224 = EDGE_CURVE('',#11225,#11216,#11227,.T.);
#11225 = VERTEX_POINT('',#11226);
#11226 = CARTESIAN_POINT('',(5.08,0.,4.));
#11227 = LINE('',#11228,#11229);
#11228 = CARTESIAN_POINT('',(5.08,0.,4.));
#11229 = VECTOR('',#11230,1.);
#11230 = DIRECTION('',(-1.,0.,0.));
#11231 = ORIENTED_EDGE('',*,*,#11232,.F.);
#11232 = EDGE_CURVE('',#11106,#11225,#11233,.T.);
#11233 = CIRCLE('',#11234,0.6);
#11234 = AXIS2_PLACEMENT_3D('',#11235,#11236,#11237);
#11235 = CARTESIAN_POINT('',(5.08,0.,3.4));
#11236 = DIRECTION('',(0.,-1.,0.));
#11237 = DIRECTION('',(0.,0.,-1.));
#11238 = FACE_BOUND('',#11239,.T.);
#11239 = EDGE_LOOP('',(#11240));
#11240 = ORIENTED_EDGE('',*,*,#10189,.F.);
#11241 = FACE_BOUND('',#11242,.T.);
#11242 = EDGE_LOOP('',(#11243));
#11243 = ORIENTED_EDGE('',*,*,#10222,.F.);
#11244 = FACE_BOUND('',#11245,.T.);
#11245 = EDGE_LOOP('',(#11246));
#11246 = ORIENTED_EDGE('',*,*,#10255,.F.);
#11247 = PLANE('',#11248);
#11248 = AXIS2_PLACEMENT_3D('',#11249,#11250,#11251);
#11249 = CARTESIAN_POINT('',(0.,0.,0.));
#11250 = DIRECTION('',(0.,1.,0.));
#11251 = DIRECTION('',(0.,-0.,1.));
#11252 = ADVANCED_FACE('',(#11253),#11277,.F.);
#11253 = FACE_BOUND('',#11254,.T.);
#11254 = EDGE_LOOP('',(#11255,#11256,#11263,#11264,#11265,#11266,#11267,
    #11268,#11269,#11270));
#11255 = ORIENTED_EDGE('',*,*,#10901,.F.);
#11256 = ORIENTED_EDGE('',*,*,#11257,.T.);
#11257 = EDGE_CURVE('',#10894,#10960,#11258,.T.);
#11258 = CIRCLE('',#11259,0.3);
#11259 = AXIS2_PLACEMENT_3D('',#11260,#11261,#11262);
#11260 = CARTESIAN_POINT('',(-12.22,11.2,-5.7));
#11261 = DIRECTION('',(-1.,0.,1.445602896647E-16));
#11262 = DIRECTION('',(-1.445602896647E-16,0.,-1.));
#11263 = ORIENTED_EDGE('',*,*,#10959,.T.);
#11264 = ORIENTED_EDGE('',*,*,#11084,.T.);
#11265 = ORIENTED_EDGE('',*,*,#10575,.F.);
#11266 = ORIENTED_EDGE('',*,*,#10443,.F.);
#11267 = ORIENTED_EDGE('',*,*,#10606,.F.);
#11268 = ORIENTED_EDGE('',*,*,#11095,.T.);
#11269 = ORIENTED_EDGE('',*,*,#11001,.F.);
#11270 = ORIENTED_EDGE('',*,*,#11271,.T.);
#11271 = EDGE_CURVE('',#10994,#10902,#11272,.T.);
#11272 = CIRCLE('',#11273,0.3);
#11273 = AXIS2_PLACEMENT_3D('',#11274,#11275,#11276);
#11274 = CARTESIAN_POINT('',(-12.22,11.2,5.7));
#11275 = DIRECTION('',(-1.,0.,1.445602896647E-16));
#11276 = DIRECTION('',(-1.445602896647E-16,0.,-1.));
#11277 = PLANE('',#11278);
#11278 = AXIS2_PLACEMENT_3D('',#11279,#11280,#11281);
#11279 = CARTESIAN_POINT('',(-12.22,11.5,6.));
#11280 = DIRECTION('',(1.,0.,-1.445602896647E-16));
#11281 = DIRECTION('',(-1.445602896647E-16,0.,-1.));
#11282 = ADVANCED_FACE('',(#11283),#11295,.T.);
#11283 = FACE_BOUND('',#11284,.T.);
#11284 = EDGE_LOOP('',(#11285,#11286,#11287,#11294));
#11285 = ORIENTED_EDGE('',*,*,#10375,.F.);
#11286 = ORIENTED_EDGE('',*,*,#10568,.F.);
#11287 = ORIENTED_EDGE('',*,*,#11288,.F.);
#11288 = EDGE_CURVE('',#10621,#10559,#11289,.T.);
#11289 = CIRCLE('',#11290,0.300005711921);
#11290 = AXIS2_PLACEMENT_3D('',#11291,#11292,#11293);
#11291 = CARTESIAN_POINT('',(-25.91999428813,0.299994288568,
    -4.537976235478E-02));
#11292 = DIRECTION('',(-1.129433604814E-14,-8.726535498393E-03,
    0.999961923064));
#11293 = DIRECTION('',(-1.903919288293E-05,-0.999961922883,
    -8.726535496812E-03));
#11294 = ORIENTED_EDGE('',*,*,#10620,.F.);
#11295 = CYLINDRICAL_SURFACE('',#11296,0.3);
#11296 = AXIS2_PLACEMENT_3D('',#11297,#11298,#11299);
#11297 = CARTESIAN_POINT('',(-25.92,0.299116759489,5.221102458012E-03));
#11298 = DIRECTION('',(-1.32712011393E-16,1.74524064373E-02,
    -0.999847695156));
#11299 = DIRECTION('',(7.703719777549E-34,0.999847695156,
    1.74524064373E-02));
#11300 = ADVANCED_FACE('',(#11301),#11313,.T.);
#11301 = FACE_BOUND('',#11302,.T.);
#11302 = EDGE_LOOP('',(#11303,#11304,#11305,#11312));
#11303 = ORIENTED_EDGE('',*,*,#11288,.T.);
#11304 = ORIENTED_EDGE('',*,*,#11077,.F.);
#11305 = ORIENTED_EDGE('',*,*,#11306,.F.);
#11306 = EDGE_CURVE('',#10629,#10591,#11307,.T.);
#11307 = CIRCLE('',#11308,0.300005711921);
#11308 = AXIS2_PLACEMENT_3D('',#11309,#11310,#11311);
#11309 = CARTESIAN_POINT('',(-25.91999428813,0.299994288568,
    4.537976235486E-02));
#11310 = DIRECTION('',(-1.293929666337E-14,8.726535498351E-03,
    0.999961923064));
#11311 = DIRECTION('',(-1.903919289773E-05,-0.999961922883,
    8.726535496769E-03));
#11312 = ORIENTED_EDGE('',*,*,#10628,.F.);
#11313 = CYLINDRICAL_SURFACE('',#11314,0.3);
#11314 = AXIS2_PLACEMENT_3D('',#11315,#11316,#11317);
#11315 = CARTESIAN_POINT('',(-25.92,0.3,3.606012202983E-15));
#11316 = DIRECTION('',(-1.327322271541E-16,0.,-1.));
#11317 = DIRECTION('',(-1.,0.,1.327322271541E-16));
#11318 = ADVANCED_FACE('',(#11319),#11325,.T.);
#11319 = FACE_BOUND('',#11320,.T.);
#11320 = EDGE_LOOP('',(#11321,#11322,#11323,#11324));
#11321 = ORIENTED_EDGE('',*,*,#11306,.T.);
#11322 = ORIENTED_EDGE('',*,*,#10590,.F.);
#11323 = ORIENTED_EDGE('',*,*,#10393,.T.);
#11324 = ORIENTED_EDGE('',*,*,#10636,.F.);
#11325 = CYLINDRICAL_SURFACE('',#11326,0.3);
#11326 = AXIS2_PLACEMENT_3D('',#11327,#11328,#11329);
#11327 = CARTESIAN_POINT('',(-25.92,0.299116759489,-5.221102458E-03));
#11328 = DIRECTION('',(-1.32712011393E-16,-1.745240643728E-02,
    -0.999847695156));
#11329 = DIRECTION('',(-3.851859888774E-34,0.999847695156,
    -1.745240643728E-02));
#11330 = ADVANCED_FACE('',(#11331),#11337,.T.);
#11331 = FACE_BOUND('',#11332,.T.);
#11332 = EDGE_LOOP('',(#11333,#11334,#11335,#11336));
#11333 = ORIENTED_EDGE('',*,*,#10664,.F.);
#11334 = ORIENTED_EDGE('',*,*,#10969,.F.);
#11335 = ORIENTED_EDGE('',*,*,#11257,.F.);
#11336 = ORIENTED_EDGE('',*,*,#10893,.F.);
#11337 = CYLINDRICAL_SURFACE('',#11338,0.3);
#11338 = AXIS2_PLACEMENT_3D('',#11339,#11340,#11341);
#11339 = CARTESIAN_POINT('',(-7.806255641896E-16,11.2,-5.7));
#11340 = DIRECTION('',(1.,0.,-1.369518533666E-16));
#11341 = DIRECTION('',(-1.369518533666E-16,0.,-1.));
#11342 = ADVANCED_FACE('',(#11343),#11349,.T.);
#11343 = FACE_BOUND('',#11344,.T.);
#11344 = EDGE_LOOP('',(#11345,#11346,#11347,#11348));
#11345 = ORIENTED_EDGE('',*,*,#11271,.F.);
#11346 = ORIENTED_EDGE('',*,*,#10993,.F.);
#11347 = ORIENTED_EDGE('',*,*,#10738,.F.);
#11348 = ORIENTED_EDGE('',*,*,#10909,.F.);
#11349 = CYLINDRICAL_SURFACE('',#11350,0.3);
#11350 = AXIS2_PLACEMENT_3D('',#11351,#11352,#11353);
#11351 = CARTESIAN_POINT('',(7.806255641896E-16,11.2,5.7));
#11352 = DIRECTION('',(-1.,0.,1.369518533666E-16));
#11353 = DIRECTION('',(1.369518533666E-16,0.,1.));
#11354 = ADVANCED_FACE('',(#11355),#11358,.T.);
#11355 = FACE_BOUND('',#11356,.T.);
#11356 = EDGE_LOOP('',(#11357));
#11357 = ORIENTED_EDGE('',*,*,#10263,.T.);
#11358 = PLANE('',#11359);
#11359 = AXIS2_PLACEMENT_3D('',#11360,#11361,#11362);
#11360 = CARTESIAN_POINT('',(-5.72,0.5,3.));
#11361 = DIRECTION('',(0.,-1.,0.));
#11362 = DIRECTION('',(0.,0.,-1.));
#11363 = ADVANCED_FACE('',(#11364),#11367,.T.);
#11364 = FACE_BOUND('',#11365,.T.);
#11365 = EDGE_LOOP('',(#11366));
#11366 = ORIENTED_EDGE('',*,*,#10230,.T.);
#11367 = PLANE('',#11368);
#11368 = AXIS2_PLACEMENT_3D('',#11369,#11370,#11371);
#11369 = CARTESIAN_POINT('',(-5.72,0.5,-5.98479599212E-14));
#11370 = DIRECTION('',(0.,-1.,0.));
#11371 = DIRECTION('',(0.,0.,-1.));
#11372 = ADVANCED_FACE('',(#11373),#11376,.T.);
#11373 = FACE_BOUND('',#11374,.T.);
#11374 = EDGE_LOOP('',(#11375));
#11375 = ORIENTED_EDGE('',*,*,#10197,.T.);
#11376 = PLANE('',#11377);
#11377 = AXIS2_PLACEMENT_3D('',#11378,#11379,#11380);
#11378 = CARTESIAN_POINT('',(-5.72,0.5,-3.));
#11379 = DIRECTION('',(0.,-1.,0.));
#11380 = DIRECTION('',(0.,0.,-1.));
#11381 = ADVANCED_FACE('',(#11382),#11408,.F.);
#11382 = FACE_BOUND('',#11383,.F.);
#11383 = EDGE_LOOP('',(#11384,#11392,#11401,#11407));
#11384 = ORIENTED_EDGE('',*,*,#11385,.F.);
#11385 = EDGE_CURVE('',#11386,#11114,#11388,.T.);
#11386 = VERTEX_POINT('',#11387);
#11387 = CARTESIAN_POINT('',(5.08,0.5,-4.));
#11388 = LINE('',#11389,#11390);
#11389 = CARTESIAN_POINT('',(5.08,0.5,-4.));
#11390 = VECTOR('',#11391,1.);
#11391 = DIRECTION('',(0.,-1.,0.));
#11392 = ORIENTED_EDGE('',*,*,#11393,.T.);
#11393 = EDGE_CURVE('',#11386,#11394,#11396,.T.);
#11394 = VERTEX_POINT('',#11395);
#11395 = CARTESIAN_POINT('',(5.68,0.5,-3.4));
#11396 = CIRCLE('',#11397,0.6);
#11397 = AXIS2_PLACEMENT_3D('',#11398,#11399,#11400);
#11398 = CARTESIAN_POINT('',(5.08,0.5,-3.4));
#11399 = DIRECTION('',(0.,-1.,0.));
#11400 = DIRECTION('',(0.,0.,-1.));
#11401 = ORIENTED_EDGE('',*,*,#11402,.T.);
#11402 = EDGE_CURVE('',#11394,#11104,#11403,.T.);
#11403 = LINE('',#11404,#11405);
#11404 = CARTESIAN_POINT('',(5.68,0.5,-3.4));
#11405 = VECTOR('',#11406,1.);
#11406 = DIRECTION('',(0.,-1.,0.));
#11407 = ORIENTED_EDGE('',*,*,#11113,.F.);
#11408 = CYLINDRICAL_SURFACE('',#11409,0.6);
#11409 = AXIS2_PLACEMENT_3D('',#11410,#11411,#11412);
#11410 = CARTESIAN_POINT('',(5.08,0.5,-3.4));
#11411 = DIRECTION('',(0.,-1.,0.));
#11412 = DIRECTION('',(0.,0.,-1.));
#11413 = ADVANCED_FACE('',(#11414),#11432,.F.);
#11414 = FACE_BOUND('',#11415,.T.);
#11415 = EDGE_LOOP('',(#11416,#11417,#11418,#11426));
#11416 = ORIENTED_EDGE('',*,*,#11122,.T.);
#11417 = ORIENTED_EDGE('',*,*,#11385,.F.);
#11418 = ORIENTED_EDGE('',*,*,#11419,.F.);
#11419 = EDGE_CURVE('',#11420,#11386,#11422,.T.);
#11420 = VERTEX_POINT('',#11421);
#11421 = CARTESIAN_POINT('',(-2.04,0.5,-4.));
#11422 = LINE('',#11423,#11424);
#11423 = CARTESIAN_POINT('',(-2.04,0.5,-4.));
#11424 = VECTOR('',#11425,1.);
#11425 = DIRECTION('',(1.,0.,1.218204688186E-16));
#11426 = ORIENTED_EDGE('',*,*,#11427,.T.);
#11427 = EDGE_CURVE('',#11420,#11123,#11428,.T.);
#11428 = LINE('',#11429,#11430);
#11429 = CARTESIAN_POINT('',(-2.04,0.5,-4.));
#11430 = VECTOR('',#11431,1.);
#11431 = DIRECTION('',(0.,-1.,0.));
#11432 = PLANE('',#11433);
#11433 = AXIS2_PLACEMENT_3D('',#11434,#11435,#11436);
#11434 = CARTESIAN_POINT('',(-2.04,0.5,-4.));
#11435 = DIRECTION('',(1.218204688186E-16,0.,-1.));
#11436 = DIRECTION('',(-1.,0.,-1.218204688186E-16));
#11437 = ADVANCED_FACE('',(#11438),#11457,.F.);
#11438 = FACE_BOUND('',#11439,.F.);
#11439 = EDGE_LOOP('',(#11440,#11448,#11455,#11456));
#11440 = ORIENTED_EDGE('',*,*,#11441,.F.);
#11441 = EDGE_CURVE('',#11442,#11131,#11444,.T.);
#11442 = VERTEX_POINT('',#11443);
#11443 = CARTESIAN_POINT('',(-2.64,0.5,-3.4));
#11444 = LINE('',#11445,#11446);
#11445 = CARTESIAN_POINT('',(-2.64,0.5,-3.4));
#11446 = VECTOR('',#11447,1.);
#11447 = DIRECTION('',(0.,-1.,0.));
#11448 = ORIENTED_EDGE('',*,*,#11449,.T.);
#11449 = EDGE_CURVE('',#11442,#11420,#11450,.T.);
#11450 = CIRCLE('',#11451,0.6);
#11451 = AXIS2_PLACEMENT_3D('',#11452,#11453,#11454);
#11452 = CARTESIAN_POINT('',(-2.04,0.5,-3.4));
#11453 = DIRECTION('',(0.,-1.,0.));
#11454 = DIRECTION('',(0.,0.,-1.));
#11455 = ORIENTED_EDGE('',*,*,#11427,.T.);
#11456 = ORIENTED_EDGE('',*,*,#11130,.F.);
#11457 = CYLINDRICAL_SURFACE('',#11458,0.6);
#11458 = AXIS2_PLACEMENT_3D('',#11459,#11460,#11461);
#11459 = CARTESIAN_POINT('',(-2.04,0.5,-3.4));
#11460 = DIRECTION('',(0.,-1.,0.));
#11461 = DIRECTION('',(0.,0.,-1.));
#11462 = ADVANCED_FACE('',(#11463),#11481,.F.);
#11463 = FACE_BOUND('',#11464,.T.);
#11464 = EDGE_LOOP('',(#11465,#11466,#11467,#11475));
#11465 = ORIENTED_EDGE('',*,*,#11139,.T.);
#11466 = ORIENTED_EDGE('',*,*,#11441,.F.);
#11467 = ORIENTED_EDGE('',*,*,#11468,.F.);
#11468 = EDGE_CURVE('',#11469,#11442,#11471,.T.);
#11469 = VERTEX_POINT('',#11470);
#11470 = CARTESIAN_POINT('',(-2.64,0.5,-2.35));
#11471 = LINE('',#11472,#11473);
#11472 = CARTESIAN_POINT('',(-2.64,0.5,-2.35));
#11473 = VECTOR('',#11474,1.);
#11474 = DIRECTION('',(4.130293990421E-16,0.,-1.));
#11475 = ORIENTED_EDGE('',*,*,#11476,.T.);
#11476 = EDGE_CURVE('',#11469,#11140,#11477,.T.);
#11477 = LINE('',#11478,#11479);
#11478 = CARTESIAN_POINT('',(-2.64,0.5,-2.35));
#11479 = VECTOR('',#11480,1.);
#11480 = DIRECTION('',(0.,-1.,0.));
#11481 = PLANE('',#11482);
#11482 = AXIS2_PLACEMENT_3D('',#11483,#11484,#11485);
#11483 = CARTESIAN_POINT('',(-2.64,0.5,-2.35));
#11484 = DIRECTION('',(-1.,0.,-4.130293990421E-16));
#11485 = DIRECTION('',(-4.130293990421E-16,0.,1.));
#11486 = ADVANCED_FACE('',(#11487),#11506,.F.);
#11487 = FACE_BOUND('',#11488,.F.);
#11488 = EDGE_LOOP('',(#11489,#11497,#11504,#11505));
#11489 = ORIENTED_EDGE('',*,*,#11490,.F.);
#11490 = EDGE_CURVE('',#11491,#11148,#11493,.T.);
#11491 = VERTEX_POINT('',#11492);
#11492 = CARTESIAN_POINT('',(-2.04,0.5,-1.75));
#11493 = LINE('',#11494,#11495);
#11494 = CARTESIAN_POINT('',(-2.04,0.5,-1.75));
#11495 = VECTOR('',#11496,1.);
#11496 = DIRECTION('',(0.,-1.,0.));
#11497 = ORIENTED_EDGE('',*,*,#11498,.T.);
#11498 = EDGE_CURVE('',#11491,#11469,#11499,.T.);
#11499 = CIRCLE('',#11500,0.6);
#11500 = AXIS2_PLACEMENT_3D('',#11501,#11502,#11503);
#11501 = CARTESIAN_POINT('',(-2.04,0.5,-2.35));
#11502 = DIRECTION('',(0.,-1.,0.));
#11503 = DIRECTION('',(0.,0.,-1.));
#11504 = ORIENTED_EDGE('',*,*,#11476,.T.);
#11505 = ORIENTED_EDGE('',*,*,#11147,.F.);
#11506 = CYLINDRICAL_SURFACE('',#11507,0.6);
#11507 = AXIS2_PLACEMENT_3D('',#11508,#11509,#11510);
#11508 = CARTESIAN_POINT('',(-2.04,0.5,-2.35));
#11509 = DIRECTION('',(0.,-1.,0.));
#11510 = DIRECTION('',(0.,0.,-1.));
#11511 = ADVANCED_FACE('',(#11512),#11530,.F.);
#11512 = FACE_BOUND('',#11513,.T.);
#11513 = EDGE_LOOP('',(#11514,#11515,#11516,#11524));
#11514 = ORIENTED_EDGE('',*,*,#11156,.T.);
#11515 = ORIENTED_EDGE('',*,*,#11490,.F.);
#11516 = ORIENTED_EDGE('',*,*,#11517,.F.);
#11517 = EDGE_CURVE('',#11518,#11491,#11520,.T.);
#11518 = VERTEX_POINT('',#11519);
#11519 = CARTESIAN_POINT('',(2.43,0.5,-1.75));
#11520 = LINE('',#11521,#11522);
#11521 = CARTESIAN_POINT('',(2.43,0.5,-1.75));
#11522 = VECTOR('',#11523,1.);
#11523 = DIRECTION('',(-1.,0.,-4.851016431702E-17));
#11524 = ORIENTED_EDGE('',*,*,#11525,.T.);
#11525 = EDGE_CURVE('',#11518,#11157,#11526,.T.);
#11526 = LINE('',#11527,#11528);
#11527 = CARTESIAN_POINT('',(2.43,0.5,-1.75));
#11528 = VECTOR('',#11529,1.);
#11529 = DIRECTION('',(0.,-1.,0.));
#11530 = PLANE('',#11531);
#11531 = AXIS2_PLACEMENT_3D('',#11532,#11533,#11534);
#11532 = CARTESIAN_POINT('',(2.43,0.5,-1.75));
#11533 = DIRECTION('',(-4.851016431702E-17,0.,1.));
#11534 = DIRECTION('',(1.,0.,4.851016431702E-17));
#11535 = ADVANCED_FACE('',(#11536),#11555,.T.);
#11536 = FACE_BOUND('',#11537,.T.);
#11537 = EDGE_LOOP('',(#11538,#11539,#11540,#11549));
#11538 = ORIENTED_EDGE('',*,*,#11164,.T.);
#11539 = ORIENTED_EDGE('',*,*,#11525,.F.);
#11540 = ORIENTED_EDGE('',*,*,#11541,.F.);
#11541 = EDGE_CURVE('',#11542,#11518,#11544,.T.);
#11542 = VERTEX_POINT('',#11543);
#11543 = CARTESIAN_POINT('',(3.03,0.5,-1.15));
#11544 = CIRCLE('',#11545,0.6);
#11545 = AXIS2_PLACEMENT_3D('',#11546,#11547,#11548);
#11546 = CARTESIAN_POINT('',(2.43,0.5,-1.15));
#11547 = DIRECTION('',(0.,1.,0.));
#11548 = DIRECTION('',(0.,-0.,1.));
#11549 = ORIENTED_EDGE('',*,*,#11550,.T.);
#11550 = EDGE_CURVE('',#11542,#11165,#11551,.T.);
#11551 = LINE('',#11552,#11553);
#11552 = CARTESIAN_POINT('',(3.03,0.5,-1.15));
#11553 = VECTOR('',#11554,1.);
#11554 = DIRECTION('',(0.,-1.,0.));
#11555 = CYLINDRICAL_SURFACE('',#11556,0.6);
#11556 = AXIS2_PLACEMENT_3D('',#11557,#11558,#11559);
#11557 = CARTESIAN_POINT('',(2.43,0.5,-1.15));
#11558 = DIRECTION('',(0.,-1.,0.));
#11559 = DIRECTION('',(0.,0.,-1.));
#11560 = ADVANCED_FACE('',(#11561),#11579,.F.);
#11561 = FACE_BOUND('',#11562,.T.);
#11562 = EDGE_LOOP('',(#11563,#11564,#11565,#11573));
#11563 = ORIENTED_EDGE('',*,*,#11173,.T.);
#11564 = ORIENTED_EDGE('',*,*,#11550,.F.);
#11565 = ORIENTED_EDGE('',*,*,#11566,.F.);
#11566 = EDGE_CURVE('',#11567,#11542,#11569,.T.);
#11567 = VERTEX_POINT('',#11568);
#11568 = CARTESIAN_POINT('',(3.03,0.5,1.15));
#11569 = LINE('',#11570,#11571);
#11570 = CARTESIAN_POINT('',(3.03,0.5,1.15));
#11571 = VECTOR('',#11572,1.);
#11572 = DIRECTION('',(1.885568995627E-16,0.,-1.));
#11573 = ORIENTED_EDGE('',*,*,#11574,.T.);
#11574 = EDGE_CURVE('',#11567,#11174,#11575,.T.);
#11575 = LINE('',#11576,#11577);
#11576 = CARTESIAN_POINT('',(3.03,0.5,1.15));
#11577 = VECTOR('',#11578,1.);
#11578 = DIRECTION('',(0.,-1.,0.));
#11579 = PLANE('',#11580);
#11580 = AXIS2_PLACEMENT_3D('',#11581,#11582,#11583);
#11581 = CARTESIAN_POINT('',(3.03,0.5,1.15));
#11582 = DIRECTION('',(-1.,0.,-1.885568995627E-16));
#11583 = DIRECTION('',(-1.885568995627E-16,0.,1.));
#11584 = ADVANCED_FACE('',(#11585),#11604,.T.);
#11585 = FACE_BOUND('',#11586,.T.);
#11586 = EDGE_LOOP('',(#11587,#11588,#11589,#11598));
#11587 = ORIENTED_EDGE('',*,*,#11181,.T.);
#11588 = ORIENTED_EDGE('',*,*,#11574,.F.);
#11589 = ORIENTED_EDGE('',*,*,#11590,.F.);
#11590 = EDGE_CURVE('',#11591,#11567,#11593,.T.);
#11591 = VERTEX_POINT('',#11592);
#11592 = CARTESIAN_POINT('',(2.43,0.5,1.75));
#11593 = CIRCLE('',#11594,0.6);
#11594 = AXIS2_PLACEMENT_3D('',#11595,#11596,#11597);
#11595 = CARTESIAN_POINT('',(2.43,0.5,1.15));
#11596 = DIRECTION('',(0.,1.,0.));
#11597 = DIRECTION('',(0.,-0.,1.));
#11598 = ORIENTED_EDGE('',*,*,#11599,.T.);
#11599 = EDGE_CURVE('',#11591,#11182,#11600,.T.);
#11600 = LINE('',#11601,#11602);
#11601 = CARTESIAN_POINT('',(2.43,0.5,1.75));
#11602 = VECTOR('',#11603,1.);
#11603 = DIRECTION('',(0.,-1.,0.));
#11604 = CYLINDRICAL_SURFACE('',#11605,0.6);
#11605 = AXIS2_PLACEMENT_3D('',#11606,#11607,#11608);
#11606 = CARTESIAN_POINT('',(2.43,0.5,1.15));
#11607 = DIRECTION('',(0.,-1.,0.));
#11608 = DIRECTION('',(0.,0.,-1.));
#11609 = ADVANCED_FACE('',(#11610),#11628,.F.);
#11610 = FACE_BOUND('',#11611,.T.);
#11611 = EDGE_LOOP('',(#11612,#11613,#11614,#11622));
#11612 = ORIENTED_EDGE('',*,*,#11190,.T.);
#11613 = ORIENTED_EDGE('',*,*,#11599,.F.);
#11614 = ORIENTED_EDGE('',*,*,#11615,.F.);
#11615 = EDGE_CURVE('',#11616,#11591,#11618,.T.);
#11616 = VERTEX_POINT('',#11617);
#11617 = CARTESIAN_POINT('',(-2.04,0.5,1.75));
#11618 = LINE('',#11619,#11620);
#11619 = CARTESIAN_POINT('',(-2.04,0.5,1.75));
#11620 = VECTOR('',#11621,1.);
#11621 = DIRECTION('',(1.,0.,9.702032863405E-17));
#11622 = ORIENTED_EDGE('',*,*,#11623,.T.);
#11623 = EDGE_CURVE('',#11616,#11191,#11624,.T.);
#11624 = LINE('',#11625,#11626);
#11625 = CARTESIAN_POINT('',(-2.04,0.5,1.75));
#11626 = VECTOR('',#11627,1.);
#11627 = DIRECTION('',(0.,-1.,0.));
#11628 = PLANE('',#11629);
#11629 = AXIS2_PLACEMENT_3D('',#11630,#11631,#11632);
#11630 = CARTESIAN_POINT('',(-2.04,0.5,1.75));
#11631 = DIRECTION('',(9.702032863405E-17,0.,-1.));
#11632 = DIRECTION('',(-1.,0.,-9.702032863405E-17));
#11633 = ADVANCED_FACE('',(#11634),#11653,.F.);
#11634 = FACE_BOUND('',#11635,.F.);
#11635 = EDGE_LOOP('',(#11636,#11644,#11651,#11652));
#11636 = ORIENTED_EDGE('',*,*,#11637,.F.);
#11637 = EDGE_CURVE('',#11638,#11199,#11640,.T.);
#11638 = VERTEX_POINT('',#11639);
#11639 = CARTESIAN_POINT('',(-2.64,0.5,2.35));
#11640 = LINE('',#11641,#11642);
#11641 = CARTESIAN_POINT('',(-2.64,0.5,2.35));
#11642 = VECTOR('',#11643,1.);
#11643 = DIRECTION('',(0.,-1.,0.));
#11644 = ORIENTED_EDGE('',*,*,#11645,.T.);
#11645 = EDGE_CURVE('',#11638,#11616,#11646,.T.);
#11646 = CIRCLE('',#11647,0.6);
#11647 = AXIS2_PLACEMENT_3D('',#11648,#11649,#11650);
#11648 = CARTESIAN_POINT('',(-2.04,0.5,2.35));
#11649 = DIRECTION('',(0.,-1.,0.));
#11650 = DIRECTION('',(0.,0.,-1.));
#11651 = ORIENTED_EDGE('',*,*,#11623,.T.);
#11652 = ORIENTED_EDGE('',*,*,#11198,.F.);
#11653 = CYLINDRICAL_SURFACE('',#11654,0.6);
#11654 = AXIS2_PLACEMENT_3D('',#11655,#11656,#11657);
#11655 = CARTESIAN_POINT('',(-2.04,0.5,2.35));
#11656 = DIRECTION('',(0.,-1.,0.));
#11657 = DIRECTION('',(0.,0.,-1.));
#11658 = ADVANCED_FACE('',(#11659),#11677,.F.);
#11659 = FACE_BOUND('',#11660,.T.);
#11660 = EDGE_LOOP('',(#11661,#11662,#11663,#11671));
#11661 = ORIENTED_EDGE('',*,*,#11207,.T.);
#11662 = ORIENTED_EDGE('',*,*,#11637,.F.);
#11663 = ORIENTED_EDGE('',*,*,#11664,.F.);
#11664 = EDGE_CURVE('',#11665,#11638,#11667,.T.);
#11665 = VERTEX_POINT('',#11666);
#11666 = CARTESIAN_POINT('',(-2.64,0.5,3.4));
#11667 = LINE('',#11668,#11669);
#11668 = CARTESIAN_POINT('',(-2.64,0.5,3.4));
#11669 = VECTOR('',#11670,1.);
#11670 = DIRECTION('',(4.130293990421E-16,0.,-1.));
#11671 = ORIENTED_EDGE('',*,*,#11672,.T.);
#11672 = EDGE_CURVE('',#11665,#11208,#11673,.T.);
#11673 = LINE('',#11674,#11675);
#11674 = CARTESIAN_POINT('',(-2.64,0.5,3.4));
#11675 = VECTOR('',#11676,1.);
#11676 = DIRECTION('',(0.,-1.,0.));
#11677 = PLANE('',#11678);
#11678 = AXIS2_PLACEMENT_3D('',#11679,#11680,#11681);
#11679 = CARTESIAN_POINT('',(-2.64,0.5,3.4));
#11680 = DIRECTION('',(-1.,0.,-4.130293990421E-16));
#11681 = DIRECTION('',(-4.130293990421E-16,0.,1.));
#11682 = ADVANCED_FACE('',(#11683),#11702,.F.);
#11683 = FACE_BOUND('',#11684,.F.);
#11684 = EDGE_LOOP('',(#11685,#11693,#11700,#11701));
#11685 = ORIENTED_EDGE('',*,*,#11686,.F.);
#11686 = EDGE_CURVE('',#11687,#11216,#11689,.T.);
#11687 = VERTEX_POINT('',#11688);
#11688 = CARTESIAN_POINT('',(-2.04,0.5,4.));
#11689 = LINE('',#11690,#11691);
#11690 = CARTESIAN_POINT('',(-2.04,0.5,4.));
#11691 = VECTOR('',#11692,1.);
#11692 = DIRECTION('',(0.,-1.,0.));
#11693 = ORIENTED_EDGE('',*,*,#11694,.T.);
#11694 = EDGE_CURVE('',#11687,#11665,#11695,.T.);
#11695 = CIRCLE('',#11696,0.6);
#11696 = AXIS2_PLACEMENT_3D('',#11697,#11698,#11699);
#11697 = CARTESIAN_POINT('',(-2.04,0.5,3.4));
#11698 = DIRECTION('',(0.,-1.,0.));
#11699 = DIRECTION('',(0.,0.,1.));
#11700 = ORIENTED_EDGE('',*,*,#11672,.T.);
#11701 = ORIENTED_EDGE('',*,*,#11215,.F.);
#11702 = CYLINDRICAL_SURFACE('',#11703,0.6);
#11703 = AXIS2_PLACEMENT_3D('',#11704,#11705,#11706);
#11704 = CARTESIAN_POINT('',(-2.04,0.5,3.4));
#11705 = DIRECTION('',(0.,-1.,0.));
#11706 = DIRECTION('',(0.,0.,-1.));
#11707 = ADVANCED_FACE('',(#11708),#11726,.F.);
#11708 = FACE_BOUND('',#11709,.T.);
#11709 = EDGE_LOOP('',(#11710,#11711,#11712,#11720));
#11710 = ORIENTED_EDGE('',*,*,#11224,.T.);
#11711 = ORIENTED_EDGE('',*,*,#11686,.F.);
#11712 = ORIENTED_EDGE('',*,*,#11713,.F.);
#11713 = EDGE_CURVE('',#11714,#11687,#11716,.T.);
#11714 = VERTEX_POINT('',#11715);
#11715 = CARTESIAN_POINT('',(5.08,0.5,4.));
#11716 = LINE('',#11717,#11718);
#11717 = CARTESIAN_POINT('',(5.08,0.5,4.));
#11718 = VECTOR('',#11719,1.);
#11719 = DIRECTION('',(-1.,0.,0.));
#11720 = ORIENTED_EDGE('',*,*,#11721,.T.);
#11721 = EDGE_CURVE('',#11714,#11225,#11722,.T.);
#11722 = LINE('',#11723,#11724);
#11723 = CARTESIAN_POINT('',(5.08,0.5,4.));
#11724 = VECTOR('',#11725,1.);
#11725 = DIRECTION('',(0.,-1.,0.));
#11726 = PLANE('',#11727);
#11727 = AXIS2_PLACEMENT_3D('',#11728,#11729,#11730);
#11728 = CARTESIAN_POINT('',(5.08,0.5,4.));
#11729 = DIRECTION('',(0.,0.,1.));
#11730 = DIRECTION('',(1.,0.,-0.));
#11731 = ADVANCED_FACE('',(#11732),#11751,.F.);
#11732 = FACE_BOUND('',#11733,.F.);
#11733 = EDGE_LOOP('',(#11734,#11742,#11749,#11750));
#11734 = ORIENTED_EDGE('',*,*,#11735,.F.);
#11735 = EDGE_CURVE('',#11736,#11106,#11738,.T.);
#11736 = VERTEX_POINT('',#11737);
#11737 = CARTESIAN_POINT('',(5.68,0.5,3.4));
#11738 = LINE('',#11739,#11740);
#11739 = CARTESIAN_POINT('',(5.68,0.5,3.4));
#11740 = VECTOR('',#11741,1.);
#11741 = DIRECTION('',(0.,-1.,0.));
#11742 = ORIENTED_EDGE('',*,*,#11743,.T.);
#11743 = EDGE_CURVE('',#11736,#11714,#11744,.T.);
#11744 = CIRCLE('',#11745,0.6);
#11745 = AXIS2_PLACEMENT_3D('',#11746,#11747,#11748);
#11746 = CARTESIAN_POINT('',(5.08,0.5,3.4));
#11747 = DIRECTION('',(0.,-1.,0.));
#11748 = DIRECTION('',(0.,0.,-1.));
#11749 = ORIENTED_EDGE('',*,*,#11721,.T.);
#11750 = ORIENTED_EDGE('',*,*,#11232,.F.);
#11751 = CYLINDRICAL_SURFACE('',#11752,0.6);
#11752 = AXIS2_PLACEMENT_3D('',#11753,#11754,#11755);
#11753 = CARTESIAN_POINT('',(5.08,0.5,3.4));
#11754 = DIRECTION('',(0.,-1.,0.));
#11755 = DIRECTION('',(0.,0.,-1.));
#11756 = ADVANCED_FACE('',(#11757),#11768,.F.);
#11757 = FACE_BOUND('',#11758,.T.);
#11758 = EDGE_LOOP('',(#11759,#11760,#11761,#11767));
#11759 = ORIENTED_EDGE('',*,*,#11103,.T.);
#11760 = ORIENTED_EDGE('',*,*,#11735,.F.);
#11761 = ORIENTED_EDGE('',*,*,#11762,.F.);
#11762 = EDGE_CURVE('',#11394,#11736,#11763,.T.);
#11763 = LINE('',#11764,#11765);
#11764 = CARTESIAN_POINT('',(5.68,0.5,-3.4));
#11765 = VECTOR('',#11766,1.);
#11766 = DIRECTION('',(1.27553196763E-16,0.,1.));
#11767 = ORIENTED_EDGE('',*,*,#11402,.T.);
#11768 = PLANE('',#11769);
#11769 = AXIS2_PLACEMENT_3D('',#11770,#11771,#11772);
#11770 = CARTESIAN_POINT('',(5.68,0.5,-3.4));
#11771 = DIRECTION('',(1.,0.,-1.27553196763E-16));
#11772 = DIRECTION('',(-1.27553196763E-16,0.,-1.));
#11773 = ADVANCED_FACE('',(#11774),#11792,.T.);
#11774 = FACE_BOUND('',#11775,.T.);
#11775 = EDGE_LOOP('',(#11776,#11777,#11778,#11779,#11780,#11781,#11782,
    #11783,#11784,#11785,#11786,#11787,#11788,#11789,#11790,#11791));
#11776 = ORIENTED_EDGE('',*,*,#11393,.T.);
#11777 = ORIENTED_EDGE('',*,*,#11762,.T.);
#11778 = ORIENTED_EDGE('',*,*,#11743,.T.);
#11779 = ORIENTED_EDGE('',*,*,#11713,.T.);
#11780 = ORIENTED_EDGE('',*,*,#11694,.T.);
#11781 = ORIENTED_EDGE('',*,*,#11664,.T.);
#11782 = ORIENTED_EDGE('',*,*,#11645,.T.);
#11783 = ORIENTED_EDGE('',*,*,#11615,.T.);
#11784 = ORIENTED_EDGE('',*,*,#11590,.T.);
#11785 = ORIENTED_EDGE('',*,*,#11566,.T.);
#11786 = ORIENTED_EDGE('',*,*,#11541,.T.);
#11787 = ORIENTED_EDGE('',*,*,#11517,.T.);
#11788 = ORIENTED_EDGE('',*,*,#11498,.T.);
#11789 = ORIENTED_EDGE('',*,*,#11468,.T.);
#11790 = ORIENTED_EDGE('',*,*,#11449,.T.);
#11791 = ORIENTED_EDGE('',*,*,#11419,.T.);
#11792 = PLANE('',#11793);
#11793 = AXIS2_PLACEMENT_3D('',#11794,#11795,#11796);
#11794 = CARTESIAN_POINT('',(5.08,0.5,-3.4));
#11795 = DIRECTION('',(0.,-1.,0.));
#11796 = DIRECTION('',(0.,0.,-1.));
#11797 = ( GEOMETRIC_REPRESENTATION_CONTEXT(3) 
GLOBAL_UNCERTAINTY_ASSIGNED_CONTEXT((#11801)) 
GLOBAL_UNIT_ASSIGNED_CONTEXT((#11798,#11799,#11800)) 
REPRESENTATION_CONTEXT('Context #1',
  '3D Context with UNIT and UNCERTAINTY') );
#11798 = ( LENGTH_UNIT() NAMED_UNIT(*) SI_UNIT(.MILLI.,.METRE.) );
#11799 = ( NAMED_UNIT(*) PLANE_ANGLE_UNIT() SI_UNIT($,.RADIAN.) );
#11800 = ( NAMED_UNIT(*) SI_UNIT($,.STERADIAN.) SOLID_ANGLE_UNIT() );
#11801 = UNCERTAINTY_MEASURE_WITH_UNIT(LENGTH_MEASURE(1.E-07),#11798,
  'distance_accuracy_value','confusion accuracy');
#11802 = CONTEXT_DEPENDENT_SHAPE_REPRESENTATION(#11803,#11805);
#11803 = ( REPRESENTATION_RELATIONSHIP('','',#8846,#726) 
REPRESENTATION_RELATIONSHIP_WITH_TRANSFORMATION(#11804) 
SHAPE_REPRESENTATION_RELATIONSHIP() );
#11804 = ITEM_DEFINED_TRANSFORMATION('','',#11,#731);
#11805 = PRODUCT_DEFINITION_SHAPE('Placement','Placement of an item',
  #11806);
#11806 = NEXT_ASSEMBLY_USAGE_OCCURRENCE('11','FCR7350R:2','',#721,#8841,
  $);
#11807 = PRODUCT_RELATED_PRODUCT_CATEGORY('part',$,(#8843));
#11808 = CONTEXT_DEPENDENT_SHAPE_REPRESENTATION(#11809,#11811);
#11809 = ( REPRESENTATION_RELATIONSHIP('','',#72,#10) 
REPRESENTATION_RELATIONSHIP_WITH_TRANSFORMATION(#11810) 
SHAPE_REPRESENTATION_RELATIONSHIP() );
#11810 = ITEM_DEFINED_TRANSFORMATION('','',#11,#47);
#11811 = PRODUCT_DEFINITION_SHAPE('Placement','Placement of an item',
  #11812);
#11812 = NEXT_ASSEMBLY_USAGE_OCCURRENCE('13','R2','',#5,#67,$);
#11813 = CONTEXT_DEPENDENT_SHAPE_REPRESENTATION(#11814,#11816);
#11814 = ( REPRESENTATION_RELATIONSHIP('','',#72,#10) 
REPRESENTATION_RELATIONSHIP_WITH_TRANSFORMATION(#11815) 
SHAPE_REPRESENTATION_RELATIONSHIP() );
#11815 = ITEM_DEFINED_TRANSFORMATION('','',#11,#51);
#11816 = PRODUCT_DEFINITION_SHAPE('Placement','Placement of an item',
  #11817);
#11817 = NEXT_ASSEMBLY_USAGE_OCCURRENCE('14','R1','',#5,#67,$);
#11818 = SHAPE_DEFINITION_REPRESENTATION(#11819,#11825);
#11819 = PRODUCT_DEFINITION_SHAPE('','',#11820);
#11820 = PRODUCT_DEFINITION('design','',#11821,#11824);
#11821 = PRODUCT_DEFINITION_FORMATION('','',#11822);
#11822 = PRODUCT('KVL+KCL_PCB','KVL+KCL_PCB','',(#11823));
#11823 = PRODUCT_CONTEXT('',#2,'mechanical');
#11824 = PRODUCT_DEFINITION_CONTEXT('part definition',#2,'design');
#11825 = ADVANCED_BREP_SHAPE_REPRESENTATION('',(#11,#11826),#13263);
#11826 = MANIFOLD_SOLID_BREP('',#11827);
#11827 = CLOSED_SHELL('',(#11828,#11868,#11899,#11930,#12310,#12690,
    #12702,#12719,#12736,#12753,#12770,#12787,#12804,#12821,#12838,
    #12855,#12872,#12889,#12906,#12923,#12940,#12957,#12974,#12991,
    #13008,#13025,#13042,#13059,#13076,#13093,#13110,#13127,#13144,
    #13161,#13178,#13195,#13212,#13229,#13246));
#11828 = ADVANCED_FACE('',(#11829),#11863,.T.);
#11829 = FACE_BOUND('',#11830,.T.);
#11830 = EDGE_LOOP('',(#11831,#11841,#11849,#11857));
#11831 = ORIENTED_EDGE('',*,*,#11832,.T.);
#11832 = EDGE_CURVE('',#11833,#11835,#11837,.T.);
#11833 = VERTEX_POINT('',#11834);
#11834 = CARTESIAN_POINT('',(244.,-147.,0.));
#11835 = VERTEX_POINT('',#11836);
#11836 = CARTESIAN_POINT('',(244.,-147.,1.51));
#11837 = LINE('',#11838,#11839);
#11838 = CARTESIAN_POINT('',(244.,-147.,0.));
#11839 = VECTOR('',#11840,1.);
#11840 = DIRECTION('',(0.,0.,1.));
#11841 = ORIENTED_EDGE('',*,*,#11842,.T.);
#11842 = EDGE_CURVE('',#11835,#11843,#11845,.T.);
#11843 = VERTEX_POINT('',#11844);
#11844 = CARTESIAN_POINT('',(44.,-147.,1.51));
#11845 = LINE('',#11846,#11847);
#11846 = CARTESIAN_POINT('',(244.,-147.,1.51));
#11847 = VECTOR('',#11848,1.);
#11848 = DIRECTION('',(-1.,0.,0.));
#11849 = ORIENTED_EDGE('',*,*,#11850,.F.);
#11850 = EDGE_CURVE('',#11851,#11843,#11853,.T.);
#11851 = VERTEX_POINT('',#11852);
#11852 = CARTESIAN_POINT('',(44.,-147.,0.));
#11853 = LINE('',#11854,#11855);
#11854 = CARTESIAN_POINT('',(44.,-147.,0.));
#11855 = VECTOR('',#11856,1.);
#11856 = DIRECTION('',(0.,0.,1.));
#11857 = ORIENTED_EDGE('',*,*,#11858,.F.);
#11858 = EDGE_CURVE('',#11833,#11851,#11859,.T.);
#11859 = LINE('',#11860,#11861);
#11860 = CARTESIAN_POINT('',(244.,-147.,0.));
#11861 = VECTOR('',#11862,1.);
#11862 = DIRECTION('',(-1.,0.,0.));
#11863 = PLANE('',#11864);
#11864 = AXIS2_PLACEMENT_3D('',#11865,#11866,#11867);
#11865 = CARTESIAN_POINT('',(244.,-147.,0.));
#11866 = DIRECTION('',(0.,-1.,0.));
#11867 = DIRECTION('',(-1.,0.,0.));
#11868 = ADVANCED_FACE('',(#11869),#11894,.T.);
#11869 = FACE_BOUND('',#11870,.T.);
#11870 = EDGE_LOOP('',(#11871,#11881,#11887,#11888));
#11871 = ORIENTED_EDGE('',*,*,#11872,.T.);
#11872 = EDGE_CURVE('',#11873,#11875,#11877,.T.);
#11873 = VERTEX_POINT('',#11874);
#11874 = CARTESIAN_POINT('',(244.,-27.,0.));
#11875 = VERTEX_POINT('',#11876);
#11876 = CARTESIAN_POINT('',(244.,-27.,1.51));
#11877 = LINE('',#11878,#11879);
#11878 = CARTESIAN_POINT('',(244.,-27.,0.));
#11879 = VECTOR('',#11880,1.);
#11880 = DIRECTION('',(0.,0.,1.));
#11881 = ORIENTED_EDGE('',*,*,#11882,.T.);
#11882 = EDGE_CURVE('',#11875,#11835,#11883,.T.);
#11883 = LINE('',#11884,#11885);
#11884 = CARTESIAN_POINT('',(244.,-27.,1.51));
#11885 = VECTOR('',#11886,1.);
#11886 = DIRECTION('',(0.,-1.,0.));
#11887 = ORIENTED_EDGE('',*,*,#11832,.F.);
#11888 = ORIENTED_EDGE('',*,*,#11889,.F.);
#11889 = EDGE_CURVE('',#11873,#11833,#11890,.T.);
#11890 = LINE('',#11891,#11892);
#11891 = CARTESIAN_POINT('',(244.,-27.,0.));
#11892 = VECTOR('',#11893,1.);
#11893 = DIRECTION('',(0.,-1.,0.));
#11894 = PLANE('',#11895);
#11895 = AXIS2_PLACEMENT_3D('',#11896,#11897,#11898);
#11896 = CARTESIAN_POINT('',(244.,-27.,0.));
#11897 = DIRECTION('',(1.,0.,-0.));
#11898 = DIRECTION('',(0.,-1.,0.));
#11899 = ADVANCED_FACE('',(#11900),#11925,.T.);
#11900 = FACE_BOUND('',#11901,.T.);
#11901 = EDGE_LOOP('',(#11902,#11903,#11911,#11919));
#11902 = ORIENTED_EDGE('',*,*,#11850,.T.);
#11903 = ORIENTED_EDGE('',*,*,#11904,.T.);
#11904 = EDGE_CURVE('',#11843,#11905,#11907,.T.);
#11905 = VERTEX_POINT('',#11906);
#11906 = CARTESIAN_POINT('',(44.,-27.,1.51));
#11907 = LINE('',#11908,#11909);
#11908 = CARTESIAN_POINT('',(44.,-147.,1.51));
#11909 = VECTOR('',#11910,1.);
#11910 = DIRECTION('',(0.,1.,0.));
#11911 = ORIENTED_EDGE('',*,*,#11912,.F.);
#11912 = EDGE_CURVE('',#11913,#11905,#11915,.T.);
#11913 = VERTEX_POINT('',#11914);
#11914 = CARTESIAN_POINT('',(44.,-27.,0.));
#11915 = LINE('',#11916,#11917);
#11916 = CARTESIAN_POINT('',(44.,-27.,0.));
#11917 = VECTOR('',#11918,1.);
#11918 = DIRECTION('',(0.,0.,1.));
#11919 = ORIENTED_EDGE('',*,*,#11920,.F.);
#11920 = EDGE_CURVE('',#11851,#11913,#11921,.T.);
#11921 = LINE('',#11922,#11923);
#11922 = CARTESIAN_POINT('',(44.,-147.,0.));
#11923 = VECTOR('',#11924,1.);
#11924 = DIRECTION('',(0.,1.,0.));
#11925 = PLANE('',#11926);
#11926 = AXIS2_PLACEMENT_3D('',#11927,#11928,#11929);
#11927 = CARTESIAN_POINT('',(44.,-147.,0.));
#11928 = DIRECTION('',(-1.,0.,0.));
#11929 = DIRECTION('',(0.,1.,0.));
#11930 = ADVANCED_FACE('',(#11931,#11942,#11953,#11964,#11975,#11986,
    #11997,#12008,#12019,#12030,#12041,#12052,#12063,#12074,#12085,
    #12096,#12107,#12118,#12129,#12140,#12151,#12162,#12173,#12184,
    #12195,#12206,#12217,#12228,#12239,#12250,#12261,#12272,#12283,
    #12294),#12305,.F.);
#11931 = FACE_BOUND('',#11932,.F.);
#11932 = EDGE_LOOP('',(#11933,#11934,#11935,#11941));
#11933 = ORIENTED_EDGE('',*,*,#11858,.F.);
#11934 = ORIENTED_EDGE('',*,*,#11889,.F.);
#11935 = ORIENTED_EDGE('',*,*,#11936,.F.);
#11936 = EDGE_CURVE('',#11913,#11873,#11937,.T.);
#11937 = LINE('',#11938,#11939);
#11938 = CARTESIAN_POINT('',(44.,-27.,0.));
#11939 = VECTOR('',#11940,1.);
#11940 = DIRECTION('',(1.,0.,0.));
#11941 = ORIENTED_EDGE('',*,*,#11920,.F.);
#11942 = FACE_BOUND('',#11943,.F.);
#11943 = EDGE_LOOP('',(#11944));
#11944 = ORIENTED_EDGE('',*,*,#11945,.T.);
#11945 = EDGE_CURVE('',#11946,#11946,#11948,.T.);
#11946 = VERTEX_POINT('',#11947);
#11947 = CARTESIAN_POINT('',(48.,-144.6,0.));
#11948 = CIRCLE('',#11949,1.6);
#11949 = AXIS2_PLACEMENT_3D('',#11950,#11951,#11952);
#11950 = CARTESIAN_POINT('',(48.,-143.,0.));
#11951 = DIRECTION('',(-0.,0.,-1.));
#11952 = DIRECTION('',(-0.,-1.,0.));
#11953 = FACE_BOUND('',#11954,.F.);
#11954 = EDGE_LOOP('',(#11955));
#11955 = ORIENTED_EDGE('',*,*,#11956,.T.);
#11956 = EDGE_CURVE('',#11957,#11957,#11959,.T.);
#11957 = VERTEX_POINT('',#11958);
#11958 = CARTESIAN_POINT('',(93.3,-128.4,0.));
#11959 = CIRCLE('',#11960,0.4);
#11960 = AXIS2_PLACEMENT_3D('',#11961,#11962,#11963);
#11961 = CARTESIAN_POINT('',(93.3,-128.,0.));
#11962 = DIRECTION('',(-0.,0.,-1.));
#11963 = DIRECTION('',(-3.5527136788E-14,-1.,0.));
#11964 = FACE_BOUND('',#11965,.F.);
#11965 = EDGE_LOOP('',(#11966));
#11966 = ORIENTED_EDGE('',*,*,#11967,.T.);
#11967 = EDGE_CURVE('',#11968,#11968,#11970,.T.);
#11968 = VERTEX_POINT('',#11969);
#11969 = CARTESIAN_POINT('',(106.,-128.4,0.));
#11970 = CIRCLE('',#11971,0.4);
#11971 = AXIS2_PLACEMENT_3D('',#11972,#11973,#11974);
#11972 = CARTESIAN_POINT('',(106.,-128.,0.));
#11973 = DIRECTION('',(-0.,0.,-1.));
#11974 = DIRECTION('',(-0.,-1.,0.));
#11975 = FACE_BOUND('',#11976,.F.);
#11976 = EDGE_LOOP('',(#11977));
#11977 = ORIENTED_EDGE('',*,*,#11978,.T.);
#11978 = EDGE_CURVE('',#11979,#11979,#11981,.T.);
#11979 = VERTEX_POINT('',#11980);
#11980 = CARTESIAN_POINT('',(134.,-130.7051,0.));
#11981 = CIRCLE('',#11982,2.7051);
#11982 = AXIS2_PLACEMENT_3D('',#11983,#11984,#11985);
#11983 = CARTESIAN_POINT('',(134.,-128.,0.));
#11984 = DIRECTION('',(-0.,0.,-1.));
#11985 = DIRECTION('',(-0.,-1.,0.));
#11986 = FACE_BOUND('',#11987,.F.);
#11987 = EDGE_LOOP('',(#11988));
#11988 = ORIENTED_EDGE('',*,*,#11989,.T.);
#11989 = EDGE_CURVE('',#11990,#11990,#11992,.T.);
#11990 = VERTEX_POINT('',#11991);
#11991 = CARTESIAN_POINT('',(51.637306,-102.2019,0.));
#11992 = CIRCLE('',#11993,0.5969);
#11993 = AXIS2_PLACEMENT_3D('',#11994,#11995,#11996);
#11994 = CARTESIAN_POINT('',(51.637306,-101.605,0.));
#11995 = DIRECTION('',(-0.,0.,-1.));
#11996 = DIRECTION('',(1.190388232133E-14,-1.,-0.));
#11997 = FACE_BOUND('',#11998,.F.);
#11998 = EDGE_LOOP('',(#11999));
#11999 = ORIENTED_EDGE('',*,*,#12000,.T.);
#12000 = EDGE_CURVE('',#12001,#12001,#12003,.T.);
#12001 = VERTEX_POINT('',#12002);
#12002 = CARTESIAN_POINT('',(61.797306,-102.2019,0.));
#12003 = CIRCLE('',#12004,0.5969);
#12004 = AXIS2_PLACEMENT_3D('',#12005,#12006,#12007);
#12005 = CARTESIAN_POINT('',(61.797306,-101.605,0.));
#12006 = DIRECTION('',(-0.,0.,-1.));
#12007 = DIRECTION('',(-0.,-1.,0.));
#12008 = FACE_BOUND('',#12009,.F.);
#12009 = EDGE_LOOP('',(#12010));
#12010 = ORIENTED_EDGE('',*,*,#12011,.T.);
#12011 = EDGE_CURVE('',#12012,#12012,#12014,.T.);
#12012 = VERTEX_POINT('',#12013);
#12013 = CARTESIAN_POINT('',(57.997306,-97.6299,0.));
#12014 = CIRCLE('',#12015,1.1049);
#12015 = AXIS2_PLACEMENT_3D('',#12016,#12017,#12018);
#12016 = CARTESIAN_POINT('',(57.997306,-96.525,0.));
#12017 = DIRECTION('',(-0.,0.,-1.));
#12018 = DIRECTION('',(-0.,-1.,0.));
#12019 = FACE_BOUND('',#12020,.F.);
#12020 = EDGE_LOOP('',(#12021));
#12021 = ORIENTED_EDGE('',*,*,#12022,.T.);
#12022 = EDGE_CURVE('',#12023,#12023,#12025,.T.);
#12023 = VERTEX_POINT('',#12024);
#12024 = CARTESIAN_POINT('',(51.637306,-92.0419,0.));
#12025 = CIRCLE('',#12026,0.5969);
#12026 = AXIS2_PLACEMENT_3D('',#12027,#12028,#12029);
#12027 = CARTESIAN_POINT('',(51.637306,-91.445,0.));
#12028 = DIRECTION('',(-0.,0.,-1.));
#12029 = DIRECTION('',(1.190388232133E-14,-1.,-0.));
#12030 = FACE_BOUND('',#12031,.F.);
#12031 = EDGE_LOOP('',(#12032));
#12032 = ORIENTED_EDGE('',*,*,#12033,.T.);
#12033 = EDGE_CURVE('',#12034,#12034,#12036,.T.);
#12034 = VERTEX_POINT('',#12035);
#12035 = CARTESIAN_POINT('',(61.797306,-92.0419,0.));
#12036 = CIRCLE('',#12037,0.5969);
#12037 = AXIS2_PLACEMENT_3D('',#12038,#12039,#12040);
#12038 = CARTESIAN_POINT('',(61.797306,-91.445,0.));
#12039 = DIRECTION('',(-0.,0.,-1.));
#12040 = DIRECTION('',(-0.,-1.,0.));
#12041 = FACE_BOUND('',#12042,.F.);
#12042 = EDGE_LOOP('',(#12043));
#12043 = ORIENTED_EDGE('',*,*,#12044,.T.);
#12044 = EDGE_CURVE('',#12045,#12045,#12047,.T.);
#12045 = VERTEX_POINT('',#12046);
#12046 = CARTESIAN_POINT('',(153.05,-130.5781,0.));
#12047 = CIRCLE('',#12048,2.7051);
#12048 = AXIS2_PLACEMENT_3D('',#12049,#12050,#12051);
#12049 = CARTESIAN_POINT('',(153.05,-127.873,0.));
#12050 = DIRECTION('',(-0.,0.,-1.));
#12051 = DIRECTION('',(-0.,-1.,0.));
#12052 = FACE_BOUND('',#12053,.F.);
#12053 = EDGE_LOOP('',(#12054));
#12054 = ORIENTED_EDGE('',*,*,#12055,.T.);
#12055 = EDGE_CURVE('',#12056,#12056,#12058,.T.);
#12056 = VERTEX_POINT('',#12057);
#12057 = CARTESIAN_POINT('',(240.,-144.6,0.));
#12058 = CIRCLE('',#12059,1.6);
#12059 = AXIS2_PLACEMENT_3D('',#12060,#12061,#12062);
#12060 = CARTESIAN_POINT('',(240.,-143.,0.));
#12061 = DIRECTION('',(-0.,0.,-1.));
#12062 = DIRECTION('',(-0.,-1.,0.));
#12063 = FACE_BOUND('',#12064,.F.);
#12064 = EDGE_LOOP('',(#12065));
#12065 = ORIENTED_EDGE('',*,*,#12066,.T.);
#12066 = EDGE_CURVE('',#12067,#12067,#12069,.T.);
#12067 = VERTEX_POINT('',#12068);
#12068 = CARTESIAN_POINT('',(181.490128,-107.890128,0.));
#12069 = CIRCLE('',#12070,0.4);
#12070 = AXIS2_PLACEMENT_3D('',#12071,#12072,#12073);
#12071 = CARTESIAN_POINT('',(181.490128,-107.490128,0.));
#12072 = DIRECTION('',(-0.,0.,-1.));
#12073 = DIRECTION('',(-0.,-1.,0.));
#12074 = FACE_BOUND('',#12075,.F.);
#12075 = EDGE_LOOP('',(#12076));
#12076 = ORIENTED_EDGE('',*,*,#12077,.T.);
#12077 = EDGE_CURVE('',#12078,#12078,#12080,.T.);
#12078 = VERTEX_POINT('',#12079);
#12079 = CARTESIAN_POINT('',(172.509872,-98.909872,0.));
#12080 = CIRCLE('',#12081,0.4);
#12081 = AXIS2_PLACEMENT_3D('',#12082,#12083,#12084);
#12082 = CARTESIAN_POINT('',(172.509872,-98.509872,0.));
#12083 = DIRECTION('',(-0.,0.,-1.));
#12084 = DIRECTION('',(-0.,-1.,0.));
#12085 = FACE_BOUND('',#12086,.F.);
#12086 = EDGE_LOOP('',(#12087));
#12087 = ORIENTED_EDGE('',*,*,#12088,.T.);
#12088 = EDGE_CURVE('',#12089,#12089,#12091,.T.);
#12089 = VERTEX_POINT('',#12090);
#12090 = CARTESIAN_POINT('',(222.509872,-107.890128,0.));
#12091 = CIRCLE('',#12092,0.4);
#12092 = AXIS2_PLACEMENT_3D('',#12093,#12094,#12095);
#12093 = CARTESIAN_POINT('',(222.509872,-107.490128,0.));
#12094 = DIRECTION('',(-0.,0.,-1.));
#12095 = DIRECTION('',(-0.,-1.,0.));
#12096 = FACE_BOUND('',#12097,.F.);
#12097 = EDGE_LOOP('',(#12098));
#12098 = ORIENTED_EDGE('',*,*,#12099,.T.);
#12099 = EDGE_CURVE('',#12100,#12100,#12102,.T.);
#12100 = VERTEX_POINT('',#12101);
#12101 = CARTESIAN_POINT('',(202.127,-97.7051,0.));
#12102 = CIRCLE('',#12103,2.7051);
#12103 = AXIS2_PLACEMENT_3D('',#12104,#12105,#12106);
#12104 = CARTESIAN_POINT('',(202.127,-95.,0.));
#12105 = DIRECTION('',(-0.,0.,-1.));
#12106 = DIRECTION('',(-0.,-1.,0.));
#12107 = FACE_BOUND('',#12108,.F.);
#12108 = EDGE_LOOP('',(#12109));
#12109 = ORIENTED_EDGE('',*,*,#12110,.T.);
#12110 = EDGE_CURVE('',#12111,#12111,#12113,.T.);
#12111 = VERTEX_POINT('',#12112);
#12112 = CARTESIAN_POINT('',(231.490128,-98.909872,0.));
#12113 = CIRCLE('',#12114,0.4);
#12114 = AXIS2_PLACEMENT_3D('',#12115,#12116,#12117);
#12115 = CARTESIAN_POINT('',(231.490128,-98.509872,0.));
#12116 = DIRECTION('',(-0.,0.,-1.));
#12117 = DIRECTION('',(-0.,-1.,0.));
#12118 = FACE_BOUND('',#12119,.F.);
#12119 = EDGE_LOOP('',(#12120));
#12120 = ORIENTED_EDGE('',*,*,#12121,.T.);
#12121 = EDGE_CURVE('',#12122,#12122,#12124,.T.);
#12122 = VERTEX_POINT('',#12123);
#12123 = CARTESIAN_POINT('',(51.637306,-83.1519,0.));
#12124 = CIRCLE('',#12125,0.5969);
#12125 = AXIS2_PLACEMENT_3D('',#12126,#12127,#12128);
#12126 = CARTESIAN_POINT('',(51.637306,-82.555,0.));
#12127 = DIRECTION('',(-0.,0.,-1.));
#12128 = DIRECTION('',(1.190388232133E-14,-1.,-0.));
#12129 = FACE_BOUND('',#12130,.F.);
#12130 = EDGE_LOOP('',(#12131));
#12131 = ORIENTED_EDGE('',*,*,#12132,.T.);
#12132 = EDGE_CURVE('',#12133,#12133,#12135,.T.);
#12133 = VERTEX_POINT('',#12134);
#12134 = CARTESIAN_POINT('',(61.797306,-83.1519,0.));
#12135 = CIRCLE('',#12136,0.5969);
#12136 = AXIS2_PLACEMENT_3D('',#12137,#12138,#12139);
#12137 = CARTESIAN_POINT('',(61.797306,-82.555,0.));
#12138 = DIRECTION('',(-0.,0.,-1.));
#12139 = DIRECTION('',(-0.,-1.,0.));
#12140 = FACE_BOUND('',#12141,.F.);
#12141 = EDGE_LOOP('',(#12142));
#12142 = ORIENTED_EDGE('',*,*,#12143,.T.);
#12143 = EDGE_CURVE('',#12144,#12144,#12146,.T.);
#12144 = VERTEX_POINT('',#12145);
#12145 = CARTESIAN_POINT('',(57.997306,-78.5799,0.));
#12146 = CIRCLE('',#12147,1.1049);
#12147 = AXIS2_PLACEMENT_3D('',#12148,#12149,#12150);
#12148 = CARTESIAN_POINT('',(57.997306,-77.475,0.));
#12149 = DIRECTION('',(-0.,0.,-1.));
#12150 = DIRECTION('',(-0.,-1.,0.));
#12151 = FACE_BOUND('',#12152,.F.);
#12152 = EDGE_LOOP('',(#12153));
#12153 = ORIENTED_EDGE('',*,*,#12154,.T.);
#12154 = EDGE_CURVE('',#12155,#12155,#12157,.T.);
#12155 = VERTEX_POINT('',#12156);
#12156 = CARTESIAN_POINT('',(51.637306,-72.9919,0.));
#12157 = CIRCLE('',#12158,0.5969);
#12158 = AXIS2_PLACEMENT_3D('',#12159,#12160,#12161);
#12159 = CARTESIAN_POINT('',(51.637306,-72.395,0.));
#12160 = DIRECTION('',(-0.,0.,-1.));
#12161 = DIRECTION('',(1.190388232133E-14,-1.,-0.));
#12162 = FACE_BOUND('',#12163,.F.);
#12163 = EDGE_LOOP('',(#12164));
#12164 = ORIENTED_EDGE('',*,*,#12165,.T.);
#12165 = EDGE_CURVE('',#12166,#12166,#12168,.T.);
#12166 = VERTEX_POINT('',#12167);
#12167 = CARTESIAN_POINT('',(61.797306,-72.9919,0.));
#12168 = CIRCLE('',#12169,0.5969);
#12169 = AXIS2_PLACEMENT_3D('',#12170,#12171,#12172);
#12170 = CARTESIAN_POINT('',(61.797306,-72.395,0.));
#12171 = DIRECTION('',(-0.,0.,-1.));
#12172 = DIRECTION('',(-0.,-1.,0.));
#12173 = FACE_BOUND('',#12174,.F.);
#12174 = EDGE_LOOP('',(#12175));
#12175 = ORIENTED_EDGE('',*,*,#12176,.T.);
#12176 = EDGE_CURVE('',#12177,#12177,#12179,.T.);
#12177 = VERTEX_POINT('',#12178);
#12178 = CARTESIAN_POINT('',(119.,-88.6,0.));
#12179 = CIRCLE('',#12180,1.6);
#12180 = AXIS2_PLACEMENT_3D('',#12181,#12182,#12183);
#12181 = CARTESIAN_POINT('',(119.,-87.,0.));
#12182 = DIRECTION('',(-0.,0.,-1.));
#12183 = DIRECTION('',(-0.,-1.,0.));
#12184 = FACE_BOUND('',#12185,.F.);
#12185 = EDGE_LOOP('',(#12186));
#12186 = ORIENTED_EDGE('',*,*,#12187,.T.);
#12187 = EDGE_CURVE('',#12188,#12188,#12190,.T.);
#12188 = VERTEX_POINT('',#12189);
#12189 = CARTESIAN_POINT('',(93.65,-46.4,0.));
#12190 = CIRCLE('',#12191,0.4);
#12191 = AXIS2_PLACEMENT_3D('',#12192,#12193,#12194);
#12192 = CARTESIAN_POINT('',(93.65,-46.,0.));
#12193 = DIRECTION('',(-0.,0.,-1.));
#12194 = DIRECTION('',(-0.,-1.,0.));
#12195 = FACE_BOUND('',#12196,.F.);
#12196 = EDGE_LOOP('',(#12197));
#12197 = ORIENTED_EDGE('',*,*,#12198,.T.);
#12198 = EDGE_CURVE('',#12199,#12199,#12201,.T.);
#12199 = VERTEX_POINT('',#12200);
#12200 = CARTESIAN_POINT('',(48.,-32.6,0.));
#12201 = CIRCLE('',#12202,1.6);
#12202 = AXIS2_PLACEMENT_3D('',#12203,#12204,#12205);
#12203 = CARTESIAN_POINT('',(48.,-31.,0.));
#12204 = DIRECTION('',(-0.,0.,-1.));
#12205 = DIRECTION('',(-0.,-1.,0.));
#12206 = FACE_BOUND('',#12207,.F.);
#12207 = EDGE_LOOP('',(#12208));
#12208 = ORIENTED_EDGE('',*,*,#12209,.T.);
#12209 = EDGE_CURVE('',#12210,#12210,#12212,.T.);
#12210 = VERTEX_POINT('',#12211);
#12211 = CARTESIAN_POINT('',(106.35,-46.4,0.));
#12212 = CIRCLE('',#12213,0.4);
#12213 = AXIS2_PLACEMENT_3D('',#12214,#12215,#12216);
#12214 = CARTESIAN_POINT('',(106.35,-46.,0.));
#12215 = DIRECTION('',(-0.,0.,-1.));
#12216 = DIRECTION('',(-0.,-1.,0.));
#12217 = FACE_BOUND('',#12218,.F.);
#12218 = EDGE_LOOP('',(#12219));
#12219 = ORIENTED_EDGE('',*,*,#12220,.T.);
#12220 = EDGE_CURVE('',#12221,#12221,#12223,.T.);
#12221 = VERTEX_POINT('',#12222);
#12222 = CARTESIAN_POINT('',(133.95,-48.7051,0.));
#12223 = CIRCLE('',#12224,2.7051);
#12224 = AXIS2_PLACEMENT_3D('',#12225,#12226,#12227);
#12225 = CARTESIAN_POINT('',(133.95,-46.,0.));
#12226 = DIRECTION('',(-0.,0.,-1.));
#12227 = DIRECTION('',(-0.,-1.,0.));
#12228 = FACE_BOUND('',#12229,.F.);
#12229 = EDGE_LOOP('',(#12230));
#12230 = ORIENTED_EDGE('',*,*,#12231,.T.);
#12231 = EDGE_CURVE('',#12232,#12232,#12234,.T.);
#12232 = VERTEX_POINT('',#12233);
#12233 = CARTESIAN_POINT('',(172.619418,-78.265287,0.));
#12234 = CIRCLE('',#12235,2.7051);
#12235 = AXIS2_PLACEMENT_3D('',#12236,#12237,#12238);
#12236 = CARTESIAN_POINT('',(172.619418,-75.560187,0.));
#12237 = DIRECTION('',(-0.,0.,-1.));
#12238 = DIRECTION('',(-0.,-1.,0.));
#12239 = FACE_BOUND('',#12240,.F.);
#12240 = EDGE_LOOP('',(#12241));
#12241 = ORIENTED_EDGE('',*,*,#12242,.T.);
#12242 = EDGE_CURVE('',#12243,#12243,#12245,.T.);
#12243 = VERTEX_POINT('',#12244);
#12244 = CARTESIAN_POINT('',(186.,-64.7051,0.));
#12245 = CIRCLE('',#12246,2.7051);
#12246 = AXIS2_PLACEMENT_3D('',#12247,#12248,#12249);
#12247 = CARTESIAN_POINT('',(186.,-62.,0.));
#12248 = DIRECTION('',(-0.,0.,-1.));
#12249 = DIRECTION('',(-0.,-1.,0.));
#12250 = FACE_BOUND('',#12251,.F.);
#12251 = EDGE_LOOP('',(#12252));
#12252 = ORIENTED_EDGE('',*,*,#12253,.T.);
#12253 = EDGE_CURVE('',#12254,#12254,#12256,.T.);
#12254 = VERTEX_POINT('',#12255);
#12255 = CARTESIAN_POINT('',(202.,-78.6551,0.));
#12256 = CIRCLE('',#12257,2.7051);
#12257 = AXIS2_PLACEMENT_3D('',#12258,#12259,#12260);
#12258 = CARTESIAN_POINT('',(202.,-75.95,0.));
#12259 = DIRECTION('',(-0.,0.,-1.));
#12260 = DIRECTION('',(-0.,-1.,0.));
#12261 = FACE_BOUND('',#12262,.F.);
#12262 = EDGE_LOOP('',(#12263));
#12263 = ORIENTED_EDGE('',*,*,#12264,.T.);
#12264 = EDGE_CURVE('',#12265,#12265,#12267,.T.);
#12265 = VERTEX_POINT('',#12266);
#12266 = CARTESIAN_POINT('',(231.560187,-78.085682,0.));
#12267 = CIRCLE('',#12268,2.7051);
#12268 = AXIS2_PLACEMENT_3D('',#12269,#12270,#12271);
#12269 = CARTESIAN_POINT('',(231.560187,-75.380582,0.));
#12270 = DIRECTION('',(-0.,0.,-1.));
#12271 = DIRECTION('',(1.050671303479E-14,-1.,-0.));
#12272 = FACE_BOUND('',#12273,.F.);
#12273 = EDGE_LOOP('',(#12274));
#12274 = ORIENTED_EDGE('',*,*,#12275,.T.);
#12275 = EDGE_CURVE('',#12276,#12276,#12278,.T.);
#12276 = VERTEX_POINT('',#12277);
#12277 = CARTESIAN_POINT('',(218.,-64.7051,0.));
#12278 = CIRCLE('',#12279,2.7051);
#12279 = AXIS2_PLACEMENT_3D('',#12280,#12281,#12282);
#12280 = CARTESIAN_POINT('',(218.,-62.,0.));
#12281 = DIRECTION('',(-0.,0.,-1.));
#12282 = DIRECTION('',(-0.,-1.,0.));
#12283 = FACE_BOUND('',#12284,.F.);
#12284 = EDGE_LOOP('',(#12285));
#12285 = ORIENTED_EDGE('',*,*,#12286,.T.);
#12286 = EDGE_CURVE('',#12287,#12287,#12289,.T.);
#12287 = VERTEX_POINT('',#12288);
#12288 = CARTESIAN_POINT('',(153.,-48.5781,0.));
#12289 = CIRCLE('',#12290,2.7051);
#12290 = AXIS2_PLACEMENT_3D('',#12291,#12292,#12293);
#12291 = CARTESIAN_POINT('',(153.,-45.873,0.));
#12292 = DIRECTION('',(-0.,0.,-1.));
#12293 = DIRECTION('',(-0.,-1.,0.));
#12294 = FACE_BOUND('',#12295,.F.);
#12295 = EDGE_LOOP('',(#12296));
#12296 = ORIENTED_EDGE('',*,*,#12297,.T.);
#12297 = EDGE_CURVE('',#12298,#12298,#12300,.T.);
#12298 = VERTEX_POINT('',#12299);
#12299 = CARTESIAN_POINT('',(240.,-32.6,0.));
#12300 = CIRCLE('',#12301,1.6);
#12301 = AXIS2_PLACEMENT_3D('',#12302,#12303,#12304);
#12302 = CARTESIAN_POINT('',(240.,-31.,0.));
#12303 = DIRECTION('',(-0.,0.,-1.));
#12304 = DIRECTION('',(-0.,-1.,0.));
#12305 = PLANE('',#12306);
#12306 = AXIS2_PLACEMENT_3D('',#12307,#12308,#12309);
#12307 = CARTESIAN_POINT('',(0.,0.,0.));
#12308 = DIRECTION('',(0.,0.,1.));
#12309 = DIRECTION('',(1.,0.,-0.));
#12310 = ADVANCED_FACE('',(#12311,#12322,#12333,#12344,#12355,#12366,
    #12377,#12388,#12399,#12410,#12421,#12432,#12443,#12454,#12465,
    #12476,#12487,#12498,#12509,#12520,#12531,#12542,#12553,#12564,
    #12575,#12586,#12597,#12608,#12619,#12630,#12641,#12652,#12663,
    #12674),#12685,.T.);
#12311 = FACE_BOUND('',#12312,.T.);
#12312 = EDGE_LOOP('',(#12313,#12314,#12315,#12321));
#12313 = ORIENTED_EDGE('',*,*,#11842,.F.);
#12314 = ORIENTED_EDGE('',*,*,#11882,.F.);
#12315 = ORIENTED_EDGE('',*,*,#12316,.F.);
#12316 = EDGE_CURVE('',#11905,#11875,#12317,.T.);
#12317 = LINE('',#12318,#12319);
#12318 = CARTESIAN_POINT('',(44.,-27.,1.51));
#12319 = VECTOR('',#12320,1.);
#12320 = DIRECTION('',(1.,0.,0.));
#12321 = ORIENTED_EDGE('',*,*,#11904,.F.);
#12322 = FACE_BOUND('',#12323,.T.);
#12323 = EDGE_LOOP('',(#12324));
#12324 = ORIENTED_EDGE('',*,*,#12325,.T.);
#12325 = EDGE_CURVE('',#12326,#12326,#12328,.T.);
#12326 = VERTEX_POINT('',#12327);
#12327 = CARTESIAN_POINT('',(48.,-144.6,1.51));
#12328 = CIRCLE('',#12329,1.6);
#12329 = AXIS2_PLACEMENT_3D('',#12330,#12331,#12332);
#12330 = CARTESIAN_POINT('',(48.,-143.,1.51));
#12331 = DIRECTION('',(-0.,0.,-1.));
#12332 = DIRECTION('',(-0.,-1.,0.));
#12333 = FACE_BOUND('',#12334,.T.);
#12334 = EDGE_LOOP('',(#12335));
#12335 = ORIENTED_EDGE('',*,*,#12336,.T.);
#12336 = EDGE_CURVE('',#12337,#12337,#12339,.T.);
#12337 = VERTEX_POINT('',#12338);
#12338 = CARTESIAN_POINT('',(93.3,-128.4,1.51));
#12339 = CIRCLE('',#12340,0.4);
#12340 = AXIS2_PLACEMENT_3D('',#12341,#12342,#12343);
#12341 = CARTESIAN_POINT('',(93.3,-128.,1.51));
#12342 = DIRECTION('',(-0.,0.,-1.));
#12343 = DIRECTION('',(-3.5527136788E-14,-1.,0.));
#12344 = FACE_BOUND('',#12345,.T.);
#12345 = EDGE_LOOP('',(#12346));
#12346 = ORIENTED_EDGE('',*,*,#12347,.T.);
#12347 = EDGE_CURVE('',#12348,#12348,#12350,.T.);
#12348 = VERTEX_POINT('',#12349);
#12349 = CARTESIAN_POINT('',(106.,-128.4,1.51));
#12350 = CIRCLE('',#12351,0.4);
#12351 = AXIS2_PLACEMENT_3D('',#12352,#12353,#12354);
#12352 = CARTESIAN_POINT('',(106.,-128.,1.51));
#12353 = DIRECTION('',(-0.,0.,-1.));
#12354 = DIRECTION('',(-0.,-1.,0.));
#12355 = FACE_BOUND('',#12356,.T.);
#12356 = EDGE_LOOP('',(#12357));
#12357 = ORIENTED_EDGE('',*,*,#12358,.T.);
#12358 = EDGE_CURVE('',#12359,#12359,#12361,.T.);
#12359 = VERTEX_POINT('',#12360);
#12360 = CARTESIAN_POINT('',(134.,-130.7051,1.51));
#12361 = CIRCLE('',#12362,2.7051);
#12362 = AXIS2_PLACEMENT_3D('',#12363,#12364,#12365);
#12363 = CARTESIAN_POINT('',(134.,-128.,1.51));
#12364 = DIRECTION('',(-0.,0.,-1.));
#12365 = DIRECTION('',(-0.,-1.,0.));
#12366 = FACE_BOUND('',#12367,.T.);
#12367 = EDGE_LOOP('',(#12368));
#12368 = ORIENTED_EDGE('',*,*,#12369,.T.);
#12369 = EDGE_CURVE('',#12370,#12370,#12372,.T.);
#12370 = VERTEX_POINT('',#12371);
#12371 = CARTESIAN_POINT('',(51.637306,-102.2019,1.51));
#12372 = CIRCLE('',#12373,0.5969);
#12373 = AXIS2_PLACEMENT_3D('',#12374,#12375,#12376);
#12374 = CARTESIAN_POINT('',(51.637306,-101.605,1.51));
#12375 = DIRECTION('',(-0.,0.,-1.));
#12376 = DIRECTION('',(1.190388232133E-14,-1.,-0.));
#12377 = FACE_BOUND('',#12378,.T.);
#12378 = EDGE_LOOP('',(#12379));
#12379 = ORIENTED_EDGE('',*,*,#12380,.T.);
#12380 = EDGE_CURVE('',#12381,#12381,#12383,.T.);
#12381 = VERTEX_POINT('',#12382);
#12382 = CARTESIAN_POINT('',(61.797306,-102.2019,1.51));
#12383 = CIRCLE('',#12384,0.5969);
#12384 = AXIS2_PLACEMENT_3D('',#12385,#12386,#12387);
#12385 = CARTESIAN_POINT('',(61.797306,-101.605,1.51));
#12386 = DIRECTION('',(-0.,0.,-1.));
#12387 = DIRECTION('',(-0.,-1.,0.));
#12388 = FACE_BOUND('',#12389,.T.);
#12389 = EDGE_LOOP('',(#12390));
#12390 = ORIENTED_EDGE('',*,*,#12391,.T.);
#12391 = EDGE_CURVE('',#12392,#12392,#12394,.T.);
#12392 = VERTEX_POINT('',#12393);
#12393 = CARTESIAN_POINT('',(57.997306,-97.6299,1.51));
#12394 = CIRCLE('',#12395,1.1049);
#12395 = AXIS2_PLACEMENT_3D('',#12396,#12397,#12398);
#12396 = CARTESIAN_POINT('',(57.997306,-96.525,1.51));
#12397 = DIRECTION('',(-0.,0.,-1.));
#12398 = DIRECTION('',(-0.,-1.,0.));
#12399 = FACE_BOUND('',#12400,.T.);
#12400 = EDGE_LOOP('',(#12401));
#12401 = ORIENTED_EDGE('',*,*,#12402,.T.);
#12402 = EDGE_CURVE('',#12403,#12403,#12405,.T.);
#12403 = VERTEX_POINT('',#12404);
#12404 = CARTESIAN_POINT('',(51.637306,-92.0419,1.51));
#12405 = CIRCLE('',#12406,0.5969);
#12406 = AXIS2_PLACEMENT_3D('',#12407,#12408,#12409);
#12407 = CARTESIAN_POINT('',(51.637306,-91.445,1.51));
#12408 = DIRECTION('',(-0.,0.,-1.));
#12409 = DIRECTION('',(1.190388232133E-14,-1.,-0.));
#12410 = FACE_BOUND('',#12411,.T.);
#12411 = EDGE_LOOP('',(#12412));
#12412 = ORIENTED_EDGE('',*,*,#12413,.T.);
#12413 = EDGE_CURVE('',#12414,#12414,#12416,.T.);
#12414 = VERTEX_POINT('',#12415);
#12415 = CARTESIAN_POINT('',(61.797306,-92.0419,1.51));
#12416 = CIRCLE('',#12417,0.5969);
#12417 = AXIS2_PLACEMENT_3D('',#12418,#12419,#12420);
#12418 = CARTESIAN_POINT('',(61.797306,-91.445,1.51));
#12419 = DIRECTION('',(-0.,0.,-1.));
#12420 = DIRECTION('',(-0.,-1.,0.));
#12421 = FACE_BOUND('',#12422,.T.);
#12422 = EDGE_LOOP('',(#12423));
#12423 = ORIENTED_EDGE('',*,*,#12424,.T.);
#12424 = EDGE_CURVE('',#12425,#12425,#12427,.T.);
#12425 = VERTEX_POINT('',#12426);
#12426 = CARTESIAN_POINT('',(153.05,-130.5781,1.51));
#12427 = CIRCLE('',#12428,2.7051);
#12428 = AXIS2_PLACEMENT_3D('',#12429,#12430,#12431);
#12429 = CARTESIAN_POINT('',(153.05,-127.873,1.51));
#12430 = DIRECTION('',(-0.,0.,-1.));
#12431 = DIRECTION('',(-0.,-1.,0.));
#12432 = FACE_BOUND('',#12433,.T.);
#12433 = EDGE_LOOP('',(#12434));
#12434 = ORIENTED_EDGE('',*,*,#12435,.T.);
#12435 = EDGE_CURVE('',#12436,#12436,#12438,.T.);
#12436 = VERTEX_POINT('',#12437);
#12437 = CARTESIAN_POINT('',(240.,-144.6,1.51));
#12438 = CIRCLE('',#12439,1.6);
#12439 = AXIS2_PLACEMENT_3D('',#12440,#12441,#12442);
#12440 = CARTESIAN_POINT('',(240.,-143.,1.51));
#12441 = DIRECTION('',(-0.,0.,-1.));
#12442 = DIRECTION('',(-0.,-1.,0.));
#12443 = FACE_BOUND('',#12444,.T.);
#12444 = EDGE_LOOP('',(#12445));
#12445 = ORIENTED_EDGE('',*,*,#12446,.T.);
#12446 = EDGE_CURVE('',#12447,#12447,#12449,.T.);
#12447 = VERTEX_POINT('',#12448);
#12448 = CARTESIAN_POINT('',(181.490128,-107.890128,1.51));
#12449 = CIRCLE('',#12450,0.4);
#12450 = AXIS2_PLACEMENT_3D('',#12451,#12452,#12453);
#12451 = CARTESIAN_POINT('',(181.490128,-107.490128,1.51));
#12452 = DIRECTION('',(-0.,0.,-1.));
#12453 = DIRECTION('',(-0.,-1.,0.));
#12454 = FACE_BOUND('',#12455,.T.);
#12455 = EDGE_LOOP('',(#12456));
#12456 = ORIENTED_EDGE('',*,*,#12457,.T.);
#12457 = EDGE_CURVE('',#12458,#12458,#12460,.T.);
#12458 = VERTEX_POINT('',#12459);
#12459 = CARTESIAN_POINT('',(172.509872,-98.909872,1.51));
#12460 = CIRCLE('',#12461,0.4);
#12461 = AXIS2_PLACEMENT_3D('',#12462,#12463,#12464);
#12462 = CARTESIAN_POINT('',(172.509872,-98.509872,1.51));
#12463 = DIRECTION('',(-0.,0.,-1.));
#12464 = DIRECTION('',(-0.,-1.,0.));
#12465 = FACE_BOUND('',#12466,.T.);
#12466 = EDGE_LOOP('',(#12467));
#12467 = ORIENTED_EDGE('',*,*,#12468,.T.);
#12468 = EDGE_CURVE('',#12469,#12469,#12471,.T.);
#12469 = VERTEX_POINT('',#12470);
#12470 = CARTESIAN_POINT('',(222.509872,-107.890128,1.51));
#12471 = CIRCLE('',#12472,0.4);
#12472 = AXIS2_PLACEMENT_3D('',#12473,#12474,#12475);
#12473 = CARTESIAN_POINT('',(222.509872,-107.490128,1.51));
#12474 = DIRECTION('',(-0.,0.,-1.));
#12475 = DIRECTION('',(-0.,-1.,0.));
#12476 = FACE_BOUND('',#12477,.T.);
#12477 = EDGE_LOOP('',(#12478));
#12478 = ORIENTED_EDGE('',*,*,#12479,.T.);
#12479 = EDGE_CURVE('',#12480,#12480,#12482,.T.);
#12480 = VERTEX_POINT('',#12481);
#12481 = CARTESIAN_POINT('',(202.127,-97.7051,1.51));
#12482 = CIRCLE('',#12483,2.7051);
#12483 = AXIS2_PLACEMENT_3D('',#12484,#12485,#12486);
#12484 = CARTESIAN_POINT('',(202.127,-95.,1.51));
#12485 = DIRECTION('',(-0.,0.,-1.));
#12486 = DIRECTION('',(-0.,-1.,0.));
#12487 = FACE_BOUND('',#12488,.T.);
#12488 = EDGE_LOOP('',(#12489));
#12489 = ORIENTED_EDGE('',*,*,#12490,.T.);
#12490 = EDGE_CURVE('',#12491,#12491,#12493,.T.);
#12491 = VERTEX_POINT('',#12492);
#12492 = CARTESIAN_POINT('',(231.490128,-98.909872,1.51));
#12493 = CIRCLE('',#12494,0.4);
#12494 = AXIS2_PLACEMENT_3D('',#12495,#12496,#12497);
#12495 = CARTESIAN_POINT('',(231.490128,-98.509872,1.51));
#12496 = DIRECTION('',(-0.,0.,-1.));
#12497 = DIRECTION('',(-0.,-1.,0.));
#12498 = FACE_BOUND('',#12499,.T.);
#12499 = EDGE_LOOP('',(#12500));
#12500 = ORIENTED_EDGE('',*,*,#12501,.T.);
#12501 = EDGE_CURVE('',#12502,#12502,#12504,.T.);
#12502 = VERTEX_POINT('',#12503);
#12503 = CARTESIAN_POINT('',(51.637306,-83.1519,1.51));
#12504 = CIRCLE('',#12505,0.5969);
#12505 = AXIS2_PLACEMENT_3D('',#12506,#12507,#12508);
#12506 = CARTESIAN_POINT('',(51.637306,-82.555,1.51));
#12507 = DIRECTION('',(-0.,0.,-1.));
#12508 = DIRECTION('',(1.190388232133E-14,-1.,-0.));
#12509 = FACE_BOUND('',#12510,.T.);
#12510 = EDGE_LOOP('',(#12511));
#12511 = ORIENTED_EDGE('',*,*,#12512,.T.);
#12512 = EDGE_CURVE('',#12513,#12513,#12515,.T.);
#12513 = VERTEX_POINT('',#12514);
#12514 = CARTESIAN_POINT('',(61.797306,-83.1519,1.51));
#12515 = CIRCLE('',#12516,0.5969);
#12516 = AXIS2_PLACEMENT_3D('',#12517,#12518,#12519);
#12517 = CARTESIAN_POINT('',(61.797306,-82.555,1.51));
#12518 = DIRECTION('',(-0.,0.,-1.));
#12519 = DIRECTION('',(-0.,-1.,0.));
#12520 = FACE_BOUND('',#12521,.T.);
#12521 = EDGE_LOOP('',(#12522));
#12522 = ORIENTED_EDGE('',*,*,#12523,.T.);
#12523 = EDGE_CURVE('',#12524,#12524,#12526,.T.);
#12524 = VERTEX_POINT('',#12525);
#12525 = CARTESIAN_POINT('',(57.997306,-78.5799,1.51));
#12526 = CIRCLE('',#12527,1.1049);
#12527 = AXIS2_PLACEMENT_3D('',#12528,#12529,#12530);
#12528 = CARTESIAN_POINT('',(57.997306,-77.475,1.51));
#12529 = DIRECTION('',(-0.,0.,-1.));
#12530 = DIRECTION('',(-0.,-1.,0.));
#12531 = FACE_BOUND('',#12532,.T.);
#12532 = EDGE_LOOP('',(#12533));
#12533 = ORIENTED_EDGE('',*,*,#12534,.T.);
#12534 = EDGE_CURVE('',#12535,#12535,#12537,.T.);
#12535 = VERTEX_POINT('',#12536);
#12536 = CARTESIAN_POINT('',(51.637306,-72.9919,1.51));
#12537 = CIRCLE('',#12538,0.5969);
#12538 = AXIS2_PLACEMENT_3D('',#12539,#12540,#12541);
#12539 = CARTESIAN_POINT('',(51.637306,-72.395,1.51));
#12540 = DIRECTION('',(-0.,0.,-1.));
#12541 = DIRECTION('',(1.190388232133E-14,-1.,-0.));
#12542 = FACE_BOUND('',#12543,.T.);
#12543 = EDGE_LOOP('',(#12544));
#12544 = ORIENTED_EDGE('',*,*,#12545,.T.);
#12545 = EDGE_CURVE('',#12546,#12546,#12548,.T.);
#12546 = VERTEX_POINT('',#12547);
#12547 = CARTESIAN_POINT('',(61.797306,-72.9919,1.51));
#12548 = CIRCLE('',#12549,0.5969);
#12549 = AXIS2_PLACEMENT_3D('',#12550,#12551,#12552);
#12550 = CARTESIAN_POINT('',(61.797306,-72.395,1.51));
#12551 = DIRECTION('',(-0.,0.,-1.));
#12552 = DIRECTION('',(-0.,-1.,0.));
#12553 = FACE_BOUND('',#12554,.T.);
#12554 = EDGE_LOOP('',(#12555));
#12555 = ORIENTED_EDGE('',*,*,#12556,.T.);
#12556 = EDGE_CURVE('',#12557,#12557,#12559,.T.);
#12557 = VERTEX_POINT('',#12558);
#12558 = CARTESIAN_POINT('',(119.,-88.6,1.51));
#12559 = CIRCLE('',#12560,1.6);
#12560 = AXIS2_PLACEMENT_3D('',#12561,#12562,#12563);
#12561 = CARTESIAN_POINT('',(119.,-87.,1.51));
#12562 = DIRECTION('',(-0.,0.,-1.));
#12563 = DIRECTION('',(-0.,-1.,0.));
#12564 = FACE_BOUND('',#12565,.T.);
#12565 = EDGE_LOOP('',(#12566));
#12566 = ORIENTED_EDGE('',*,*,#12567,.T.);
#12567 = EDGE_CURVE('',#12568,#12568,#12570,.T.);
#12568 = VERTEX_POINT('',#12569);
#12569 = CARTESIAN_POINT('',(93.65,-46.4,1.51));
#12570 = CIRCLE('',#12571,0.4);
#12571 = AXIS2_PLACEMENT_3D('',#12572,#12573,#12574);
#12572 = CARTESIAN_POINT('',(93.65,-46.,1.51));
#12573 = DIRECTION('',(-0.,0.,-1.));
#12574 = DIRECTION('',(-0.,-1.,0.));
#12575 = FACE_BOUND('',#12576,.T.);
#12576 = EDGE_LOOP('',(#12577));
#12577 = ORIENTED_EDGE('',*,*,#12578,.T.);
#12578 = EDGE_CURVE('',#12579,#12579,#12581,.T.);
#12579 = VERTEX_POINT('',#12580);
#12580 = CARTESIAN_POINT('',(48.,-32.6,1.51));
#12581 = CIRCLE('',#12582,1.6);
#12582 = AXIS2_PLACEMENT_3D('',#12583,#12584,#12585);
#12583 = CARTESIAN_POINT('',(48.,-31.,1.51));
#12584 = DIRECTION('',(-0.,0.,-1.));
#12585 = DIRECTION('',(-0.,-1.,0.));
#12586 = FACE_BOUND('',#12587,.T.);
#12587 = EDGE_LOOP('',(#12588));
#12588 = ORIENTED_EDGE('',*,*,#12589,.T.);
#12589 = EDGE_CURVE('',#12590,#12590,#12592,.T.);
#12590 = VERTEX_POINT('',#12591);
#12591 = CARTESIAN_POINT('',(106.35,-46.4,1.51));
#12592 = CIRCLE('',#12593,0.4);
#12593 = AXIS2_PLACEMENT_3D('',#12594,#12595,#12596);
#12594 = CARTESIAN_POINT('',(106.35,-46.,1.51));
#12595 = DIRECTION('',(-0.,0.,-1.));
#12596 = DIRECTION('',(-0.,-1.,0.));
#12597 = FACE_BOUND('',#12598,.T.);
#12598 = EDGE_LOOP('',(#12599));
#12599 = ORIENTED_EDGE('',*,*,#12600,.T.);
#12600 = EDGE_CURVE('',#12601,#12601,#12603,.T.);
#12601 = VERTEX_POINT('',#12602);
#12602 = CARTESIAN_POINT('',(133.95,-48.7051,1.51));
#12603 = CIRCLE('',#12604,2.7051);
#12604 = AXIS2_PLACEMENT_3D('',#12605,#12606,#12607);
#12605 = CARTESIAN_POINT('',(133.95,-46.,1.51));
#12606 = DIRECTION('',(-0.,0.,-1.));
#12607 = DIRECTION('',(-0.,-1.,0.));
#12608 = FACE_BOUND('',#12609,.T.);
#12609 = EDGE_LOOP('',(#12610));
#12610 = ORIENTED_EDGE('',*,*,#12611,.T.);
#12611 = EDGE_CURVE('',#12612,#12612,#12614,.T.);
#12612 = VERTEX_POINT('',#12613);
#12613 = CARTESIAN_POINT('',(172.619418,-78.265287,1.51));
#12614 = CIRCLE('',#12615,2.7051);
#12615 = AXIS2_PLACEMENT_3D('',#12616,#12617,#12618);
#12616 = CARTESIAN_POINT('',(172.619418,-75.560187,1.51));
#12617 = DIRECTION('',(-0.,0.,-1.));
#12618 = DIRECTION('',(-0.,-1.,0.));
#12619 = FACE_BOUND('',#12620,.T.);
#12620 = EDGE_LOOP('',(#12621));
#12621 = ORIENTED_EDGE('',*,*,#12622,.T.);
#12622 = EDGE_CURVE('',#12623,#12623,#12625,.T.);
#12623 = VERTEX_POINT('',#12624);
#12624 = CARTESIAN_POINT('',(186.,-64.7051,1.51));
#12625 = CIRCLE('',#12626,2.7051);
#12626 = AXIS2_PLACEMENT_3D('',#12627,#12628,#12629);
#12627 = CARTESIAN_POINT('',(186.,-62.,1.51));
#12628 = DIRECTION('',(-0.,0.,-1.));
#12629 = DIRECTION('',(-0.,-1.,0.));
#12630 = FACE_BOUND('',#12631,.T.);
#12631 = EDGE_LOOP('',(#12632));
#12632 = ORIENTED_EDGE('',*,*,#12633,.T.);
#12633 = EDGE_CURVE('',#12634,#12634,#12636,.T.);
#12634 = VERTEX_POINT('',#12635);
#12635 = CARTESIAN_POINT('',(202.,-78.6551,1.51));
#12636 = CIRCLE('',#12637,2.7051);
#12637 = AXIS2_PLACEMENT_3D('',#12638,#12639,#12640);
#12638 = CARTESIAN_POINT('',(202.,-75.95,1.51));
#12639 = DIRECTION('',(-0.,0.,-1.));
#12640 = DIRECTION('',(-0.,-1.,0.));
#12641 = FACE_BOUND('',#12642,.T.);
#12642 = EDGE_LOOP('',(#12643));
#12643 = ORIENTED_EDGE('',*,*,#12644,.T.);
#12644 = EDGE_CURVE('',#12645,#12645,#12647,.T.);
#12645 = VERTEX_POINT('',#12646);
#12646 = CARTESIAN_POINT('',(231.560187,-78.085682,1.51));
#12647 = CIRCLE('',#12648,2.7051);
#12648 = AXIS2_PLACEMENT_3D('',#12649,#12650,#12651);
#12649 = CARTESIAN_POINT('',(231.560187,-75.380582,1.51));
#12650 = DIRECTION('',(-0.,0.,-1.));
#12651 = DIRECTION('',(1.050671303479E-14,-1.,-0.));
#12652 = FACE_BOUND('',#12653,.T.);
#12653 = EDGE_LOOP('',(#12654));
#12654 = ORIENTED_EDGE('',*,*,#12655,.T.);
#12655 = EDGE_CURVE('',#12656,#12656,#12658,.T.);
#12656 = VERTEX_POINT('',#12657);
#12657 = CARTESIAN_POINT('',(218.,-64.7051,1.51));
#12658 = CIRCLE('',#12659,2.7051);
#12659 = AXIS2_PLACEMENT_3D('',#12660,#12661,#12662);
#12660 = CARTESIAN_POINT('',(218.,-62.,1.51));
#12661 = DIRECTION('',(-0.,0.,-1.));
#12662 = DIRECTION('',(-0.,-1.,0.));
#12663 = FACE_BOUND('',#12664,.T.);
#12664 = EDGE_LOOP('',(#12665));
#12665 = ORIENTED_EDGE('',*,*,#12666,.T.);
#12666 = EDGE_CURVE('',#12667,#12667,#12669,.T.);
#12667 = VERTEX_POINT('',#12668);
#12668 = CARTESIAN_POINT('',(153.,-48.5781,1.51));
#12669 = CIRCLE('',#12670,2.7051);
#12670 = AXIS2_PLACEMENT_3D('',#12671,#12672,#12673);
#12671 = CARTESIAN_POINT('',(153.,-45.873,1.51));
#12672 = DIRECTION('',(-0.,0.,-1.));
#12673 = DIRECTION('',(-0.,-1.,0.));
#12674 = FACE_BOUND('',#12675,.T.);
#12675 = EDGE_LOOP('',(#12676));
#12676 = ORIENTED_EDGE('',*,*,#12677,.T.);
#12677 = EDGE_CURVE('',#12678,#12678,#12680,.T.);
#12678 = VERTEX_POINT('',#12679);
#12679 = CARTESIAN_POINT('',(240.,-32.6,1.51));
#12680 = CIRCLE('',#12681,1.6);
#12681 = AXIS2_PLACEMENT_3D('',#12682,#12683,#12684);
#12682 = CARTESIAN_POINT('',(240.,-31.,1.51));
#12683 = DIRECTION('',(-0.,0.,-1.));
#12684 = DIRECTION('',(-0.,-1.,0.));
#12685 = PLANE('',#12686);
#12686 = AXIS2_PLACEMENT_3D('',#12687,#12688,#12689);
#12687 = CARTESIAN_POINT('',(0.,0.,1.51));
#12688 = DIRECTION('',(0.,0.,1.));
#12689 = DIRECTION('',(1.,0.,-0.));
#12690 = ADVANCED_FACE('',(#12691),#12697,.T.);
#12691 = FACE_BOUND('',#12692,.T.);
#12692 = EDGE_LOOP('',(#12693,#12694,#12695,#12696));
#12693 = ORIENTED_EDGE('',*,*,#11912,.T.);
#12694 = ORIENTED_EDGE('',*,*,#12316,.T.);
#12695 = ORIENTED_EDGE('',*,*,#11872,.F.);
#12696 = ORIENTED_EDGE('',*,*,#11936,.F.);
#12697 = PLANE('',#12698);
#12698 = AXIS2_PLACEMENT_3D('',#12699,#12700,#12701);
#12699 = CARTESIAN_POINT('',(44.,-27.,0.));
#12700 = DIRECTION('',(0.,1.,0.));
#12701 = DIRECTION('',(1.,0.,0.));
#12702 = ADVANCED_FACE('',(#12703),#12714,.F.);
#12703 = FACE_BOUND('',#12704,.T.);
#12704 = EDGE_LOOP('',(#12705,#12706,#12712,#12713));
#12705 = ORIENTED_EDGE('',*,*,#11945,.T.);
#12706 = ORIENTED_EDGE('',*,*,#12707,.T.);
#12707 = EDGE_CURVE('',#11946,#12326,#12708,.T.);
#12708 = LINE('',#12709,#12710);
#12709 = CARTESIAN_POINT('',(48.,-144.6,-4.6E-02));
#12710 = VECTOR('',#12711,1.);
#12711 = DIRECTION('',(0.,0.,1.));
#12712 = ORIENTED_EDGE('',*,*,#12325,.F.);
#12713 = ORIENTED_EDGE('',*,*,#12707,.F.);
#12714 = CYLINDRICAL_SURFACE('',#12715,1.6);
#12715 = AXIS2_PLACEMENT_3D('',#12716,#12717,#12718);
#12716 = CARTESIAN_POINT('',(48.,-143.,-4.6E-02));
#12717 = DIRECTION('',(-0.,-0.,-1.));
#12718 = DIRECTION('',(-0.,-1.,0.));
#12719 = ADVANCED_FACE('',(#12720),#12731,.F.);
#12720 = FACE_BOUND('',#12721,.T.);
#12721 = EDGE_LOOP('',(#12722,#12723,#12729,#12730));
#12722 = ORIENTED_EDGE('',*,*,#11956,.T.);
#12723 = ORIENTED_EDGE('',*,*,#12724,.T.);
#12724 = EDGE_CURVE('',#11957,#12337,#12725,.T.);
#12725 = LINE('',#12726,#12727);
#12726 = CARTESIAN_POINT('',(93.3,-128.4,-4.6E-02));
#12727 = VECTOR('',#12728,1.);
#12728 = DIRECTION('',(0.,0.,1.));
#12729 = ORIENTED_EDGE('',*,*,#12336,.F.);
#12730 = ORIENTED_EDGE('',*,*,#12724,.F.);
#12731 = CYLINDRICAL_SURFACE('',#12732,0.4);
#12732 = AXIS2_PLACEMENT_3D('',#12733,#12734,#12735);
#12733 = CARTESIAN_POINT('',(93.3,-128.,-4.6E-02));
#12734 = DIRECTION('',(-0.,-0.,-1.));
#12735 = DIRECTION('',(-3.5527136788E-14,-1.,0.));
#12736 = ADVANCED_FACE('',(#12737),#12748,.F.);
#12737 = FACE_BOUND('',#12738,.T.);
#12738 = EDGE_LOOP('',(#12739,#12740,#12746,#12747));
#12739 = ORIENTED_EDGE('',*,*,#11967,.T.);
#12740 = ORIENTED_EDGE('',*,*,#12741,.T.);
#12741 = EDGE_CURVE('',#11968,#12348,#12742,.T.);
#12742 = LINE('',#12743,#12744);
#12743 = CARTESIAN_POINT('',(106.,-128.4,-4.6E-02));
#12744 = VECTOR('',#12745,1.);
#12745 = DIRECTION('',(0.,0.,1.));
#12746 = ORIENTED_EDGE('',*,*,#12347,.F.);
#12747 = ORIENTED_EDGE('',*,*,#12741,.F.);
#12748 = CYLINDRICAL_SURFACE('',#12749,0.4);
#12749 = AXIS2_PLACEMENT_3D('',#12750,#12751,#12752);
#12750 = CARTESIAN_POINT('',(106.,-128.,-4.6E-02));
#12751 = DIRECTION('',(-0.,-0.,-1.));
#12752 = DIRECTION('',(-0.,-1.,0.));
#12753 = ADVANCED_FACE('',(#12754),#12765,.F.);
#12754 = FACE_BOUND('',#12755,.T.);
#12755 = EDGE_LOOP('',(#12756,#12757,#12763,#12764));
#12756 = ORIENTED_EDGE('',*,*,#11978,.T.);
#12757 = ORIENTED_EDGE('',*,*,#12758,.T.);
#12758 = EDGE_CURVE('',#11979,#12359,#12759,.T.);
#12759 = LINE('',#12760,#12761);
#12760 = CARTESIAN_POINT('',(134.,-130.7051,-4.6E-02));
#12761 = VECTOR('',#12762,1.);
#12762 = DIRECTION('',(0.,0.,1.));
#12763 = ORIENTED_EDGE('',*,*,#12358,.F.);
#12764 = ORIENTED_EDGE('',*,*,#12758,.F.);
#12765 = CYLINDRICAL_SURFACE('',#12766,2.7051);
#12766 = AXIS2_PLACEMENT_3D('',#12767,#12768,#12769);
#12767 = CARTESIAN_POINT('',(134.,-128.,-4.6E-02));
#12768 = DIRECTION('',(-0.,-0.,-1.));
#12769 = DIRECTION('',(-0.,-1.,0.));
#12770 = ADVANCED_FACE('',(#12771),#12782,.F.);
#12771 = FACE_BOUND('',#12772,.T.);
#12772 = EDGE_LOOP('',(#12773,#12774,#12780,#12781));
#12773 = ORIENTED_EDGE('',*,*,#11989,.T.);
#12774 = ORIENTED_EDGE('',*,*,#12775,.T.);
#12775 = EDGE_CURVE('',#11990,#12370,#12776,.T.);
#12776 = LINE('',#12777,#12778);
#12777 = CARTESIAN_POINT('',(51.637306,-102.2019,-4.6E-02));
#12778 = VECTOR('',#12779,1.);
#12779 = DIRECTION('',(0.,0.,1.));
#12780 = ORIENTED_EDGE('',*,*,#12369,.F.);
#12781 = ORIENTED_EDGE('',*,*,#12775,.F.);
#12782 = CYLINDRICAL_SURFACE('',#12783,0.5969);
#12783 = AXIS2_PLACEMENT_3D('',#12784,#12785,#12786);
#12784 = CARTESIAN_POINT('',(51.637306,-101.605,-4.6E-02));
#12785 = DIRECTION('',(-0.,0.,-1.));
#12786 = DIRECTION('',(1.190388232133E-14,-1.,-0.));
#12787 = ADVANCED_FACE('',(#12788),#12799,.F.);
#12788 = FACE_BOUND('',#12789,.T.);
#12789 = EDGE_LOOP('',(#12790,#12791,#12797,#12798));
#12790 = ORIENTED_EDGE('',*,*,#12000,.T.);
#12791 = ORIENTED_EDGE('',*,*,#12792,.T.);
#12792 = EDGE_CURVE('',#12001,#12381,#12793,.T.);
#12793 = LINE('',#12794,#12795);
#12794 = CARTESIAN_POINT('',(61.797306,-102.2019,-4.6E-02));
#12795 = VECTOR('',#12796,1.);
#12796 = DIRECTION('',(0.,0.,1.));
#12797 = ORIENTED_EDGE('',*,*,#12380,.F.);
#12798 = ORIENTED_EDGE('',*,*,#12792,.F.);
#12799 = CYLINDRICAL_SURFACE('',#12800,0.5969);
#12800 = AXIS2_PLACEMENT_3D('',#12801,#12802,#12803);
#12801 = CARTESIAN_POINT('',(61.797306,-101.605,-4.6E-02));
#12802 = DIRECTION('',(-0.,-0.,-1.));
#12803 = DIRECTION('',(-0.,-1.,0.));
#12804 = ADVANCED_FACE('',(#12805),#12816,.F.);
#12805 = FACE_BOUND('',#12806,.T.);
#12806 = EDGE_LOOP('',(#12807,#12808,#12814,#12815));
#12807 = ORIENTED_EDGE('',*,*,#12011,.T.);
#12808 = ORIENTED_EDGE('',*,*,#12809,.T.);
#12809 = EDGE_CURVE('',#12012,#12392,#12810,.T.);
#12810 = LINE('',#12811,#12812);
#12811 = CARTESIAN_POINT('',(57.997306,-97.6299,-4.6E-02));
#12812 = VECTOR('',#12813,1.);
#12813 = DIRECTION('',(0.,0.,1.));
#12814 = ORIENTED_EDGE('',*,*,#12391,.F.);
#12815 = ORIENTED_EDGE('',*,*,#12809,.F.);
#12816 = CYLINDRICAL_SURFACE('',#12817,1.1049);
#12817 = AXIS2_PLACEMENT_3D('',#12818,#12819,#12820);
#12818 = CARTESIAN_POINT('',(57.997306,-96.525,-4.6E-02));
#12819 = DIRECTION('',(-0.,-0.,-1.));
#12820 = DIRECTION('',(-0.,-1.,0.));
#12821 = ADVANCED_FACE('',(#12822),#12833,.F.);
#12822 = FACE_BOUND('',#12823,.T.);
#12823 = EDGE_LOOP('',(#12824,#12825,#12831,#12832));
#12824 = ORIENTED_EDGE('',*,*,#12022,.T.);
#12825 = ORIENTED_EDGE('',*,*,#12826,.T.);
#12826 = EDGE_CURVE('',#12023,#12403,#12827,.T.);
#12827 = LINE('',#12828,#12829);
#12828 = CARTESIAN_POINT('',(51.637306,-92.0419,-4.6E-02));
#12829 = VECTOR('',#12830,1.);
#12830 = DIRECTION('',(0.,0.,1.));
#12831 = ORIENTED_EDGE('',*,*,#12402,.F.);
#12832 = ORIENTED_EDGE('',*,*,#12826,.F.);
#12833 = CYLINDRICAL_SURFACE('',#12834,0.5969);
#12834 = AXIS2_PLACEMENT_3D('',#12835,#12836,#12837);
#12835 = CARTESIAN_POINT('',(51.637306,-91.445,-4.6E-02));
#12836 = DIRECTION('',(-0.,0.,-1.));
#12837 = DIRECTION('',(1.190388232133E-14,-1.,-0.));
#12838 = ADVANCED_FACE('',(#12839),#12850,.F.);
#12839 = FACE_BOUND('',#12840,.T.);
#12840 = EDGE_LOOP('',(#12841,#12842,#12848,#12849));
#12841 = ORIENTED_EDGE('',*,*,#12033,.T.);
#12842 = ORIENTED_EDGE('',*,*,#12843,.T.);
#12843 = EDGE_CURVE('',#12034,#12414,#12844,.T.);
#12844 = LINE('',#12845,#12846);
#12845 = CARTESIAN_POINT('',(61.797306,-92.0419,-4.6E-02));
#12846 = VECTOR('',#12847,1.);
#12847 = DIRECTION('',(0.,0.,1.));
#12848 = ORIENTED_EDGE('',*,*,#12413,.F.);
#12849 = ORIENTED_EDGE('',*,*,#12843,.F.);
#12850 = CYLINDRICAL_SURFACE('',#12851,0.5969);
#12851 = AXIS2_PLACEMENT_3D('',#12852,#12853,#12854);
#12852 = CARTESIAN_POINT('',(61.797306,-91.445,-4.6E-02));
#12853 = DIRECTION('',(-0.,-0.,-1.));
#12854 = DIRECTION('',(-0.,-1.,0.));
#12855 = ADVANCED_FACE('',(#12856),#12867,.F.);
#12856 = FACE_BOUND('',#12857,.T.);
#12857 = EDGE_LOOP('',(#12858,#12859,#12865,#12866));
#12858 = ORIENTED_EDGE('',*,*,#12044,.T.);
#12859 = ORIENTED_EDGE('',*,*,#12860,.T.);
#12860 = EDGE_CURVE('',#12045,#12425,#12861,.T.);
#12861 = LINE('',#12862,#12863);
#12862 = CARTESIAN_POINT('',(153.05,-130.5781,-4.6E-02));
#12863 = VECTOR('',#12864,1.);
#12864 = DIRECTION('',(0.,0.,1.));
#12865 = ORIENTED_EDGE('',*,*,#12424,.F.);
#12866 = ORIENTED_EDGE('',*,*,#12860,.F.);
#12867 = CYLINDRICAL_SURFACE('',#12868,2.7051);
#12868 = AXIS2_PLACEMENT_3D('',#12869,#12870,#12871);
#12869 = CARTESIAN_POINT('',(153.05,-127.873,-4.6E-02));
#12870 = DIRECTION('',(-0.,-0.,-1.));
#12871 = DIRECTION('',(-0.,-1.,0.));
#12872 = ADVANCED_FACE('',(#12873),#12884,.F.);
#12873 = FACE_BOUND('',#12874,.T.);
#12874 = EDGE_LOOP('',(#12875,#12876,#12882,#12883));
#12875 = ORIENTED_EDGE('',*,*,#12055,.T.);
#12876 = ORIENTED_EDGE('',*,*,#12877,.T.);
#12877 = EDGE_CURVE('',#12056,#12436,#12878,.T.);
#12878 = LINE('',#12879,#12880);
#12879 = CARTESIAN_POINT('',(240.,-144.6,-4.6E-02));
#12880 = VECTOR('',#12881,1.);
#12881 = DIRECTION('',(0.,0.,1.));
#12882 = ORIENTED_EDGE('',*,*,#12435,.F.);
#12883 = ORIENTED_EDGE('',*,*,#12877,.F.);
#12884 = CYLINDRICAL_SURFACE('',#12885,1.6);
#12885 = AXIS2_PLACEMENT_3D('',#12886,#12887,#12888);
#12886 = CARTESIAN_POINT('',(240.,-143.,-4.6E-02));
#12887 = DIRECTION('',(-0.,-0.,-1.));
#12888 = DIRECTION('',(-0.,-1.,0.));
#12889 = ADVANCED_FACE('',(#12890),#12901,.F.);
#12890 = FACE_BOUND('',#12891,.T.);
#12891 = EDGE_LOOP('',(#12892,#12893,#12899,#12900));
#12892 = ORIENTED_EDGE('',*,*,#12066,.T.);
#12893 = ORIENTED_EDGE('',*,*,#12894,.T.);
#12894 = EDGE_CURVE('',#12067,#12447,#12895,.T.);
#12895 = LINE('',#12896,#12897);
#12896 = CARTESIAN_POINT('',(181.490128,-107.890128,-4.6E-02));
#12897 = VECTOR('',#12898,1.);
#12898 = DIRECTION('',(0.,0.,1.));
#12899 = ORIENTED_EDGE('',*,*,#12446,.F.);
#12900 = ORIENTED_EDGE('',*,*,#12894,.F.);
#12901 = CYLINDRICAL_SURFACE('',#12902,0.4);
#12902 = AXIS2_PLACEMENT_3D('',#12903,#12904,#12905);
#12903 = CARTESIAN_POINT('',(181.490128,-107.490128,-4.6E-02));
#12904 = DIRECTION('',(-0.,-0.,-1.));
#12905 = DIRECTION('',(-0.,-1.,0.));
#12906 = ADVANCED_FACE('',(#12907),#12918,.F.);
#12907 = FACE_BOUND('',#12908,.T.);
#12908 = EDGE_LOOP('',(#12909,#12910,#12916,#12917));
#12909 = ORIENTED_EDGE('',*,*,#12077,.T.);
#12910 = ORIENTED_EDGE('',*,*,#12911,.T.);
#12911 = EDGE_CURVE('',#12078,#12458,#12912,.T.);
#12912 = LINE('',#12913,#12914);
#12913 = CARTESIAN_POINT('',(172.509872,-98.909872,-4.6E-02));
#12914 = VECTOR('',#12915,1.);
#12915 = DIRECTION('',(0.,0.,1.));
#12916 = ORIENTED_EDGE('',*,*,#12457,.F.);
#12917 = ORIENTED_EDGE('',*,*,#12911,.F.);
#12918 = CYLINDRICAL_SURFACE('',#12919,0.4);
#12919 = AXIS2_PLACEMENT_3D('',#12920,#12921,#12922);
#12920 = CARTESIAN_POINT('',(172.509872,-98.509872,-4.6E-02));
#12921 = DIRECTION('',(-0.,-0.,-1.));
#12922 = DIRECTION('',(-0.,-1.,0.));
#12923 = ADVANCED_FACE('',(#12924),#12935,.F.);
#12924 = FACE_BOUND('',#12925,.T.);
#12925 = EDGE_LOOP('',(#12926,#12927,#12933,#12934));
#12926 = ORIENTED_EDGE('',*,*,#12088,.T.);
#12927 = ORIENTED_EDGE('',*,*,#12928,.T.);
#12928 = EDGE_CURVE('',#12089,#12469,#12929,.T.);
#12929 = LINE('',#12930,#12931);
#12930 = CARTESIAN_POINT('',(222.509872,-107.890128,-4.6E-02));
#12931 = VECTOR('',#12932,1.);
#12932 = DIRECTION('',(0.,0.,1.));
#12933 = ORIENTED_EDGE('',*,*,#12468,.F.);
#12934 = ORIENTED_EDGE('',*,*,#12928,.F.);
#12935 = CYLINDRICAL_SURFACE('',#12936,0.4);
#12936 = AXIS2_PLACEMENT_3D('',#12937,#12938,#12939);
#12937 = CARTESIAN_POINT('',(222.509872,-107.490128,-4.6E-02));
#12938 = DIRECTION('',(-0.,-0.,-1.));
#12939 = DIRECTION('',(-0.,-1.,0.));
#12940 = ADVANCED_FACE('',(#12941),#12952,.F.);
#12941 = FACE_BOUND('',#12942,.T.);
#12942 = EDGE_LOOP('',(#12943,#12944,#12950,#12951));
#12943 = ORIENTED_EDGE('',*,*,#12099,.T.);
#12944 = ORIENTED_EDGE('',*,*,#12945,.T.);
#12945 = EDGE_CURVE('',#12100,#12480,#12946,.T.);
#12946 = LINE('',#12947,#12948);
#12947 = CARTESIAN_POINT('',(202.127,-97.7051,-4.6E-02));
#12948 = VECTOR('',#12949,1.);
#12949 = DIRECTION('',(0.,0.,1.));
#12950 = ORIENTED_EDGE('',*,*,#12479,.F.);
#12951 = ORIENTED_EDGE('',*,*,#12945,.F.);
#12952 = CYLINDRICAL_SURFACE('',#12953,2.7051);
#12953 = AXIS2_PLACEMENT_3D('',#12954,#12955,#12956);
#12954 = CARTESIAN_POINT('',(202.127,-95.,-4.6E-02));
#12955 = DIRECTION('',(-0.,-0.,-1.));
#12956 = DIRECTION('',(-0.,-1.,0.));
#12957 = ADVANCED_FACE('',(#12958),#12969,.F.);
#12958 = FACE_BOUND('',#12959,.T.);
#12959 = EDGE_LOOP('',(#12960,#12961,#12967,#12968));
#12960 = ORIENTED_EDGE('',*,*,#12110,.T.);
#12961 = ORIENTED_EDGE('',*,*,#12962,.T.);
#12962 = EDGE_CURVE('',#12111,#12491,#12963,.T.);
#12963 = LINE('',#12964,#12965);
#12964 = CARTESIAN_POINT('',(231.490128,-98.909872,-4.6E-02));
#12965 = VECTOR('',#12966,1.);
#12966 = DIRECTION('',(0.,0.,1.));
#12967 = ORIENTED_EDGE('',*,*,#12490,.F.);
#12968 = ORIENTED_EDGE('',*,*,#12962,.F.);
#12969 = CYLINDRICAL_SURFACE('',#12970,0.4);
#12970 = AXIS2_PLACEMENT_3D('',#12971,#12972,#12973);
#12971 = CARTESIAN_POINT('',(231.490128,-98.509872,-4.6E-02));
#12972 = DIRECTION('',(-0.,-0.,-1.));
#12973 = DIRECTION('',(-0.,-1.,0.));
#12974 = ADVANCED_FACE('',(#12975),#12986,.F.);
#12975 = FACE_BOUND('',#12976,.T.);
#12976 = EDGE_LOOP('',(#12977,#12978,#12984,#12985));
#12977 = ORIENTED_EDGE('',*,*,#12121,.T.);
#12978 = ORIENTED_EDGE('',*,*,#12979,.T.);
#12979 = EDGE_CURVE('',#12122,#12502,#12980,.T.);
#12980 = LINE('',#12981,#12982);
#12981 = CARTESIAN_POINT('',(51.637306,-83.1519,-4.6E-02));
#12982 = VECTOR('',#12983,1.);
#12983 = DIRECTION('',(0.,0.,1.));
#12984 = ORIENTED_EDGE('',*,*,#12501,.F.);
#12985 = ORIENTED_EDGE('',*,*,#12979,.F.);
#12986 = CYLINDRICAL_SURFACE('',#12987,0.5969);
#12987 = AXIS2_PLACEMENT_3D('',#12988,#12989,#12990);
#12988 = CARTESIAN_POINT('',(51.637306,-82.555,-4.6E-02));
#12989 = DIRECTION('',(-0.,0.,-1.));
#12990 = DIRECTION('',(1.190388232133E-14,-1.,-0.));
#12991 = ADVANCED_FACE('',(#12992),#13003,.F.);
#12992 = FACE_BOUND('',#12993,.T.);
#12993 = EDGE_LOOP('',(#12994,#12995,#13001,#13002));
#12994 = ORIENTED_EDGE('',*,*,#12132,.T.);
#12995 = ORIENTED_EDGE('',*,*,#12996,.T.);
#12996 = EDGE_CURVE('',#12133,#12513,#12997,.T.);
#12997 = LINE('',#12998,#12999);
#12998 = CARTESIAN_POINT('',(61.797306,-83.1519,-4.6E-02));
#12999 = VECTOR('',#13000,1.);
#13000 = DIRECTION('',(0.,0.,1.));
#13001 = ORIENTED_EDGE('',*,*,#12512,.F.);
#13002 = ORIENTED_EDGE('',*,*,#12996,.F.);
#13003 = CYLINDRICAL_SURFACE('',#13004,0.5969);
#13004 = AXIS2_PLACEMENT_3D('',#13005,#13006,#13007);
#13005 = CARTESIAN_POINT('',(61.797306,-82.555,-4.6E-02));
#13006 = DIRECTION('',(-0.,-0.,-1.));
#13007 = DIRECTION('',(-0.,-1.,0.));
#13008 = ADVANCED_FACE('',(#13009),#13020,.F.);
#13009 = FACE_BOUND('',#13010,.T.);
#13010 = EDGE_LOOP('',(#13011,#13012,#13018,#13019));
#13011 = ORIENTED_EDGE('',*,*,#12143,.T.);
#13012 = ORIENTED_EDGE('',*,*,#13013,.T.);
#13013 = EDGE_CURVE('',#12144,#12524,#13014,.T.);
#13014 = LINE('',#13015,#13016);
#13015 = CARTESIAN_POINT('',(57.997306,-78.5799,-4.6E-02));
#13016 = VECTOR('',#13017,1.);
#13017 = DIRECTION('',(0.,0.,1.));
#13018 = ORIENTED_EDGE('',*,*,#12523,.F.);
#13019 = ORIENTED_EDGE('',*,*,#13013,.F.);
#13020 = CYLINDRICAL_SURFACE('',#13021,1.1049);
#13021 = AXIS2_PLACEMENT_3D('',#13022,#13023,#13024);
#13022 = CARTESIAN_POINT('',(57.997306,-77.475,-4.6E-02));
#13023 = DIRECTION('',(-0.,-0.,-1.));
#13024 = DIRECTION('',(-0.,-1.,0.));
#13025 = ADVANCED_FACE('',(#13026),#13037,.F.);
#13026 = FACE_BOUND('',#13027,.T.);
#13027 = EDGE_LOOP('',(#13028,#13029,#13035,#13036));
#13028 = ORIENTED_EDGE('',*,*,#12154,.T.);
#13029 = ORIENTED_EDGE('',*,*,#13030,.T.);
#13030 = EDGE_CURVE('',#12155,#12535,#13031,.T.);
#13031 = LINE('',#13032,#13033);
#13032 = CARTESIAN_POINT('',(51.637306,-72.9919,-4.6E-02));
#13033 = VECTOR('',#13034,1.);
#13034 = DIRECTION('',(0.,0.,1.));
#13035 = ORIENTED_EDGE('',*,*,#12534,.F.);
#13036 = ORIENTED_EDGE('',*,*,#13030,.F.);
#13037 = CYLINDRICAL_SURFACE('',#13038,0.5969);
#13038 = AXIS2_PLACEMENT_3D('',#13039,#13040,#13041);
#13039 = CARTESIAN_POINT('',(51.637306,-72.395,-4.6E-02));
#13040 = DIRECTION('',(-0.,0.,-1.));
#13041 = DIRECTION('',(1.190388232133E-14,-1.,-0.));
#13042 = ADVANCED_FACE('',(#13043),#13054,.F.);
#13043 = FACE_BOUND('',#13044,.T.);
#13044 = EDGE_LOOP('',(#13045,#13046,#13052,#13053));
#13045 = ORIENTED_EDGE('',*,*,#12165,.T.);
#13046 = ORIENTED_EDGE('',*,*,#13047,.T.);
#13047 = EDGE_CURVE('',#12166,#12546,#13048,.T.);
#13048 = LINE('',#13049,#13050);
#13049 = CARTESIAN_POINT('',(61.797306,-72.9919,-4.6E-02));
#13050 = VECTOR('',#13051,1.);
#13051 = DIRECTION('',(0.,0.,1.));
#13052 = ORIENTED_EDGE('',*,*,#12545,.F.);
#13053 = ORIENTED_EDGE('',*,*,#13047,.F.);
#13054 = CYLINDRICAL_SURFACE('',#13055,0.5969);
#13055 = AXIS2_PLACEMENT_3D('',#13056,#13057,#13058);
#13056 = CARTESIAN_POINT('',(61.797306,-72.395,-4.6E-02));
#13057 = DIRECTION('',(-0.,-0.,-1.));
#13058 = DIRECTION('',(-0.,-1.,0.));
#13059 = ADVANCED_FACE('',(#13060),#13071,.F.);
#13060 = FACE_BOUND('',#13061,.T.);
#13061 = EDGE_LOOP('',(#13062,#13063,#13069,#13070));
#13062 = ORIENTED_EDGE('',*,*,#12176,.T.);
#13063 = ORIENTED_EDGE('',*,*,#13064,.T.);
#13064 = EDGE_CURVE('',#12177,#12557,#13065,.T.);
#13065 = LINE('',#13066,#13067);
#13066 = CARTESIAN_POINT('',(119.,-88.6,-4.6E-02));
#13067 = VECTOR('',#13068,1.);
#13068 = DIRECTION('',(0.,0.,1.));
#13069 = ORIENTED_EDGE('',*,*,#12556,.F.);
#13070 = ORIENTED_EDGE('',*,*,#13064,.F.);
#13071 = CYLINDRICAL_SURFACE('',#13072,1.6);
#13072 = AXIS2_PLACEMENT_3D('',#13073,#13074,#13075);
#13073 = CARTESIAN_POINT('',(119.,-87.,-4.6E-02));
#13074 = DIRECTION('',(-0.,-0.,-1.));
#13075 = DIRECTION('',(-0.,-1.,0.));
#13076 = ADVANCED_FACE('',(#13077),#13088,.F.);
#13077 = FACE_BOUND('',#13078,.T.);
#13078 = EDGE_LOOP('',(#13079,#13080,#13086,#13087));
#13079 = ORIENTED_EDGE('',*,*,#12187,.T.);
#13080 = ORIENTED_EDGE('',*,*,#13081,.T.);
#13081 = EDGE_CURVE('',#12188,#12568,#13082,.T.);
#13082 = LINE('',#13083,#13084);
#13083 = CARTESIAN_POINT('',(93.65,-46.4,-4.6E-02));
#13084 = VECTOR('',#13085,1.);
#13085 = DIRECTION('',(0.,0.,1.));
#13086 = ORIENTED_EDGE('',*,*,#12567,.F.);
#13087 = ORIENTED_EDGE('',*,*,#13081,.F.);
#13088 = CYLINDRICAL_SURFACE('',#13089,0.4);
#13089 = AXIS2_PLACEMENT_3D('',#13090,#13091,#13092);
#13090 = CARTESIAN_POINT('',(93.65,-46.,-4.6E-02));
#13091 = DIRECTION('',(-0.,-0.,-1.));
#13092 = DIRECTION('',(-0.,-1.,0.));
#13093 = ADVANCED_FACE('',(#13094),#13105,.F.);
#13094 = FACE_BOUND('',#13095,.T.);
#13095 = EDGE_LOOP('',(#13096,#13097,#13103,#13104));
#13096 = ORIENTED_EDGE('',*,*,#12198,.T.);
#13097 = ORIENTED_EDGE('',*,*,#13098,.T.);
#13098 = EDGE_CURVE('',#12199,#12579,#13099,.T.);
#13099 = LINE('',#13100,#13101);
#13100 = CARTESIAN_POINT('',(48.,-32.6,-4.6E-02));
#13101 = VECTOR('',#13102,1.);
#13102 = DIRECTION('',(0.,0.,1.));
#13103 = ORIENTED_EDGE('',*,*,#12578,.F.);
#13104 = ORIENTED_EDGE('',*,*,#13098,.F.);
#13105 = CYLINDRICAL_SURFACE('',#13106,1.6);
#13106 = AXIS2_PLACEMENT_3D('',#13107,#13108,#13109);
#13107 = CARTESIAN_POINT('',(48.,-31.,-4.6E-02));
#13108 = DIRECTION('',(-0.,-0.,-1.));
#13109 = DIRECTION('',(-0.,-1.,0.));
#13110 = ADVANCED_FACE('',(#13111),#13122,.F.);
#13111 = FACE_BOUND('',#13112,.T.);
#13112 = EDGE_LOOP('',(#13113,#13114,#13120,#13121));
#13113 = ORIENTED_EDGE('',*,*,#12209,.T.);
#13114 = ORIENTED_EDGE('',*,*,#13115,.T.);
#13115 = EDGE_CURVE('',#12210,#12590,#13116,.T.);
#13116 = LINE('',#13117,#13118);
#13117 = CARTESIAN_POINT('',(106.35,-46.4,-4.6E-02));
#13118 = VECTOR('',#13119,1.);
#13119 = DIRECTION('',(0.,0.,1.));
#13120 = ORIENTED_EDGE('',*,*,#12589,.F.);
#13121 = ORIENTED_EDGE('',*,*,#13115,.F.);
#13122 = CYLINDRICAL_SURFACE('',#13123,0.4);
#13123 = AXIS2_PLACEMENT_3D('',#13124,#13125,#13126);
#13124 = CARTESIAN_POINT('',(106.35,-46.,-4.6E-02));
#13125 = DIRECTION('',(-0.,-0.,-1.));
#13126 = DIRECTION('',(-0.,-1.,0.));
#13127 = ADVANCED_FACE('',(#13128),#13139,.F.);
#13128 = FACE_BOUND('',#13129,.T.);
#13129 = EDGE_LOOP('',(#13130,#13131,#13137,#13138));
#13130 = ORIENTED_EDGE('',*,*,#12220,.T.);
#13131 = ORIENTED_EDGE('',*,*,#13132,.T.);
#13132 = EDGE_CURVE('',#12221,#12601,#13133,.T.);
#13133 = LINE('',#13134,#13135);
#13134 = CARTESIAN_POINT('',(133.95,-48.7051,-4.6E-02));
#13135 = VECTOR('',#13136,1.);
#13136 = DIRECTION('',(0.,0.,1.));
#13137 = ORIENTED_EDGE('',*,*,#12600,.F.);
#13138 = ORIENTED_EDGE('',*,*,#13132,.F.);
#13139 = CYLINDRICAL_SURFACE('',#13140,2.7051);
#13140 = AXIS2_PLACEMENT_3D('',#13141,#13142,#13143);
#13141 = CARTESIAN_POINT('',(133.95,-46.,-4.6E-02));
#13142 = DIRECTION('',(-0.,-0.,-1.));
#13143 = DIRECTION('',(-0.,-1.,0.));
#13144 = ADVANCED_FACE('',(#13145),#13156,.F.);
#13145 = FACE_BOUND('',#13146,.T.);
#13146 = EDGE_LOOP('',(#13147,#13148,#13154,#13155));
#13147 = ORIENTED_EDGE('',*,*,#12231,.T.);
#13148 = ORIENTED_EDGE('',*,*,#13149,.T.);
#13149 = EDGE_CURVE('',#12232,#12612,#13150,.T.);
#13150 = LINE('',#13151,#13152);
#13151 = CARTESIAN_POINT('',(172.619418,-78.265287,-4.6E-02));
#13152 = VECTOR('',#13153,1.);
#13153 = DIRECTION('',(0.,0.,1.));
#13154 = ORIENTED_EDGE('',*,*,#12611,.F.);
#13155 = ORIENTED_EDGE('',*,*,#13149,.F.);
#13156 = CYLINDRICAL_SURFACE('',#13157,2.7051);
#13157 = AXIS2_PLACEMENT_3D('',#13158,#13159,#13160);
#13158 = CARTESIAN_POINT('',(172.619418,-75.560187,-4.6E-02));
#13159 = DIRECTION('',(-0.,-0.,-1.));
#13160 = DIRECTION('',(-0.,-1.,0.));
#13161 = ADVANCED_FACE('',(#13162),#13173,.F.);
#13162 = FACE_BOUND('',#13163,.T.);
#13163 = EDGE_LOOP('',(#13164,#13165,#13171,#13172));
#13164 = ORIENTED_EDGE('',*,*,#12242,.T.);
#13165 = ORIENTED_EDGE('',*,*,#13166,.T.);
#13166 = EDGE_CURVE('',#12243,#12623,#13167,.T.);
#13167 = LINE('',#13168,#13169);
#13168 = CARTESIAN_POINT('',(186.,-64.7051,-4.6E-02));
#13169 = VECTOR('',#13170,1.);
#13170 = DIRECTION('',(0.,0.,1.));
#13171 = ORIENTED_EDGE('',*,*,#12622,.F.);
#13172 = ORIENTED_EDGE('',*,*,#13166,.F.);
#13173 = CYLINDRICAL_SURFACE('',#13174,2.7051);
#13174 = AXIS2_PLACEMENT_3D('',#13175,#13176,#13177);
#13175 = CARTESIAN_POINT('',(186.,-62.,-4.6E-02));
#13176 = DIRECTION('',(-0.,-0.,-1.));
#13177 = DIRECTION('',(-0.,-1.,0.));
#13178 = ADVANCED_FACE('',(#13179),#13190,.F.);
#13179 = FACE_BOUND('',#13180,.T.);
#13180 = EDGE_LOOP('',(#13181,#13182,#13188,#13189));
#13181 = ORIENTED_EDGE('',*,*,#12253,.T.);
#13182 = ORIENTED_EDGE('',*,*,#13183,.T.);
#13183 = EDGE_CURVE('',#12254,#12634,#13184,.T.);
#13184 = LINE('',#13185,#13186);
#13185 = CARTESIAN_POINT('',(202.,-78.6551,-4.6E-02));
#13186 = VECTOR('',#13187,1.);
#13187 = DIRECTION('',(0.,0.,1.));
#13188 = ORIENTED_EDGE('',*,*,#12633,.F.);
#13189 = ORIENTED_EDGE('',*,*,#13183,.F.);
#13190 = CYLINDRICAL_SURFACE('',#13191,2.7051);
#13191 = AXIS2_PLACEMENT_3D('',#13192,#13193,#13194);
#13192 = CARTESIAN_POINT('',(202.,-75.95,-4.6E-02));
#13193 = DIRECTION('',(-0.,-0.,-1.));
#13194 = DIRECTION('',(-0.,-1.,0.));
#13195 = ADVANCED_FACE('',(#13196),#13207,.F.);
#13196 = FACE_BOUND('',#13197,.T.);
#13197 = EDGE_LOOP('',(#13198,#13199,#13205,#13206));
#13198 = ORIENTED_EDGE('',*,*,#12264,.T.);
#13199 = ORIENTED_EDGE('',*,*,#13200,.T.);
#13200 = EDGE_CURVE('',#12265,#12645,#13201,.T.);
#13201 = LINE('',#13202,#13203);
#13202 = CARTESIAN_POINT('',(231.560187,-78.085682,-4.6E-02));
#13203 = VECTOR('',#13204,1.);
#13204 = DIRECTION('',(0.,0.,1.));
#13205 = ORIENTED_EDGE('',*,*,#12644,.F.);
#13206 = ORIENTED_EDGE('',*,*,#13200,.F.);
#13207 = CYLINDRICAL_SURFACE('',#13208,2.7051);
#13208 = AXIS2_PLACEMENT_3D('',#13209,#13210,#13211);
#13209 = CARTESIAN_POINT('',(231.560187,-75.380582,-4.6E-02));
#13210 = DIRECTION('',(-0.,0.,-1.));
#13211 = DIRECTION('',(1.050671303479E-14,-1.,-0.));
#13212 = ADVANCED_FACE('',(#13213),#13224,.F.);
#13213 = FACE_BOUND('',#13214,.T.);
#13214 = EDGE_LOOP('',(#13215,#13216,#13222,#13223));
#13215 = ORIENTED_EDGE('',*,*,#12275,.T.);
#13216 = ORIENTED_EDGE('',*,*,#13217,.T.);
#13217 = EDGE_CURVE('',#12276,#12656,#13218,.T.);
#13218 = LINE('',#13219,#13220);
#13219 = CARTESIAN_POINT('',(218.,-64.7051,-4.6E-02));
#13220 = VECTOR('',#13221,1.);
#13221 = DIRECTION('',(0.,0.,1.));
#13222 = ORIENTED_EDGE('',*,*,#12655,.F.);
#13223 = ORIENTED_EDGE('',*,*,#13217,.F.);
#13224 = CYLINDRICAL_SURFACE('',#13225,2.7051);
#13225 = AXIS2_PLACEMENT_3D('',#13226,#13227,#13228);
#13226 = CARTESIAN_POINT('',(218.,-62.,-4.6E-02));
#13227 = DIRECTION('',(-0.,-0.,-1.));
#13228 = DIRECTION('',(-0.,-1.,0.));
#13229 = ADVANCED_FACE('',(#13230),#13241,.F.);
#13230 = FACE_BOUND('',#13231,.T.);
#13231 = EDGE_LOOP('',(#13232,#13233,#13239,#13240));
#13232 = ORIENTED_EDGE('',*,*,#12286,.T.);
#13233 = ORIENTED_EDGE('',*,*,#13234,.T.);
#13234 = EDGE_CURVE('',#12287,#12667,#13235,.T.);
#13235 = LINE('',#13236,#13237);
#13236 = CARTESIAN_POINT('',(153.,-48.5781,-4.6E-02));
#13237 = VECTOR('',#13238,1.);
#13238 = DIRECTION('',(0.,0.,1.));
#13239 = ORIENTED_EDGE('',*,*,#12666,.F.);
#13240 = ORIENTED_EDGE('',*,*,#13234,.F.);
#13241 = CYLINDRICAL_SURFACE('',#13242,2.7051);
#13242 = AXIS2_PLACEMENT_3D('',#13243,#13244,#13245);
#13243 = CARTESIAN_POINT('',(153.,-45.873,-4.6E-02));
#13244 = DIRECTION('',(-0.,-0.,-1.));
#13245 = DIRECTION('',(-0.,-1.,0.));
#13246 = ADVANCED_FACE('',(#13247),#13258,.F.);
#13247 = FACE_BOUND('',#13248,.T.);
#13248 = EDGE_LOOP('',(#13249,#13250,#13256,#13257));
#13249 = ORIENTED_EDGE('',*,*,#12297,.T.);
#13250 = ORIENTED_EDGE('',*,*,#13251,.T.);
#13251 = EDGE_CURVE('',#12298,#12678,#13252,.T.);
#13252 = LINE('',#13253,#13254);
#13253 = CARTESIAN_POINT('',(240.,-32.6,-4.6E-02));
#13254 = VECTOR('',#13255,1.);
#13255 = DIRECTION('',(0.,0.,1.));
#13256 = ORIENTED_EDGE('',*,*,#12677,.F.);
#13257 = ORIENTED_EDGE('',*,*,#13251,.F.);
#13258 = CYLINDRICAL_SURFACE('',#13259,1.6);
#13259 = AXIS2_PLACEMENT_3D('',#13260,#13261,#13262);
#13260 = CARTESIAN_POINT('',(240.,-31.,-4.6E-02));
#13261 = DIRECTION('',(-0.,-0.,-1.));
#13262 = DIRECTION('',(-0.,-1.,0.));
#13263 = ( GEOMETRIC_REPRESENTATION_CONTEXT(3) 
GLOBAL_UNCERTAINTY_ASSIGNED_CONTEXT((#13267)) 
GLOBAL_UNIT_ASSIGNED_CONTEXT((#13264,#13265,#13266)) 
REPRESENTATION_CONTEXT('Context #1',
  '3D Context with UNIT and UNCERTAINTY') );
#13264 = ( LENGTH_UNIT() NAMED_UNIT(*) SI_UNIT(.MILLI.,.METRE.) );
#13265 = ( NAMED_UNIT(*) PLANE_ANGLE_UNIT() SI_UNIT($,.RADIAN.) );
#13266 = ( NAMED_UNIT(*) SI_UNIT($,.STERADIAN.) SOLID_ANGLE_UNIT() );
#13267 = UNCERTAINTY_MEASURE_WITH_UNIT(LENGTH_MEASURE(1.E-07),#13264,
  'distance_accuracy_value','confusion accuracy');
#13268 = CONTEXT_DEPENDENT_SHAPE_REPRESENTATION(#13269,#13271);
#13269 = ( REPRESENTATION_RELATIONSHIP('','',#11825,#10) 
REPRESENTATION_RELATIONSHIP_WITH_TRANSFORMATION(#13270) 
SHAPE_REPRESENTATION_RELATIONSHIP() );
#13270 = ITEM_DEFINED_TRANSFORMATION('','',#11,#55);
#13271 = PRODUCT_DEFINITION_SHAPE('Placement','Placement of an item',
  #13272);
#13272 = NEXT_ASSEMBLY_USAGE_OCCURRENCE('15','=>[0:1:1:5]','',#5,#11820,
  $);
#13273 = PRODUCT_RELATED_PRODUCT_CATEGORY('part',$,(#11822));
#13274 = MECHANICAL_DESIGN_GEOMETRIC_PRESENTATION_REPRESENTATION('',(
    #13275,#13283,#13290,#13297,#13304,#13311),#11797);
#13275 = STYLED_ITEM('color',(#13276),#8847);
#13276 = PRESENTATION_STYLE_ASSIGNMENT((#13277));
#13277 = SURFACE_STYLE_USAGE(.BOTH.,#13278);
#13278 = SURFACE_SIDE_STYLE('',(#13279));
#13279 = SURFACE_STYLE_FILL_AREA(#13280);
#13280 = FILL_AREA_STYLE('',(#13281));
#13281 = FILL_AREA_STYLE_COLOUR('',#13282);
#13282 = COLOUR_RGB('',1.,0.811764696686,0.501960785193);
#13283 = STYLED_ITEM('color',(#13284),#8925);
#13284 = PRESENTATION_STYLE_ASSIGNMENT((#13285));
#13285 = SURFACE_STYLE_USAGE(.BOTH.,#13286);
#13286 = SURFACE_SIDE_STYLE('',(#13287));
#13287 = SURFACE_STYLE_FILL_AREA(#13288);
#13288 = FILL_AREA_STYLE('',(#13289));
#13289 = FILL_AREA_STYLE_COLOUR('',#13282);
#13290 = STYLED_ITEM('color',(#13291),#9237);
#13291 = PRESENTATION_STYLE_ASSIGNMENT((#13292));
#13292 = SURFACE_STYLE_USAGE(.BOTH.,#13293);
#13293 = SURFACE_SIDE_STYLE('',(#13294));
#13294 = SURFACE_STYLE_FILL_AREA(#13295);
#13295 = FILL_AREA_STYLE('',(#13296));
#13296 = FILL_AREA_STYLE_COLOUR('',#13282);
#13297 = STYLED_ITEM('color',(#13298),#9549);
#13298 = PRESENTATION_STYLE_ASSIGNMENT((#13299));
#13299 = SURFACE_STYLE_USAGE(.BOTH.,#13300);
#13300 = SURFACE_SIDE_STYLE('',(#13301));
#13301 = SURFACE_STYLE_FILL_AREA(#13302);
#13302 = FILL_AREA_STYLE('',(#13303));
#13303 = FILL_AREA_STYLE_COLOUR('',#13282);
#13304 = STYLED_ITEM('color',(#13305),#9861);
#13305 = PRESENTATION_STYLE_ASSIGNMENT((#13306));
#13306 = SURFACE_STYLE_USAGE(.BOTH.,#13307);
#13307 = SURFACE_SIDE_STYLE('',(#13308));
#13308 = SURFACE_STYLE_FILL_AREA(#13309);
#13309 = FILL_AREA_STYLE('',(#13310));
#13310 = FILL_AREA_STYLE_COLOUR('',#13282);
#13311 = STYLED_ITEM('color',(#13312),#10173);
#13312 = PRESENTATION_STYLE_ASSIGNMENT((#13313));
#13313 = SURFACE_STYLE_USAGE(.BOTH.,#13314);
#13314 = SURFACE_SIDE_STYLE('',(#13315));
#13315 = SURFACE_STYLE_FILL_AREA(#13316);
#13316 = FILL_AREA_STYLE('',(#13317));
#13317 = FILL_AREA_STYLE_COLOUR('',#13318);
#13318 = COLOUR_RGB('',0.501960785193,0.,0.);
#13319 = MECHANICAL_DESIGN_GEOMETRIC_PRESENTATION_REPRESENTATION('',(
    #13320),#13263);
#13320 = STYLED_ITEM('color',(#13321),#11826);
#13321 = PRESENTATION_STYLE_ASSIGNMENT((#13322));
#13322 = SURFACE_STYLE_USAGE(.BOTH.,#13323);
#13323 = SURFACE_SIDE_STYLE('',(#13324));
#13324 = SURFACE_STYLE_FILL_AREA(#13325);
#13325 = FILL_AREA_STYLE('',(#13326));
#13326 = FILL_AREA_STYLE_COLOUR('',#13327);
#13327 = COLOUR_RGB('',0.313304153717,0.484529207832,0.410020903123);
#13328 = MECHANICAL_DESIGN_GEOMETRIC_PRESENTATION_REPRESENTATION('',(
    #13329,#13337,#13344,#13351,#13358,#13365,#13373,#13380,#13387,
    #13394,#13401,#13408,#13415,#13422,#13429,#13436,#13443),#460);
#13329 = STYLED_ITEM('color',(#13330),#75);
#13330 = PRESENTATION_STYLE_ASSIGNMENT((#13331));
#13331 = SURFACE_STYLE_USAGE(.BOTH.,#13332);
#13332 = SURFACE_SIDE_STYLE('',(#13333));
#13333 = SURFACE_STYLE_FILL_AREA(#13334);
#13334 = FILL_AREA_STYLE('',(#13335));
#13335 = FILL_AREA_STYLE_COLOUR('',#13336);
#13336 = COLOUR_RGB('',0.883000012551,0.711000022565,0.492000011028);
#13337 = STYLED_ITEM('color',(#13338),#108);
#13338 = PRESENTATION_STYLE_ASSIGNMENT((#13339));
#13339 = SURFACE_STYLE_USAGE(.BOTH.,#13340);
#13340 = SURFACE_SIDE_STYLE('',(#13341));
#13341 = SURFACE_STYLE_FILL_AREA(#13342);
#13342 = FILL_AREA_STYLE('',(#13343));
#13343 = FILL_AREA_STYLE_COLOUR('',#13336);
#13344 = STYLED_ITEM('color',(#13345),#134);
#13345 = PRESENTATION_STYLE_ASSIGNMENT((#13346));
#13346 = SURFACE_STYLE_USAGE(.BOTH.,#13347);
#13347 = SURFACE_SIDE_STYLE('',(#13348));
#13348 = SURFACE_STYLE_FILL_AREA(#13349);
#13349 = FILL_AREA_STYLE('',(#13350));
#13350 = FILL_AREA_STYLE_COLOUR('',#13336);
#13351 = STYLED_ITEM('color',(#13352),#154);
#13352 = PRESENTATION_STYLE_ASSIGNMENT((#13353));
#13353 = SURFACE_STYLE_USAGE(.BOTH.,#13354);
#13354 = SURFACE_SIDE_STYLE('',(#13355));
#13355 = SURFACE_STYLE_FILL_AREA(#13356);
#13356 = FILL_AREA_STYLE('',(#13357));
#13357 = FILL_AREA_STYLE_COLOUR('',#13336);
#13358 = STYLED_ITEM('color',(#13359),#174);
#13359 = PRESENTATION_STYLE_ASSIGNMENT((#13360));
#13360 = SURFACE_STYLE_USAGE(.BOTH.,#13361);
#13361 = SURFACE_SIDE_STYLE('',(#13362));
#13362 = SURFACE_STYLE_FILL_AREA(#13363);
#13363 = FILL_AREA_STYLE('',(#13364));
#13364 = FILL_AREA_STYLE_COLOUR('',#13336);
#13365 = STYLED_ITEM('color',(#13366),#199);
#13366 = PRESENTATION_STYLE_ASSIGNMENT((#13367));
#13367 = SURFACE_STYLE_USAGE(.BOTH.,#13368);
#13368 = SURFACE_SIDE_STYLE('',(#13369));
#13369 = SURFACE_STYLE_FILL_AREA(#13370);
#13370 = FILL_AREA_STYLE('',(#13371));
#13371 = FILL_AREA_STYLE_COLOUR('',#13372);
#13372 = COLOUR_RGB('',0.823999987314,0.819999987296,0.781000009244);
#13373 = STYLED_ITEM('color',(#13374),#224);
#13374 = PRESENTATION_STYLE_ASSIGNMENT((#13375));
#13375 = SURFACE_STYLE_USAGE(.BOTH.,#13376);
#13376 = SURFACE_SIDE_STYLE('',(#13377));
#13377 = SURFACE_STYLE_FILL_AREA(#13378);
#13378 = FILL_AREA_STYLE('',(#13379));
#13379 = FILL_AREA_STYLE_COLOUR('',#13336);
#13380 = STYLED_ITEM('color',(#13381),#244);
#13381 = PRESENTATION_STYLE_ASSIGNMENT((#13382));
#13382 = SURFACE_STYLE_USAGE(.BOTH.,#13383);
#13383 = SURFACE_SIDE_STYLE('',(#13384));
#13384 = SURFACE_STYLE_FILL_AREA(#13385);
#13385 = FILL_AREA_STYLE('',(#13386));
#13386 = FILL_AREA_STYLE_COLOUR('',#13372);
#13387 = STYLED_ITEM('color',(#13388),#270);
#13388 = PRESENTATION_STYLE_ASSIGNMENT((#13389));
#13389 = SURFACE_STYLE_USAGE(.BOTH.,#13390);
#13390 = SURFACE_SIDE_STYLE('',(#13391));
#13391 = SURFACE_STYLE_FILL_AREA(#13392);
#13392 = FILL_AREA_STYLE('',(#13393));
#13393 = FILL_AREA_STYLE_COLOUR('',#13336);
#13394 = STYLED_ITEM('color',(#13395),#295);
#13395 = PRESENTATION_STYLE_ASSIGNMENT((#13396));
#13396 = SURFACE_STYLE_USAGE(.BOTH.,#13397);
#13397 = SURFACE_SIDE_STYLE('',(#13398));
#13398 = SURFACE_STYLE_FILL_AREA(#13399);
#13399 = FILL_AREA_STYLE('',(#13400));
#13400 = FILL_AREA_STYLE_COLOUR('',#13372);
#13401 = STYLED_ITEM('color',(#13402),#320);
#13402 = PRESENTATION_STYLE_ASSIGNMENT((#13403));
#13403 = SURFACE_STYLE_USAGE(.BOTH.,#13404);
#13404 = SURFACE_SIDE_STYLE('',(#13405));
#13405 = SURFACE_STYLE_FILL_AREA(#13406);
#13406 = FILL_AREA_STYLE('',(#13407));
#13407 = FILL_AREA_STYLE_COLOUR('',#13336);
#13408 = STYLED_ITEM('color',(#13409),#346);
#13409 = PRESENTATION_STYLE_ASSIGNMENT((#13410));
#13410 = SURFACE_STYLE_USAGE(.BOTH.,#13411);
#13411 = SURFACE_SIDE_STYLE('',(#13412));
#13412 = SURFACE_STYLE_FILL_AREA(#13413);
#13413 = FILL_AREA_STYLE('',(#13414));
#13414 = FILL_AREA_STYLE_COLOUR('',#13372);
#13415 = STYLED_ITEM('color',(#13416),#355);
#13416 = PRESENTATION_STYLE_ASSIGNMENT((#13417));
#13417 = SURFACE_STYLE_USAGE(.BOTH.,#13418);
#13418 = SURFACE_SIDE_STYLE('',(#13419));
#13419 = SURFACE_STYLE_FILL_AREA(#13420);
#13420 = FILL_AREA_STYLE('',(#13421));
#13421 = FILL_AREA_STYLE_COLOUR('',#13336);
#13422 = STYLED_ITEM('color',(#13423),#375);
#13423 = PRESENTATION_STYLE_ASSIGNMENT((#13424));
#13424 = SURFACE_STYLE_USAGE(.BOTH.,#13425);
#13425 = SURFACE_SIDE_STYLE('',(#13426));
#13426 = SURFACE_STYLE_FILL_AREA(#13427);
#13427 = FILL_AREA_STYLE('',(#13428));
#13428 = FILL_AREA_STYLE_COLOUR('',#13372);
#13429 = STYLED_ITEM('color',(#13430),#400);
#13430 = PRESENTATION_STYLE_ASSIGNMENT((#13431));
#13431 = SURFACE_STYLE_USAGE(.BOTH.,#13432);
#13432 = SURFACE_SIDE_STYLE('',(#13433));
#13433 = SURFACE_STYLE_FILL_AREA(#13434);
#13434 = FILL_AREA_STYLE('',(#13435));
#13435 = FILL_AREA_STYLE_COLOUR('',#13372);
#13436 = STYLED_ITEM('color',(#13437),#426);
#13437 = PRESENTATION_STYLE_ASSIGNMENT((#13438));
#13438 = SURFACE_STYLE_USAGE(.BOTH.,#13439);
#13439 = SURFACE_SIDE_STYLE('',(#13440));
#13440 = SURFACE_STYLE_FILL_AREA(#13441);
#13441 = FILL_AREA_STYLE('',(#13442));
#13442 = FILL_AREA_STYLE_COLOUR('',#13372);
#13443 = STYLED_ITEM('color',(#13444),#451);
#13444 = PRESENTATION_STYLE_ASSIGNMENT((#13445));
#13445 = SURFACE_STYLE_USAGE(.BOTH.,#13446);
#13446 = SURFACE_SIDE_STYLE('',(#13447));
#13447 = SURFACE_STYLE_FILL_AREA(#13448);
#13448 = FILL_AREA_STYLE('',(#13449));
#13449 = FILL_AREA_STYLE_COLOUR('',#13372);
#13450 = MECHANICAL_DESIGN_GEOMETRIC_PRESENTATION_REPRESENTATION('',(
    #13451),#678);
#13451 = STYLED_ITEM('color',(#13452),#506);
#13452 = PRESENTATION_STYLE_ASSIGNMENT((#13453));
#13453 = SURFACE_STYLE_USAGE(.BOTH.,#13454);
#13454 = SURFACE_SIDE_STYLE('',(#13455));
#13455 = SURFACE_STYLE_FILL_AREA(#13456);
#13456 = FILL_AREA_STYLE('',(#13457));
#13457 = FILL_AREA_STYLE_COLOUR('',#13458);
#13458 = COLOUR_RGB('',0.792156867455,0.819607826924,0.933333342953);
#13459 = MECHANICAL_DESIGN_GEOMETRIC_PRESENTATION_REPRESENTATION('',(
    #13460,#13468,#13476,#13483,#13490,#13497,#13504,#13511,#13518,
    #13525,#13532,#13539,#13546,#13553,#13560,#13567,#13574,#13581,
    #13588,#13595,#13602,#13609,#13616,#13623,#13630,#13637,#13644,
    #13651,#13658,#13665,#13672,#13679,#13686,#13693,#13700,#13707,
    #13714,#13721,#13728,#13735,#13742,#13749,#13756,#13763,#13770,
    #13777,#13784,#13791,#13798,#13805,#13812,#13819,#13826,#13833,
    #13840,#13847,#13854),#8828);
#13460 = STYLED_ITEM('color',(#13461),#754);
#13461 = PRESENTATION_STYLE_ASSIGNMENT((#13462));
#13462 = SURFACE_STYLE_USAGE(.BOTH.,#13463);
#13463 = SURFACE_SIDE_STYLE('',(#13464));
#13464 = SURFACE_STYLE_FILL_AREA(#13465);
#13465 = FILL_AREA_STYLE('',(#13466));
#13466 = FILL_AREA_STYLE_COLOUR('',#13467);
#13467 = COLOUR_RGB('',0.749019597622,0.749019597622,0.749019597622);
#13468 = OVER_RIDING_STYLED_ITEM('overriding color',(#13469),#756,#13460
  );
#13469 = PRESENTATION_STYLE_ASSIGNMENT((#13470));
#13470 = SURFACE_STYLE_USAGE(.BOTH.,#13471);
#13471 = SURFACE_SIDE_STYLE('',(#13472));
#13472 = SURFACE_STYLE_FILL_AREA(#13473);
#13473 = FILL_AREA_STYLE('',(#13474));
#13474 = FILL_AREA_STYLE_COLOUR('',#13475);
#13475 = DRAUGHTING_PRE_DEFINED_COLOUR('yellow');
#13476 = OVER_RIDING_STYLED_ITEM('overriding color',(#13477),#789,#13460
  );
#13477 = PRESENTATION_STYLE_ASSIGNMENT((#13478));
#13478 = SURFACE_STYLE_USAGE(.BOTH.,#13479);
#13479 = SURFACE_SIDE_STYLE('',(#13480));
#13480 = SURFACE_STYLE_FILL_AREA(#13481);
#13481 = FILL_AREA_STYLE('',(#13482));
#13482 = FILL_AREA_STYLE_COLOUR('',#13475);
#13483 = OVER_RIDING_STYLED_ITEM('overriding color',(#13484),#831,#13460
  );
#13484 = PRESENTATION_STYLE_ASSIGNMENT((#13485));
#13485 = SURFACE_STYLE_USAGE(.BOTH.,#13486);
#13486 = SURFACE_SIDE_STYLE('',(#13487));
#13487 = SURFACE_STYLE_FILL_AREA(#13488);
#13488 = FILL_AREA_STYLE('',(#13489));
#13489 = FILL_AREA_STYLE_COLOUR('',#13475);
#13490 = OVER_RIDING_STYLED_ITEM('overriding color',(#13491),#926,#13460
  );
#13491 = PRESENTATION_STYLE_ASSIGNMENT((#13492));
#13492 = SURFACE_STYLE_USAGE(.BOTH.,#13493);
#13493 = SURFACE_SIDE_STYLE('',(#13494));
#13494 = SURFACE_STYLE_FILL_AREA(#13495);
#13495 = FILL_AREA_STYLE('',(#13496));
#13496 = FILL_AREA_STYLE_COLOUR('',#13475);
#13497 = OVER_RIDING_STYLED_ITEM('overriding color',(#13498),#969,#13460
  );
#13498 = PRESENTATION_STYLE_ASSIGNMENT((#13499));
#13499 = SURFACE_STYLE_USAGE(.BOTH.,#13500);
#13500 = SURFACE_SIDE_STYLE('',(#13501));
#13501 = SURFACE_STYLE_FILL_AREA(#13502);
#13502 = FILL_AREA_STYLE('',(#13503));
#13503 = FILL_AREA_STYLE_COLOUR('',#13475);
#13504 = OVER_RIDING_STYLED_ITEM('overriding color',(#13505),#1041,
  #13460);
#13505 = PRESENTATION_STYLE_ASSIGNMENT((#13506));
#13506 = SURFACE_STYLE_USAGE(.BOTH.,#13507);
#13507 = SURFACE_SIDE_STYLE('',(#13508));
#13508 = SURFACE_STYLE_FILL_AREA(#13509);
#13509 = FILL_AREA_STYLE('',(#13510));
#13510 = FILL_AREA_STYLE_COLOUR('',#13475);
#13511 = OVER_RIDING_STYLED_ITEM('overriding color',(#13512),#1066,
  #13460);
#13512 = PRESENTATION_STYLE_ASSIGNMENT((#13513));
#13513 = SURFACE_STYLE_USAGE(.BOTH.,#13514);
#13514 = SURFACE_SIDE_STYLE('',(#13515));
#13515 = SURFACE_STYLE_FILL_AREA(#13516);
#13516 = FILL_AREA_STYLE('',(#13517));
#13517 = FILL_AREA_STYLE_COLOUR('',#13475);
#13518 = OVER_RIDING_STYLED_ITEM('overriding color',(#13519),#1091,
  #13460);
#13519 = PRESENTATION_STYLE_ASSIGNMENT((#13520));
#13520 = SURFACE_STYLE_USAGE(.BOTH.,#13521);
#13521 = SURFACE_SIDE_STYLE('',(#13522));
#13522 = SURFACE_STYLE_FILL_AREA(#13523);
#13523 = FILL_AREA_STYLE('',(#13524));
#13524 = FILL_AREA_STYLE_COLOUR('',#13475);
#13525 = OVER_RIDING_STYLED_ITEM('overriding color',(#13526),#1100,
  #13460);
#13526 = PRESENTATION_STYLE_ASSIGNMENT((#13527));
#13527 = SURFACE_STYLE_USAGE(.BOTH.,#13528);
#13528 = SURFACE_SIDE_STYLE('',(#13529));
#13529 = SURFACE_STYLE_FILL_AREA(#13530);
#13530 = FILL_AREA_STYLE('',(#13531));
#13531 = FILL_AREA_STYLE_COLOUR('',#13475);
#13532 = OVER_RIDING_STYLED_ITEM('overriding color',(#13533),#1134,
  #13460);
#13533 = PRESENTATION_STYLE_ASSIGNMENT((#13534));
#13534 = SURFACE_STYLE_USAGE(.BOTH.,#13535);
#13535 = SURFACE_SIDE_STYLE('',(#13536));
#13536 = SURFACE_STYLE_FILL_AREA(#13537);
#13537 = FILL_AREA_STYLE('',(#13538));
#13538 = FILL_AREA_STYLE_COLOUR('',#13475);
#13539 = OVER_RIDING_STYLED_ITEM('overriding color',(#13540),#1181,
  #13460);
#13540 = PRESENTATION_STYLE_ASSIGNMENT((#13541));
#13541 = SURFACE_STYLE_USAGE(.BOTH.,#13542);
#13542 = SURFACE_SIDE_STYLE('',(#13543));
#13543 = SURFACE_STYLE_FILL_AREA(#13544);
#13544 = FILL_AREA_STYLE('',(#13545));
#13545 = FILL_AREA_STYLE_COLOUR('',#13475);
#13546 = OVER_RIDING_STYLED_ITEM('overriding color',(#13547),#1221,
  #13460);
#13547 = PRESENTATION_STYLE_ASSIGNMENT((#13548));
#13548 = SURFACE_STYLE_USAGE(.BOTH.,#13549);
#13549 = SURFACE_SIDE_STYLE('',(#13550));
#13550 = SURFACE_STYLE_FILL_AREA(#13551);
#13551 = FILL_AREA_STYLE('',(#13552));
#13552 = FILL_AREA_STYLE_COLOUR('',#13475);
#13553 = OVER_RIDING_STYLED_ITEM('overriding color',(#13554),#1277,
  #13460);
#13554 = PRESENTATION_STYLE_ASSIGNMENT((#13555));
#13555 = SURFACE_STYLE_USAGE(.BOTH.,#13556);
#13556 = SURFACE_SIDE_STYLE('',(#13557));
#13557 = SURFACE_STYLE_FILL_AREA(#13558);
#13558 = FILL_AREA_STYLE('',(#13559));
#13559 = FILL_AREA_STYLE_COLOUR('',#13475);
#13560 = OVER_RIDING_STYLED_ITEM('overriding color',(#13561),#1333,
  #13460);
#13561 = PRESENTATION_STYLE_ASSIGNMENT((#13562));
#13562 = SURFACE_STYLE_USAGE(.BOTH.,#13563);
#13563 = SURFACE_SIDE_STYLE('',(#13564));
#13564 = SURFACE_STYLE_FILL_AREA(#13565);
#13565 = FILL_AREA_STYLE('',(#13566));
#13566 = FILL_AREA_STYLE_COLOUR('',#13475);
#13567 = OVER_RIDING_STYLED_ITEM('overriding color',(#13568),#1380,
  #13460);
#13568 = PRESENTATION_STYLE_ASSIGNMENT((#13569));
#13569 = SURFACE_STYLE_USAGE(.BOTH.,#13570);
#13570 = SURFACE_SIDE_STYLE('',(#13571));
#13571 = SURFACE_STYLE_FILL_AREA(#13572);
#13572 = FILL_AREA_STYLE('',(#13573));
#13573 = FILL_AREA_STYLE_COLOUR('',#13475);
#13574 = OVER_RIDING_STYLED_ITEM('overriding color',(#13575),#1420,
  #13460);
#13575 = PRESENTATION_STYLE_ASSIGNMENT((#13576));
#13576 = SURFACE_STYLE_USAGE(.BOTH.,#13577);
#13577 = SURFACE_SIDE_STYLE('',(#13578));
#13578 = SURFACE_STYLE_FILL_AREA(#13579);
#13579 = FILL_AREA_STYLE('',(#13580));
#13580 = FILL_AREA_STYLE_COLOUR('',#13475);
#13581 = OVER_RIDING_STYLED_ITEM('overriding color',(#13582),#1442,
  #13460);
#13582 = PRESENTATION_STYLE_ASSIGNMENT((#13583));
#13583 = SURFACE_STYLE_USAGE(.BOTH.,#13584);
#13584 = SURFACE_SIDE_STYLE('',(#13585));
#13585 = SURFACE_STYLE_FILL_AREA(#13586);
#13586 = FILL_AREA_STYLE('',(#13587));
#13587 = FILL_AREA_STYLE_COLOUR('',#13475);
#13588 = OVER_RIDING_STYLED_ITEM('overriding color',(#13589),#1498,
  #13460);
#13589 = PRESENTATION_STYLE_ASSIGNMENT((#13590));
#13590 = SURFACE_STYLE_USAGE(.BOTH.,#13591);
#13591 = SURFACE_SIDE_STYLE('',(#13592));
#13592 = SURFACE_STYLE_FILL_AREA(#13593);
#13593 = FILL_AREA_STYLE('',(#13594));
#13594 = FILL_AREA_STYLE_COLOUR('',#13475);
#13595 = OVER_RIDING_STYLED_ITEM('overriding color',(#13596),#1529,
  #13460);
#13596 = PRESENTATION_STYLE_ASSIGNMENT((#13597));
#13597 = SURFACE_STYLE_USAGE(.BOTH.,#13598);
#13598 = SURFACE_SIDE_STYLE('',(#13599));
#13599 = SURFACE_STYLE_FILL_AREA(#13600);
#13600 = FILL_AREA_STYLE('',(#13601));
#13601 = FILL_AREA_STYLE_COLOUR('',#13475);
#13602 = OVER_RIDING_STYLED_ITEM('overriding color',(#13603),#1576,
  #13460);
#13603 = PRESENTATION_STYLE_ASSIGNMENT((#13604));
#13604 = SURFACE_STYLE_USAGE(.BOTH.,#13605);
#13605 = SURFACE_SIDE_STYLE('',(#13606));
#13606 = SURFACE_STYLE_FILL_AREA(#13607);
#13607 = FILL_AREA_STYLE('',(#13608));
#13608 = FILL_AREA_STYLE_COLOUR('',#13475);
#13609 = OVER_RIDING_STYLED_ITEM('overriding color',(#13610),#1623,
  #13460);
#13610 = PRESENTATION_STYLE_ASSIGNMENT((#13611));
#13611 = SURFACE_STYLE_USAGE(.BOTH.,#13612);
#13612 = SURFACE_SIDE_STYLE('',(#13613));
#13613 = SURFACE_STYLE_FILL_AREA(#13614);
#13614 = FILL_AREA_STYLE('',(#13615));
#13615 = FILL_AREA_STYLE_COLOUR('',#13475);
#13616 = OVER_RIDING_STYLED_ITEM('overriding color',(#13617),#1677,
  #13460);
#13617 = PRESENTATION_STYLE_ASSIGNMENT((#13618));
#13618 = SURFACE_STYLE_USAGE(.BOTH.,#13619);
#13619 = SURFACE_SIDE_STYLE('',(#13620));
#13620 = SURFACE_STYLE_FILL_AREA(#13621);
#13621 = FILL_AREA_STYLE('',(#13622));
#13622 = FILL_AREA_STYLE_COLOUR('',#13475);
#13623 = OVER_RIDING_STYLED_ITEM('overriding color',(#13624),#1731,
  #13460);
#13624 = PRESENTATION_STYLE_ASSIGNMENT((#13625));
#13625 = SURFACE_STYLE_USAGE(.BOTH.,#13626);
#13626 = SURFACE_SIDE_STYLE('',(#13627));
#13627 = SURFACE_STYLE_FILL_AREA(#13628);
#13628 = FILL_AREA_STYLE('',(#13629));
#13629 = FILL_AREA_STYLE_COLOUR('',#13475);
#13630 = OVER_RIDING_STYLED_ITEM('overriding color',(#13631),#1762,
  #13460);
#13631 = PRESENTATION_STYLE_ASSIGNMENT((#13632));
#13632 = SURFACE_STYLE_USAGE(.BOTH.,#13633);
#13633 = SURFACE_SIDE_STYLE('',(#13634));
#13634 = SURFACE_STYLE_FILL_AREA(#13635);
#13635 = FILL_AREA_STYLE('',(#13636));
#13636 = FILL_AREA_STYLE_COLOUR('',#13475);
#13637 = OVER_RIDING_STYLED_ITEM('overriding color',(#13638),#1786,
  #13460);
#13638 = PRESENTATION_STYLE_ASSIGNMENT((#13639));
#13639 = SURFACE_STYLE_USAGE(.BOTH.,#13640);
#13640 = SURFACE_SIDE_STYLE('',(#13641));
#13641 = SURFACE_STYLE_FILL_AREA(#13642);
#13642 = FILL_AREA_STYLE('',(#13643));
#13643 = FILL_AREA_STYLE_COLOUR('',#13475);
#13644 = OVER_RIDING_STYLED_ITEM('overriding color',(#13645),#1815,
  #13460);
#13645 = PRESENTATION_STYLE_ASSIGNMENT((#13646));
#13646 = SURFACE_STYLE_USAGE(.BOTH.,#13647);
#13647 = SURFACE_SIDE_STYLE('',(#13648));
#13648 = SURFACE_STYLE_FILL_AREA(#13649);
#13649 = FILL_AREA_STYLE('',(#13650));
#13650 = FILL_AREA_STYLE_COLOUR('',#13475);
#13651 = OVER_RIDING_STYLED_ITEM('overriding color',(#13652),#1832,
  #13460);
#13652 = PRESENTATION_STYLE_ASSIGNMENT((#13653));
#13653 = SURFACE_STYLE_USAGE(.BOTH.,#13654);
#13654 = SURFACE_SIDE_STYLE('',(#13655));
#13655 = SURFACE_STYLE_FILL_AREA(#13656);
#13656 = FILL_AREA_STYLE('',(#13657));
#13657 = FILL_AREA_STYLE_COLOUR('',#13475);
#13658 = OVER_RIDING_STYLED_ITEM('overriding color',(#13659),#1844,
  #13460);
#13659 = PRESENTATION_STYLE_ASSIGNMENT((#13660));
#13660 = SURFACE_STYLE_USAGE(.BOTH.,#13661);
#13661 = SURFACE_SIDE_STYLE('',(#13662));
#13662 = SURFACE_STYLE_FILL_AREA(#13663);
#13663 = FILL_AREA_STYLE('',(#13664));
#13664 = FILL_AREA_STYLE_COLOUR('',#13475);
#13665 = OVER_RIDING_STYLED_ITEM('overriding color',(#13666),#1882,
  #13460);
#13666 = PRESENTATION_STYLE_ASSIGNMENT((#13667));
#13667 = SURFACE_STYLE_USAGE(.BOTH.,#13668);
#13668 = SURFACE_SIDE_STYLE('',(#13669));
#13669 = SURFACE_STYLE_FILL_AREA(#13670);
#13670 = FILL_AREA_STYLE('',(#13671));
#13671 = FILL_AREA_STYLE_COLOUR('',#13475);
#13672 = OVER_RIDING_STYLED_ITEM('overriding color',(#13673),#1911,
  #13460);
#13673 = PRESENTATION_STYLE_ASSIGNMENT((#13674));
#13674 = SURFACE_STYLE_USAGE(.BOTH.,#13675);
#13675 = SURFACE_SIDE_STYLE('',(#13676));
#13676 = SURFACE_STYLE_FILL_AREA(#13677);
#13677 = FILL_AREA_STYLE('',(#13678));
#13678 = FILL_AREA_STYLE_COLOUR('',#13475);
#13679 = OVER_RIDING_STYLED_ITEM('overriding color',(#13680),#1935,
  #13460);
#13680 = PRESENTATION_STYLE_ASSIGNMENT((#13681));
#13681 = SURFACE_STYLE_USAGE(.BOTH.,#13682);
#13682 = SURFACE_SIDE_STYLE('',(#13683));
#13683 = SURFACE_STYLE_FILL_AREA(#13684);
#13684 = FILL_AREA_STYLE('',(#13685));
#13685 = FILL_AREA_STYLE_COLOUR('',#13475);
#13686 = OVER_RIDING_STYLED_ITEM('overriding color',(#13687),#1952,
  #13460);
#13687 = PRESENTATION_STYLE_ASSIGNMENT((#13688));
#13688 = SURFACE_STYLE_USAGE(.BOTH.,#13689);
#13689 = SURFACE_SIDE_STYLE('',(#13690));
#13690 = SURFACE_STYLE_FILL_AREA(#13691);
#13691 = FILL_AREA_STYLE('',(#13692));
#13692 = FILL_AREA_STYLE_COLOUR('',#13475);
#13693 = OVER_RIDING_STYLED_ITEM('overriding color',(#13694),#1976,
  #13460);
#13694 = PRESENTATION_STYLE_ASSIGNMENT((#13695));
#13695 = SURFACE_STYLE_USAGE(.BOTH.,#13696);
#13696 = SURFACE_SIDE_STYLE('',(#13697));
#13697 = SURFACE_STYLE_FILL_AREA(#13698);
#13698 = FILL_AREA_STYLE('',(#13699));
#13699 = FILL_AREA_STYLE_COLOUR('',#13475);
#13700 = OVER_RIDING_STYLED_ITEM('overriding color',(#13701),#1988,
  #13460);
#13701 = PRESENTATION_STYLE_ASSIGNMENT((#13702));
#13702 = SURFACE_STYLE_USAGE(.BOTH.,#13703);
#13703 = SURFACE_SIDE_STYLE('',(#13704));
#13704 = SURFACE_STYLE_FILL_AREA(#13705);
#13705 = FILL_AREA_STYLE('',(#13706));
#13706 = FILL_AREA_STYLE_COLOUR('',#13475);
#13707 = OVER_RIDING_STYLED_ITEM('overriding color',(#13708),#2019,
  #13460);
#13708 = PRESENTATION_STYLE_ASSIGNMENT((#13709));
#13709 = SURFACE_STYLE_USAGE(.BOTH.,#13710);
#13710 = SURFACE_SIDE_STYLE('',(#13711));
#13711 = SURFACE_STYLE_FILL_AREA(#13712);
#13712 = FILL_AREA_STYLE('',(#13713));
#13713 = FILL_AREA_STYLE_COLOUR('',#13475);
#13714 = OVER_RIDING_STYLED_ITEM('overriding color',(#13715),#2048,
  #13460);
#13715 = PRESENTATION_STYLE_ASSIGNMENT((#13716));
#13716 = SURFACE_STYLE_USAGE(.BOTH.,#13717);
#13717 = SURFACE_SIDE_STYLE('',(#13718));
#13718 = SURFACE_STYLE_FILL_AREA(#13719);
#13719 = FILL_AREA_STYLE('',(#13720));
#13720 = FILL_AREA_STYLE_COLOUR('',#13475);
#13721 = OVER_RIDING_STYLED_ITEM('overriding color',(#13722),#2072,
  #13460);
#13722 = PRESENTATION_STYLE_ASSIGNMENT((#13723));
#13723 = SURFACE_STYLE_USAGE(.BOTH.,#13724);
#13724 = SURFACE_SIDE_STYLE('',(#13725));
#13725 = SURFACE_STYLE_FILL_AREA(#13726);
#13726 = FILL_AREA_STYLE('',(#13727));
#13727 = FILL_AREA_STYLE_COLOUR('',#13475);
#13728 = OVER_RIDING_STYLED_ITEM('overriding color',(#13729),#2089,
  #13460);
#13729 = PRESENTATION_STYLE_ASSIGNMENT((#13730));
#13730 = SURFACE_STYLE_USAGE(.BOTH.,#13731);
#13731 = SURFACE_SIDE_STYLE('',(#13732));
#13732 = SURFACE_STYLE_FILL_AREA(#13733);
#13733 = FILL_AREA_STYLE('',(#13734));
#13734 = FILL_AREA_STYLE_COLOUR('',#13475);
#13735 = OVER_RIDING_STYLED_ITEM('overriding color',(#13736),#2120,
  #13460);
#13736 = PRESENTATION_STYLE_ASSIGNMENT((#13737));
#13737 = SURFACE_STYLE_USAGE(.BOTH.,#13738);
#13738 = SURFACE_SIDE_STYLE('',(#13739));
#13739 = SURFACE_STYLE_FILL_AREA(#13740);
#13740 = FILL_AREA_STYLE('',(#13741));
#13741 = FILL_AREA_STYLE_COLOUR('',#13475);
#13742 = OVER_RIDING_STYLED_ITEM('overriding color',(#13743),#2153,
  #13460);
#13743 = PRESENTATION_STYLE_ASSIGNMENT((#13744));
#13744 = SURFACE_STYLE_USAGE(.BOTH.,#13745);
#13745 = SURFACE_SIDE_STYLE('',(#13746));
#13746 = SURFACE_STYLE_FILL_AREA(#13747);
#13747 = FILL_AREA_STYLE('',(#13748));
#13748 = FILL_AREA_STYLE_COLOUR('',#13475);
#13749 = OVER_RIDING_STYLED_ITEM('overriding color',(#13750),#2165,
  #13460);
#13750 = PRESENTATION_STYLE_ASSIGNMENT((#13751));
#13751 = SURFACE_STYLE_USAGE(.BOTH.,#13752);
#13752 = SURFACE_SIDE_STYLE('',(#13753));
#13753 = SURFACE_STYLE_FILL_AREA(#13754);
#13754 = FILL_AREA_STYLE('',(#13755));
#13755 = FILL_AREA_STYLE_COLOUR('',#13475);
#13756 = OVER_RIDING_STYLED_ITEM('overriding color',(#13757),#2196,
  #13460);
#13757 = PRESENTATION_STYLE_ASSIGNMENT((#13758));
#13758 = SURFACE_STYLE_USAGE(.BOTH.,#13759);
#13759 = SURFACE_SIDE_STYLE('',(#13760));
#13760 = SURFACE_STYLE_FILL_AREA(#13761);
#13761 = FILL_AREA_STYLE('',(#13762));
#13762 = FILL_AREA_STYLE_COLOUR('',#13475);
#13763 = OVER_RIDING_STYLED_ITEM('overriding color',(#13764),#2227,
  #13460);
#13764 = PRESENTATION_STYLE_ASSIGNMENT((#13765));
#13765 = SURFACE_STYLE_USAGE(.BOTH.,#13766);
#13766 = SURFACE_SIDE_STYLE('',(#13767));
#13767 = SURFACE_STYLE_FILL_AREA(#13768);
#13768 = FILL_AREA_STYLE('',(#13769));
#13769 = FILL_AREA_STYLE_COLOUR('',#13475);
#13770 = OVER_RIDING_STYLED_ITEM('overriding color',(#13771),#2256,
  #13460);
#13771 = PRESENTATION_STYLE_ASSIGNMENT((#13772));
#13772 = SURFACE_STYLE_USAGE(.BOTH.,#13773);
#13773 = SURFACE_SIDE_STYLE('',(#13774));
#13774 = SURFACE_STYLE_FILL_AREA(#13775);
#13775 = FILL_AREA_STYLE('',(#13776));
#13776 = FILL_AREA_STYLE_COLOUR('',#13475);
#13777 = OVER_RIDING_STYLED_ITEM('overriding color',(#13778),#2273,
  #13460);
#13778 = PRESENTATION_STYLE_ASSIGNMENT((#13779));
#13779 = SURFACE_STYLE_USAGE(.BOTH.,#13780);
#13780 = SURFACE_SIDE_STYLE('',(#13781));
#13781 = SURFACE_STYLE_FILL_AREA(#13782);
#13782 = FILL_AREA_STYLE('',(#13783));
#13783 = FILL_AREA_STYLE_COLOUR('',#13475);
#13784 = OVER_RIDING_STYLED_ITEM('overriding color',(#13785),#2285,
  #13460);
#13785 = PRESENTATION_STYLE_ASSIGNMENT((#13786));
#13786 = SURFACE_STYLE_USAGE(.BOTH.,#13787);
#13787 = SURFACE_SIDE_STYLE('',(#13788));
#13788 = SURFACE_STYLE_FILL_AREA(#13789);
#13789 = FILL_AREA_STYLE('',(#13790));
#13790 = FILL_AREA_STYLE_COLOUR('',#13475);
#13791 = OVER_RIDING_STYLED_ITEM('overriding color',(#13792),#2309,
  #13460);
#13792 = PRESENTATION_STYLE_ASSIGNMENT((#13793));
#13793 = SURFACE_STYLE_USAGE(.BOTH.,#13794);
#13794 = SURFACE_SIDE_STYLE('',(#13795));
#13795 = SURFACE_STYLE_FILL_AREA(#13796);
#13796 = FILL_AREA_STYLE('',(#13797));
#13797 = FILL_AREA_STYLE_COLOUR('',#13475);
#13798 = OVER_RIDING_STYLED_ITEM('overriding color',(#13799),#2326,
  #13460);
#13799 = PRESENTATION_STYLE_ASSIGNMENT((#13800));
#13800 = SURFACE_STYLE_USAGE(.BOTH.,#13801);
#13801 = SURFACE_SIDE_STYLE('',(#13802));
#13802 = SURFACE_STYLE_FILL_AREA(#13803);
#13803 = FILL_AREA_STYLE('',(#13804));
#13804 = FILL_AREA_STYLE_COLOUR('',#13475);
#13805 = OVER_RIDING_STYLED_ITEM('overriding color',(#13806),#2343,
  #13460);
#13806 = PRESENTATION_STYLE_ASSIGNMENT((#13807));
#13807 = SURFACE_STYLE_USAGE(.BOTH.,#13808);
#13808 = SURFACE_SIDE_STYLE('',(#13809));
#13809 = SURFACE_STYLE_FILL_AREA(#13810);
#13810 = FILL_AREA_STYLE('',(#13811));
#13811 = FILL_AREA_STYLE_COLOUR('',#13475);
#13812 = OVER_RIDING_STYLED_ITEM('overriding color',(#13813),#2365,
  #13460);
#13813 = PRESENTATION_STYLE_ASSIGNMENT((#13814));
#13814 = SURFACE_STYLE_USAGE(.BOTH.,#13815);
#13815 = SURFACE_SIDE_STYLE('',(#13816));
#13816 = SURFACE_STYLE_FILL_AREA(#13817);
#13817 = FILL_AREA_STYLE('',(#13818));
#13818 = FILL_AREA_STYLE_COLOUR('',#13475);
#13819 = OVER_RIDING_STYLED_ITEM('overriding color',(#13820),#2387,
  #13460);
#13820 = PRESENTATION_STYLE_ASSIGNMENT((#13821));
#13821 = SURFACE_STYLE_USAGE(.BOTH.,#13822);
#13822 = SURFACE_SIDE_STYLE('',(#13823));
#13823 = SURFACE_STYLE_FILL_AREA(#13824);
#13824 = FILL_AREA_STYLE('',(#13825));
#13825 = FILL_AREA_STYLE_COLOUR('',#13475);
#13826 = OVER_RIDING_STYLED_ITEM('overriding color',(#13827),#2409,
  #13460);
#13827 = PRESENTATION_STYLE_ASSIGNMENT((#13828));
#13828 = SURFACE_STYLE_USAGE(.BOTH.,#13829);
#13829 = SURFACE_SIDE_STYLE('',(#13830));
#13830 = SURFACE_STYLE_FILL_AREA(#13831);
#13831 = FILL_AREA_STYLE('',(#13832));
#13832 = FILL_AREA_STYLE_COLOUR('',#13475);
#13833 = OVER_RIDING_STYLED_ITEM('overriding color',(#13834),#2426,
  #13460);
#13834 = PRESENTATION_STYLE_ASSIGNMENT((#13835));
#13835 = SURFACE_STYLE_USAGE(.BOTH.,#13836);
#13836 = SURFACE_SIDE_STYLE('',(#13837));
#13837 = SURFACE_STYLE_FILL_AREA(#13838);
#13838 = FILL_AREA_STYLE('',(#13839));
#13839 = FILL_AREA_STYLE_COLOUR('',#13475);
#13840 = OVER_RIDING_STYLED_ITEM('overriding color',(#13841),#2438,
  #13460);
#13841 = PRESENTATION_STYLE_ASSIGNMENT((#13842));
#13842 = SURFACE_STYLE_USAGE(.BOTH.,#13843);
#13843 = SURFACE_SIDE_STYLE('',(#13844));
#13844 = SURFACE_STYLE_FILL_AREA(#13845);
#13845 = FILL_AREA_STYLE('',(#13846));
#13846 = FILL_AREA_STYLE_COLOUR('',#13475);
#13847 = OVER_RIDING_STYLED_ITEM('overriding color',(#13848),#2457,
  #13460);
#13848 = PRESENTATION_STYLE_ASSIGNMENT((#13849));
#13849 = SURFACE_STYLE_USAGE(.BOTH.,#13850);
#13850 = SURFACE_SIDE_STYLE('',(#13851));
#13851 = SURFACE_STYLE_FILL_AREA(#13852);
#13852 = FILL_AREA_STYLE('',(#13853));
#13853 = FILL_AREA_STYLE_COLOUR('',#13475);
#13854 = OVER_RIDING_STYLED_ITEM('overriding color',(#13855),#2469,
  #13460);
#13855 = PRESENTATION_STYLE_ASSIGNMENT((#13856));
#13856 = SURFACE_STYLE_USAGE(.BOTH.,#13857);
#13857 = SURFACE_SIDE_STYLE('',(#13858));
#13858 = SURFACE_STYLE_FILL_AREA(#13859);
#13859 = FILL_AREA_STYLE('',(#13860));
#13860 = FILL_AREA_STYLE_COLOUR('',#13475);
ENDSEC;
END-ISO-10303-21;
