ISO-10303-21;
HEADER;
/* Generated by software containing ST-Developer
 * from STEP Tools, Inc. (www.steptools.com) 
 */

FILE_DESCRIPTION(
/* description */ (''),
/* implementation_level */ '2;1');

FILE_NAME(
/* name */ 'PowerConnector.stp',
/* time_stamp */ '2026-01-20T13:36:58-06:00',
/* author */ ('tapen'),
/* organization */ (''),
/* preprocessor_version */ 'ST-DEVELOPER v20',
/* originating_system */ 'Autodesk Inventor 2025',
/* authorisation */ '');

FILE_SCHEMA (('AUTOMOTIVE_DESIGN { 1 0 10303 214 3 1 1 }'));
ENDSEC;

DATA;
#10=MECHANICAL_DESIGN_GEOMETRIC_PRESENTATION_REPRESENTATION('',(#5997,#5998,
#5999,#6000,#6001,#6002,#6003,#6004,#6005,#6006,#6007,#6008,#6009,#6010,
#6011,#6012,#6013,#6014,#6015,#6016,#6017,#6018,#6019,#6020,#6021,#6022,
#6023,#6024,#6025,#6026,#6027,#6028,#6029,#6030,#6031,#6032,#6033,#6034,
#6035,#6036,#6037,#6038,#6039,#6040,#6041,#6042,#6043,#6044,#6045,#6046,
#6047,#6048,#6049,#6050,#6051,#6052,#6053,#6054,#6055,#6056,#6057,#6058,
#6059),#11221);
#11=ITEM_DEFINED_TRANSFORMATION($,$,#6516,#6993);
#12=ITEM_DEFINED_TRANSFORMATION($,$,#6824,#6994);
#13=(
REPRESENTATION_RELATIONSHIP($,$,#11239,#11238)
REPRESENTATION_RELATIONSHIP_WITH_TRANSFORMATION(#11)
SHAPE_REPRESENTATION_RELATIONSHIP()
);
#14=(
REPRESENTATION_RELATIONSHIP($,$,#11240,#11238)
REPRESENTATION_RELATIONSHIP_WITH_TRANSFORMATION(#12)
SHAPE_REPRESENTATION_RELATIONSHIP()
);
#15=CONTEXT_DEPENDENT_SHAPE_REPRESENTATION(#13,#11236);
#16=CONTEXT_DEPENDENT_SHAPE_REPRESENTATION(#14,#11237);
#17=NEXT_ASSEMBLY_USAGE_OCCURRENCE('FCR7350:1','FCR7350:1','FCR7350:1',
#11242,#11243,'FCR7350:1');
#18=NEXT_ASSEMBLY_USAGE_OCCURRENCE('FCR7350R:2','FCR7350R:2',
'FCR7350R:2',#11242,#11244,'FCR7350R:2');
#19=SHAPE_REPRESENTATION_RELATIONSHIP('SRR','None',#11239,#21);
#20=SHAPE_REPRESENTATION_RELATIONSHIP('SRR','None',#11240,#22);
#21=ADVANCED_BREP_SHAPE_REPRESENTATION('',(#23),#11219);
#22=ADVANCED_BREP_SHAPE_REPRESENTATION('',(#24,#25,#26,#27,#28,#29),#11220);
#23=MANIFOLD_SOLID_BREP('Solid2',#6420);
#24=MANIFOLD_SOLID_BREP('Solid1',#6421);
#25=MANIFOLD_SOLID_BREP('Solid2',#6422);
#26=MANIFOLD_SOLID_BREP('Solid3',#6423);
#27=MANIFOLD_SOLID_BREP('Solid4',#6424);
#28=MANIFOLD_SOLID_BREP('Solid5',#6425);
#29=MANIFOLD_SOLID_BREP('Solid6',#6426);
#30=TOROIDAL_SURFACE('',#6728,0.0590551181102362,0.0196850393700787);
#31=TOROIDAL_SURFACE('',#6737,0.0590551181102362,0.0196850393700787);
#32=TOROIDAL_SURFACE('',#6771,0.0984251968503937,0.0590551181102362);
#33=TOROIDAL_SURFACE('',#6777,0.0984251968503937,0.0590551181102362);
#34=TOROIDAL_SURFACE('',#6795,0.116141732283465,0.00984251968503937);
#35=TOROIDAL_SURFACE('',#6804,0.187007874015748,0.00984251968503937);
#36=TOROIDAL_SURFACE('',#6813,0.206692913385827,0.00984251968503937);
#37=TOROIDAL_SURFACE('',#6820,0.151574803149606,0.0255905511811024);
#38=TOROIDAL_SURFACE('',#6889,0.188976377952756,0.0118110236220472);
#39=TOROIDAL_SURFACE('',#6894,0.106299212598425,0.0118110236220472);
#40=TOROIDAL_SURFACE('',#6899,0.204724409448819,0.0118110236220472);
#41=TOROIDAL_SURFACE('',#6932,0.0787401574803149,0.0590551181102362);
#42=TOROIDAL_SURFACE('',#6935,0.078740157480315,0.0590551181102362);
#43=B_SPLINE_SURFACE_WITH_KNOTS('',2,1,((#9244,#9245),(#9246,#9247),(#9248,
#9249),(#9250,#9251),(#9252,#9253)),.UNSPECIFIED.,.F.,.F.,.F.,(3,1,1,3),
(2,2),(-3.,-2.,-1.,0.),(0.,0.024),.UNSPECIFIED.);
#44=B_SPLINE_SURFACE_WITH_KNOTS('',2,1,((#9285,#9286),(#9287,#9288),(#9289,
#9290),(#9291,#9292),(#9293,#9294)),.UNSPECIFIED.,.F.,.F.,.F.,(3,1,1,3),
(2,2),(-3.,-2.,-1.,0.),(0.,0.024),.UNSPECIFIED.);
#45=B_SPLINE_SURFACE_WITH_KNOTS('',2,1,((#9338,#9339),(#9340,#9341),(#9342,
#9343),(#9344,#9345),(#9346,#9347)),.UNSPECIFIED.,.F.,.F.,.F.,(3,1,1,3),
(2,2),(-3.,-2.,-1.,0.),(0.,0.024),.UNSPECIFIED.);
#46=B_SPLINE_SURFACE_WITH_KNOTS('',2,1,((#9373,#9374),(#9375,#9376),(#9377,
#9378),(#9379,#9380),(#9381,#9382)),.UNSPECIFIED.,.F.,.F.,.F.,(3,1,1,3),
(2,2),(-3.,-2.,-1.,0.),(0.,0.024),.UNSPECIFIED.);
#47=B_SPLINE_SURFACE_WITH_KNOTS('',2,1,((#9426,#9427),(#9428,#9429),(#9430,
#9431),(#9432,#9433),(#9434,#9435)),.UNSPECIFIED.,.F.,.F.,.F.,(3,1,1,3),
(2,2),(-3.,-2.,-1.,0.),(0.,0.024),.UNSPECIFIED.);
#48=B_SPLINE_SURFACE_WITH_KNOTS('',2,1,((#9455,#9456),(#9457,#9458),(#9459,
#9460),(#9461,#9462),(#9463,#9464)),.UNSPECIFIED.,.F.,.F.,.F.,(3,1,1,3),
(2,2),(-3.,-2.,-1.,0.),(0.,0.024),.UNSPECIFIED.);
#49=B_SPLINE_SURFACE_WITH_KNOTS('',2,1,((#9509,#9510),(#9511,#9512),(#9513,
#9514),(#9515,#9516),(#9517,#9518)),.UNSPECIFIED.,.F.,.F.,.F.,(3,1,1,3),
(2,2),(-3.,-2.,-1.,0.),(0.,0.024),.UNSPECIFIED.);
#50=B_SPLINE_SURFACE_WITH_KNOTS('',2,1,((#9538,#9539),(#9540,#9541),(#9542,
#9543)),.UNSPECIFIED.,.F.,.F.,.F.,(3,3),(2,2),(-1.,0.),(0.,0.024),
 .UNSPECIFIED.);
#51=B_SPLINE_SURFACE_WITH_KNOTS('',2,1,((#9553,#9554),(#9555,#9556),(#9557,
#9558)),.UNSPECIFIED.,.F.,.F.,.F.,(3,3),(2,2),(-1.,0.),(0.,0.024),
 .UNSPECIFIED.);
#52=B_SPLINE_SURFACE_WITH_KNOTS('',2,1,((#9568,#9569),(#9570,#9571),(#9572,
#9573)),.UNSPECIFIED.,.F.,.F.,.F.,(3,3),(2,2),(-1.,0.),(0.,0.024),
 .UNSPECIFIED.);
#53=B_SPLINE_SURFACE_WITH_KNOTS('',2,1,((#9589,#9590),(#9591,#9592),(#9593,
#9594),(#9595,#9596),(#9597,#9598)),.UNSPECIFIED.,.F.,.F.,.F.,(3,1,1,3),
(2,2),(-3.,-2.,-1.,0.),(0.,0.024),.UNSPECIFIED.);
#54=B_SPLINE_SURFACE_WITH_KNOTS('',2,1,((#9642,#9643),(#9644,#9645),(#9646,
#9647),(#9648,#9649),(#9650,#9651)),.UNSPECIFIED.,.F.,.F.,.F.,(3,1,1,3),
(2,2),(-3.,-2.,-1.,0.),(0.,0.024),.UNSPECIFIED.);
#55=B_SPLINE_SURFACE_WITH_KNOTS('',2,1,((#9671,#9672),(#9673,#9674),(#9675,
#9676),(#9677,#9678),(#9679,#9680)),.UNSPECIFIED.,.F.,.F.,.F.,(3,1,1,3),
(2,2),(-3.,-2.,-1.,0.),(0.,0.024),.UNSPECIFIED.);
#56=B_SPLINE_SURFACE_WITH_KNOTS('',2,1,((#9725,#9726),(#9727,#9728),(#9729,
#9730)),.UNSPECIFIED.,.F.,.F.,.F.,(3,3),(2,2),(-1.,0.),(0.,0.024),
 .UNSPECIFIED.);
#57=B_SPLINE_SURFACE_WITH_KNOTS('',2,1,((#9740,#9741),(#9742,#9743),(#9744,
#9745),(#9746,#9747)),.UNSPECIFIED.,.F.,.F.,.F.,(3,1,3),(2,2),(-2.,-1.,
0.),(0.,0.024),.UNSPECIFIED.);
#58=B_SPLINE_SURFACE_WITH_KNOTS('',2,1,((#9759,#9760),(#9761,#9762),(#9763,
#9764),(#9765,#9766),(#9767,#9768)),.UNSPECIFIED.,.F.,.F.,.F.,(3,1,1,3),
(2,2),(-3.,-2.,-1.,0.),(0.,0.024),.UNSPECIFIED.);
#59=B_SPLINE_SURFACE_WITH_KNOTS('',2,1,((#9782,#9783),(#9784,#9785),(#9786,
#9787),(#9788,#9789),(#9790,#9791)),.UNSPECIFIED.,.F.,.F.,.F.,(3,1,1,3),
(2,2),(-3.,-2.,-1.,0.),(0.,0.024),.UNSPECIFIED.);
#60=B_SPLINE_SURFACE_WITH_KNOTS('',2,1,((#9805,#9806),(#9807,#9808),(#9809,
#9810),(#9811,#9812)),.UNSPECIFIED.,.F.,.F.,.F.,(3,1,3),(2,2),(-2.,-1.,
0.),(0.,0.024),.UNSPECIFIED.);
#61=B_SPLINE_SURFACE_WITH_KNOTS('',2,1,((#9830,#9831),(#9832,#9833),(#9834,
#9835)),.UNSPECIFIED.,.F.,.F.,.F.,(3,3),(2,2),(-1.,0.),(0.,0.024),
 .UNSPECIFIED.);
#62=B_SPLINE_SURFACE_WITH_KNOTS('',2,1,((#9845,#9846),(#9847,#9848),(#9849,
#9850),(#9851,#9852)),.UNSPECIFIED.,.F.,.F.,.F.,(3,1,3),(2,2),(-2.,-1.,
0.),(0.,0.024),.UNSPECIFIED.);
#63=B_SPLINE_SURFACE_WITH_KNOTS('',2,1,((#9864,#9865),(#9866,#9867),(#9868,
#9869)),.UNSPECIFIED.,.F.,.F.,.F.,(3,3),(2,2),(-1.,0.),(0.,0.024),
 .UNSPECIFIED.);
#64=B_SPLINE_SURFACE_WITH_KNOTS('',2,1,((#9879,#9880),(#9881,#9882),(#9883,
#9884)),.UNSPECIFIED.,.F.,.F.,.F.,(3,3),(2,2),(-1.,0.),(0.,0.024),
 .UNSPECIFIED.);
#65=B_SPLINE_SURFACE_WITH_KNOTS('',2,1,((#9894,#9895),(#9896,#9897),(#9898,
#9899),(#9900,#9901),(#9902,#9903)),.UNSPECIFIED.,.F.,.F.,.F.,(3,1,1,3),
(2,2),(-3.,-2.,-1.,0.),(0.,0.024),.UNSPECIFIED.);
#66=B_SPLINE_SURFACE_WITH_KNOTS('',2,1,((#9917,#9918),(#9919,#9920),(#9921,
#9922),(#9923,#9924)),.UNSPECIFIED.,.F.,.F.,.F.,(3,1,3),(2,2),(-2.,-1.,
0.),(0.,0.024),.UNSPECIFIED.);
#67=B_SPLINE_SURFACE_WITH_KNOTS('',2,1,((#9961,#9962),(#9963,#9964),(#9965,
#9966),(#9967,#9968),(#9969,#9970)),.UNSPECIFIED.,.F.,.F.,.F.,(3,1,1,3),
(2,2),(-3.,-2.,-1.,0.),(0.,0.024),.UNSPECIFIED.);
#68=B_SPLINE_SURFACE_WITH_KNOTS('',2,1,((#9990,#9991),(#9992,#9993),(#9994,
#9995),(#9996,#9997),(#9998,#9999)),.UNSPECIFIED.,.F.,.F.,.F.,(3,1,1,3),
(2,2),(-3.,-2.,-1.,0.),(0.,0.024),.UNSPECIFIED.);
#69=B_SPLINE_SURFACE_WITH_KNOTS('',2,1,((#10043,#10044),(#10045,#10046),
(#10047,#10048),(#10049,#10050),(#10051,#10052)),.UNSPECIFIED.,.F.,.F.,
 .F.,(3,1,1,3),(2,2),(-3.,-2.,-1.,0.),(0.,0.024),.UNSPECIFIED.);
#70=B_SPLINE_SURFACE_WITH_KNOTS('',2,1,((#10072,#10073),(#10074,#10075),
(#10076,#10077),(#10078,#10079),(#10080,#10081)),.UNSPECIFIED.,.F.,.F.,
 .F.,(3,1,1,3),(2,2),(-3.,-2.,-1.,0.),(0.,0.024),.UNSPECIFIED.);
#71=B_SPLINE_SURFACE_WITH_KNOTS('',2,1,((#10126,#10127),(#10128,#10129),
(#10130,#10131),(#10132,#10133),(#10134,#10135)),.UNSPECIFIED.,.F.,.F.,
 .F.,(3,1,1,3),(2,2),(-3.,-2.,-1.,0.),(0.,0.024),.UNSPECIFIED.);
#72=B_SPLINE_SURFACE_WITH_KNOTS('',2,1,((#10167,#10168),(#10169,#10170),
(#10171,#10172),(#10173,#10174),(#10175,#10176)),.UNSPECIFIED.,.F.,.F.,
 .F.,(3,1,1,3),(2,2),(-3.,-2.,-1.,0.),(0.,0.024),.UNSPECIFIED.);
#73=B_SPLINE_SURFACE_WITH_KNOTS('',2,1,((#10220,#10221),(#10222,#10223),
(#10224,#10225),(#10226,#10227),(#10228,#10229)),.UNSPECIFIED.,.F.,.F.,
 .F.,(3,1,1,3),(2,2),(-3.,-2.,-1.,0.),(0.,0.024),.UNSPECIFIED.);
#74=B_SPLINE_SURFACE_WITH_KNOTS('',2,1,((#10255,#10256),(#10257,#10258),
(#10259,#10260),(#10261,#10262),(#10263,#10264)),.UNSPECIFIED.,.F.,.F.,
 .F.,(3,1,1,3),(2,2),(-3.,-2.,-1.,0.),(0.,0.024),.UNSPECIFIED.);
#75=B_SPLINE_SURFACE_WITH_KNOTS('',2,1,((#10308,#10309),(#10310,#10311),
(#10312,#10313),(#10314,#10315),(#10316,#10317)),.UNSPECIFIED.,.F.,.F.,
 .F.,(3,1,1,3),(2,2),(-3.,-2.,-1.,0.),(0.,0.024),.UNSPECIFIED.);
#76=B_SPLINE_SURFACE_WITH_KNOTS('',2,1,((#10337,#10338),(#10339,#10340),
(#10341,#10342),(#10343,#10344),(#10345,#10346)),.UNSPECIFIED.,.F.,.F.,
 .F.,(3,1,1,3),(2,2),(-3.,-2.,-1.,0.),(0.,0.024),.UNSPECIFIED.);
#77=(
BOUNDED_SURFACE()
B_SPLINE_SURFACE(2,2,((#8783,#8784,#8785,#8786,#8787,#8788,#8789,#8790,
#8791),(#8792,#8793,#8794,#8795,#8796,#8797,#8798,#8799,#8800),(#8801,#8802,
#8803,#8804,#8805,#8806,#8807,#8808,#8809)),.UNSPECIFIED.,.F.,.T.,.F.)
B_SPLINE_SURFACE_WITH_KNOTS((3,3),(3,2,2,2,3),(-1.57079632679542,1.67781752653217E-12),
(-3.14159265358979,-1.5707963267949,0.,1.5707963267949,3.14159265358979),
 .UNSPECIFIED.)
GEOMETRIC_REPRESENTATION_ITEM()
RATIONAL_B_SPLINE_SURFACE(((1.,0.707106781186548,1.,0.707106781186548,1.,
0.707106781186548,1.,0.707106781186548,1.),(0.707106781185768,0.499999999999449,
0.707106781185768,0.499999999999449,0.707106781185768,0.499999999999449,
0.707106781185768,0.499999999999449,0.707106781185768),(1.,0.707106781186548,
1.,0.707106781186548,1.,0.707106781186548,1.,0.707106781186548,1.)))
REPRESENTATION_ITEM('')
SURFACE()
);
#78=(
BOUNDED_SURFACE()
B_SPLINE_SURFACE(2,2,((#10454,#10455,#10456,#10457,#10458),(#10459,#10460,
#10461,#10462,#10463),(#10464,#10465,#10466,#10467,#10468)),
 .UNSPECIFIED.,.F.,.F.,.F.)
B_SPLINE_SURFACE_WITH_KNOTS((3,3),(3,2,3),(-1.5707963267949,5.32729643033752E-15),
(-3.14159265358979,-1.57079632679489,4.82149918141165E-15),
 .UNSPECIFIED.)
GEOMETRIC_REPRESENTATION_ITEM()
RATIONAL_B_SPLINE_SURFACE(((1.,0.707106781186547,1.,0.707106781186547,1.),
(0.707106781186543,0.499999999999996,0.707106781186543,0.499999999999996,
0.707106781186543),(1.,0.707106781186547,1.,0.707106781186547,1.)))
REPRESENTATION_ITEM('')
SURFACE()
);
#79=(
BOUNDED_SURFACE()
B_SPLINE_SURFACE(2,2,((#10486,#10487,#10488),(#10489,#10490,#10491),(#10492,
#10493,#10494)),.UNSPECIFIED.,.F.,.F.,.F.)
B_SPLINE_SURFACE_WITH_KNOTS((3,3),(3,3),(-1.57079632679489,3.32959663880564E-14),
(3.1086244689503E-14,1.57079632679486),.UNSPECIFIED.)
GEOMETRIC_REPRESENTATION_ITEM()
RATIONAL_B_SPLINE_SURFACE(((1.,0.70710678118657,1.),(0.707106781186538,
0.500000000000009,0.707106781186538),(1.,0.70710678118657,1.)))
REPRESENTATION_ITEM('')
SURFACE()
);
#80=(
BOUNDED_SURFACE()
B_SPLINE_SURFACE(2,2,((#10510,#10511,#10512),(#10513,#10514,#10515),(#10516,
#10517,#10518)),.UNSPECIFIED.,.F.,.F.,.F.)
B_SPLINE_SURFACE_WITH_KNOTS((3,3),(3,3),(-1.57079632679492,5.89197174687845E-15),
(1.57079632679488,3.14159265358981),.UNSPECIFIED.)
GEOMETRIC_REPRESENTATION_ITEM()
RATIONAL_B_SPLINE_SURFACE(((1.,0.707106781186534,1.),(0.707106781186537,
0.499999999999983,0.707106781186537),(1.,0.707106781186534,1.)))
REPRESENTATION_ITEM('')
SURFACE()
);
#81=(
BOUNDED_SURFACE()
B_SPLINE_SURFACE(2,2,((#10530,#10531,#10532,#10533,#10534),(#10535,#10536,
#10537,#10538,#10539),(#10540,#10541,#10542,#10543,#10544)),
 .UNSPECIFIED.,.F.,.F.,.F.)
B_SPLINE_SURFACE_WITH_KNOTS((3,3),(3,2,3),(-1.57079632679491,1.46188210638118E-15),
(-3.14159265358979,-1.57079632679489,4.29158844603753E-15),
 .UNSPECIFIED.)
GEOMETRIC_REPRESENTATION_ITEM()
RATIONAL_B_SPLINE_SURFACE(((1.,0.707106781186547,1.,0.707106781186547,1.),
(0.707106781186544,0.499999999999997,0.707106781186544,0.499999999999997,
0.707106781186544),(1.,0.707106781186547,1.,0.707106781186547,1.)))
REPRESENTATION_ITEM('')
SURFACE()
);
#82=PLANE('',#6525);
#83=PLANE('',#6530);
#84=PLANE('',#6535);
#85=PLANE('',#6540);
#86=PLANE('',#6541);
#87=PLANE('',#6542);
#88=PLANE('',#6543);
#89=PLANE('',#6544);
#90=PLANE('',#6545);
#91=PLANE('',#6546);
#92=PLANE('',#6547);
#93=PLANE('',#6548);
#94=PLANE('',#6549);
#95=PLANE('',#6552);
#96=PLANE('',#6553);
#97=PLANE('',#6554);
#98=PLANE('',#6555);
#99=PLANE('',#6556);
#100=PLANE('',#6557);
#101=PLANE('',#6558);
#102=PLANE('',#6559);
#103=PLANE('',#6560);
#104=PLANE('',#6561);
#105=PLANE('',#6562);
#106=PLANE('',#6563);
#107=PLANE('',#6564);
#108=PLANE('',#6565);
#109=PLANE('',#6566);
#110=PLANE('',#6567);
#111=PLANE('',#6568);
#112=PLANE('',#6569);
#113=PLANE('',#6570);
#114=PLANE('',#6571);
#115=PLANE('',#6572);
#116=PLANE('',#6573);
#117=PLANE('',#6574);
#118=PLANE('',#6575);
#119=PLANE('',#6576);
#120=PLANE('',#6577);
#121=PLANE('',#6578);
#122=PLANE('',#6579);
#123=PLANE('',#6580);
#124=PLANE('',#6581);
#125=PLANE('',#6582);
#126=PLANE('',#6583);
#127=PLANE('',#6584);
#128=PLANE('',#6585);
#129=PLANE('',#6586);
#130=PLANE('',#6587);
#131=PLANE('',#6588);
#132=PLANE('',#6589);
#133=PLANE('',#6590);
#134=PLANE('',#6591);
#135=PLANE('',#6592);
#136=PLANE('',#6593);
#137=PLANE('',#6594);
#138=PLANE('',#6595);
#139=PLANE('',#6596);
#140=PLANE('',#6597);
#141=PLANE('',#6598);
#142=PLANE('',#6599);
#143=PLANE('',#6600);
#144=PLANE('',#6601);
#145=PLANE('',#6611);
#146=PLANE('',#6615);
#147=PLANE('',#6618);
#148=PLANE('',#6619);
#149=PLANE('',#6620);
#150=PLANE('',#6621);
#151=PLANE('',#6622);
#152=PLANE('',#6623);
#153=PLANE('',#6624);
#154=PLANE('',#6625);
#155=PLANE('',#6626);
#156=PLANE('',#6627);
#157=PLANE('',#6628);
#158=PLANE('',#6629);
#159=PLANE('',#6630);
#160=PLANE('',#6631);
#161=PLANE('',#6632);
#162=PLANE('',#6633);
#163=PLANE('',#6634);
#164=PLANE('',#6635);
#165=PLANE('',#6636);
#166=PLANE('',#6637);
#167=PLANE('',#6638);
#168=PLANE('',#6639);
#169=PLANE('',#6640);
#170=PLANE('',#6641);
#171=PLANE('',#6642);
#172=PLANE('',#6643);
#173=PLANE('',#6644);
#174=PLANE('',#6645);
#175=PLANE('',#6646);
#176=PLANE('',#6647);
#177=PLANE('',#6648);
#178=PLANE('',#6649);
#179=PLANE('',#6650);
#180=PLANE('',#6651);
#181=PLANE('',#6652);
#182=PLANE('',#6653);
#183=PLANE('',#6654);
#184=PLANE('',#6655);
#185=PLANE('',#6656);
#186=PLANE('',#6657);
#187=PLANE('',#6658);
#188=PLANE('',#6659);
#189=PLANE('',#6660);
#190=PLANE('',#6661);
#191=PLANE('',#6662);
#192=PLANE('',#6663);
#193=PLANE('',#6664);
#194=PLANE('',#6665);
#195=PLANE('',#6666);
#196=PLANE('',#6667);
#197=PLANE('',#6668);
#198=PLANE('',#6669);
#199=PLANE('',#6670);
#200=PLANE('',#6671);
#201=PLANE('',#6672);
#202=PLANE('',#6673);
#203=PLANE('',#6674);
#204=PLANE('',#6675);
#205=PLANE('',#6676);
#206=PLANE('',#6677);
#207=PLANE('',#6678);
#208=PLANE('',#6679);
#209=PLANE('',#6680);
#210=PLANE('',#6681);
#211=PLANE('',#6682);
#212=PLANE('',#6683);
#213=PLANE('',#6684);
#214=PLANE('',#6685);
#215=PLANE('',#6686);
#216=PLANE('',#6687);
#217=PLANE('',#6688);
#218=PLANE('',#6689);
#219=PLANE('',#6690);
#220=PLANE('',#6691);
#221=PLANE('',#6692);
#222=PLANE('',#6693);
#223=PLANE('',#6694);
#224=PLANE('',#6698);
#225=PLANE('',#6702);
#226=PLANE('',#6703);
#227=PLANE('',#6707);
#228=PLANE('',#6709);
#229=PLANE('',#6715);
#230=PLANE('',#6747);
#231=PLANE('',#6750);
#232=PLANE('',#6753);
#233=PLANE('',#6756);
#234=PLANE('',#6759);
#235=PLANE('',#6760);
#236=PLANE('',#6766);
#237=PLANE('',#6768);
#238=PLANE('',#6782);
#239=PLANE('',#6785);
#240=PLANE('',#6788);
#241=PLANE('',#6789);
#242=PLANE('',#6792);
#243=PLANE('',#6803);
#244=PLANE('',#6808);
#245=PLANE('',#6822);
#246=PLANE('',#6823);
#247=PLANE('',#6830);
#248=PLANE('',#6831);
#249=PLANE('',#6832);
#250=PLANE('',#6833);
#251=PLANE('',#6834);
#252=PLANE('',#6835);
#253=PLANE('',#6836);
#254=PLANE('',#6837);
#255=PLANE('',#6838);
#256=PLANE('',#6839);
#257=PLANE('',#6840);
#258=PLANE('',#6841);
#259=PLANE('',#6842);
#260=PLANE('',#6843);
#261=PLANE('',#6844);
#262=PLANE('',#6845);
#263=PLANE('',#6846);
#264=PLANE('',#6847);
#265=PLANE('',#6848);
#266=PLANE('',#6849);
#267=PLANE('',#6850);
#268=PLANE('',#6851);
#269=PLANE('',#6852);
#270=PLANE('',#6853);
#271=PLANE('',#6854);
#272=PLANE('',#6855);
#273=PLANE('',#6856);
#274=PLANE('',#6857);
#275=PLANE('',#6858);
#276=PLANE('',#6859);
#277=PLANE('',#6860);
#278=PLANE('',#6861);
#279=PLANE('',#6862);
#280=PLANE('',#6863);
#281=PLANE('',#6864);
#282=PLANE('',#6865);
#283=PLANE('',#6866);
#284=PLANE('',#6867);
#285=PLANE('',#6868);
#286=PLANE('',#6869);
#287=PLANE('',#6870);
#288=PLANE('',#6871);
#289=PLANE('',#6872);
#290=PLANE('',#6873);
#291=PLANE('',#6874);
#292=PLANE('',#6875);
#293=PLANE('',#6876);
#294=PLANE('',#6877);
#295=PLANE('',#6878);
#296=PLANE('',#6879);
#297=PLANE('',#6913);
#298=PLANE('',#6914);
#299=PLANE('',#6915);
#300=PLANE('',#6916);
#301=PLANE('',#6917);
#302=PLANE('',#6918);
#303=PLANE('',#6919);
#304=PLANE('',#6924);
#305=PLANE('',#6938);
#306=PLANE('',#6941);
#307=PLANE('',#6942);
#308=PLANE('',#6945);
#309=PLANE('',#6946);
#310=PLANE('',#6955);
#311=PLANE('',#6965);
#312=PLANE('',#6966);
#313=PLANE('',#6967);
#314=PLANE('',#6970);
#315=PLANE('',#6973);
#316=PLANE('',#6976);
#317=PLANE('',#6979);
#318=PLANE('',#6982);
#319=PLANE('',#6985);
#320=PLANE('',#6988);
#321=PLANE('',#6991);
#322=PLANE('',#6992);
#323=FACE_BOUND('',#796,.T.);
#324=FACE_BOUND('',#865,.T.);
#325=FACE_BOUND('',#867,.T.);
#326=FACE_BOUND('',#989,.T.);
#327=FACE_BOUND('',#990,.T.);
#328=FACE_BOUND('',#991,.T.);
#329=FACE_BOUND('',#992,.T.);
#330=FACE_BOUND('',#993,.T.);
#331=FACE_BOUND('',#997,.T.);
#332=FACE_BOUND('',#998,.T.);
#333=FACE_BOUND('',#1025,.T.);
#334=FACE_BOUND('',#1026,.T.);
#335=FACE_BOUND('',#1027,.T.);
#336=FACE_BOUND('',#1028,.T.);
#337=FACE_BOUND('',#1029,.T.);
#338=FACE_BOUND('',#1030,.T.);
#339=FACE_BOUND('',#1031,.T.);
#340=FACE_BOUND('',#1032,.T.);
#341=FACE_BOUND('',#1033,.T.);
#342=FACE_BOUND('',#1049,.T.);
#343=FACE_BOUND('',#1050,.T.);
#344=FACE_BOUND('',#1058,.T.);
#345=FACE_BOUND('',#1061,.T.);
#346=FACE_BOUND('',#1131,.T.);
#347=FACE_BOUND('',#1133,.T.);
#348=FACE_BOUND('',#1138,.T.);
#349=FACE_BOUND('',#1153,.T.);
#350=FACE_BOUND('',#1154,.T.);
#351=FACE_BOUND('',#1155,.T.);
#352=FACE_BOUND('',#1156,.T.);
#353=B_SPLINE_CURVE_WITH_KNOTS('',3,(#8638,#8639,#8640,#8641,#8642,#8643,
#8644,#8645,#8646,#8647,#8648,#8649,#8650,#8651,#8652,#8653,#8654,#8655,
#8656,#8657,#8658,#8659,#8660,#8661,#8662,#8663,#8664,#8665,#8666,#8667,
#8668,#8669,#8670,#8671),.UNSPECIFIED.,.T.,.F.,(4,2,2,2,2,2,2,2,2,2,2,2,
2,2,2,2,4),(-0.363031889222253,-0.340341254788164,-0.317650620354075,-0.294962268635383,
-0.27227391691669,-0.249585565197998,-0.226897213479305,-0.204206579045216,
-0.181515944611127,-0.158825310177037,-0.136134675742948,-0.113446324024256,
-0.0907579723055634,-0.0680696205868709,-0.0453812688681785,-0.0226906344340893,
0.),.UNSPECIFIED.);
#354=B_SPLINE_CURVE_WITH_KNOTS('',3,(#8674,#8675,#8676,#8677,#8678,#8679,
#8680,#8681,#8682,#8683,#8684,#8685,#8686,#8687,#8688,#8689,#8690,#8691,
#8692,#8693,#8694,#8695,#8696,#8697,#8698,#8699),.UNSPECIFIED.,.F.,.F.,
(4,2,2,2,2,2,2,2,2,2,2,2,4),(-0.332567773077826,-0.311781555070087,-0.290995337062347,
-0.270210583435359,-0.24942582980837,-0.228641076181381,-0.207856322554392,
-0.187070104546653,-0.166283886538913,-0.145497668531174,-0.124711450523434,
-0.103926696896445,-0.0831419432694566),.UNSPECIFIED.);
#355=B_SPLINE_CURVE_WITH_KNOTS('',3,(#8700,#8701,#8702,#8703,#8704,#8705,
#8706,#8707,#8708,#8709),.UNSPECIFIED.,.F.,.F.,(4,2,2,2,4),(-0.0831419432694566,
-0.0623571896424679,-0.0415724360154791,-0.0207862180077396,0.),
 .UNSPECIFIED.);
#356=B_SPLINE_CURVE_WITH_KNOTS('',3,(#8721,#8722,#8723,#8724,#8725,#8726,
#8727,#8728,#8729,#8730,#8731,#8732,#8733,#8734,#8735,#8736,#8737,#8738,
#8739,#8740,#8741,#8742,#8743,#8744),.UNSPECIFIED.,.F.,.F.,(4,2,2,2,2,2,
2,2,2,2,2,4),(-1.31295803931619,-1.30445119295293,-1.28625707097748,-1.27118496678863,
-1.23929558014176,-1.18104851465834,-1.13510222689576,-1.09841013541794,
-1.06967817092911,-1.04019614488104,-1.02115699230542,-1.01598118075538),
 .UNSPECIFIED.);
#357=B_SPLINE_CURVE_WITH_KNOTS('',3,(#8745,#8746,#8747,#8748,#8749,#8750,
#8751,#8752,#8753,#8754,#8755,#8756,#8757,#8758,#8759,#8760,#8761,#8762,
#8763,#8764,#8765,#8766),.UNSPECIFIED.,.F.,.F.,(4,2,2,2,2,2,2,2,2,2,4),
(-1.01598118075538,-1.00311092092935,-0.97898544115217,-0.941644663516415,
-0.896064625694306,-0.836880022866151,-0.751813542541183,-0.712212365736927,
-0.685114246799901,-0.663440189089983,-0.639631815697999),.UNSPECIFIED.);
#358=B_SPLINE_CURVE_WITH_KNOTS('',3,(#8910,#8911,#8912,#8913,#8914,#8915,
#8916,#8917,#8918,#8919,#8920,#8921,#8922,#8923,#8924,#8925,#8926,#8927),
 .UNSPECIFIED.,.F.,.F.,(4,2,2,2,2,2,2,2,4),(-0.30152935151407,-0.282683744851578,
-0.263838138189085,-0.244992575912319,-0.226147013635553,-0.207301451358786,
-0.18845588908202,-0.169610282419528,-0.150764675757035),.UNSPECIFIED.);
#359=B_SPLINE_CURVE_WITH_KNOTS('',3,(#8928,#8929,#8930,#8931,#8932,#8933,
#8934,#8935,#8936,#8937,#8938,#8939,#8940,#8941,#8942,#8943,#8944,#8945),
 .UNSPECIFIED.,.F.,.F.,(4,2,2,2,2,2,2,2,4),(-0.150764675757035,-0.131919069094542,
-0.11307346243205,-0.0942279001552837,-0.0753823378785175,-0.0565367756017513,
-0.037691213324985,-0.0188456066624925,0.),.UNSPECIFIED.);
#360=B_SPLINE_CURVE_WITH_KNOTS('',3,(#8949,#8950,#8951,#8952,#8953,#8954,
#8955,#8956,#8957,#8958,#8959,#8960,#8961,#8962,#8963,#8964,#8965,#8966),
 .UNSPECIFIED.,.F.,.F.,(4,2,2,2,2,2,2,2,4),(-0.30152935151407,-0.282683744851578,
-0.263838138189085,-0.244992575912319,-0.226147013635553,-0.207301451358786,
-0.18845588908202,-0.169610282419528,-0.150764675757035),.UNSPECIFIED.);
#361=B_SPLINE_CURVE_WITH_KNOTS('',3,(#8967,#8968,#8969,#8970,#8971,#8972,
#8973,#8974,#8975,#8976,#8977,#8978,#8979,#8980,#8981,#8982,#8983,#8984),
 .UNSPECIFIED.,.F.,.F.,(4,2,2,2,2,2,2,2,4),(-0.150764675757035,-0.131919069094543,
-0.11307346243205,-0.0942279001552838,-0.0753823378785176,-0.0565367756017514,
-0.0376912133249852,-0.0188456066624926,0.),.UNSPECIFIED.);
#362=B_SPLINE_CURVE_WITH_KNOTS('',2,(#9255,#9256,#9257,#9258,#9259),
 .UNSPECIFIED.,.F.,.F.,(3,1,1,3),(0.,1.,2.,3.),.UNSPECIFIED.);
#363=B_SPLINE_CURVE_WITH_KNOTS('',2,(#9262,#9263,#9264,#9265,#9266),
 .UNSPECIFIED.,.F.,.F.,(3,1,1,3),(0.,1.,2.,3.),.UNSPECIFIED.);
#364=B_SPLINE_CURVE_WITH_KNOTS('',2,(#9296,#9297,#9298,#9299,#9300),
 .UNSPECIFIED.,.F.,.F.,(3,1,1,3),(0.,1.,2.,3.),.UNSPECIFIED.);
#365=B_SPLINE_CURVE_WITH_KNOTS('',2,(#9303,#9304,#9305,#9306,#9307),
 .UNSPECIFIED.,.F.,.F.,(3,1,1,3),(0.,1.,2.,3.),.UNSPECIFIED.);
#366=B_SPLINE_CURVE_WITH_KNOTS('',2,(#9349,#9350,#9351,#9352,#9353),
 .UNSPECIFIED.,.F.,.F.,(3,1,1,3),(0.,1.,2.,3.),.UNSPECIFIED.);
#367=B_SPLINE_CURVE_WITH_KNOTS('',2,(#9356,#9357,#9358,#9359,#9360),
 .UNSPECIFIED.,.F.,.F.,(3,1,1,3),(0.,1.,2.,3.),.UNSPECIFIED.);
#368=B_SPLINE_CURVE_WITH_KNOTS('',2,(#9384,#9385,#9386,#9387,#9388),
 .UNSPECIFIED.,.F.,.F.,(3,1,1,3),(0.,1.,2.,3.),.UNSPECIFIED.);
#369=B_SPLINE_CURVE_WITH_KNOTS('',2,(#9391,#9392,#9393,#9394,#9395),
 .UNSPECIFIED.,.F.,.F.,(3,1,1,3),(0.,1.,2.,3.),.UNSPECIFIED.);
#370=B_SPLINE_CURVE_WITH_KNOTS('',2,(#9437,#9438,#9439,#9440,#9441),
 .UNSPECIFIED.,.F.,.F.,(3,1,1,3),(0.,1.,2.,3.),.UNSPECIFIED.);
#371=B_SPLINE_CURVE_WITH_KNOTS('',2,(#9444,#9445,#9446,#9447,#9448),
 .UNSPECIFIED.,.F.,.F.,(3,1,1,3),(0.,1.,2.,3.),.UNSPECIFIED.);
#372=B_SPLINE_CURVE_WITH_KNOTS('',2,(#9466,#9467,#9468,#9469,#9470),
 .UNSPECIFIED.,.F.,.F.,(3,1,1,3),(0.,1.,2.,3.),.UNSPECIFIED.);
#373=B_SPLINE_CURVE_WITH_KNOTS('',2,(#9473,#9474,#9475,#9476,#9477),
 .UNSPECIFIED.,.F.,.F.,(3,1,1,3),(0.,1.,2.,3.),.UNSPECIFIED.);
#374=B_SPLINE_CURVE_WITH_KNOTS('',2,(#9520,#9521,#9522,#9523,#9524),
 .UNSPECIFIED.,.F.,.F.,(3,1,1,3),(0.,1.,2.,3.),.UNSPECIFIED.);
#375=B_SPLINE_CURVE_WITH_KNOTS('',2,(#9527,#9528,#9529,#9530,#9531),
 .UNSPECIFIED.,.F.,.F.,(3,1,1,3),(0.,1.,2.,3.),.UNSPECIFIED.);
#376=B_SPLINE_CURVE_WITH_KNOTS('',2,(#9545,#9546,#9547),.UNSPECIFIED.,.F.,
 .F.,(3,3),(0.,1.),.UNSPECIFIED.);
#377=B_SPLINE_CURVE_WITH_KNOTS('',2,(#9550,#9551,#9552),.UNSPECIFIED.,.F.,
 .F.,(3,3),(0.,1.),.UNSPECIFIED.);
#378=B_SPLINE_CURVE_WITH_KNOTS('',2,(#9560,#9561,#9562),.UNSPECIFIED.,.F.,
 .F.,(3,3),(0.,1.),.UNSPECIFIED.);
#379=B_SPLINE_CURVE_WITH_KNOTS('',2,(#9565,#9566,#9567),.UNSPECIFIED.,.F.,
 .F.,(3,3),(0.,1.),.UNSPECIFIED.);
#380=B_SPLINE_CURVE_WITH_KNOTS('',2,(#9575,#9576,#9577),.UNSPECIFIED.,.F.,
 .F.,(3,3),(0.,1.),.UNSPECIFIED.);
#381=B_SPLINE_CURVE_WITH_KNOTS('',2,(#9580,#9581,#9582),.UNSPECIFIED.,.F.,
 .F.,(3,3),(0.,1.),.UNSPECIFIED.);
#382=B_SPLINE_CURVE_WITH_KNOTS('',2,(#9600,#9601,#9602,#9603,#9604),
 .UNSPECIFIED.,.F.,.F.,(3,1,1,3),(0.,1.,2.,3.),.UNSPECIFIED.);
#383=B_SPLINE_CURVE_WITH_KNOTS('',2,(#9607,#9608,#9609,#9610,#9611),
 .UNSPECIFIED.,.F.,.F.,(3,1,1,3),(0.,1.,2.,3.),.UNSPECIFIED.);
#384=B_SPLINE_CURVE_WITH_KNOTS('',2,(#9653,#9654,#9655,#9656,#9657),
 .UNSPECIFIED.,.F.,.F.,(3,1,1,3),(0.,1.,2.,3.),.UNSPECIFIED.);
#385=B_SPLINE_CURVE_WITH_KNOTS('',2,(#9660,#9661,#9662,#9663,#9664),
 .UNSPECIFIED.,.F.,.F.,(3,1,1,3),(0.,1.,2.,3.),.UNSPECIFIED.);
#386=B_SPLINE_CURVE_WITH_KNOTS('',2,(#9682,#9683,#9684,#9685,#9686),
 .UNSPECIFIED.,.F.,.F.,(3,1,1,3),(0.,1.,2.,3.),.UNSPECIFIED.);
#387=B_SPLINE_CURVE_WITH_KNOTS('',2,(#9689,#9690,#9691,#9692,#9693),
 .UNSPECIFIED.,.F.,.F.,(3,1,1,3),(0.,1.,2.,3.),.UNSPECIFIED.);
#388=B_SPLINE_CURVE_WITH_KNOTS('',2,(#9732,#9733,#9734),.UNSPECIFIED.,.F.,
 .F.,(3,3),(0.,1.),.UNSPECIFIED.);
#389=B_SPLINE_CURVE_WITH_KNOTS('',2,(#9737,#9738,#9739),.UNSPECIFIED.,.F.,
 .F.,(3,3),(0.,1.),.UNSPECIFIED.);
#390=B_SPLINE_CURVE_WITH_KNOTS('',2,(#9749,#9750,#9751,#9752),
 .UNSPECIFIED.,.F.,.F.,(3,1,3),(0.,1.,2.),.UNSPECIFIED.);
#391=B_SPLINE_CURVE_WITH_KNOTS('',2,(#9755,#9756,#9757,#9758),
 .UNSPECIFIED.,.F.,.F.,(3,1,3),(0.,1.,2.),.UNSPECIFIED.);
#392=B_SPLINE_CURVE_WITH_KNOTS('',2,(#9770,#9771,#9772,#9773,#9774),
 .UNSPECIFIED.,.F.,.F.,(3,1,1,3),(0.,1.,2.,3.),.UNSPECIFIED.);
#393=B_SPLINE_CURVE_WITH_KNOTS('',2,(#9777,#9778,#9779,#9780,#9781),
 .UNSPECIFIED.,.F.,.F.,(3,1,1,3),(0.,1.,2.,3.),.UNSPECIFIED.);
#394=B_SPLINE_CURVE_WITH_KNOTS('',2,(#9793,#9794,#9795,#9796,#9797),
 .UNSPECIFIED.,.F.,.F.,(3,1,1,3),(0.,1.,2.,3.),.UNSPECIFIED.);
#395=B_SPLINE_CURVE_WITH_KNOTS('',2,(#9800,#9801,#9802,#9803,#9804),
 .UNSPECIFIED.,.F.,.F.,(3,1,1,3),(0.,1.,2.,3.),.UNSPECIFIED.);
#396=B_SPLINE_CURVE_WITH_KNOTS('',2,(#9814,#9815,#9816,#9817),
 .UNSPECIFIED.,.F.,.F.,(3,1,3),(0.,1.,2.),.UNSPECIFIED.);
#397=B_SPLINE_CURVE_WITH_KNOTS('',2,(#9820,#9821,#9822,#9823),
 .UNSPECIFIED.,.F.,.F.,(3,1,3),(0.,1.,2.),.UNSPECIFIED.);
#398=B_SPLINE_CURVE_WITH_KNOTS('',2,(#9837,#9838,#9839),.UNSPECIFIED.,.F.,
 .F.,(3,3),(0.,1.),.UNSPECIFIED.);
#399=B_SPLINE_CURVE_WITH_KNOTS('',2,(#9842,#9843,#9844),.UNSPECIFIED.,.F.,
 .F.,(3,3),(0.,1.),.UNSPECIFIED.);
#400=B_SPLINE_CURVE_WITH_KNOTS('',2,(#9854,#9855,#9856,#9857),
 .UNSPECIFIED.,.F.,.F.,(3,1,3),(0.,1.,2.),.UNSPECIFIED.);
#401=B_SPLINE_CURVE_WITH_KNOTS('',2,(#9860,#9861,#9862,#9863),
 .UNSPECIFIED.,.F.,.F.,(3,1,3),(0.,1.,2.),.UNSPECIFIED.);
#402=B_SPLINE_CURVE_WITH_KNOTS('',2,(#9871,#9872,#9873),.UNSPECIFIED.,.F.,
 .F.,(3,3),(0.,1.),.UNSPECIFIED.);
#403=B_SPLINE_CURVE_WITH_KNOTS('',2,(#9876,#9877,#9878),.UNSPECIFIED.,.F.,
 .F.,(3,3),(0.,1.),.UNSPECIFIED.);
#404=B_SPLINE_CURVE_WITH_KNOTS('',2,(#9886,#9887,#9888),.UNSPECIFIED.,.F.,
 .F.,(3,3),(0.,1.),.UNSPECIFIED.);
#405=B_SPLINE_CURVE_WITH_KNOTS('',2,(#9891,#9892,#9893),.UNSPECIFIED.,.F.,
 .F.,(3,3),(0.,1.),.UNSPECIFIED.);
#406=B_SPLINE_CURVE_WITH_KNOTS('',2,(#9905,#9906,#9907,#9908,#9909),
 .UNSPECIFIED.,.F.,.F.,(3,1,1,3),(0.,1.,2.,3.),.UNSPECIFIED.);
#407=B_SPLINE_CURVE_WITH_KNOTS('',2,(#9912,#9913,#9914,#9915,#9916),
 .UNSPECIFIED.,.F.,.F.,(3,1,1,3),(0.,1.,2.,3.),.UNSPECIFIED.);
#408=B_SPLINE_CURVE_WITH_KNOTS('',2,(#9926,#9927,#9928,#9929),
 .UNSPECIFIED.,.F.,.F.,(3,1,3),(0.,1.,2.),.UNSPECIFIED.);
#409=B_SPLINE_CURVE_WITH_KNOTS('',2,(#9932,#9933,#9934,#9935),
 .UNSPECIFIED.,.F.,.F.,(3,1,3),(0.,1.,2.),.UNSPECIFIED.);
#410=B_SPLINE_CURVE_WITH_KNOTS('',2,(#9972,#9973,#9974,#9975,#9976),
 .UNSPECIFIED.,.F.,.F.,(3,1,1,3),(0.,1.,2.,3.),.UNSPECIFIED.);
#411=B_SPLINE_CURVE_WITH_KNOTS('',2,(#9979,#9980,#9981,#9982,#9983),
 .UNSPECIFIED.,.F.,.F.,(3,1,1,3),(0.,1.,2.,3.),.UNSPECIFIED.);
#412=B_SPLINE_CURVE_WITH_KNOTS('',2,(#10001,#10002,#10003,#10004,#10005),
 .UNSPECIFIED.,.F.,.F.,(3,1,1,3),(0.,1.,2.,3.),.UNSPECIFIED.);
#413=B_SPLINE_CURVE_WITH_KNOTS('',2,(#10008,#10009,#10010,#10011,#10012),
 .UNSPECIFIED.,.F.,.F.,(3,1,1,3),(0.,1.,2.,3.),.UNSPECIFIED.);
#414=B_SPLINE_CURVE_WITH_KNOTS('',2,(#10054,#10055,#10056,#10057,#10058),
 .UNSPECIFIED.,.F.,.F.,(3,1,1,3),(0.,1.,2.,3.),.UNSPECIFIED.);
#415=B_SPLINE_CURVE_WITH_KNOTS('',2,(#10061,#10062,#10063,#10064,#10065),
 .UNSPECIFIED.,.F.,.F.,(3,1,1,3),(0.,1.,2.,3.),.UNSPECIFIED.);
#416=B_SPLINE_CURVE_WITH_KNOTS('',2,(#10083,#10084,#10085,#10086,#10087),
 .UNSPECIFIED.,.F.,.F.,(3,1,1,3),(0.,1.,2.,3.),.UNSPECIFIED.);
#417=B_SPLINE_CURVE_WITH_KNOTS('',2,(#10090,#10091,#10092,#10093,#10094),
 .UNSPECIFIED.,.F.,.F.,(3,1,1,3),(0.,1.,2.,3.),.UNSPECIFIED.);
#418=B_SPLINE_CURVE_WITH_KNOTS('',2,(#10137,#10138,#10139,#10140,#10141),
 .UNSPECIFIED.,.F.,.F.,(3,1,1,3),(0.,1.,2.,3.),.UNSPECIFIED.);
#419=B_SPLINE_CURVE_WITH_KNOTS('',2,(#10144,#10145,#10146,#10147,#10148),
 .UNSPECIFIED.,.F.,.F.,(3,1,1,3),(0.,1.,2.,3.),.UNSPECIFIED.);
#420=B_SPLINE_CURVE_WITH_KNOTS('',2,(#10178,#10179,#10180,#10181,#10182),
 .UNSPECIFIED.,.F.,.F.,(3,1,1,3),(0.,1.,2.,3.),.UNSPECIFIED.);
#421=B_SPLINE_CURVE_WITH_KNOTS('',2,(#10185,#10186,#10187,#10188,#10189),
 .UNSPECIFIED.,.F.,.F.,(3,1,1,3),(0.,1.,2.,3.),.UNSPECIFIED.);
#422=B_SPLINE_CURVE_WITH_KNOTS('',2,(#10231,#10232,#10233,#10234,#10235),
 .UNSPECIFIED.,.F.,.F.,(3,1,1,3),(0.,1.,2.,3.),.UNSPECIFIED.);
#423=B_SPLINE_CURVE_WITH_KNOTS('',2,(#10238,#10239,#10240,#10241,#10242),
 .UNSPECIFIED.,.F.,.F.,(3,1,1,3),(0.,1.,2.,3.),.UNSPECIFIED.);
#424=B_SPLINE_CURVE_WITH_KNOTS('',2,(#10266,#10267,#10268,#10269,#10270),
 .UNSPECIFIED.,.F.,.F.,(3,1,1,3),(0.,1.,2.,3.),.UNSPECIFIED.);
#425=B_SPLINE_CURVE_WITH_KNOTS('',2,(#10273,#10274,#10275,#10276,#10277),
 .UNSPECIFIED.,.F.,.F.,(3,1,1,3),(0.,1.,2.,3.),.UNSPECIFIED.);
#426=B_SPLINE_CURVE_WITH_KNOTS('',2,(#10319,#10320,#10321,#10322,#10323),
 .UNSPECIFIED.,.F.,.F.,(3,1,1,3),(0.,1.,2.,3.),.UNSPECIFIED.);
#427=B_SPLINE_CURVE_WITH_KNOTS('',2,(#10326,#10327,#10328,#10329,#10330),
 .UNSPECIFIED.,.F.,.F.,(3,1,1,3),(0.,1.,2.,3.),.UNSPECIFIED.);
#428=B_SPLINE_CURVE_WITH_KNOTS('',2,(#10348,#10349,#10350,#10351,#10352),
 .UNSPECIFIED.,.F.,.F.,(3,1,1,3),(0.,1.,2.,3.),.UNSPECIFIED.);
#429=B_SPLINE_CURVE_WITH_KNOTS('',2,(#10355,#10356,#10357,#10358,#10359),
 .UNSPECIFIED.,.F.,.F.,(3,1,1,3),(0.,1.,2.,3.),.UNSPECIFIED.);
#430=CONICAL_SURFACE('',#6520,0.0858267716535433,0.78539816339745);
#431=CONICAL_SURFACE('',#6533,0.0344488188976378,0.785398163397443);
#432=CONICAL_SURFACE('',#6825,0.0314960629921261,0.785398163397443);
#433=FACE_OUTER_BOUND('',#793,.T.);
#434=FACE_OUTER_BOUND('',#794,.T.);
#435=FACE_OUTER_BOUND('',#795,.T.);
#436=FACE_OUTER_BOUND('',#797,.T.);
#437=FACE_OUTER_BOUND('',#798,.T.);
#438=FACE_OUTER_BOUND('',#799,.T.);
#439=FACE_OUTER_BOUND('',#800,.T.);
#440=FACE_OUTER_BOUND('',#801,.T.);
#441=FACE_OUTER_BOUND('',#802,.T.);
#442=FACE_OUTER_BOUND('',#803,.T.);
#443=FACE_OUTER_BOUND('',#804,.T.);
#444=FACE_OUTER_BOUND('',#805,.T.);
#445=FACE_OUTER_BOUND('',#806,.T.);
#446=FACE_OUTER_BOUND('',#807,.T.);
#447=FACE_OUTER_BOUND('',#808,.T.);
#448=FACE_OUTER_BOUND('',#809,.T.);
#449=FACE_OUTER_BOUND('',#810,.T.);
#450=FACE_OUTER_BOUND('',#811,.T.);
#451=FACE_OUTER_BOUND('',#812,.T.);
#452=FACE_OUTER_BOUND('',#813,.T.);
#453=FACE_OUTER_BOUND('',#814,.T.);
#454=FACE_OUTER_BOUND('',#815,.T.);
#455=FACE_OUTER_BOUND('',#816,.T.);
#456=FACE_OUTER_BOUND('',#817,.T.);
#457=FACE_OUTER_BOUND('',#818,.T.);
#458=FACE_OUTER_BOUND('',#819,.T.);
#459=FACE_OUTER_BOUND('',#820,.T.);
#460=FACE_OUTER_BOUND('',#821,.T.);
#461=FACE_OUTER_BOUND('',#822,.T.);
#462=FACE_OUTER_BOUND('',#823,.T.);
#463=FACE_OUTER_BOUND('',#824,.T.);
#464=FACE_OUTER_BOUND('',#825,.T.);
#465=FACE_OUTER_BOUND('',#826,.T.);
#466=FACE_OUTER_BOUND('',#827,.T.);
#467=FACE_OUTER_BOUND('',#828,.T.);
#468=FACE_OUTER_BOUND('',#829,.T.);
#469=FACE_OUTER_BOUND('',#830,.T.);
#470=FACE_OUTER_BOUND('',#831,.T.);
#471=FACE_OUTER_BOUND('',#832,.T.);
#472=FACE_OUTER_BOUND('',#833,.T.);
#473=FACE_OUTER_BOUND('',#834,.T.);
#474=FACE_OUTER_BOUND('',#835,.T.);
#475=FACE_OUTER_BOUND('',#836,.T.);
#476=FACE_OUTER_BOUND('',#837,.T.);
#477=FACE_OUTER_BOUND('',#838,.T.);
#478=FACE_OUTER_BOUND('',#839,.T.);
#479=FACE_OUTER_BOUND('',#840,.T.);
#480=FACE_OUTER_BOUND('',#841,.T.);
#481=FACE_OUTER_BOUND('',#842,.T.);
#482=FACE_OUTER_BOUND('',#843,.T.);
#483=FACE_OUTER_BOUND('',#844,.T.);
#484=FACE_OUTER_BOUND('',#845,.T.);
#485=FACE_OUTER_BOUND('',#846,.T.);
#486=FACE_OUTER_BOUND('',#847,.T.);
#487=FACE_OUTER_BOUND('',#848,.T.);
#488=FACE_OUTER_BOUND('',#849,.T.);
#489=FACE_OUTER_BOUND('',#850,.T.);
#490=FACE_OUTER_BOUND('',#851,.T.);
#491=FACE_OUTER_BOUND('',#852,.T.);
#492=FACE_OUTER_BOUND('',#853,.T.);
#493=FACE_OUTER_BOUND('',#854,.T.);
#494=FACE_OUTER_BOUND('',#855,.T.);
#495=FACE_OUTER_BOUND('',#856,.T.);
#496=FACE_OUTER_BOUND('',#857,.T.);
#497=FACE_OUTER_BOUND('',#858,.T.);
#498=FACE_OUTER_BOUND('',#859,.T.);
#499=FACE_OUTER_BOUND('',#860,.T.);
#500=FACE_OUTER_BOUND('',#861,.T.);
#501=FACE_OUTER_BOUND('',#862,.T.);
#502=FACE_OUTER_BOUND('',#863,.T.);
#503=FACE_OUTER_BOUND('',#864,.T.);
#504=FACE_OUTER_BOUND('',#866,.T.);
#505=FACE_OUTER_BOUND('',#868,.T.);
#506=FACE_OUTER_BOUND('',#869,.T.);
#507=FACE_OUTER_BOUND('',#870,.T.);
#508=FACE_OUTER_BOUND('',#871,.T.);
#509=FACE_OUTER_BOUND('',#872,.T.);
#510=FACE_OUTER_BOUND('',#873,.T.);
#511=FACE_OUTER_BOUND('',#874,.T.);
#512=FACE_OUTER_BOUND('',#875,.T.);
#513=FACE_OUTER_BOUND('',#876,.T.);
#514=FACE_OUTER_BOUND('',#877,.T.);
#515=FACE_OUTER_BOUND('',#878,.T.);
#516=FACE_OUTER_BOUND('',#879,.T.);
#517=FACE_OUTER_BOUND('',#880,.T.);
#518=FACE_OUTER_BOUND('',#881,.T.);
#519=FACE_OUTER_BOUND('',#882,.T.);
#520=FACE_OUTER_BOUND('',#883,.T.);
#521=FACE_OUTER_BOUND('',#884,.T.);
#522=FACE_OUTER_BOUND('',#885,.T.);
#523=FACE_OUTER_BOUND('',#886,.T.);
#524=FACE_OUTER_BOUND('',#887,.T.);
#525=FACE_OUTER_BOUND('',#888,.T.);
#526=FACE_OUTER_BOUND('',#889,.T.);
#527=FACE_OUTER_BOUND('',#890,.T.);
#528=FACE_OUTER_BOUND('',#891,.T.);
#529=FACE_OUTER_BOUND('',#892,.T.);
#530=FACE_OUTER_BOUND('',#893,.T.);
#531=FACE_OUTER_BOUND('',#894,.T.);
#532=FACE_OUTER_BOUND('',#895,.T.);
#533=FACE_OUTER_BOUND('',#896,.T.);
#534=FACE_OUTER_BOUND('',#897,.T.);
#535=FACE_OUTER_BOUND('',#898,.T.);
#536=FACE_OUTER_BOUND('',#899,.T.);
#537=FACE_OUTER_BOUND('',#900,.T.);
#538=FACE_OUTER_BOUND('',#901,.T.);
#539=FACE_OUTER_BOUND('',#902,.T.);
#540=FACE_OUTER_BOUND('',#903,.T.);
#541=FACE_OUTER_BOUND('',#904,.T.);
#542=FACE_OUTER_BOUND('',#905,.T.);
#543=FACE_OUTER_BOUND('',#906,.T.);
#544=FACE_OUTER_BOUND('',#907,.T.);
#545=FACE_OUTER_BOUND('',#908,.T.);
#546=FACE_OUTER_BOUND('',#909,.T.);
#547=FACE_OUTER_BOUND('',#910,.T.);
#548=FACE_OUTER_BOUND('',#911,.T.);
#549=FACE_OUTER_BOUND('',#912,.T.);
#550=FACE_OUTER_BOUND('',#913,.T.);
#551=FACE_OUTER_BOUND('',#914,.T.);
#552=FACE_OUTER_BOUND('',#915,.T.);
#553=FACE_OUTER_BOUND('',#916,.T.);
#554=FACE_OUTER_BOUND('',#917,.T.);
#555=FACE_OUTER_BOUND('',#918,.T.);
#556=FACE_OUTER_BOUND('',#919,.T.);
#557=FACE_OUTER_BOUND('',#920,.T.);
#558=FACE_OUTER_BOUND('',#921,.T.);
#559=FACE_OUTER_BOUND('',#922,.T.);
#560=FACE_OUTER_BOUND('',#923,.T.);
#561=FACE_OUTER_BOUND('',#924,.T.);
#562=FACE_OUTER_BOUND('',#925,.T.);
#563=FACE_OUTER_BOUND('',#926,.T.);
#564=FACE_OUTER_BOUND('',#927,.T.);
#565=FACE_OUTER_BOUND('',#928,.T.);
#566=FACE_OUTER_BOUND('',#929,.T.);
#567=FACE_OUTER_BOUND('',#930,.T.);
#568=FACE_OUTER_BOUND('',#931,.T.);
#569=FACE_OUTER_BOUND('',#932,.T.);
#570=FACE_OUTER_BOUND('',#933,.T.);
#571=FACE_OUTER_BOUND('',#934,.T.);
#572=FACE_OUTER_BOUND('',#935,.T.);
#573=FACE_OUTER_BOUND('',#936,.T.);
#574=FACE_OUTER_BOUND('',#937,.T.);
#575=FACE_OUTER_BOUND('',#938,.T.);
#576=FACE_OUTER_BOUND('',#939,.T.);
#577=FACE_OUTER_BOUND('',#940,.T.);
#578=FACE_OUTER_BOUND('',#941,.T.);
#579=FACE_OUTER_BOUND('',#942,.T.);
#580=FACE_OUTER_BOUND('',#943,.T.);
#581=FACE_OUTER_BOUND('',#944,.T.);
#582=FACE_OUTER_BOUND('',#945,.T.);
#583=FACE_OUTER_BOUND('',#946,.T.);
#584=FACE_OUTER_BOUND('',#947,.T.);
#585=FACE_OUTER_BOUND('',#948,.T.);
#586=FACE_OUTER_BOUND('',#949,.T.);
#587=FACE_OUTER_BOUND('',#950,.T.);
#588=FACE_OUTER_BOUND('',#951,.T.);
#589=FACE_OUTER_BOUND('',#952,.T.);
#590=FACE_OUTER_BOUND('',#953,.T.);
#591=FACE_OUTER_BOUND('',#954,.T.);
#592=FACE_OUTER_BOUND('',#955,.T.);
#593=FACE_OUTER_BOUND('',#956,.T.);
#594=FACE_OUTER_BOUND('',#957,.T.);
#595=FACE_OUTER_BOUND('',#958,.T.);
#596=FACE_OUTER_BOUND('',#959,.T.);
#597=FACE_OUTER_BOUND('',#960,.T.);
#598=FACE_OUTER_BOUND('',#961,.T.);
#599=FACE_OUTER_BOUND('',#962,.T.);
#600=FACE_OUTER_BOUND('',#963,.T.);
#601=FACE_OUTER_BOUND('',#964,.T.);
#602=FACE_OUTER_BOUND('',#965,.T.);
#603=FACE_OUTER_BOUND('',#966,.T.);
#604=FACE_OUTER_BOUND('',#967,.T.);
#605=FACE_OUTER_BOUND('',#968,.T.);
#606=FACE_OUTER_BOUND('',#969,.T.);
#607=FACE_OUTER_BOUND('',#970,.T.);
#608=FACE_OUTER_BOUND('',#971,.T.);
#609=FACE_OUTER_BOUND('',#972,.T.);
#610=FACE_OUTER_BOUND('',#973,.T.);
#611=FACE_OUTER_BOUND('',#974,.T.);
#612=FACE_OUTER_BOUND('',#975,.T.);
#613=FACE_OUTER_BOUND('',#976,.T.);
#614=FACE_OUTER_BOUND('',#977,.T.);
#615=FACE_OUTER_BOUND('',#978,.T.);
#616=FACE_OUTER_BOUND('',#979,.T.);
#617=FACE_OUTER_BOUND('',#980,.T.);
#618=FACE_OUTER_BOUND('',#981,.T.);
#619=FACE_OUTER_BOUND('',#982,.T.);
#620=FACE_OUTER_BOUND('',#983,.T.);
#621=FACE_OUTER_BOUND('',#984,.T.);
#622=FACE_OUTER_BOUND('',#985,.T.);
#623=FACE_OUTER_BOUND('',#986,.T.);
#624=FACE_OUTER_BOUND('',#987,.T.);
#625=FACE_OUTER_BOUND('',#988,.T.);
#626=FACE_OUTER_BOUND('',#994,.T.);
#627=FACE_OUTER_BOUND('',#995,.T.);
#628=FACE_OUTER_BOUND('',#996,.T.);
#629=FACE_OUTER_BOUND('',#999,.T.);
#630=FACE_OUTER_BOUND('',#1000,.T.);
#631=FACE_OUTER_BOUND('',#1001,.T.);
#632=FACE_OUTER_BOUND('',#1002,.T.);
#633=FACE_OUTER_BOUND('',#1003,.T.);
#634=FACE_OUTER_BOUND('',#1004,.T.);
#635=FACE_OUTER_BOUND('',#1005,.T.);
#636=FACE_OUTER_BOUND('',#1006,.T.);
#637=FACE_OUTER_BOUND('',#1007,.T.);
#638=FACE_OUTER_BOUND('',#1008,.T.);
#639=FACE_OUTER_BOUND('',#1009,.T.);
#640=FACE_OUTER_BOUND('',#1010,.T.);
#641=FACE_OUTER_BOUND('',#1011,.T.);
#642=FACE_OUTER_BOUND('',#1012,.T.);
#643=FACE_OUTER_BOUND('',#1013,.T.);
#644=FACE_OUTER_BOUND('',#1014,.T.);
#645=FACE_OUTER_BOUND('',#1015,.T.);
#646=FACE_OUTER_BOUND('',#1016,.T.);
#647=FACE_OUTER_BOUND('',#1017,.T.);
#648=FACE_OUTER_BOUND('',#1018,.T.);
#649=FACE_OUTER_BOUND('',#1019,.T.);
#650=FACE_OUTER_BOUND('',#1020,.T.);
#651=FACE_OUTER_BOUND('',#1021,.T.);
#652=FACE_OUTER_BOUND('',#1022,.T.);
#653=FACE_OUTER_BOUND('',#1023,.T.);
#654=FACE_OUTER_BOUND('',#1024,.T.);
#655=FACE_OUTER_BOUND('',#1034,.T.);
#656=FACE_OUTER_BOUND('',#1035,.T.);
#657=FACE_OUTER_BOUND('',#1036,.T.);
#658=FACE_OUTER_BOUND('',#1037,.T.);
#659=FACE_OUTER_BOUND('',#1038,.T.);
#660=FACE_OUTER_BOUND('',#1039,.T.);
#661=FACE_OUTER_BOUND('',#1040,.T.);
#662=FACE_OUTER_BOUND('',#1041,.T.);
#663=FACE_OUTER_BOUND('',#1042,.T.);
#664=FACE_OUTER_BOUND('',#1043,.T.);
#665=FACE_OUTER_BOUND('',#1044,.T.);
#666=FACE_OUTER_BOUND('',#1045,.T.);
#667=FACE_OUTER_BOUND('',#1046,.T.);
#668=FACE_OUTER_BOUND('',#1047,.T.);
#669=FACE_OUTER_BOUND('',#1048,.T.);
#670=FACE_OUTER_BOUND('',#1051,.T.);
#671=FACE_OUTER_BOUND('',#1052,.T.);
#672=FACE_OUTER_BOUND('',#1053,.T.);
#673=FACE_OUTER_BOUND('',#1054,.T.);
#674=FACE_OUTER_BOUND('',#1055,.T.);
#675=FACE_OUTER_BOUND('',#1056,.T.);
#676=FACE_OUTER_BOUND('',#1057,.T.);
#677=FACE_OUTER_BOUND('',#1059,.T.);
#678=FACE_OUTER_BOUND('',#1060,.T.);
#679=FACE_OUTER_BOUND('',#1062,.T.);
#680=FACE_OUTER_BOUND('',#1063,.T.);
#681=FACE_OUTER_BOUND('',#1064,.T.);
#682=FACE_OUTER_BOUND('',#1065,.T.);
#683=FACE_OUTER_BOUND('',#1066,.T.);
#684=FACE_OUTER_BOUND('',#1067,.T.);
#685=FACE_OUTER_BOUND('',#1068,.T.);
#686=FACE_OUTER_BOUND('',#1069,.T.);
#687=FACE_OUTER_BOUND('',#1070,.T.);
#688=FACE_OUTER_BOUND('',#1071,.T.);
#689=FACE_OUTER_BOUND('',#1072,.T.);
#690=FACE_OUTER_BOUND('',#1073,.T.);
#691=FACE_OUTER_BOUND('',#1074,.T.);
#692=FACE_OUTER_BOUND('',#1075,.T.);
#693=FACE_OUTER_BOUND('',#1076,.T.);
#694=FACE_OUTER_BOUND('',#1077,.T.);
#695=FACE_OUTER_BOUND('',#1078,.T.);
#696=FACE_OUTER_BOUND('',#1079,.T.);
#697=FACE_OUTER_BOUND('',#1080,.T.);
#698=FACE_OUTER_BOUND('',#1081,.T.);
#699=FACE_OUTER_BOUND('',#1082,.T.);
#700=FACE_OUTER_BOUND('',#1083,.T.);
#701=FACE_OUTER_BOUND('',#1084,.T.);
#702=FACE_OUTER_BOUND('',#1085,.T.);
#703=FACE_OUTER_BOUND('',#1086,.T.);
#704=FACE_OUTER_BOUND('',#1087,.T.);
#705=FACE_OUTER_BOUND('',#1088,.T.);
#706=FACE_OUTER_BOUND('',#1089,.T.);
#707=FACE_OUTER_BOUND('',#1090,.T.);
#708=FACE_OUTER_BOUND('',#1091,.T.);
#709=FACE_OUTER_BOUND('',#1092,.T.);
#710=FACE_OUTER_BOUND('',#1093,.T.);
#711=FACE_OUTER_BOUND('',#1094,.T.);
#712=FACE_OUTER_BOUND('',#1095,.T.);
#713=FACE_OUTER_BOUND('',#1096,.T.);
#714=FACE_OUTER_BOUND('',#1097,.T.);
#715=FACE_OUTER_BOUND('',#1098,.T.);
#716=FACE_OUTER_BOUND('',#1099,.T.);
#717=FACE_OUTER_BOUND('',#1100,.T.);
#718=FACE_OUTER_BOUND('',#1101,.T.);
#719=FACE_OUTER_BOUND('',#1102,.T.);
#720=FACE_OUTER_BOUND('',#1103,.T.);
#721=FACE_OUTER_BOUND('',#1104,.T.);
#722=FACE_OUTER_BOUND('',#1105,.T.);
#723=FACE_OUTER_BOUND('',#1106,.T.);
#724=FACE_OUTER_BOUND('',#1107,.T.);
#725=FACE_OUTER_BOUND('',#1108,.T.);
#726=FACE_OUTER_BOUND('',#1109,.T.);
#727=FACE_OUTER_BOUND('',#1110,.T.);
#728=FACE_OUTER_BOUND('',#1111,.T.);
#729=FACE_OUTER_BOUND('',#1112,.T.);
#730=FACE_OUTER_BOUND('',#1113,.T.);
#731=FACE_OUTER_BOUND('',#1114,.T.);
#732=FACE_OUTER_BOUND('',#1115,.T.);
#733=FACE_OUTER_BOUND('',#1116,.T.);
#734=FACE_OUTER_BOUND('',#1117,.T.);
#735=FACE_OUTER_BOUND('',#1118,.T.);
#736=FACE_OUTER_BOUND('',#1119,.T.);
#737=FACE_OUTER_BOUND('',#1120,.T.);
#738=FACE_OUTER_BOUND('',#1121,.T.);
#739=FACE_OUTER_BOUND('',#1122,.T.);
#740=FACE_OUTER_BOUND('',#1123,.T.);
#741=FACE_OUTER_BOUND('',#1124,.T.);
#742=FACE_OUTER_BOUND('',#1125,.T.);
#743=FACE_OUTER_BOUND('',#1126,.T.);
#744=FACE_OUTER_BOUND('',#1127,.T.);
#745=FACE_OUTER_BOUND('',#1128,.T.);
#746=FACE_OUTER_BOUND('',#1129,.T.);
#747=FACE_OUTER_BOUND('',#1130,.T.);
#748=FACE_OUTER_BOUND('',#1132,.T.);
#749=FACE_OUTER_BOUND('',#1134,.T.);
#750=FACE_OUTER_BOUND('',#1135,.T.);
#751=FACE_OUTER_BOUND('',#1136,.T.);
#752=FACE_OUTER_BOUND('',#1137,.T.);
#753=FACE_OUTER_BOUND('',#1139,.T.);
#754=FACE_OUTER_BOUND('',#1140,.T.);
#755=FACE_OUTER_BOUND('',#1141,.T.);
#756=FACE_OUTER_BOUND('',#1142,.T.);
#757=FACE_OUTER_BOUND('',#1143,.T.);
#758=FACE_OUTER_BOUND('',#1144,.T.);
#759=FACE_OUTER_BOUND('',#1145,.T.);
#760=FACE_OUTER_BOUND('',#1146,.T.);
#761=FACE_OUTER_BOUND('',#1147,.T.);
#762=FACE_OUTER_BOUND('',#1148,.T.);
#763=FACE_OUTER_BOUND('',#1149,.T.);
#764=FACE_OUTER_BOUND('',#1150,.T.);
#765=FACE_OUTER_BOUND('',#1151,.T.);
#766=FACE_OUTER_BOUND('',#1152,.T.);
#767=FACE_OUTER_BOUND('',#1157,.T.);
#768=FACE_OUTER_BOUND('',#1158,.T.);
#769=FACE_OUTER_BOUND('',#1159,.T.);
#770=FACE_OUTER_BOUND('',#1160,.T.);
#771=FACE_OUTER_BOUND('',#1161,.T.);
#772=FACE_OUTER_BOUND('',#1162,.T.);
#773=FACE_OUTER_BOUND('',#1163,.T.);
#774=FACE_OUTER_BOUND('',#1164,.T.);
#775=FACE_OUTER_BOUND('',#1165,.T.);
#776=FACE_OUTER_BOUND('',#1166,.T.);
#777=FACE_OUTER_BOUND('',#1167,.T.);
#778=FACE_OUTER_BOUND('',#1168,.T.);
#779=FACE_OUTER_BOUND('',#1169,.T.);
#780=FACE_OUTER_BOUND('',#1170,.T.);
#781=FACE_OUTER_BOUND('',#1171,.T.);
#782=FACE_OUTER_BOUND('',#1172,.T.);
#783=FACE_OUTER_BOUND('',#1173,.T.);
#784=FACE_OUTER_BOUND('',#1174,.T.);
#785=FACE_OUTER_BOUND('',#1175,.T.);
#786=FACE_OUTER_BOUND('',#1176,.T.);
#787=FACE_OUTER_BOUND('',#1177,.T.);
#788=FACE_OUTER_BOUND('',#1178,.T.);
#789=FACE_OUTER_BOUND('',#1179,.T.);
#790=FACE_OUTER_BOUND('',#1180,.T.);
#791=FACE_OUTER_BOUND('',#1181,.T.);
#792=FACE_OUTER_BOUND('',#1182,.T.);
#793=EDGE_LOOP('',(#4141,#4142,#4143,#4144));
#794=EDGE_LOOP('',(#4145,#4146,#4147,#4148,#4149));
#795=EDGE_LOOP('',(#4150));
#796=EDGE_LOOP('',(#4151,#4152));
#797=EDGE_LOOP('',(#4153,#4154,#4155,#4156));
#798=EDGE_LOOP('',(#4157,#4158,#4159,#4160,#4161,#4162,#4163));
#799=EDGE_LOOP('',(#4164,#4165,#4166));
#800=EDGE_LOOP('',(#4167,#4168,#4169,#4170));
#801=EDGE_LOOP('',(#4171));
#802=EDGE_LOOP('',(#4172,#4173,#4174,#4175,#4176));
#803=EDGE_LOOP('',(#4177,#4178,#4179,#4180,#4181,#4182,#4183,#4184,#4185,
#4186));
#804=EDGE_LOOP('',(#4187,#4188,#4189,#4190));
#805=EDGE_LOOP('',(#4191,#4192,#4193,#4194,#4195,#4196));
#806=EDGE_LOOP('',(#4197,#4198,#4199,#4200,#4201,#4202));
#807=EDGE_LOOP('',(#4203,#4204,#4205,#4206,#4207,#4208));
#808=EDGE_LOOP('',(#4209,#4210,#4211,#4212));
#809=EDGE_LOOP('',(#4213,#4214,#4215,#4216));
#810=EDGE_LOOP('',(#4217,#4218,#4219,#4220,#4221,#4222));
#811=EDGE_LOOP('',(#4223,#4224,#4225,#4226));
#812=EDGE_LOOP('',(#4227,#4228,#4229,#4230,#4231,#4232));
#813=EDGE_LOOP('',(#4233,#4234,#4235,#4236,#4237,#4238));
#814=EDGE_LOOP('',(#4239,#4240));
#815=EDGE_LOOP('',(#4241,#4242));
#816=EDGE_LOOP('',(#4243,#4244,#4245,#4246));
#817=EDGE_LOOP('',(#4247,#4248,#4249,#4250));
#818=EDGE_LOOP('',(#4251,#4252,#4253,#4254));
#819=EDGE_LOOP('',(#4255,#4256,#4257,#4258));
#820=EDGE_LOOP('',(#4259,#4260,#4261,#4262));
#821=EDGE_LOOP('',(#4263,#4264,#4265,#4266));
#822=EDGE_LOOP('',(#4267,#4268,#4269,#4270));
#823=EDGE_LOOP('',(#4271,#4272,#4273,#4274));
#824=EDGE_LOOP('',(#4275,#4276,#4277,#4278));
#825=EDGE_LOOP('',(#4279,#4280,#4281,#4282));
#826=EDGE_LOOP('',(#4283,#4284,#4285,#4286));
#827=EDGE_LOOP('',(#4287,#4288,#4289,#4290));
#828=EDGE_LOOP('',(#4291,#4292,#4293,#4294));
#829=EDGE_LOOP('',(#4295,#4296,#4297,#4298));
#830=EDGE_LOOP('',(#4299,#4300,#4301,#4302));
#831=EDGE_LOOP('',(#4303,#4304,#4305,#4306));
#832=EDGE_LOOP('',(#4307,#4308,#4309,#4310,#4311,#4312));
#833=EDGE_LOOP('',(#4313,#4314,#4315,#4316));
#834=EDGE_LOOP('',(#4317,#4318,#4319,#4320));
#835=EDGE_LOOP('',(#4321,#4322,#4323,#4324));
#836=EDGE_LOOP('',(#4325,#4326,#4327,#4328));
#837=EDGE_LOOP('',(#4329,#4330,#4331,#4332));
#838=EDGE_LOOP('',(#4333,#4334,#4335,#4336));
#839=EDGE_LOOP('',(#4337,#4338,#4339,#4340));
#840=EDGE_LOOP('',(#4341,#4342,#4343,#4344));
#841=EDGE_LOOP('',(#4345,#4346,#4347,#4348));
#842=EDGE_LOOP('',(#4349,#4350,#4351,#4352));
#843=EDGE_LOOP('',(#4353,#4354,#4355,#4356));
#844=EDGE_LOOP('',(#4357,#4358,#4359,#4360));
#845=EDGE_LOOP('',(#4361,#4362,#4363,#4364));
#846=EDGE_LOOP('',(#4365,#4366,#4367,#4368));
#847=EDGE_LOOP('',(#4369,#4370,#4371,#4372,#4373,#4374));
#848=EDGE_LOOP('',(#4375,#4376,#4377,#4378));
#849=EDGE_LOOP('',(#4379,#4380,#4381,#4382));
#850=EDGE_LOOP('',(#4383,#4384,#4385,#4386));
#851=EDGE_LOOP('',(#4387,#4388,#4389,#4390));
#852=EDGE_LOOP('',(#4391,#4392,#4393,#4394));
#853=EDGE_LOOP('',(#4395,#4396,#4397,#4398));
#854=EDGE_LOOP('',(#4399,#4400,#4401,#4402));
#855=EDGE_LOOP('',(#4403,#4404,#4405,#4406));
#856=EDGE_LOOP('',(#4407,#4408,#4409,#4410));
#857=EDGE_LOOP('',(#4411,#4412,#4413,#4414));
#858=EDGE_LOOP('',(#4415,#4416,#4417,#4418));
#859=EDGE_LOOP('',(#4419,#4420,#4421,#4422));
#860=EDGE_LOOP('',(#4423,#4424,#4425,#4426));
#861=EDGE_LOOP('',(#4427,#4428,#4429,#4430));
#862=EDGE_LOOP('',(#4431,#4432,#4433,#4434));
#863=EDGE_LOOP('',(#4435,#4436,#4437,#4438));
#864=EDGE_LOOP('',(#4439,#4440,#4441,#4442,#4443,#4444,#4445,#4446,#4447,
#4448,#4449));
#865=EDGE_LOOP('',(#4450,#4451,#4452));
#866=EDGE_LOOP('',(#4453,#4454,#4455,#4456,#4457,#4458,#4459,#4460,#4461,
#4462,#4463,#4464));
#867=EDGE_LOOP('',(#4465,#4466,#4467,#4468,#4469,#4470,#4471,#4472,#4473,
#4474,#4475));
#868=EDGE_LOOP('',(#4476,#4477,#4478,#4479));
#869=EDGE_LOOP('',(#4480));
#870=EDGE_LOOP('',(#4481,#4482,#4483,#4484));
#871=EDGE_LOOP('',(#4485));
#872=EDGE_LOOP('',(#4486,#4487,#4488,#4489));
#873=EDGE_LOOP('',(#4490,#4491,#4492,#4493));
#874=EDGE_LOOP('',(#4494,#4495,#4496,#4497));
#875=EDGE_LOOP('',(#4498,#4499,#4500,#4501));
#876=EDGE_LOOP('',(#4502,#4503,#4504,#4505));
#877=EDGE_LOOP('',(#4506,#4507,#4508,#4509));
#878=EDGE_LOOP('',(#4510,#4511,#4512,#4513));
#879=EDGE_LOOP('',(#4514,#4515,#4516,#4517));
#880=EDGE_LOOP('',(#4518,#4519,#4520,#4521));
#881=EDGE_LOOP('',(#4522,#4523,#4524,#4525));
#882=EDGE_LOOP('',(#4526,#4527,#4528,#4529));
#883=EDGE_LOOP('',(#4530,#4531,#4532,#4533));
#884=EDGE_LOOP('',(#4534,#4535,#4536,#4537));
#885=EDGE_LOOP('',(#4538,#4539,#4540,#4541));
#886=EDGE_LOOP('',(#4542,#4543,#4544,#4545));
#887=EDGE_LOOP('',(#4546,#4547,#4548,#4549));
#888=EDGE_LOOP('',(#4550,#4551,#4552,#4553));
#889=EDGE_LOOP('',(#4554,#4555,#4556,#4557));
#890=EDGE_LOOP('',(#4558,#4559,#4560,#4561));
#891=EDGE_LOOP('',(#4562,#4563,#4564,#4565));
#892=EDGE_LOOP('',(#4566,#4567,#4568,#4569));
#893=EDGE_LOOP('',(#4570,#4571,#4572,#4573));
#894=EDGE_LOOP('',(#4574,#4575,#4576,#4577));
#895=EDGE_LOOP('',(#4578,#4579,#4580,#4581));
#896=EDGE_LOOP('',(#4582,#4583,#4584,#4585));
#897=EDGE_LOOP('',(#4586,#4587,#4588,#4589));
#898=EDGE_LOOP('',(#4590,#4591,#4592,#4593));
#899=EDGE_LOOP('',(#4594,#4595,#4596,#4597));
#900=EDGE_LOOP('',(#4598,#4599,#4600,#4601,#4602,#4603,#4604,#4605,#4606,
#4607,#4608,#4609,#4610,#4611,#4612,#4613,#4614,#4615,#4616,#4617,#4618,
#4619,#4620,#4621,#4622,#4623,#4624));
#901=EDGE_LOOP('',(#4625,#4626,#4627,#4628));
#902=EDGE_LOOP('',(#4629,#4630,#4631,#4632));
#903=EDGE_LOOP('',(#4633,#4634,#4635,#4636));
#904=EDGE_LOOP('',(#4637,#4638,#4639,#4640));
#905=EDGE_LOOP('',(#4641,#4642,#4643,#4644));
#906=EDGE_LOOP('',(#4645,#4646,#4647,#4648));
#907=EDGE_LOOP('',(#4649,#4650,#4651,#4652));
#908=EDGE_LOOP('',(#4653,#4654,#4655,#4656));
#909=EDGE_LOOP('',(#4657,#4658,#4659,#4660));
#910=EDGE_LOOP('',(#4661,#4662,#4663,#4664));
#911=EDGE_LOOP('',(#4665,#4666,#4667,#4668));
#912=EDGE_LOOP('',(#4669,#4670,#4671,#4672));
#913=EDGE_LOOP('',(#4673,#4674,#4675,#4676));
#914=EDGE_LOOP('',(#4677,#4678,#4679,#4680));
#915=EDGE_LOOP('',(#4681,#4682,#4683,#4684));
#916=EDGE_LOOP('',(#4685,#4686,#4687,#4688));
#917=EDGE_LOOP('',(#4689,#4690,#4691,#4692));
#918=EDGE_LOOP('',(#4693,#4694,#4695,#4696));
#919=EDGE_LOOP('',(#4697,#4698,#4699,#4700));
#920=EDGE_LOOP('',(#4701,#4702,#4703,#4704));
#921=EDGE_LOOP('',(#4705,#4706,#4707,#4708,#4709,#4710,#4711,#4712,#4713,
#4714,#4715,#4716,#4717,#4718,#4719,#4720,#4721,#4722,#4723,#4724));
#922=EDGE_LOOP('',(#4725,#4726,#4727,#4728));
#923=EDGE_LOOP('',(#4729,#4730,#4731,#4732));
#924=EDGE_LOOP('',(#4733,#4734,#4735,#4736));
#925=EDGE_LOOP('',(#4737,#4738,#4739,#4740));
#926=EDGE_LOOP('',(#4741,#4742,#4743,#4744));
#927=EDGE_LOOP('',(#4745,#4746,#4747,#4748));
#928=EDGE_LOOP('',(#4749,#4750,#4751,#4752));
#929=EDGE_LOOP('',(#4753,#4754,#4755,#4756));
#930=EDGE_LOOP('',(#4757,#4758,#4759,#4760));
#931=EDGE_LOOP('',(#4761,#4762,#4763,#4764));
#932=EDGE_LOOP('',(#4765,#4766,#4767,#4768));
#933=EDGE_LOOP('',(#4769,#4770,#4771,#4772));
#934=EDGE_LOOP('',(#4773,#4774,#4775,#4776));
#935=EDGE_LOOP('',(#4777,#4778,#4779,#4780));
#936=EDGE_LOOP('',(#4781,#4782,#4783,#4784));
#937=EDGE_LOOP('',(#4785,#4786,#4787,#4788));
#938=EDGE_LOOP('',(#4789,#4790,#4791,#4792,#4793,#4794,#4795,#4796,#4797,
#4798,#4799,#4800,#4801,#4802,#4803,#4804));
#939=EDGE_LOOP('',(#4805,#4806,#4807,#4808));
#940=EDGE_LOOP('',(#4809,#4810,#4811,#4812));
#941=EDGE_LOOP('',(#4813,#4814,#4815,#4816));
#942=EDGE_LOOP('',(#4817,#4818,#4819,#4820));
#943=EDGE_LOOP('',(#4821,#4822,#4823,#4824));
#944=EDGE_LOOP('',(#4825,#4826,#4827,#4828));
#945=EDGE_LOOP('',(#4829,#4830,#4831,#4832));
#946=EDGE_LOOP('',(#4833,#4834,#4835,#4836));
#947=EDGE_LOOP('',(#4837,#4838,#4839,#4840));
#948=EDGE_LOOP('',(#4841,#4842,#4843,#4844));
#949=EDGE_LOOP('',(#4845,#4846,#4847,#4848));
#950=EDGE_LOOP('',(#4849,#4850,#4851,#4852));
#951=EDGE_LOOP('',(#4853,#4854,#4855,#4856));
#952=EDGE_LOOP('',(#4857,#4858,#4859,#4860));
#953=EDGE_LOOP('',(#4861,#4862,#4863,#4864));
#954=EDGE_LOOP('',(#4865,#4866,#4867,#4868));
#955=EDGE_LOOP('',(#4869,#4870,#4871,#4872,#4873,#4874,#4875,#4876,#4877,
#4878,#4879,#4880,#4881,#4882,#4883,#4884));
#956=EDGE_LOOP('',(#4885,#4886,#4887,#4888));
#957=EDGE_LOOP('',(#4889,#4890,#4891,#4892));
#958=EDGE_LOOP('',(#4893,#4894,#4895,#4896));
#959=EDGE_LOOP('',(#4897,#4898,#4899,#4900));
#960=EDGE_LOOP('',(#4901,#4902,#4903,#4904));
#961=EDGE_LOOP('',(#4905,#4906,#4907,#4908));
#962=EDGE_LOOP('',(#4909,#4910,#4911,#4912));
#963=EDGE_LOOP('',(#4913,#4914,#4915,#4916));
#964=EDGE_LOOP('',(#4917,#4918,#4919,#4920));
#965=EDGE_LOOP('',(#4921,#4922,#4923,#4924));
#966=EDGE_LOOP('',(#4925,#4926,#4927,#4928));
#967=EDGE_LOOP('',(#4929,#4930,#4931,#4932));
#968=EDGE_LOOP('',(#4933,#4934,#4935,#4936));
#969=EDGE_LOOP('',(#4937,#4938,#4939,#4940));
#970=EDGE_LOOP('',(#4941,#4942,#4943,#4944));
#971=EDGE_LOOP('',(#4945,#4946,#4947,#4948));
#972=EDGE_LOOP('',(#4949,#4950,#4951,#4952));
#973=EDGE_LOOP('',(#4953,#4954,#4955,#4956));
#974=EDGE_LOOP('',(#4957,#4958,#4959,#4960));
#975=EDGE_LOOP('',(#4961,#4962,#4963,#4964));
#976=EDGE_LOOP('',(#4965,#4966,#4967,#4968));
#977=EDGE_LOOP('',(#4969,#4970,#4971,#4972));
#978=EDGE_LOOP('',(#4973,#4974,#4975,#4976));
#979=EDGE_LOOP('',(#4977,#4978,#4979,#4980));
#980=EDGE_LOOP('',(#4981,#4982,#4983,#4984));
#981=EDGE_LOOP('',(#4985,#4986,#4987,#4988));
#982=EDGE_LOOP('',(#4989,#4990,#4991,#4992));
#983=EDGE_LOOP('',(#4993,#4994,#4995,#4996,#4997,#4998,#4999,#5000,#5001,
#5002,#5003,#5004,#5005,#5006,#5007,#5008,#5009,#5010,#5011,#5012,#5013,
#5014,#5015,#5016,#5017,#5018,#5019));
#984=EDGE_LOOP('',(#5020,#5021,#5022,#5023));
#985=EDGE_LOOP('',(#5024,#5025,#5026,#5027));
#986=EDGE_LOOP('',(#5028,#5029,#5030,#5031));
#987=EDGE_LOOP('',(#5032,#5033,#5034,#5035));
#988=EDGE_LOOP('',(#5036,#5037,#5038,#5039));
#989=EDGE_LOOP('',(#5040,#5041,#5042,#5043,#5044,#5045,#5046,#5047,#5048,
#5049,#5050,#5051,#5052,#5053,#5054,#5055,#5056,#5057,#5058,#5059,#5060,
#5061,#5062,#5063,#5064,#5065,#5066));
#990=EDGE_LOOP('',(#5067,#5068,#5069,#5070,#5071,#5072,#5073,#5074,#5075,
#5076,#5077,#5078,#5079,#5080,#5081,#5082,#5083,#5084,#5085,#5086));
#991=EDGE_LOOP('',(#5087,#5088,#5089,#5090,#5091,#5092,#5093,#5094,#5095,
#5096,#5097,#5098,#5099,#5100,#5101,#5102));
#992=EDGE_LOOP('',(#5103,#5104,#5105,#5106,#5107,#5108,#5109,#5110,#5111,
#5112,#5113,#5114,#5115,#5116,#5117,#5118));
#993=EDGE_LOOP('',(#5119,#5120,#5121,#5122,#5123,#5124,#5125,#5126,#5127,
#5128,#5129,#5130,#5131,#5132,#5133,#5134,#5135,#5136,#5137,#5138,#5139,
#5140,#5141,#5142,#5143,#5144,#5145));
#994=EDGE_LOOP('',(#5146,#5147,#5148,#5149));
#995=EDGE_LOOP('',(#5150,#5151,#5152,#5153));
#996=EDGE_LOOP('',(#5154,#5155,#5156,#5157,#5158,#5159,#5160,#5161));
#997=EDGE_LOOP('',(#5162,#5163,#5164,#5165));
#998=EDGE_LOOP('',(#5166,#5167,#5168,#5169));
#999=EDGE_LOOP('',(#5170,#5171,#5172,#5173));
#1000=EDGE_LOOP('',(#5174,#5175,#5176,#5177));
#1001=EDGE_LOOP('',(#5178,#5179,#5180,#5181,#5182));
#1002=EDGE_LOOP('',(#5183,#5184,#5185,#5186,#5187));
#1003=EDGE_LOOP('',(#5188,#5189,#5190,#5191));
#1004=EDGE_LOOP('',(#5192,#5193,#5194,#5195));
#1005=EDGE_LOOP('',(#5196,#5197,#5198,#5199));
#1006=EDGE_LOOP('',(#5200,#5201,#5202,#5203));
#1007=EDGE_LOOP('',(#5204,#5205,#5206,#5207));
#1008=EDGE_LOOP('',(#5208,#5209,#5210,#5211));
#1009=EDGE_LOOP('',(#5212,#5213,#5214,#5215));
#1010=EDGE_LOOP('',(#5216,#5217,#5218,#5219));
#1011=EDGE_LOOP('',(#5220,#5221,#5222,#5223));
#1012=EDGE_LOOP('',(#5224,#5225,#5226,#5227));
#1013=EDGE_LOOP('',(#5228,#5229,#5230,#5231));
#1014=EDGE_LOOP('',(#5232,#5233,#5234,#5235));
#1015=EDGE_LOOP('',(#5236,#5237,#5238,#5239));
#1016=EDGE_LOOP('',(#5240,#5241,#5242,#5243));
#1017=EDGE_LOOP('',(#5244,#5245,#5246,#5247));
#1018=EDGE_LOOP('',(#5248,#5249,#5250,#5251));
#1019=EDGE_LOOP('',(#5252,#5253,#5254,#5255));
#1020=EDGE_LOOP('',(#5256,#5257,#5258,#5259));
#1021=EDGE_LOOP('',(#5260,#5261,#5262));
#1022=EDGE_LOOP('',(#5263,#5264,#5265,#5266));
#1023=EDGE_LOOP('',(#5267,#5268,#5269,#5270));
#1024=EDGE_LOOP('',(#5271,#5272,#5273,#5274,#5275,#5276,#5277));
#1025=EDGE_LOOP('',(#5278));
#1026=EDGE_LOOP('',(#5279,#5280,#5281,#5282));
#1027=EDGE_LOOP('',(#5283,#5284,#5285,#5286));
#1028=EDGE_LOOP('',(#5287,#5288,#5289,#5290));
#1029=EDGE_LOOP('',(#5291,#5292,#5293,#5294));
#1030=EDGE_LOOP('',(#5295));
#1031=EDGE_LOOP('',(#5296));
#1032=EDGE_LOOP('',(#5297));
#1033=EDGE_LOOP('',(#5298,#5299,#5300,#5301,#5302,#5303,#5304,#5305,#5306,
#5307,#5308,#5309));
#1034=EDGE_LOOP('',(#5310,#5311,#5312,#5313));
#1035=EDGE_LOOP('',(#5314,#5315,#5316,#5317));
#1036=EDGE_LOOP('',(#5318,#5319,#5320,#5321));
#1037=EDGE_LOOP('',(#5322,#5323,#5324,#5325));
#1038=EDGE_LOOP('',(#5326,#5327,#5328,#5329));
#1039=EDGE_LOOP('',(#5330,#5331,#5332,#5333));
#1040=EDGE_LOOP('',(#5334,#5335,#5336,#5337));
#1041=EDGE_LOOP('',(#5338,#5339,#5340,#5341));
#1042=EDGE_LOOP('',(#5342,#5343,#5344,#5345));
#1043=EDGE_LOOP('',(#5346,#5347,#5348,#5349,#5350,#5351));
#1044=EDGE_LOOP('',(#5352,#5353,#5354,#5355));
#1045=EDGE_LOOP('',(#5356,#5357,#5358,#5359));
#1046=EDGE_LOOP('',(#5360,#5361,#5362,#5363));
#1047=EDGE_LOOP('',(#5364,#5365,#5366,#5367));
#1048=EDGE_LOOP('',(#5368,#5369,#5370,#5371));
#1049=EDGE_LOOP('',(#5372));
#1050=EDGE_LOOP('',(#5373));
#1051=EDGE_LOOP('',(#5374,#5375,#5376,#5377));
#1052=EDGE_LOOP('',(#5378,#5379,#5380,#5381));
#1053=EDGE_LOOP('',(#5382,#5383,#5384,#5385,#5386,#5387));
#1054=EDGE_LOOP('',(#5388,#5389,#5390,#5391,#5392));
#1055=EDGE_LOOP('',(#5393,#5394,#5395,#5396,#5397));
#1056=EDGE_LOOP('',(#5398,#5399,#5400,#5401,#5402,#5403));
#1057=EDGE_LOOP('',(#5404));
#1058=EDGE_LOOP('',(#5405));
#1059=EDGE_LOOP('',(#5406,#5407,#5408,#5409));
#1060=EDGE_LOOP('',(#5410));
#1061=EDGE_LOOP('',(#5411));
#1062=EDGE_LOOP('',(#5412,#5413,#5414,#5415,#5416));
#1063=EDGE_LOOP('',(#5417,#5418,#5419,#5420,#5421));
#1064=EDGE_LOOP('',(#5422,#5423,#5424,#5425,#5426,#5427));
#1065=EDGE_LOOP('',(#5428,#5429,#5430,#5431,#5432,#5433));
#1066=EDGE_LOOP('',(#5434,#5435,#5436,#5437,#5438,#5439,#5440,#5441,#5442));
#1067=EDGE_LOOP('',(#5443,#5444,#5445,#5446,#5447,#5448));
#1068=EDGE_LOOP('',(#5449,#5450,#5451,#5452));
#1069=EDGE_LOOP('',(#5453,#5454,#5455,#5456));
#1070=EDGE_LOOP('',(#5457));
#1071=EDGE_LOOP('',(#5458));
#1072=EDGE_LOOP('',(#5459,#5460,#5461,#5462,#5463,#5464));
#1073=EDGE_LOOP('',(#5465,#5466,#5467,#5468));
#1074=EDGE_LOOP('',(#5469,#5470,#5471,#5472,#5473,#5474));
#1075=EDGE_LOOP('',(#5475,#5476,#5477,#5478));
#1076=EDGE_LOOP('',(#5479,#5480,#5481,#5482));
#1077=EDGE_LOOP('',(#5483,#5484,#5485,#5486));
#1078=EDGE_LOOP('',(#5487,#5488,#5489,#5490));
#1079=EDGE_LOOP('',(#5491,#5492,#5493,#5494));
#1080=EDGE_LOOP('',(#5495,#5496,#5497,#5498));
#1081=EDGE_LOOP('',(#5499,#5500,#5501,#5502));
#1082=EDGE_LOOP('',(#5503,#5504,#5505,#5506));
#1083=EDGE_LOOP('',(#5507,#5508,#5509,#5510));
#1084=EDGE_LOOP('',(#5511,#5512,#5513,#5514,#5515,#5516));
#1085=EDGE_LOOP('',(#5517,#5518,#5519,#5520));
#1086=EDGE_LOOP('',(#5521,#5522,#5523,#5524,#5525,#5526));
#1087=EDGE_LOOP('',(#5527,#5528,#5529,#5530));
#1088=EDGE_LOOP('',(#5531,#5532,#5533,#5534));
#1089=EDGE_LOOP('',(#5535,#5536,#5537,#5538));
#1090=EDGE_LOOP('',(#5539,#5540,#5541,#5542));
#1091=EDGE_LOOP('',(#5543,#5544,#5545,#5546));
#1092=EDGE_LOOP('',(#5547,#5548,#5549,#5550));
#1093=EDGE_LOOP('',(#5551,#5552,#5553,#5554));
#1094=EDGE_LOOP('',(#5555,#5556,#5557,#5558));
#1095=EDGE_LOOP('',(#5559,#5560,#5561,#5562));
#1096=EDGE_LOOP('',(#5563,#5564,#5565,#5566,#5567,#5568));
#1097=EDGE_LOOP('',(#5569,#5570,#5571,#5572));
#1098=EDGE_LOOP('',(#5573,#5574,#5575,#5576,#5577,#5578));
#1099=EDGE_LOOP('',(#5579,#5580,#5581,#5582));
#1100=EDGE_LOOP('',(#5583,#5584,#5585,#5586));
#1101=EDGE_LOOP('',(#5587,#5588,#5589,#5590));
#1102=EDGE_LOOP('',(#5591,#5592,#5593,#5594));
#1103=EDGE_LOOP('',(#5595,#5596,#5597,#5598));
#1104=EDGE_LOOP('',(#5599,#5600,#5601,#5602));
#1105=EDGE_LOOP('',(#5603,#5604,#5605,#5606));
#1106=EDGE_LOOP('',(#5607,#5608,#5609,#5610));
#1107=EDGE_LOOP('',(#5611,#5612,#5613,#5614));
#1108=EDGE_LOOP('',(#5615,#5616,#5617,#5618,#5619,#5620));
#1109=EDGE_LOOP('',(#5621,#5622,#5623,#5624));
#1110=EDGE_LOOP('',(#5625,#5626,#5627,#5628,#5629,#5630));
#1111=EDGE_LOOP('',(#5631,#5632,#5633,#5634));
#1112=EDGE_LOOP('',(#5635,#5636,#5637,#5638));
#1113=EDGE_LOOP('',(#5639,#5640,#5641,#5642));
#1114=EDGE_LOOP('',(#5643,#5644,#5645,#5646));
#1115=EDGE_LOOP('',(#5647,#5648,#5649,#5650));
#1116=EDGE_LOOP('',(#5651,#5652,#5653,#5654));
#1117=EDGE_LOOP('',(#5655,#5656,#5657,#5658));
#1118=EDGE_LOOP('',(#5659,#5660,#5661,#5662));
#1119=EDGE_LOOP('',(#5663,#5664,#5665,#5666));
#1120=EDGE_LOOP('',(#5667,#5668,#5669,#5670));
#1121=EDGE_LOOP('',(#5671,#5672,#5673,#5674));
#1122=EDGE_LOOP('',(#5675,#5676,#5677,#5678));
#1123=EDGE_LOOP('',(#5679,#5680,#5681,#5682,#5683));
#1124=EDGE_LOOP('',(#5684,#5685,#5686,#5687,#5688));
#1125=EDGE_LOOP('',(#5689,#5690,#5691,#5692));
#1126=EDGE_LOOP('',(#5693,#5694,#5695,#5696,#5697));
#1127=EDGE_LOOP('',(#5698,#5699,#5700,#5701));
#1128=EDGE_LOOP('',(#5702,#5703,#5704,#5705,#5706));
#1129=EDGE_LOOP('',(#5707,#5708,#5709,#5710));
#1130=EDGE_LOOP('',(#5711));
#1131=EDGE_LOOP('',(#5712));
#1132=EDGE_LOOP('',(#5713));
#1133=EDGE_LOOP('',(#5714));
#1134=EDGE_LOOP('',(#5715));
#1135=EDGE_LOOP('',(#5716,#5717,#5718,#5719));
#1136=EDGE_LOOP('',(#5720,#5721,#5722,#5723));
#1137=EDGE_LOOP('',(#5724,#5725,#5726,#5727));
#1138=EDGE_LOOP('',(#5728));
#1139=EDGE_LOOP('',(#5729,#5730,#5731,#5732));
#1140=EDGE_LOOP('',(#5733,#5734,#5735,#5736));
#1141=EDGE_LOOP('',(#5737,#5738,#5739,#5740));
#1142=EDGE_LOOP('',(#5741,#5742,#5743,#5744));
#1143=EDGE_LOOP('',(#5745,#5746,#5747,#5748));
#1144=EDGE_LOOP('',(#5749,#5750,#5751,#5752));
#1145=EDGE_LOOP('',(#5753,#5754,#5755,#5756));
#1146=EDGE_LOOP('',(#5757,#5758,#5759,#5760,#5761,#5762,#5763,#5764));
#1147=EDGE_LOOP('',(#5765,#5766,#5767,#5768));
#1148=EDGE_LOOP('',(#5769,#5770,#5771,#5772,#5773,#5774));
#1149=EDGE_LOOP('',(#5775,#5776,#5777,#5778,#5779,#5780));
#1150=EDGE_LOOP('',(#5781,#5782,#5783,#5784));
#1151=EDGE_LOOP('',(#5785,#5786,#5787,#5788,#5789,#5790));
#1152=EDGE_LOOP('',(#5791,#5792,#5793,#5794,#5795,#5796,#5797,#5798,#5799,
#5800));
#1153=EDGE_LOOP('',(#5801,#5802,#5803,#5804,#5805,#5806,#5807,#5808,#5809,
#5810,#5811,#5812,#5813,#5814,#5815,#5816));
#1154=EDGE_LOOP('',(#5817));
#1155=EDGE_LOOP('',(#5818));
#1156=EDGE_LOOP('',(#5819));
#1157=EDGE_LOOP('',(#5820,#5821,#5822,#5823,#5824,#5825,#5826,#5827,#5828,
#5829));
#1158=EDGE_LOOP('',(#5830,#5831,#5832,#5833));
#1159=EDGE_LOOP('',(#5834,#5835,#5836,#5837));
#1160=EDGE_LOOP('',(#5838,#5839,#5840,#5841));
#1161=EDGE_LOOP('',(#5842,#5843,#5844,#5845));
#1162=EDGE_LOOP('',(#5846,#5847,#5848,#5849));
#1163=EDGE_LOOP('',(#5850));
#1164=EDGE_LOOP('',(#5851));
#1165=EDGE_LOOP('',(#5852));
#1166=EDGE_LOOP('',(#5853,#5854,#5855,#5856));
#1167=EDGE_LOOP('',(#5857,#5858,#5859,#5860));
#1168=EDGE_LOOP('',(#5861,#5862,#5863,#5864));
#1169=EDGE_LOOP('',(#5865,#5866,#5867,#5868));
#1170=EDGE_LOOP('',(#5869,#5870,#5871,#5872));
#1171=EDGE_LOOP('',(#5873,#5874,#5875,#5876));
#1172=EDGE_LOOP('',(#5877,#5878,#5879,#5880));
#1173=EDGE_LOOP('',(#5881,#5882,#5883,#5884));
#1174=EDGE_LOOP('',(#5885,#5886,#5887,#5888));
#1175=EDGE_LOOP('',(#5889,#5890,#5891,#5892));
#1176=EDGE_LOOP('',(#5893,#5894,#5895,#5896));
#1177=EDGE_LOOP('',(#5897,#5898,#5899,#5900));
#1178=EDGE_LOOP('',(#5901,#5902,#5903,#5904));
#1179=EDGE_LOOP('',(#5905,#5906,#5907,#5908));
#1180=EDGE_LOOP('',(#5909,#5910,#5911,#5912));
#1181=EDGE_LOOP('',(#5913,#5914,#5915,#5916));
#1182=EDGE_LOOP('',(#5917,#5918,#5919,#5920,#5921,#5922,#5923,#5924,#5925,
#5926,#5927,#5928,#5929,#5930,#5931,#5932));
#1183=LINE('',#8626,#1848);
#1184=LINE('',#8632,#1849);
#1185=LINE('',#8718,#1850);
#1186=LINE('',#8767,#1851);
#1187=LINE('',#8774,#1852);
#1188=LINE('',#8779,#1853);
#1189=LINE('',#8814,#1854);
#1190=LINE('',#8816,#1855);
#1191=LINE('',#8818,#1856);
#1192=LINE('',#8819,#1857);
#1193=LINE('',#8823,#1858);
#1194=LINE('',#8825,#1859);
#1195=LINE('',#8827,#1860);
#1196=LINE('',#8829,#1861);
#1197=LINE('',#8831,#1862);
#1198=LINE('',#8832,#1863);
#1199=LINE('',#8836,#1864);
#1200=LINE('',#8838,#1865);
#1201=LINE('',#8840,#1866);
#1202=LINE('',#8842,#1867);
#1203=LINE('',#8844,#1868);
#1204=LINE('',#8845,#1869);
#1205=LINE('',#8848,#1870);
#1206=LINE('',#8850,#1871);
#1207=LINE('',#8852,#1872);
#1208=LINE('',#8854,#1873);
#1209=LINE('',#8855,#1874);
#1210=LINE('',#8859,#1875);
#1211=LINE('',#8861,#1876);
#1212=LINE('',#8863,#1877);
#1213=LINE('',#8864,#1878);
#1214=LINE('',#8866,#1879);
#1215=LINE('',#8867,#1880);
#1216=LINE('',#8871,#1881);
#1217=LINE('',#8873,#1882);
#1218=LINE('',#8875,#1883);
#1219=LINE('',#8877,#1884);
#1220=LINE('',#8879,#1885);
#1221=LINE('',#8880,#1886);
#1222=LINE('',#8883,#1887);
#1223=LINE('',#8885,#1888);
#1224=LINE('',#8886,#1889);
#1225=LINE('',#8889,#1890);
#1226=LINE('',#8891,#1891);
#1227=LINE('',#8893,#1892);
#1228=LINE('',#8895,#1893);
#1229=LINE('',#8896,#1894);
#1230=LINE('',#8899,#1895);
#1231=LINE('',#8901,#1896);
#1232=LINE('',#8903,#1897);
#1233=LINE('',#8905,#1898);
#1234=LINE('',#8906,#1899);
#1235=LINE('',#8988,#1900);
#1236=LINE('',#8989,#1901);
#1237=LINE('',#8990,#1902);
#1238=LINE('',#8993,#1903);
#1239=LINE('',#8994,#1904);
#1240=LINE('',#8997,#1905);
#1241=LINE('',#8998,#1906);
#1242=LINE('',#8999,#1907);
#1243=LINE('',#9001,#1908);
#1244=LINE('',#9006,#1909);
#1245=LINE('',#9008,#1910);
#1246=LINE('',#9009,#1911);
#1247=LINE('',#9010,#1912);
#1248=LINE('',#9013,#1913);
#1249=LINE('',#9014,#1914);
#1250=LINE('',#9015,#1915);
#1251=LINE('',#9018,#1916);
#1252=LINE('',#9019,#1917);
#1253=LINE('',#9021,#1918);
#1254=LINE('',#9024,#1919);
#1255=LINE('',#9025,#1920);
#1256=LINE('',#9029,#1921);
#1257=LINE('',#9031,#1922);
#1258=LINE('',#9032,#1923);
#1259=LINE('',#9035,#1924);
#1260=LINE('',#9036,#1925);
#1261=LINE('',#9037,#1926);
#1262=LINE('',#9040,#1927);
#1263=LINE('',#9041,#1928);
#1264=LINE('',#9043,#1929);
#1265=LINE('',#9046,#1930);
#1266=LINE('',#9048,#1931);
#1267=LINE('',#9049,#1932);
#1268=LINE('',#9052,#1933);
#1269=LINE('',#9054,#1934);
#1270=LINE('',#9055,#1935);
#1271=LINE('',#9059,#1936);
#1272=LINE('',#9061,#1937);
#1273=LINE('',#9062,#1938);
#1274=LINE('',#9065,#1939);
#1275=LINE('',#9067,#1940);
#1276=LINE('',#9068,#1941);
#1277=LINE('',#9071,#1942);
#1278=LINE('',#9072,#1943);
#1279=LINE('',#9073,#1944);
#1280=LINE('',#9075,#1945);
#1281=LINE('',#9079,#1946);
#1282=LINE('',#9080,#1947);
#1283=LINE('',#9082,#1948);
#1284=LINE('',#9084,#1949);
#1285=LINE('',#9086,#1950);
#1286=LINE('',#9087,#1951);
#1287=LINE('',#9089,#1952);
#1288=LINE('',#9090,#1953);
#1289=LINE('',#9092,#1954);
#1290=LINE('',#9093,#1955);
#1291=LINE('',#9095,#1956);
#1292=LINE('',#9098,#1957);
#1293=LINE('',#9104,#1958);
#1294=LINE('',#9106,#1959);
#1295=LINE('',#9108,#1960);
#1296=LINE('',#9109,#1961);
#1297=LINE('',#9112,#1962);
#1298=LINE('',#9114,#1963);
#1299=LINE('',#9115,#1964);
#1300=LINE('',#9117,#1965);
#1301=LINE('',#9118,#1966);
#1302=LINE('',#9122,#1967);
#1303=LINE('',#9124,#1968);
#1304=LINE('',#9126,#1969);
#1305=LINE('',#9127,#1970);
#1306=LINE('',#9130,#1971);
#1307=LINE('',#9132,#1972);
#1308=LINE('',#9133,#1973);
#1309=LINE('',#9136,#1974);
#1310=LINE('',#9138,#1975);
#1311=LINE('',#9139,#1976);
#1312=LINE('',#9142,#1977);
#1313=LINE('',#9144,#1978);
#1314=LINE('',#9145,#1979);
#1315=LINE('',#9148,#1980);
#1316=LINE('',#9150,#1981);
#1317=LINE('',#9151,#1982);
#1318=LINE('',#9154,#1983);
#1319=LINE('',#9156,#1984);
#1320=LINE('',#9157,#1985);
#1321=LINE('',#9160,#1986);
#1322=LINE('',#9162,#1987);
#1323=LINE('',#9163,#1988);
#1324=LINE('',#9166,#1989);
#1325=LINE('',#9168,#1990);
#1326=LINE('',#9169,#1991);
#1327=LINE('',#9172,#1992);
#1328=LINE('',#9174,#1993);
#1329=LINE('',#9175,#1994);
#1330=LINE('',#9178,#1995);
#1331=LINE('',#9180,#1996);
#1332=LINE('',#9181,#1997);
#1333=LINE('',#9183,#1998);
#1334=LINE('',#9184,#1999);
#1335=LINE('',#9191,#2000);
#1336=LINE('',#9195,#2001);
#1337=LINE('',#9199,#2002);
#1338=LINE('',#9203,#2003);
#1339=LINE('',#9207,#2004);
#1340=LINE('',#9210,#2005);
#1341=LINE('',#9215,#2006);
#1342=LINE('',#9222,#2007);
#1343=LINE('',#9228,#2008);
#1344=LINE('',#9232,#2009);
#1345=LINE('',#9234,#2010);
#1346=LINE('',#9236,#2011);
#1347=LINE('',#9237,#2012);
#1348=LINE('',#9240,#2013);
#1349=LINE('',#9242,#2014);
#1350=LINE('',#9243,#2015);
#1351=LINE('',#9261,#2016);
#1352=LINE('',#9269,#2017);
#1353=LINE('',#9271,#2018);
#1354=LINE('',#9272,#2019);
#1355=LINE('',#9275,#2020);
#1356=LINE('',#9277,#2021);
#1357=LINE('',#9278,#2022);
#1358=LINE('',#9281,#2023);
#1359=LINE('',#9283,#2024);
#1360=LINE('',#9284,#2025);
#1361=LINE('',#9302,#2026);
#1362=LINE('',#9310,#2027);
#1363=LINE('',#9312,#2028);
#1364=LINE('',#9313,#2029);
#1365=LINE('',#9316,#2030);
#1366=LINE('',#9318,#2031);
#1367=LINE('',#9319,#2032);
#1368=LINE('',#9322,#2033);
#1369=LINE('',#9324,#2034);
#1370=LINE('',#9325,#2035);
#1371=LINE('',#9328,#2036);
#1372=LINE('',#9330,#2037);
#1373=LINE('',#9331,#2038);
#1374=LINE('',#9334,#2039);
#1375=LINE('',#9336,#2040);
#1376=LINE('',#9337,#2041);
#1377=LINE('',#9355,#2042);
#1378=LINE('',#9363,#2043);
#1379=LINE('',#9365,#2044);
#1380=LINE('',#9366,#2045);
#1381=LINE('',#9369,#2046);
#1382=LINE('',#9371,#2047);
#1383=LINE('',#9372,#2048);
#1384=LINE('',#9390,#2049);
#1385=LINE('',#9398,#2050);
#1386=LINE('',#9400,#2051);
#1387=LINE('',#9401,#2052);
#1388=LINE('',#9404,#2053);
#1389=LINE('',#9406,#2054);
#1390=LINE('',#9407,#2055);
#1391=LINE('',#9410,#2056);
#1392=LINE('',#9412,#2057);
#1393=LINE('',#9413,#2058);
#1394=LINE('',#9416,#2059);
#1395=LINE('',#9418,#2060);
#1396=LINE('',#9419,#2061);
#1397=LINE('',#9422,#2062);
#1398=LINE('',#9424,#2063);
#1399=LINE('',#9425,#2064);
#1400=LINE('',#9443,#2065);
#1401=LINE('',#9451,#2066);
#1402=LINE('',#9453,#2067);
#1403=LINE('',#9454,#2068);
#1404=LINE('',#9472,#2069);
#1405=LINE('',#9480,#2070);
#1406=LINE('',#9482,#2071);
#1407=LINE('',#9483,#2072);
#1408=LINE('',#9486,#2073);
#1409=LINE('',#9488,#2074);
#1410=LINE('',#9489,#2075);
#1411=LINE('',#9491,#2076);
#1412=LINE('',#9492,#2077);
#1413=LINE('',#9497,#2078);
#1414=LINE('',#9499,#2079);
#1415=LINE('',#9501,#2080);
#1416=LINE('',#9502,#2081);
#1417=LINE('',#9505,#2082);
#1418=LINE('',#9507,#2083);
#1419=LINE('',#9508,#2084);
#1420=LINE('',#9526,#2085);
#1421=LINE('',#9534,#2086);
#1422=LINE('',#9536,#2087);
#1423=LINE('',#9537,#2088);
#1424=LINE('',#9549,#2089);
#1425=LINE('',#9564,#2090);
#1426=LINE('',#9579,#2091);
#1427=LINE('',#9585,#2092);
#1428=LINE('',#9587,#2093);
#1429=LINE('',#9588,#2094);
#1430=LINE('',#9606,#2095);
#1431=LINE('',#9614,#2096);
#1432=LINE('',#9616,#2097);
#1433=LINE('',#9617,#2098);
#1434=LINE('',#9620,#2099);
#1435=LINE('',#9622,#2100);
#1436=LINE('',#9623,#2101);
#1437=LINE('',#9626,#2102);
#1438=LINE('',#9628,#2103);
#1439=LINE('',#9629,#2104);
#1440=LINE('',#9632,#2105);
#1441=LINE('',#9634,#2106);
#1442=LINE('',#9635,#2107);
#1443=LINE('',#9638,#2108);
#1444=LINE('',#9640,#2109);
#1445=LINE('',#9641,#2110);
#1446=LINE('',#9659,#2111);
#1447=LINE('',#9667,#2112);
#1448=LINE('',#9669,#2113);
#1449=LINE('',#9670,#2114);
#1450=LINE('',#9688,#2115);
#1451=LINE('',#9696,#2116);
#1452=LINE('',#9698,#2117);
#1453=LINE('',#9699,#2118);
#1454=LINE('',#9702,#2119);
#1455=LINE('',#9704,#2120);
#1456=LINE('',#9705,#2121);
#1457=LINE('',#9707,#2122);
#1458=LINE('',#9708,#2123);
#1459=LINE('',#9713,#2124);
#1460=LINE('',#9715,#2125);
#1461=LINE('',#9717,#2126);
#1462=LINE('',#9718,#2127);
#1463=LINE('',#9721,#2128);
#1464=LINE('',#9723,#2129);
#1465=LINE('',#9724,#2130);
#1466=LINE('',#9736,#2131);
#1467=LINE('',#9754,#2132);
#1468=LINE('',#9776,#2133);
#1469=LINE('',#9799,#2134);
#1470=LINE('',#9819,#2135);
#1471=LINE('',#9826,#2136);
#1472=LINE('',#9828,#2137);
#1473=LINE('',#9829,#2138);
#1474=LINE('',#9841,#2139);
#1475=LINE('',#9859,#2140);
#1476=LINE('',#9875,#2141);
#1477=LINE('',#9890,#2142);
#1478=LINE('',#9911,#2143);
#1479=LINE('',#9931,#2144);
#1480=LINE('',#9938,#2145);
#1481=LINE('',#9940,#2146);
#1482=LINE('',#9941,#2147);
#1483=LINE('',#9943,#2148);
#1484=LINE('',#9944,#2149);
#1485=LINE('',#9949,#2150);
#1486=LINE('',#9951,#2151);
#1487=LINE('',#9953,#2152);
#1488=LINE('',#9954,#2153);
#1489=LINE('',#9957,#2154);
#1490=LINE('',#9959,#2155);
#1491=LINE('',#9960,#2156);
#1492=LINE('',#9978,#2157);
#1493=LINE('',#9986,#2158);
#1494=LINE('',#9988,#2159);
#1495=LINE('',#9989,#2160);
#1496=LINE('',#10007,#2161);
#1497=LINE('',#10015,#2162);
#1498=LINE('',#10017,#2163);
#1499=LINE('',#10018,#2164);
#1500=LINE('',#10021,#2165);
#1501=LINE('',#10023,#2166);
#1502=LINE('',#10024,#2167);
#1503=LINE('',#10027,#2168);
#1504=LINE('',#10029,#2169);
#1505=LINE('',#10030,#2170);
#1506=LINE('',#10033,#2171);
#1507=LINE('',#10035,#2172);
#1508=LINE('',#10036,#2173);
#1509=LINE('',#10039,#2174);
#1510=LINE('',#10041,#2175);
#1511=LINE('',#10042,#2176);
#1512=LINE('',#10060,#2177);
#1513=LINE('',#10068,#2178);
#1514=LINE('',#10070,#2179);
#1515=LINE('',#10071,#2180);
#1516=LINE('',#10089,#2181);
#1517=LINE('',#10097,#2182);
#1518=LINE('',#10099,#2183);
#1519=LINE('',#10100,#2184);
#1520=LINE('',#10103,#2185);
#1521=LINE('',#10105,#2186);
#1522=LINE('',#10106,#2187);
#1523=LINE('',#10108,#2188);
#1524=LINE('',#10109,#2189);
#1525=LINE('',#10114,#2190);
#1526=LINE('',#10116,#2191);
#1527=LINE('',#10118,#2192);
#1528=LINE('',#10119,#2193);
#1529=LINE('',#10122,#2194);
#1530=LINE('',#10124,#2195);
#1531=LINE('',#10125,#2196);
#1532=LINE('',#10143,#2197);
#1533=LINE('',#10151,#2198);
#1534=LINE('',#10153,#2199);
#1535=LINE('',#10154,#2200);
#1536=LINE('',#10157,#2201);
#1537=LINE('',#10159,#2202);
#1538=LINE('',#10160,#2203);
#1539=LINE('',#10163,#2204);
#1540=LINE('',#10165,#2205);
#1541=LINE('',#10166,#2206);
#1542=LINE('',#10184,#2207);
#1543=LINE('',#10192,#2208);
#1544=LINE('',#10194,#2209);
#1545=LINE('',#10195,#2210);
#1546=LINE('',#10198,#2211);
#1547=LINE('',#10200,#2212);
#1548=LINE('',#10201,#2213);
#1549=LINE('',#10204,#2214);
#1550=LINE('',#10206,#2215);
#1551=LINE('',#10207,#2216);
#1552=LINE('',#10210,#2217);
#1553=LINE('',#10212,#2218);
#1554=LINE('',#10213,#2219);
#1555=LINE('',#10216,#2220);
#1556=LINE('',#10218,#2221);
#1557=LINE('',#10219,#2222);
#1558=LINE('',#10237,#2223);
#1559=LINE('',#10245,#2224);
#1560=LINE('',#10247,#2225);
#1561=LINE('',#10248,#2226);
#1562=LINE('',#10251,#2227);
#1563=LINE('',#10253,#2228);
#1564=LINE('',#10254,#2229);
#1565=LINE('',#10272,#2230);
#1566=LINE('',#10280,#2231);
#1567=LINE('',#10282,#2232);
#1568=LINE('',#10283,#2233);
#1569=LINE('',#10286,#2234);
#1570=LINE('',#10288,#2235);
#1571=LINE('',#10289,#2236);
#1572=LINE('',#10292,#2237);
#1573=LINE('',#10294,#2238);
#1574=LINE('',#10295,#2239);
#1575=LINE('',#10298,#2240);
#1576=LINE('',#10300,#2241);
#1577=LINE('',#10301,#2242);
#1578=LINE('',#10304,#2243);
#1579=LINE('',#10306,#2244);
#1580=LINE('',#10307,#2245);
#1581=LINE('',#10325,#2246);
#1582=LINE('',#10333,#2247);
#1583=LINE('',#10335,#2248);
#1584=LINE('',#10336,#2249);
#1585=LINE('',#10354,#2250);
#1586=LINE('',#10362,#2251);
#1587=LINE('',#10364,#2252);
#1588=LINE('',#10365,#2253);
#1589=LINE('',#10368,#2254);
#1590=LINE('',#10370,#2255);
#1591=LINE('',#10371,#2256);
#1592=LINE('',#10373,#2257);
#1593=LINE('',#10374,#2258);
#1594=LINE('',#10381,#2259);
#1595=LINE('',#10384,#2260);
#1596=LINE('',#10387,#2261);
#1597=LINE('',#10389,#2262);
#1598=LINE('',#10390,#2263);
#1599=LINE('',#10396,#2264);
#1600=LINE('',#10398,#2265);
#1601=LINE('',#10399,#2266);
#1602=LINE('',#10406,#2267);
#1603=LINE('',#10409,#2268);
#1604=LINE('',#10412,#2269);
#1605=LINE('',#10415,#2270);
#1606=LINE('',#10418,#2271);
#1607=LINE('',#10420,#2272);
#1608=LINE('',#10422,#2273);
#1609=LINE('',#10424,#2274);
#1610=LINE('',#10426,#2275);
#1611=LINE('',#10427,#2276);
#1612=LINE('',#10432,#2277);
#1613=LINE('',#10435,#2278);
#1614=LINE('',#10441,#2279);
#1615=LINE('',#10444,#2280);
#1616=LINE('',#10449,#2281);
#1617=LINE('',#10453,#2282);
#1618=LINE('',#10477,#2283);
#1619=LINE('',#10481,#2284);
#1620=LINE('',#10501,#2285);
#1621=LINE('',#10505,#2286);
#1622=LINE('',#10525,#2287);
#1623=LINE('',#10529,#2288);
#1624=LINE('',#10548,#2289);
#1625=LINE('',#10550,#2290);
#1626=LINE('',#10551,#2291);
#1627=LINE('',#10554,#2292);
#1628=LINE('',#10558,#2293);
#1629=LINE('',#10559,#2294);
#1630=LINE('',#10562,#2295);
#1631=LINE('',#10566,#2296);
#1632=LINE('',#10567,#2297);
#1633=LINE('',#10570,#2298);
#1634=LINE('',#10575,#2299);
#1635=LINE('',#10578,#2300);
#1636=LINE('',#10580,#2301);
#1637=LINE('',#10586,#2302);
#1638=LINE('',#10590,#2303);
#1639=LINE('',#10592,#2304);
#1640=LINE('',#10594,#2305);
#1641=LINE('',#10595,#2306);
#1642=LINE('',#10597,#2307);
#1643=LINE('',#10601,#2308);
#1644=LINE('',#10604,#2309);
#1645=LINE('',#10606,#2310);
#1646=LINE('',#10608,#2311);
#1647=LINE('',#10612,#2312);
#1648=LINE('',#10615,#2313);
#1649=LINE('',#10624,#2314);
#1650=LINE('',#10632,#2315);
#1651=LINE('',#10633,#2316);
#1652=LINE('',#10639,#2317);
#1653=LINE('',#10640,#2318);
#1654=LINE('',#10643,#2319);
#1655=LINE('',#10644,#2320);
#1656=LINE('',#10648,#2321);
#1657=LINE('',#10650,#2322);
#1658=LINE('',#10653,#2323);
#1659=LINE('',#10655,#2324);
#1660=LINE('',#10657,#2325);
#1661=LINE('',#10661,#2326);
#1662=LINE('',#10672,#2327);
#1663=LINE('',#10691,#2328);
#1664=LINE('',#10700,#2329);
#1665=LINE('',#10706,#2330);
#1666=LINE('',#10713,#2331);
#1667=LINE('',#10718,#2332);
#1668=LINE('',#10724,#2333);
#1669=LINE('',#10726,#2334);
#1670=LINE('',#10728,#2335);
#1671=LINE('',#10730,#2336);
#1672=LINE('',#10732,#2337);
#1673=LINE('',#10733,#2338);
#1674=LINE('',#10736,#2339);
#1675=LINE('',#10738,#2340);
#1676=LINE('',#10739,#2341);
#1677=LINE('',#10743,#2342);
#1678=LINE('',#10744,#2343);
#1679=LINE('',#10746,#2344);
#1680=LINE('',#10748,#2345);
#1681=LINE('',#10749,#2346);
#1682=LINE('',#10753,#2347);
#1683=LINE('',#10755,#2348);
#1684=LINE('',#10757,#2349);
#1685=LINE('',#10758,#2350);
#1686=LINE('',#10760,#2351);
#1687=LINE('',#10761,#2352);
#1688=LINE('',#10764,#2353);
#1689=LINE('',#10766,#2354);
#1690=LINE('',#10768,#2355);
#1691=LINE('',#10769,#2356);
#1692=LINE('',#10771,#2357);
#1693=LINE('',#10772,#2358);
#1694=LINE('',#10778,#2359);
#1695=LINE('',#10780,#2360);
#1696=LINE('',#10782,#2361);
#1697=LINE('',#10784,#2362);
#1698=LINE('',#10786,#2363);
#1699=LINE('',#10787,#2364);
#1700=LINE('',#10790,#2365);
#1701=LINE('',#10792,#2366);
#1702=LINE('',#10793,#2367);
#1703=LINE('',#10797,#2368);
#1704=LINE('',#10798,#2369);
#1705=LINE('',#10800,#2370);
#1706=LINE('',#10802,#2371);
#1707=LINE('',#10803,#2372);
#1708=LINE('',#10807,#2373);
#1709=LINE('',#10809,#2374);
#1710=LINE('',#10811,#2375);
#1711=LINE('',#10812,#2376);
#1712=LINE('',#10814,#2377);
#1713=LINE('',#10815,#2378);
#1714=LINE('',#10818,#2379);
#1715=LINE('',#10820,#2380);
#1716=LINE('',#10822,#2381);
#1717=LINE('',#10823,#2382);
#1718=LINE('',#10825,#2383);
#1719=LINE('',#10826,#2384);
#1720=LINE('',#10832,#2385);
#1721=LINE('',#10834,#2386);
#1722=LINE('',#10836,#2387);
#1723=LINE('',#10838,#2388);
#1724=LINE('',#10840,#2389);
#1725=LINE('',#10841,#2390);
#1726=LINE('',#10844,#2391);
#1727=LINE('',#10846,#2392);
#1728=LINE('',#10847,#2393);
#1729=LINE('',#10851,#2394);
#1730=LINE('',#10853,#2395);
#1731=LINE('',#10855,#2396);
#1732=LINE('',#10856,#2397);
#1733=LINE('',#10857,#2398);
#1734=LINE('',#10861,#2399);
#1735=LINE('',#10863,#2400);
#1736=LINE('',#10865,#2401);
#1737=LINE('',#10866,#2402);
#1738=LINE('',#10868,#2403);
#1739=LINE('',#10869,#2404);
#1740=LINE('',#10872,#2405);
#1741=LINE('',#10874,#2406);
#1742=LINE('',#10876,#2407);
#1743=LINE('',#10877,#2408);
#1744=LINE('',#10879,#2409);
#1745=LINE('',#10880,#2410);
#1746=LINE('',#10886,#2411);
#1747=LINE('',#10888,#2412);
#1748=LINE('',#10890,#2413);
#1749=LINE('',#10892,#2414);
#1750=LINE('',#10894,#2415);
#1751=LINE('',#10895,#2416);
#1752=LINE('',#10898,#2417);
#1753=LINE('',#10900,#2418);
#1754=LINE('',#10901,#2419);
#1755=LINE('',#10905,#2420);
#1756=LINE('',#10907,#2421);
#1757=LINE('',#10909,#2422);
#1758=LINE('',#10910,#2423);
#1759=LINE('',#10911,#2424);
#1760=LINE('',#10915,#2425);
#1761=LINE('',#10917,#2426);
#1762=LINE('',#10919,#2427);
#1763=LINE('',#10920,#2428);
#1764=LINE('',#10922,#2429);
#1765=LINE('',#10923,#2430);
#1766=LINE('',#10926,#2431);
#1767=LINE('',#10928,#2432);
#1768=LINE('',#10930,#2433);
#1769=LINE('',#10931,#2434);
#1770=LINE('',#10933,#2435);
#1771=LINE('',#10934,#2436);
#1772=LINE('',#10941,#2437);
#1773=LINE('',#10947,#2438);
#1774=LINE('',#10953,#2439);
#1775=LINE('',#10982,#2440);
#1776=LINE('',#10986,#2441);
#1777=LINE('',#10989,#2442);
#1778=LINE('',#10993,#2443);
#1779=LINE('',#10998,#2444);
#1780=LINE('',#11006,#2445);
#1781=LINE('',#11007,#2446);
#1782=LINE('',#11008,#2447);
#1783=LINE('',#11011,#2448);
#1784=LINE('',#11013,#2449);
#1785=LINE('',#11014,#2450);
#1786=LINE('',#11017,#2451);
#1787=LINE('',#11019,#2452);
#1788=LINE('',#11020,#2453);
#1789=LINE('',#11024,#2454);
#1790=LINE('',#11028,#2455);
#1791=LINE('',#11032,#2456);
#1792=LINE('',#11035,#2457);
#1793=LINE('',#11039,#2458);
#1794=LINE('',#11043,#2459);
#1795=LINE('',#11047,#2460);
#1796=LINE('',#11050,#2461);
#1797=LINE('',#11054,#2462);
#1798=LINE('',#11057,#2463);
#1799=LINE('',#11068,#2464);
#1800=LINE('',#11070,#2465);
#1801=LINE('',#11071,#2466);
#1802=LINE('',#11076,#2467);
#1803=LINE('',#11077,#2468);
#1804=LINE('',#11081,#2469);
#1805=LINE('',#11082,#2470);
#1806=LINE('',#11083,#2471);
#1807=LINE('',#11086,#2472);
#1808=LINE('',#11088,#2473);
#1809=LINE('',#11090,#2474);
#1810=LINE('',#11091,#2475);
#1811=LINE('',#11095,#2476);
#1812=LINE('',#11097,#2477);
#1813=LINE('',#11099,#2478);
#1814=LINE('',#11100,#2479);
#1815=LINE('',#11101,#2480);
#1816=LINE('',#11104,#2481);
#1817=LINE('',#11108,#2482);
#1818=LINE('',#11112,#2483);
#1819=LINE('',#11116,#2484);
#1820=LINE('',#11120,#2485);
#1821=LINE('',#11124,#2486);
#1822=LINE('',#11128,#2487);
#1823=LINE('',#11132,#2488);
#1824=LINE('',#11149,#2489);
#1825=LINE('',#11152,#2490);
#1826=LINE('',#11155,#2491);
#1827=LINE('',#11156,#2492);
#1828=LINE('',#11160,#2493);
#1829=LINE('',#11163,#2494);
#1830=LINE('',#11164,#2495);
#1831=LINE('',#11168,#2496);
#1832=LINE('',#11171,#2497);
#1833=LINE('',#11172,#2498);
#1834=LINE('',#11176,#2499);
#1835=LINE('',#11179,#2500);
#1836=LINE('',#11180,#2501);
#1837=LINE('',#11184,#2502);
#1838=LINE('',#11187,#2503);
#1839=LINE('',#11188,#2504);
#1840=LINE('',#11192,#2505);
#1841=LINE('',#11195,#2506);
#1842=LINE('',#11196,#2507);
#1843=LINE('',#11200,#2508);
#1844=LINE('',#11203,#2509);
#1845=LINE('',#11204,#2510);
#1846=LINE('',#11208,#2511);
#1847=LINE('',#11210,#2512);
#1848=VECTOR('',#7003,0.0393700787401575);
#1849=VECTOR('',#7010,0.0858267716535433);
#1850=VECTOR('',#7025,0.00433070866141732);
#1851=VECTOR('',#7028,0.0216535433070866);
#1852=VECTOR('',#7037,0.0344488188976378);
#1853=VECTOR('',#7044,0.0809055118110236);
#1854=VECTOR('',#7053,0.0314960629921261);
#1855=VECTOR('',#7054,0.031496062992126);
#1856=VECTOR('',#7055,0.0314960629921261);
#1857=VECTOR('',#7056,0.031496062992126);
#1858=VECTOR('',#7059,0.0582677165354331);
#1859=VECTOR('',#7060,0.136495562917629);
#1860=VECTOR('',#7061,0.0314960629921261);
#1861=VECTOR('',#7062,0.104999499925503);
#1862=VECTOR('',#7063,0.026771653543307);
#1863=VECTOR('',#7064,0.031496062992126);
#1864=VECTOR('',#7067,0.0582677165354331);
#1865=VECTOR('',#7068,0.0314960629921259);
#1866=VECTOR('',#7069,0.026771653543307);
#1867=VECTOR('',#7070,0.104999499925503);
#1868=VECTOR('',#7071,0.0314960629921261);
#1869=VECTOR('',#7072,0.136495562917629);
#1870=VECTOR('',#7075,0.0582677165354331);
#1871=VECTOR('',#7076,0.136495562917629);
#1872=VECTOR('',#7077,0.0314960629921259);
#1873=VECTOR('',#7078,0.104999499925503);
#1874=VECTOR('',#7079,0.0267716535433072);
#1875=VECTOR('',#7082,0.0314960629921261);
#1876=VECTOR('',#7083,0.136495562917629);
#1877=VECTOR('',#7084,0.0314960629921261);
#1878=VECTOR('',#7085,0.136495562917629);
#1879=VECTOR('',#7088,0.0314960629921261);
#1880=VECTOR('',#7089,0.0314960629921261);
#1881=VECTOR('',#7092,0.0582677165354331);
#1882=VECTOR('',#7093,0.136495562917629);
#1883=VECTOR('',#7094,0.031496062992126);
#1884=VECTOR('',#7095,0.104999499925503);
#1885=VECTOR('',#7096,0.0267716535433071);
#1886=VECTOR('',#7097,0.031496062992126);
#1887=VECTOR('',#7100,0.031496062992126);
#1888=VECTOR('',#7101,0.136495562917629);
#1889=VECTOR('',#7102,0.0314960629921261);
#1890=VECTOR('',#7105,0.0582677165354331);
#1891=VECTOR('',#7106,0.031496062992126);
#1892=VECTOR('',#7107,0.0267716535433071);
#1893=VECTOR('',#7108,0.104999499925503);
#1894=VECTOR('',#7109,0.031496062992126);
#1895=VECTOR('',#7112,0.0582677165354331);
#1896=VECTOR('',#7113,0.031496062992126);
#1897=VECTOR('',#7114,0.104999499925503);
#1898=VECTOR('',#7115,0.0267716535433071);
#1899=VECTOR('',#7116,0.031496062992126);
#1900=VECTOR('',#7123,0.0118110236220473);
#1901=VECTOR('',#7124,0.0392816467835615);
#1902=VECTOR('',#7125,0.0392816467835615);
#1903=VECTOR('',#7128,0.0118110236220473);
#1904=VECTOR('',#7129,0.0392816467835615);
#1905=VECTOR('',#7132,0.0118110236220473);
#1906=VECTOR('',#7133,0.0392816467835616);
#1907=VECTOR('',#7134,0.0314960629921261);
#1908=VECTOR('',#7137,0.0118110236220473);
#1909=VECTOR('',#7142,0.0118110236220473);
#1910=VECTOR('',#7143,0.0392816467835616);
#1911=VECTOR('',#7144,0.0314960629921261);
#1912=VECTOR('',#7145,0.0392816467835615);
#1913=VECTOR('',#7148,0.0118110236220472);
#1914=VECTOR('',#7149,0.0392816467835615);
#1915=VECTOR('',#7150,0.031496062992126);
#1916=VECTOR('',#7153,0.0118110236220473);
#1917=VECTOR('',#7154,0.0392816467835615);
#1918=VECTOR('',#7157,0.0118110236220472);
#1919=VECTOR('',#7160,0.104999499925503);
#1920=VECTOR('',#7161,0.0314960629921261);
#1921=VECTOR('',#7166,0.0392816467835615);
#1922=VECTOR('',#7167,0.0118110236220472);
#1923=VECTOR('',#7168,0.0392816467835616);
#1924=VECTOR('',#7171,0.0118110236220473);
#1925=VECTOR('',#7172,0.0392816467835615);
#1926=VECTOR('',#7173,0.0314960629921261);
#1927=VECTOR('',#7176,0.0118110236220472);
#1928=VECTOR('',#7177,0.0392816467835615);
#1929=VECTOR('',#7180,0.0118110236220473);
#1930=VECTOR('',#7183,0.031496062992126);
#1931=VECTOR('',#7184,0.136495562917629);
#1932=VECTOR('',#7185,0.0314960629921261);
#1933=VECTOR('',#7188,0.0582677165354331);
#1934=VECTOR('',#7189,0.0314960629921259);
#1935=VECTOR('',#7190,0.0267716535433071);
#1936=VECTOR('',#7195,0.0392816467835615);
#1937=VECTOR('',#7196,0.0118110236220472);
#1938=VECTOR('',#7197,0.0392816467835616);
#1939=VECTOR('',#7200,0.0118110236220472);
#1940=VECTOR('',#7201,0.0392816467835616);
#1941=VECTOR('',#7202,0.0314960629921261);
#1942=VECTOR('',#7205,0.0118110236220472);
#1943=VECTOR('',#7206,0.0392816467835616);
#1944=VECTOR('',#7207,0.0314960629921259);
#1945=VECTOR('',#7210,0.0118110236220472);
#1946=VECTOR('',#7215,0.104999499925503);
#1947=VECTOR('',#7216,0.0314960629921261);
#1948=VECTOR('',#7219,0.0314960629921261);
#1949=VECTOR('',#7222,0.0314960629921261);
#1950=VECTOR('',#7225,0.0314960629921261);
#1951=VECTOR('',#7226,0.0314960629921261);
#1952=VECTOR('',#7229,0.031496062992126);
#1953=VECTOR('',#7230,0.0314960629921261);
#1954=VECTOR('',#7233,0.031496062992126);
#1955=VECTOR('',#7234,0.0314960629921261);
#1956=VECTOR('',#7237,0.0267716535433072);
#1957=VECTOR('',#7242,0.0582677165354331);
#1958=VECTOR('',#7249,0.010093333078381);
#1959=VECTOR('',#7250,0.00984251968503937);
#1960=VECTOR('',#7251,0.010093333078381);
#1961=VECTOR('',#7252,0.00984251968503937);
#1962=VECTOR('',#7255,0.0204230012906738);
#1963=VECTOR('',#7256,0.00984251968503937);
#1964=VECTOR('',#7257,0.0204230012906738);
#1965=VECTOR('',#7260,0.01775453770414);
#1966=VECTOR('',#7261,0.01775453770414);
#1967=VECTOR('',#7264,0.0139847386025761);
#1968=VECTOR('',#7265,0.00984251968503937);
#1969=VECTOR('',#7266,0.0139847386025761);
#1970=VECTOR('',#7267,0.00984251968503937);
#1971=VECTOR('',#7270,0.00443863442603504);
#1972=VECTOR('',#7271,0.00443863442603504);
#1973=VECTOR('',#7272,0.00984251968503937);
#1974=VECTOR('',#7275,0.0294468546252959);
#1975=VECTOR('',#7276,0.0294468546252959);
#1976=VECTOR('',#7277,0.00984251968503937);
#1977=VECTOR('',#7280,0.00325297180538188);
#1978=VECTOR('',#7281,0.00325297180538188);
#1979=VECTOR('',#7282,0.00984251968503937);
#1980=VECTOR('',#7285,0.0255069471468724);
#1981=VECTOR('',#7286,0.0255069471468724);
#1982=VECTOR('',#7287,0.00984251968503937);
#1983=VECTOR('',#7290,0.00437783121471949);
#1984=VECTOR('',#7291,0.00437783121471949);
#1985=VECTOR('',#7292,0.00984251968503937);
#1986=VECTOR('',#7295,0.00443863442603504);
#1987=VECTOR('',#7296,0.00443863442603504);
#1988=VECTOR('',#7297,0.00984251968503937);
#1989=VECTOR('',#7300,0.00437783121471949);
#1990=VECTOR('',#7301,0.00437783121471949);
#1991=VECTOR('',#7302,0.00984251968503937);
#1992=VECTOR('',#7305,0.00942449775390996);
#1993=VECTOR('',#7306,0.00942449775390996);
#1994=VECTOR('',#7307,0.00984251968503937);
#1995=VECTOR('',#7310,0.00398261034116843);
#1996=VECTOR('',#7311,0.00398261034116843);
#1997=VECTOR('',#7312,0.00984251968503937);
#1998=VECTOR('',#7315,0.00942449775390996);
#1999=VECTOR('',#7316,0.00942449775390996);
#2000=VECTOR('',#7323,0.236220472440945);
#2001=VECTOR('',#7326,0.236220472440945);
#2002=VECTOR('',#7329,0.236220472440945);
#2003=VECTOR('',#7332,0.15748031496063);
#2004=VECTOR('',#7335,0.078740157480315);
#2005=VECTOR('',#7338,0.15748031496063);
#2006=VECTOR('',#7343,0.0236220472440945);
#2007=VECTOR('',#7352,0.0236220472440945);
#2008=VECTOR('',#7361,0.0236220472440945);
#2009=VECTOR('',#7364,0.0164634801470552);
#2010=VECTOR('',#7365,0.00787401574803157);
#2011=VECTOR('',#7366,0.0164634801470552);
#2012=VECTOR('',#7367,0.00787401574803157);
#2013=VECTOR('',#7370,0.00391859345595047);
#2014=VECTOR('',#7371,0.00787401574803157);
#2015=VECTOR('',#7372,0.00391859345595047);
#2016=VECTOR('',#7373,0.00787401574803157);
#2017=VECTOR('',#7376,0.012763526034228);
#2018=VECTOR('',#7377,0.00787401574803157);
#2019=VECTOR('',#7378,0.012763526034228);
#2020=VECTOR('',#7381,0.0226695462398975);
#2021=VECTOR('',#7382,0.00787401574803157);
#2022=VECTOR('',#7383,0.0226695462398975);
#2023=VECTOR('',#7386,0.00581026185140228);
#2024=VECTOR('',#7387,0.00787401574803157);
#2025=VECTOR('',#7388,0.00581026185140228);
#2026=VECTOR('',#7389,0.00787401574803157);
#2027=VECTOR('',#7392,0.00157162820570717);
#2028=VECTOR('',#7393,0.00787401574803157);
#2029=VECTOR('',#7394,0.00157162820570717);
#2030=VECTOR('',#7397,0.00414338345140984);
#2031=VECTOR('',#7398,0.00787401574803157);
#2032=VECTOR('',#7399,0.00414338345140984);
#2033=VECTOR('',#7402,0.0259080528455971);
#2034=VECTOR('',#7403,0.00787401574803157);
#2035=VECTOR('',#7404,0.0259080528455971);
#2036=VECTOR('',#7407,0.00414338345140984);
#2037=VECTOR('',#7408,0.00787401574803157);
#2038=VECTOR('',#7409,0.00414338345140984);
#2039=VECTOR('',#7412,0.00228600466284682);
#2040=VECTOR('',#7413,0.00787401574803157);
#2041=VECTOR('',#7414,0.00228600466284682);
#2042=VECTOR('',#7415,0.00787401574803157);
#2043=VECTOR('',#7418,0.00642938811425661);
#2044=VECTOR('',#7419,0.00787401574803157);
#2045=VECTOR('',#7420,0.00642938811425661);
#2046=VECTOR('',#7423,0.0183832874970597);
#2047=VECTOR('',#7424,0.00787401574803157);
#2048=VECTOR('',#7425,0.0183832874970597);
#2049=VECTOR('',#7426,0.00787401574803157);
#2050=VECTOR('',#7429,0.00157162820570717);
#2051=VECTOR('',#7430,0.00787401574803157);
#2052=VECTOR('',#7431,0.00157162820570717);
#2053=VECTOR('',#7434,0.00357188228569816);
#2054=VECTOR('',#7435,0.00787401574803157);
#2055=VECTOR('',#7436,0.00357188228569816);
#2056=VECTOR('',#7439,0.0224790458513269);
#2057=VECTOR('',#7440,0.00787401574803157);
#2058=VECTOR('',#7441,0.0224790458513269);
#2059=VECTOR('',#7444,0.00357188228569816);
#2060=VECTOR('',#7445,0.00787401574803157);
#2061=VECTOR('',#7446,0.00357188228569816);
#2062=VECTOR('',#7449,0.00142875291427926);
#2063=VECTOR('',#7450,0.00787401574803157);
#2064=VECTOR('',#7451,0.00142875291427926);
#2065=VECTOR('',#7452,0.00787401574803157);
#2066=VECTOR('',#7455,0.0401479568912469);
#2067=VECTOR('',#7456,0.00787401574803157);
#2068=VECTOR('',#7457,0.0401479568912469);
#2069=VECTOR('',#7458,0.00787401574803157);
#2070=VECTOR('',#7461,0.00200025407999096);
#2071=VECTOR('',#7462,0.00787401574803157);
#2072=VECTOR('',#7463,0.00200025407999096);
#2073=VECTOR('',#7466,0.00357188228569816);
#2074=VECTOR('',#7467,0.00787401574803157);
#2075=VECTOR('',#7468,0.00357188228569816);
#2076=VECTOR('',#7471,0.0451485920912244);
#2077=VECTOR('',#7472,0.0451485920912244);
#2078=VECTOR('',#7477,0.00357188228569816);
#2079=VECTOR('',#7478,0.0078740157480315);
#2080=VECTOR('',#7479,0.00357188228569816);
#2081=VECTOR('',#7480,0.0078740157480315);
#2082=VECTOR('',#7483,0.00209550427427624);
#2083=VECTOR('',#7484,0.0078740157480315);
#2084=VECTOR('',#7485,0.00209550427427624);
#2085=VECTOR('',#7486,0.0078740157480315);
#2086=VECTOR('',#7489,0.041195709028385);
#2087=VECTOR('',#7490,0.0078740157480315);
#2088=VECTOR('',#7491,0.041195709028385);
#2089=VECTOR('',#7492,0.0078740157480315);
#2090=VECTOR('',#7493,0.0078740157480315);
#2091=VECTOR('',#7494,0.0078740157480315);
#2092=VECTOR('',#7497,0.00314325641141435);
#2093=VECTOR('',#7498,0.0078740157480315);
#2094=VECTOR('',#7499,0.00314325641141435);
#2095=VECTOR('',#7500,0.0078740157480315);
#2096=VECTOR('',#7503,0.003976053904135);
#2097=VECTOR('',#7504,0.0078740157480315);
#2098=VECTOR('',#7505,0.003976053904135);
#2099=VECTOR('',#7508,0.0196285322681122);
#2100=VECTOR('',#7509,0.0078740157480315);
#2101=VECTOR('',#7510,0.0196285322681122);
#2102=VECTOR('',#7513,0.0424339615540937);
#2103=VECTOR('',#7514,0.0078740157480315);
#2104=VECTOR('',#7515,0.0424339615540937);
#2105=VECTOR('',#7518,0.00357188228569816);
#2106=VECTOR('',#7519,0.0078740157480315);
#2107=VECTOR('',#7520,0.00357188228569816);
#2108=VECTOR('',#7523,0.00185737878856303);
#2109=VECTOR('',#7524,0.0078740157480315);
#2110=VECTOR('',#7525,0.00185737878856303);
#2111=VECTOR('',#7526,0.0078740157480315);
#2112=VECTOR('',#7529,0.0401479568912469);
#2113=VECTOR('',#7530,0.0078740157480315);
#2114=VECTOR('',#7531,0.0401479568912469);
#2115=VECTOR('',#7532,0.0078740157480315);
#2116=VECTOR('',#7535,0.00185737878856303);
#2117=VECTOR('',#7536,0.0078740157480315);
#2118=VECTOR('',#7537,0.00185737878856303);
#2119=VECTOR('',#7540,0.00357188228569816);
#2120=VECTOR('',#7541,0.0078740157480315);
#2121=VECTOR('',#7542,0.00357188228569816);
#2122=VECTOR('',#7545,0.022860046628468);
#2123=VECTOR('',#7546,0.022860046628468);
#2124=VECTOR('',#7551,0.0203921078435884);
#2125=VECTOR('',#7552,0.0078740157480315);
#2126=VECTOR('',#7553,0.0203921078435884);
#2127=VECTOR('',#7554,0.0078740157480315);
#2128=VECTOR('',#7557,0.00410184541320878);
#2129=VECTOR('',#7558,0.0078740157480315);
#2130=VECTOR('',#7559,0.00410184541320882);
#2131=VECTOR('',#7560,0.0078740157480315);
#2132=VECTOR('',#7561,0.0078740157480315);
#2133=VECTOR('',#7562,0.0078740157480315);
#2134=VECTOR('',#7563,0.0078740157480315);
#2135=VECTOR('',#7564,0.0078740157480315);
#2136=VECTOR('',#7567,0.00410847555559607);
#2137=VECTOR('',#7568,0.0078740157480315);
#2138=VECTOR('',#7569,0.00410847555559607);
#2139=VECTOR('',#7570,0.0078740157480315);
#2140=VECTOR('',#7571,0.0078740157480315);
#2141=VECTOR('',#7572,0.0078740157480315);
#2142=VECTOR('',#7573,0.0078740157480315);
#2143=VECTOR('',#7574,0.0078740157480315);
#2144=VECTOR('',#7575,0.0078740157480315);
#2145=VECTOR('',#7578,0.00412665352105894);
#2146=VECTOR('',#7579,0.0078740157480315);
#2147=VECTOR('',#7580,0.00412665352105894);
#2148=VECTOR('',#7583,0.00304800621712908);
#2149=VECTOR('',#7584,0.00304800621712908);
#2150=VECTOR('',#7589,0.00357188228569816);
#2151=VECTOR('',#7590,0.0078740157480315);
#2152=VECTOR('',#7591,0.00357188228569816);
#2153=VECTOR('',#7592,0.0078740157480315);
#2154=VECTOR('',#7595,0.00176212859427774);
#2155=VECTOR('',#7596,0.0078740157480315);
#2156=VECTOR('',#7597,0.00176212859427774);
#2157=VECTOR('',#7598,0.0078740157480315);
#2158=VECTOR('',#7601,0.0380524526169707);
#2159=VECTOR('',#7602,0.0078740157480315);
#2160=VECTOR('',#7603,0.0380524526169707);
#2161=VECTOR('',#7604,0.0078740157480315);
#2162=VECTOR('',#7607,0.00176212859427774);
#2163=VECTOR('',#7608,0.0078740157480315);
#2164=VECTOR('',#7609,0.00176212859427774);
#2165=VECTOR('',#7612,0.00357188228569816);
#2166=VECTOR('',#7613,0.0078740157480315);
#2167=VECTOR('',#7614,0.00357188228569816);
#2168=VECTOR('',#7617,0.0226219211427548);
#2169=VECTOR('',#7618,0.0078740157480315);
#2170=VECTOR('',#7619,0.0226219211427548);
#2171=VECTOR('',#7622,0.00357188228569816);
#2172=VECTOR('',#7623,0.0078740157480315);
#2173=VECTOR('',#7624,0.00357188228569816);
#2174=VECTOR('',#7627,0.00185737878856303);
#2175=VECTOR('',#7628,0.0078740157480315);
#2176=VECTOR('',#7629,0.00185737878856303);
#2177=VECTOR('',#7630,0.0078740157480315);
#2178=VECTOR('',#7633,0.0389573294626809);
#2179=VECTOR('',#7634,0.0078740157480315);
#2180=VECTOR('',#7635,0.0389573294626809);
#2181=VECTOR('',#7636,0.0078740157480315);
#2182=VECTOR('',#7639,0.00185737878856303);
#2183=VECTOR('',#7640,0.0078740157480315);
#2184=VECTOR('',#7641,0.00185737878856303);
#2185=VECTOR('',#7644,0.00357188228569816);
#2186=VECTOR('',#7645,0.0078740157480315);
#2187=VECTOR('',#7646,0.00357188228569816);
#2188=VECTOR('',#7649,0.0226219211427548);
#2189=VECTOR('',#7650,0.0226219211427548);
#2190=VECTOR('',#7655,0.0164634801470552);
#2191=VECTOR('',#7656,0.00787401574803157);
#2192=VECTOR('',#7657,0.0164634801470552);
#2193=VECTOR('',#7658,0.00787401574803157);
#2194=VECTOR('',#7661,0.00391859345595045);
#2195=VECTOR('',#7662,0.00787401574803157);
#2196=VECTOR('',#7663,0.00391859345595044);
#2197=VECTOR('',#7664,0.00787401574803157);
#2198=VECTOR('',#7667,0.012763526034228);
#2199=VECTOR('',#7668,0.00787401574803157);
#2200=VECTOR('',#7669,0.012763526034228);
#2201=VECTOR('',#7672,0.0226695462398975);
#2202=VECTOR('',#7673,0.00787401574803157);
#2203=VECTOR('',#7674,0.0226695462398975);
#2204=VECTOR('',#7677,0.00581026185140228);
#2205=VECTOR('',#7678,0.00787401574803157);
#2206=VECTOR('',#7679,0.00581026185140228);
#2207=VECTOR('',#7680,0.00787401574803157);
#2208=VECTOR('',#7683,0.00157162820570717);
#2209=VECTOR('',#7684,0.00787401574803157);
#2210=VECTOR('',#7685,0.00157162820570717);
#2211=VECTOR('',#7688,0.0041433834514098);
#2212=VECTOR('',#7689,0.00787401574803157);
#2213=VECTOR('',#7690,0.0041433834514098);
#2214=VECTOR('',#7693,0.0259080528455971);
#2215=VECTOR('',#7694,0.00787401574803157);
#2216=VECTOR('',#7695,0.0259080528455971);
#2217=VECTOR('',#7698,0.0041433834514098);
#2218=VECTOR('',#7699,0.00787401574803157);
#2219=VECTOR('',#7700,0.0041433834514098);
#2220=VECTOR('',#7703,0.00228600466284682);
#2221=VECTOR('',#7704,0.00787401574803157);
#2222=VECTOR('',#7705,0.00228600466284682);
#2223=VECTOR('',#7706,0.00787401574803157);
#2224=VECTOR('',#7709,0.00642938811425665);
#2225=VECTOR('',#7710,0.00787401574803157);
#2226=VECTOR('',#7711,0.00642938811425665);
#2227=VECTOR('',#7714,0.0183832874970597);
#2228=VECTOR('',#7715,0.00787401574803157);
#2229=VECTOR('',#7716,0.0183832874970597);
#2230=VECTOR('',#7717,0.00787401574803157);
#2231=VECTOR('',#7720,0.0015716282057072);
#2232=VECTOR('',#7721,0.00787401574803157);
#2233=VECTOR('',#7722,0.0015716282057072);
#2234=VECTOR('',#7725,0.00357188228569816);
#2235=VECTOR('',#7726,0.00787401574803157);
#2236=VECTOR('',#7727,0.00357188228569816);
#2237=VECTOR('',#7730,0.0224790458513269);
#2238=VECTOR('',#7731,0.00787401574803157);
#2239=VECTOR('',#7732,0.0224790458513269);
#2240=VECTOR('',#7735,0.00357188228569816);
#2241=VECTOR('',#7736,0.00787401574803157);
#2242=VECTOR('',#7737,0.00357188228569816);
#2243=VECTOR('',#7740,0.00142875291427926);
#2244=VECTOR('',#7741,0.00787401574803157);
#2245=VECTOR('',#7742,0.00142875291427926);
#2246=VECTOR('',#7743,0.00787401574803157);
#2247=VECTOR('',#7746,0.0401479568912469);
#2248=VECTOR('',#7747,0.00787401574803157);
#2249=VECTOR('',#7748,0.0401479568912469);
#2250=VECTOR('',#7749,0.00787401574803157);
#2251=VECTOR('',#7752,0.00200025407999096);
#2252=VECTOR('',#7753,0.00787401574803157);
#2253=VECTOR('',#7754,0.00200025407999095);
#2254=VECTOR('',#7757,0.00357188228569816);
#2255=VECTOR('',#7758,0.00787401574803157);
#2256=VECTOR('',#7759,0.00357188228569816);
#2257=VECTOR('',#7762,0.0451485920912244);
#2258=VECTOR('',#7763,0.0451485920912244);
#2259=VECTOR('',#7770,0.00984251968503933);
#2260=VECTOR('',#7773,0.00984251968503933);
#2261=VECTOR('',#7776,0.216535433070866);
#2262=VECTOR('',#7777,0.216535433070866);
#2263=VECTOR('',#7778,0.00984251968503933);
#2264=VECTOR('',#7785,0.00984251968503933);
#2265=VECTOR('',#7788,0.216535433070866);
#2266=VECTOR('',#7789,0.216535433070866);
#2267=VECTOR('',#7796,0.118110236220472);
#2268=VECTOR('',#7799,0.118110236220472);
#2269=VECTOR('',#7802,0.137795275590551);
#2270=VECTOR('',#7805,0.137795275590552);
#2271=VECTOR('',#7808,0.433070866141732);
#2272=VECTOR('',#7809,0.118110236220472);
#2273=VECTOR('',#7810,0.137795275590551);
#2274=VECTOR('',#7811,0.570866141732283);
#2275=VECTOR('',#7812,0.15748031496063);
#2276=VECTOR('',#7813,0.570866141732283);
#2277=VECTOR('',#7816,0.433070866141732);
#2278=VECTOR('',#7819,0.433070866141732);
#2279=VECTOR('',#7826,0.118110236220472);
#2280=VECTOR('',#7829,0.137795275590552);
#2281=VECTOR('',#7836,0.0196850393700787);
#2282=VECTOR('',#7841,0.0196850393700787);
#2283=VECTOR('',#7852,0.15748031496063);
#2284=VECTOR('',#7857,0.236220472440945);
#2285=VECTOR('',#7872,0.078740157480315);
#2286=VECTOR('',#7877,0.236220472440945);
#2287=VECTOR('',#7892,0.15748031496063);
#2288=VECTOR('',#7897,0.236220472440945);
#2289=VECTOR('',#7902,0.236220472440945);
#2290=VECTOR('',#7903,0.236220472440945);
#2291=VECTOR('',#7904,0.236220472440945);
#2292=VECTOR('',#7907,0.236220472440945);
#2293=VECTOR('',#7912,0.236220472440945);
#2294=VECTOR('',#7913,0.236220472440945);
#2295=VECTOR('',#7916,0.236220472440945);
#2296=VECTOR('',#7921,0.236220472440945);
#2297=VECTOR('',#7922,0.236220472440945);
#2298=VECTOR('',#7925,0.236220472440945);
#2299=VECTOR('',#7932,0.236220472440945);
#2300=VECTOR('',#7935,0.236220472440945);
#2301=VECTOR('',#7938,0.15748031496063);
#2302=VECTOR('',#7943,0.354330708661417);
#2303=VECTOR('',#7946,0.688976377952756);
#2304=VECTOR('',#7947,0.236220472440945);
#2305=VECTOR('',#7948,0.236220472440945);
#2306=VECTOR('',#7949,0.688976377952756);
#2307=VECTOR('',#7950,0.078740157480315);
#2308=VECTOR('',#7953,0.15748031496063);
#2309=VECTOR('',#7958,0.236220472440945);
#2310=VECTOR('',#7961,0.236220472440945);
#2311=VECTOR('',#7964,0.236220472440945);
#2312=VECTOR('',#7969,0.295275590551181);
#2313=VECTOR('',#7972,0.295275590551181);
#2314=VECTOR('',#7985,0.15748031496063);
#2315=VECTOR('',#7996,0.295275590551181);
#2316=VECTOR('',#7997,0.295275590551181);
#2317=VECTOR('',#8004,0.00984251968503933);
#2318=VECTOR('',#8005,0.00984251968503933);
#2319=VECTOR('',#8008,0.433070866141732);
#2320=VECTOR('',#8009,0.00984251968503933);
#2321=VECTOR('',#8014,0.00984251968503933);
#2322=VECTOR('',#8017,0.433070866141732);
#2323=VECTOR('',#8022,0.570866141732283);
#2324=VECTOR('',#8025,0.570866141732283);
#2325=VECTOR('',#8028,0.433070866141732);
#2326=VECTOR('',#8033,0.0866141732283465);
#2327=VECTOR('',#8046,0.125984251968504);
#2328=VECTOR('',#8071,0.177165354330709);
#2329=VECTOR('',#8082,0.216535433070866);
#2330=VECTOR('',#8093,0.433070866141732);
#2331=VECTOR('',#8102,0.0314960629921261);
#2332=VECTOR('',#8109,0.0393700787401575);
#2333=VECTOR('',#8116,39.3700787401575);
#2334=VECTOR('',#8117,39.3700787401575);
#2335=VECTOR('',#8118,39.3700787401575);
#2336=VECTOR('',#8119,39.3700787401575);
#2337=VECTOR('',#8120,39.3700787401575);
#2338=VECTOR('',#8121,39.3700787401575);
#2339=VECTOR('',#8124,39.3700787401575);
#2340=VECTOR('',#8125,39.3700787401575);
#2341=VECTOR('',#8126,39.3700787401575);
#2342=VECTOR('',#8129,39.3700787401575);
#2343=VECTOR('',#8130,39.3700787401575);
#2344=VECTOR('',#8131,39.3700787401575);
#2345=VECTOR('',#8132,39.3700787401575);
#2346=VECTOR('',#8133,39.3700787401575);
#2347=VECTOR('',#8136,39.3700787401575);
#2348=VECTOR('',#8137,39.3700787401575);
#2349=VECTOR('',#8138,39.3700787401575);
#2350=VECTOR('',#8139,39.3700787401575);
#2351=VECTOR('',#8142,39.3700787401575);
#2352=VECTOR('',#8143,39.3700787401575);
#2353=VECTOR('',#8148,39.3700787401575);
#2354=VECTOR('',#8151,39.3700787401575);
#2355=VECTOR('',#8154,39.3700787401575);
#2356=VECTOR('',#8155,39.3700787401575);
#2357=VECTOR('',#8158,39.3700787401575);
#2358=VECTOR('',#8159,39.3700787401575);
#2359=VECTOR('',#8166,39.3700787401575);
#2360=VECTOR('',#8167,39.3700787401575);
#2361=VECTOR('',#8168,39.3700787401575);
#2362=VECTOR('',#8169,39.3700787401575);
#2363=VECTOR('',#8170,39.3700787401575);
#2364=VECTOR('',#8171,39.3700787401575);
#2365=VECTOR('',#8174,39.3700787401575);
#2366=VECTOR('',#8175,39.3700787401575);
#2367=VECTOR('',#8176,39.3700787401575);
#2368=VECTOR('',#8179,39.3700787401575);
#2369=VECTOR('',#8180,39.3700787401575);
#2370=VECTOR('',#8181,39.3700787401575);
#2371=VECTOR('',#8182,39.3700787401575);
#2372=VECTOR('',#8183,39.3700787401575);
#2373=VECTOR('',#8186,39.3700787401575);
#2374=VECTOR('',#8187,39.3700787401575);
#2375=VECTOR('',#8188,39.3700787401575);
#2376=VECTOR('',#8189,39.3700787401575);
#2377=VECTOR('',#8192,39.3700787401575);
#2378=VECTOR('',#8193,39.3700787401575);
#2379=VECTOR('',#8198,39.3700787401575);
#2380=VECTOR('',#8201,39.3700787401575);
#2381=VECTOR('',#8204,39.3700787401575);
#2382=VECTOR('',#8205,39.3700787401575);
#2383=VECTOR('',#8208,39.3700787401575);
#2384=VECTOR('',#8209,39.3700787401575);
#2385=VECTOR('',#8216,39.3700787401575);
#2386=VECTOR('',#8217,39.3700787401575);
#2387=VECTOR('',#8218,39.3700787401575);
#2388=VECTOR('',#8219,39.3700787401575);
#2389=VECTOR('',#8220,39.3700787401575);
#2390=VECTOR('',#8221,39.3700787401575);
#2391=VECTOR('',#8224,39.3700787401575);
#2392=VECTOR('',#8225,39.3700787401575);
#2393=VECTOR('',#8226,39.3700787401575);
#2394=VECTOR('',#8229,39.3700787401575);
#2395=VECTOR('',#8230,39.3700787401575);
#2396=VECTOR('',#8231,39.3700787401575);
#2397=VECTOR('',#8232,39.3700787401575);
#2398=VECTOR('',#8233,39.3700787401575);
#2399=VECTOR('',#8236,39.3700787401575);
#2400=VECTOR('',#8237,39.3700787401575);
#2401=VECTOR('',#8238,39.3700787401575);
#2402=VECTOR('',#8239,39.3700787401575);
#2403=VECTOR('',#8242,39.3700787401575);
#2404=VECTOR('',#8243,39.3700787401575);
#2405=VECTOR('',#8248,39.3700787401575);
#2406=VECTOR('',#8251,39.3700787401575);
#2407=VECTOR('',#8254,39.3700787401575);
#2408=VECTOR('',#8255,39.3700787401575);
#2409=VECTOR('',#8258,39.3700787401575);
#2410=VECTOR('',#8259,39.3700787401575);
#2411=VECTOR('',#8266,39.3700787401575);
#2412=VECTOR('',#8267,39.3700787401575);
#2413=VECTOR('',#8268,39.3700787401575);
#2414=VECTOR('',#8269,39.3700787401575);
#2415=VECTOR('',#8270,39.3700787401575);
#2416=VECTOR('',#8271,39.3700787401575);
#2417=VECTOR('',#8274,39.3700787401575);
#2418=VECTOR('',#8275,39.3700787401575);
#2419=VECTOR('',#8276,39.3700787401575);
#2420=VECTOR('',#8279,39.3700787401575);
#2421=VECTOR('',#8280,39.3700787401575);
#2422=VECTOR('',#8281,39.3700787401575);
#2423=VECTOR('',#8282,39.3700787401575);
#2424=VECTOR('',#8283,39.3700787401575);
#2425=VECTOR('',#8286,39.3700787401575);
#2426=VECTOR('',#8287,39.3700787401575);
#2427=VECTOR('',#8288,39.3700787401575);
#2428=VECTOR('',#8289,39.3700787401575);
#2429=VECTOR('',#8292,39.3700787401575);
#2430=VECTOR('',#8293,39.3700787401575);
#2431=VECTOR('',#8298,39.3700787401575);
#2432=VECTOR('',#8301,39.3700787401575);
#2433=VECTOR('',#8304,39.3700787401575);
#2434=VECTOR('',#8305,39.3700787401575);
#2435=VECTOR('',#8308,39.3700787401575);
#2436=VECTOR('',#8309,39.3700787401575);
#2437=VECTOR('',#8318,0.024606299212597);
#2438=VECTOR('',#8325,0.0246062992125984);
#2439=VECTOR('',#8332,0.0246062992125996);
#2440=VECTOR('',#8367,0.177165354330709);
#2441=VECTOR('',#8372,39.3700787401575);
#2442=VECTOR('',#8375,39.3700787401575);
#2443=VECTOR('',#8380,0.118110236220472);
#2444=VECTOR('',#8385,0.078740157480315);
#2445=VECTOR('',#8396,39.3700787401575);
#2446=VECTOR('',#8397,39.3700787401575);
#2447=VECTOR('',#8398,39.3700787401575);
#2448=VECTOR('',#8401,39.3700787401575);
#2449=VECTOR('',#8402,39.3700787401575);
#2450=VECTOR('',#8403,39.3700787401575);
#2451=VECTOR('',#8406,39.3700787401575);
#2452=VECTOR('',#8407,39.3700787401575);
#2453=VECTOR('',#8408,39.3700787401575);
#2454=VECTOR('',#8411,39.3700787401575);
#2455=VECTOR('',#8414,39.3700787401575);
#2456=VECTOR('',#8419,39.3700787401575);
#2457=VECTOR('',#8422,39.3700787401575);
#2458=VECTOR('',#8425,39.3700787401575);
#2459=VECTOR('',#8428,39.3700787401575);
#2460=VECTOR('',#8433,39.3700787401575);
#2461=VECTOR('',#8436,39.3700787401575);
#2462=VECTOR('',#8441,39.3700787401575);
#2463=VECTOR('',#8444,39.3700787401575);
#2464=VECTOR('',#8459,39.3700787401575);
#2465=VECTOR('',#8460,39.3700787401575);
#2466=VECTOR('',#8461,39.3700787401575);
#2467=VECTOR('',#8466,39.3700787401575);
#2468=VECTOR('',#8467,39.3700787401575);
#2469=VECTOR('',#8470,39.3700787401575);
#2470=VECTOR('',#8471,39.3700787401575);
#2471=VECTOR('',#8472,39.3700787401575);
#2472=VECTOR('',#8475,39.3700787401575);
#2473=VECTOR('',#8476,39.3700787401575);
#2474=VECTOR('',#8477,39.3700787401575);
#2475=VECTOR('',#8478,39.3700787401575);
#2476=VECTOR('',#8483,39.3700787401575);
#2477=VECTOR('',#8486,39.3700787401575);
#2478=VECTOR('',#8489,39.3700787401575);
#2479=VECTOR('',#8490,39.3700787401575);
#2480=VECTOR('',#8491,39.3700787401575);
#2481=VECTOR('',#8492,39.3700787401575);
#2482=VECTOR('',#8495,39.3700787401575);
#2483=VECTOR('',#8498,39.3700787401575);
#2484=VECTOR('',#8501,39.3700787401575);
#2485=VECTOR('',#8504,39.3700787401575);
#2486=VECTOR('',#8507,39.3700787401575);
#2487=VECTOR('',#8510,39.3700787401575);
#2488=VECTOR('',#8513,39.3700787401575);
#2489=VECTOR('',#8544,39.3700787401575);
#2490=VECTOR('',#8547,39.3700787401575);
#2491=VECTOR('',#8550,39.3700787401575);
#2492=VECTOR('',#8551,39.3700787401575);
#2493=VECTOR('',#8556,39.3700787401575);
#2494=VECTOR('',#8559,39.3700787401575);
#2495=VECTOR('',#8560,39.3700787401575);
#2496=VECTOR('',#8565,39.3700787401575);
#2497=VECTOR('',#8568,39.3700787401575);
#2498=VECTOR('',#8569,39.3700787401575);
#2499=VECTOR('',#8574,39.3700787401575);
#2500=VECTOR('',#8577,39.3700787401575);
#2501=VECTOR('',#8578,39.3700787401575);
#2502=VECTOR('',#8583,39.3700787401575);
#2503=VECTOR('',#8586,39.3700787401575);
#2504=VECTOR('',#8587,39.3700787401575);
#2505=VECTOR('',#8592,39.3700787401575);
#2506=VECTOR('',#8595,39.3700787401575);
#2507=VECTOR('',#8596,39.3700787401575);
#2508=VECTOR('',#8601,39.3700787401575);
#2509=VECTOR('',#8604,39.3700787401575);
#2510=VECTOR('',#8605,39.3700787401575);
#2511=VECTOR('',#8610,39.3700787401575);
#2512=VECTOR('',#8613,39.3700787401575);
#2513=CIRCLE('',#6518,0.0393700787401575);
#2514=CIRCLE('',#6519,0.0393700787401575);
#2515=CIRCLE('',#6521,0.0809055118110236);
#2516=CIRCLE('',#6522,0.0866141732283465);
#2517=CIRCLE('',#6523,0.0866141732283465);
#2518=CIRCLE('',#6526,0.078740157480315);
#2519=CIRCLE('',#6527,0.0216535433070866);
#2520=CIRCLE('',#6528,0.078740157480315);
#2521=CIRCLE('',#6531,0.00216535433070866);
#2522=CIRCLE('',#6532,0.00216535433070866);
#2523=CIRCLE('',#6534,0.0295275590551181);
#2524=CIRCLE('',#6537,0.0809055118110236);
#2525=CIRCLE('',#6538,0.0809055118110236);
#2526=CIRCLE('',#6539,0.0787401574803111);
#2527=CIRCLE('',#6602,0.0196850393700787);
#2528=CIRCLE('',#6603,0.0196850393700787);
#2529=CIRCLE('',#6604,0.0196850393700787);
#2530=CIRCLE('',#6605,0.0196850393700787);
#2531=CIRCLE('',#6606,0.0590551181102362);
#2532=CIRCLE('',#6607,0.0590551181102362);
#2533=CIRCLE('',#6609,0.0236220472440945);
#2534=CIRCLE('',#6610,0.0236220472440945);
#2535=CIRCLE('',#6613,0.0236220472440945);
#2536=CIRCLE('',#6614,0.0236220472440945);
#2537=CIRCLE('',#6617,0.0236220472440945);
#2538=CIRCLE('',#6696,0.0433070866141732);
#2539=CIRCLE('',#6697,0.0433070866141732);
#2540=CIRCLE('',#6700,0.0433070866141732);
#2541=CIRCLE('',#6701,0.0433070866141732);
#2542=CIRCLE('',#6705,0.0196850393700787);
#2543=CIRCLE('',#6706,0.0196850393700787);
#2544=CIRCLE('',#6708,0.15748031496063);
#2545=CIRCLE('',#6710,0.0590551181102362);
#2546=CIRCLE('',#6711,0.0590551181102362);
#2547=CIRCLE('',#6713,0.0196850393700787);
#2548=CIRCLE('',#6714,0.0196850393700787);
#2549=CIRCLE('',#6716,0.15748031496063);
#2550=CIRCLE('',#6718,0.0196850393700787);
#2551=CIRCLE('',#6720,0.0196850393700787);
#2552=CIRCLE('',#6721,0.0196850393700787);
#2553=CIRCLE('',#6722,0.0393700787401575);
#2554=CIRCLE('',#6723,0.0196850393700788);
#2555=CIRCLE('',#6725,0.0196850393700787);
#2556=CIRCLE('',#6727,0.0196850393700787);
#2557=CIRCLE('',#6729,0.0196850393700787);
#2558=CIRCLE('',#6730,0.0393700787401575);
#2559=CIRCLE('',#6731,0.0196850393700787);
#2560=CIRCLE('',#6732,0.0393700787401575);
#2561=CIRCLE('',#6734,0.0196850393700787);
#2562=CIRCLE('',#6736,0.0196850393700787);
#2563=CIRCLE('',#6738,0.0196850393700787);
#2564=CIRCLE('',#6739,0.0393700787401575);
#2565=CIRCLE('',#6740,0.0196850393700787);
#2566=CIRCLE('',#6741,0.0393700787401575);
#2567=CIRCLE('',#6743,0.0196850393700787);
#2568=CIRCLE('',#6745,0.0196850393700787);
#2569=CIRCLE('',#6746,0.0393700787401575);
#2570=CIRCLE('',#6749,0.0393700787401575);
#2571=CIRCLE('',#6752,0.0393700787401575);
#2572=CIRCLE('',#6755,0.0393700787401575);
#2573=CIRCLE('',#6758,0.0393700787401575);
#2574=CIRCLE('',#6761,0.0590551181102362);
#2575=CIRCLE('',#6762,0.0590551181102362);
#2576=CIRCLE('',#6763,0.0393700787401575);
#2577=CIRCLE('',#6764,0.0393700787401575);
#2578=CIRCLE('',#6770,0.0590551181102362);
#2579=CIRCLE('',#6772,0.0590551181102362);
#2580=CIRCLE('',#6773,0.15748031496063);
#2581=CIRCLE('',#6774,0.0984251968503937);
#2582=CIRCLE('',#6776,0.0590551181102362);
#2583=CIRCLE('',#6778,0.0590551181102362);
#2584=CIRCLE('',#6779,0.15748031496063);
#2585=CIRCLE('',#6780,0.0984251968503937);
#2586=CIRCLE('',#6784,0.0590551181102362);
#2587=CIRCLE('',#6787,0.0590551181102362);
#2588=CIRCLE('',#6794,0.0866141732283465);
#2589=CIRCLE('',#6796,0.116141732283465);
#2590=CIRCLE('',#6797,0.00984251968503937);
#2591=CIRCLE('',#6798,0.125984251968504);
#2592=CIRCLE('',#6799,0.125984251968504);
#2593=CIRCLE('',#6801,0.125984251968504);
#2594=CIRCLE('',#6802,0.125984251968504);
#2595=CIRCLE('',#6805,0.187007874015748);
#2596=CIRCLE('',#6806,0.00984251968503937);
#2597=CIRCLE('',#6807,0.177165354330709);
#2598=CIRCLE('',#6809,0.206692913385827);
#2599=CIRCLE('',#6811,0.177165354330709);
#2600=CIRCLE('',#6812,0.177165354330709);
#2601=CIRCLE('',#6814,0.216535433070866);
#2602=CIRCLE('',#6815,0.00984251968503937);
#2603=CIRCLE('',#6816,0.216535433070866);
#2604=CIRCLE('',#6818,0.216535433070866);
#2605=CIRCLE('',#6819,0.216535433070866);
#2606=CIRCLE('',#6821,0.0255905511811024);
#2607=CIRCLE('',#6826,0.0393700787401575);
#2608=CIRCLE('',#6827,0.0314960629921261);
#2609=CIRCLE('',#6829,0.0393700787401575);
#2610=CIRCLE('',#6881,0.024606299212597);
#2611=CIRCLE('',#6882,0.024606299212597);
#2612=CIRCLE('',#6884,0.0246062992125984);
#2613=CIRCLE('',#6885,0.0246062992125984);
#2614=CIRCLE('',#6887,0.0246062992125996);
#2615=CIRCLE('',#6888,0.0246062992125996);
#2616=CIRCLE('',#6890,0.177165354330709);
#2617=CIRCLE('',#6891,0.177165354330709);
#2618=CIRCLE('',#6892,0.0118110236220472);
#2619=CIRCLE('',#6893,0.188976377952756);
#2620=CIRCLE('',#6895,0.106299212598425);
#2621=CIRCLE('',#6896,0.0118110236220472);
#2622=CIRCLE('',#6897,0.118110236220472);
#2623=CIRCLE('',#6898,0.118110236220472);
#2624=CIRCLE('',#6900,0.216535433070866);
#2625=CIRCLE('',#6901,0.0118110236220472);
#2626=CIRCLE('',#6902,0.204724409448819);
#2627=CIRCLE('',#6903,0.0118110236220472);
#2628=CIRCLE('',#6905,0.177165354330709);
#2629=CIRCLE('',#6907,0.216535433070866);
#2630=CIRCLE('',#6909,0.118110236220472);
#2631=CIRCLE('',#6911,0.078740157480315);
#2632=CIRCLE('',#6912,0.078740157480315);
#2633=CIRCLE('',#6920,0.0118110236220472);
#2634=CIRCLE('',#6921,0.137795275590551);
#2635=CIRCLE('',#6923,0.137795275590551);
#2636=CIRCLE('',#6925,0.0118110236220472);
#2637=CIRCLE('',#6926,0.137795275590551);
#2638=CIRCLE('',#6928,0.137795275590551);
#2639=CIRCLE('',#6930,0.0590551181102362);
#2640=CIRCLE('',#6931,0.0590551181102362);
#2641=CIRCLE('',#6933,0.0590551181102362);
#2642=CIRCLE('',#6934,0.0787401574803149);
#2643=CIRCLE('',#6936,0.0590551181102362);
#2644=CIRCLE('',#6937,0.078740157480315);
#2645=CIRCLE('',#6940,0.0590551181102362);
#2646=CIRCLE('',#6944,0.0590551181102362);
#2647=CIRCLE('',#6947,0.0236220472440945);
#2648=CIRCLE('',#6948,0.0236220472440946);
#2649=CIRCLE('',#6949,0.0236220472440945);
#2650=CIRCLE('',#6950,0.0236220472440945);
#2651=CIRCLE('',#6951,0.0236220472440945);
#2652=CIRCLE('',#6952,0.0236220472440945);
#2653=CIRCLE('',#6953,0.0236220472440945);
#2654=CIRCLE('',#6954,0.0236220472440945);
#2655=CIRCLE('',#6956,0.0118110236220472);
#2656=CIRCLE('',#6957,0.0118110236220472);
#2657=CIRCLE('',#6959,0.0118112485008262);
#2658=CIRCLE('',#6961,0.0118112485008262);
#2659=CIRCLE('',#6969,0.0236220472440945);
#2660=CIRCLE('',#6972,0.0236220472440946);
#2661=CIRCLE('',#6975,0.0236220472440945);
#2662=CIRCLE('',#6978,0.0236220472440945);
#2663=CIRCLE('',#6981,0.0236220472440945);
#2664=CIRCLE('',#6984,0.0236220472440945);
#2665=CIRCLE('',#6987,0.0236220472440945);
#2666=CIRCLE('',#6990,0.0236220472440945);
#2667=VERTEX_POINT('',#8623);
#2668=VERTEX_POINT('',#8625);
#2669=VERTEX_POINT('',#8629);
#2670=VERTEX_POINT('',#8631);
#2671=VERTEX_POINT('',#8633);
#2672=VERTEX_POINT('',#8637);
#2673=VERTEX_POINT('',#8672);
#2674=VERTEX_POINT('',#8673);
#2675=VERTEX_POINT('',#8711);
#2676=VERTEX_POINT('',#8712);
#2677=VERTEX_POINT('',#8714);
#2678=VERTEX_POINT('',#8716);
#2679=VERTEX_POINT('',#8720);
#2680=VERTEX_POINT('',#8769);
#2681=VERTEX_POINT('',#8773);
#2682=VERTEX_POINT('',#8778);
#2683=VERTEX_POINT('',#8780);
#2684=VERTEX_POINT('',#8812);
#2685=VERTEX_POINT('',#8813);
#2686=VERTEX_POINT('',#8815);
#2687=VERTEX_POINT('',#8817);
#2688=VERTEX_POINT('',#8821);
#2689=VERTEX_POINT('',#8822);
#2690=VERTEX_POINT('',#8824);
#2691=VERTEX_POINT('',#8826);
#2692=VERTEX_POINT('',#8828);
#2693=VERTEX_POINT('',#8830);
#2694=VERTEX_POINT('',#8834);
#2695=VERTEX_POINT('',#8835);
#2696=VERTEX_POINT('',#8837);
#2697=VERTEX_POINT('',#8839);
#2698=VERTEX_POINT('',#8841);
#2699=VERTEX_POINT('',#8843);
#2700=VERTEX_POINT('',#8847);
#2701=VERTEX_POINT('',#8849);
#2702=VERTEX_POINT('',#8851);
#2703=VERTEX_POINT('',#8853);
#2704=VERTEX_POINT('',#8857);
#2705=VERTEX_POINT('',#8858);
#2706=VERTEX_POINT('',#8860);
#2707=VERTEX_POINT('',#8862);
#2708=VERTEX_POINT('',#8869);
#2709=VERTEX_POINT('',#8870);
#2710=VERTEX_POINT('',#8872);
#2711=VERTEX_POINT('',#8874);
#2712=VERTEX_POINT('',#8876);
#2713=VERTEX_POINT('',#8878);
#2714=VERTEX_POINT('',#8882);
#2715=VERTEX_POINT('',#8884);
#2716=VERTEX_POINT('',#8888);
#2717=VERTEX_POINT('',#8890);
#2718=VERTEX_POINT('',#8892);
#2719=VERTEX_POINT('',#8894);
#2720=VERTEX_POINT('',#8898);
#2721=VERTEX_POINT('',#8900);
#2722=VERTEX_POINT('',#8902);
#2723=VERTEX_POINT('',#8904);
#2724=VERTEX_POINT('',#8908);
#2725=VERTEX_POINT('',#8909);
#2726=VERTEX_POINT('',#8947);
#2727=VERTEX_POINT('',#8948);
#2728=VERTEX_POINT('',#8986);
#2729=VERTEX_POINT('',#8987);
#2730=VERTEX_POINT('',#8992);
#2731=VERTEX_POINT('',#8996);
#2732=VERTEX_POINT('',#9004);
#2733=VERTEX_POINT('',#9005);
#2734=VERTEX_POINT('',#9007);
#2735=VERTEX_POINT('',#9012);
#2736=VERTEX_POINT('',#9017);
#2737=VERTEX_POINT('',#9023);
#2738=VERTEX_POINT('',#9028);
#2739=VERTEX_POINT('',#9030);
#2740=VERTEX_POINT('',#9034);
#2741=VERTEX_POINT('',#9039);
#2742=VERTEX_POINT('',#9045);
#2743=VERTEX_POINT('',#9047);
#2744=VERTEX_POINT('',#9051);
#2745=VERTEX_POINT('',#9053);
#2746=VERTEX_POINT('',#9058);
#2747=VERTEX_POINT('',#9060);
#2748=VERTEX_POINT('',#9064);
#2749=VERTEX_POINT('',#9066);
#2750=VERTEX_POINT('',#9070);
#2751=VERTEX_POINT('',#9078);
#2752=VERTEX_POINT('',#9102);
#2753=VERTEX_POINT('',#9103);
#2754=VERTEX_POINT('',#9105);
#2755=VERTEX_POINT('',#9107);
#2756=VERTEX_POINT('',#9111);
#2757=VERTEX_POINT('',#9113);
#2758=VERTEX_POINT('',#9120);
#2759=VERTEX_POINT('',#9121);
#2760=VERTEX_POINT('',#9123);
#2761=VERTEX_POINT('',#9125);
#2762=VERTEX_POINT('',#9129);
#2763=VERTEX_POINT('',#9131);
#2764=VERTEX_POINT('',#9135);
#2765=VERTEX_POINT('',#9137);
#2766=VERTEX_POINT('',#9141);
#2767=VERTEX_POINT('',#9143);
#2768=VERTEX_POINT('',#9147);
#2769=VERTEX_POINT('',#9149);
#2770=VERTEX_POINT('',#9153);
#2771=VERTEX_POINT('',#9155);
#2772=VERTEX_POINT('',#9159);
#2773=VERTEX_POINT('',#9161);
#2774=VERTEX_POINT('',#9165);
#2775=VERTEX_POINT('',#9167);
#2776=VERTEX_POINT('',#9171);
#2777=VERTEX_POINT('',#9173);
#2778=VERTEX_POINT('',#9177);
#2779=VERTEX_POINT('',#9179);
#2780=VERTEX_POINT('',#9187);
#2781=VERTEX_POINT('',#9188);
#2782=VERTEX_POINT('',#9190);
#2783=VERTEX_POINT('',#9192);
#2784=VERTEX_POINT('',#9194);
#2785=VERTEX_POINT('',#9196);
#2786=VERTEX_POINT('',#9198);
#2787=VERTEX_POINT('',#9200);
#2788=VERTEX_POINT('',#9202);
#2789=VERTEX_POINT('',#9204);
#2790=VERTEX_POINT('',#9206);
#2791=VERTEX_POINT('',#9208);
#2792=VERTEX_POINT('',#9212);
#2793=VERTEX_POINT('',#9214);
#2794=VERTEX_POINT('',#9219);
#2795=VERTEX_POINT('',#9221);
#2796=VERTEX_POINT('',#9226);
#2797=VERTEX_POINT('',#9230);
#2798=VERTEX_POINT('',#9231);
#2799=VERTEX_POINT('',#9233);
#2800=VERTEX_POINT('',#9235);
#2801=VERTEX_POINT('',#9239);
#2802=VERTEX_POINT('',#9241);
#2803=VERTEX_POINT('',#9254);
#2804=VERTEX_POINT('',#9260);
#2805=VERTEX_POINT('',#9268);
#2806=VERTEX_POINT('',#9270);
#2807=VERTEX_POINT('',#9274);
#2808=VERTEX_POINT('',#9276);
#2809=VERTEX_POINT('',#9280);
#2810=VERTEX_POINT('',#9282);
#2811=VERTEX_POINT('',#9295);
#2812=VERTEX_POINT('',#9301);
#2813=VERTEX_POINT('',#9309);
#2814=VERTEX_POINT('',#9311);
#2815=VERTEX_POINT('',#9315);
#2816=VERTEX_POINT('',#9317);
#2817=VERTEX_POINT('',#9321);
#2818=VERTEX_POINT('',#9323);
#2819=VERTEX_POINT('',#9327);
#2820=VERTEX_POINT('',#9329);
#2821=VERTEX_POINT('',#9333);
#2822=VERTEX_POINT('',#9335);
#2823=VERTEX_POINT('',#9348);
#2824=VERTEX_POINT('',#9354);
#2825=VERTEX_POINT('',#9362);
#2826=VERTEX_POINT('',#9364);
#2827=VERTEX_POINT('',#9368);
#2828=VERTEX_POINT('',#9370);
#2829=VERTEX_POINT('',#9383);
#2830=VERTEX_POINT('',#9389);
#2831=VERTEX_POINT('',#9397);
#2832=VERTEX_POINT('',#9399);
#2833=VERTEX_POINT('',#9403);
#2834=VERTEX_POINT('',#9405);
#2835=VERTEX_POINT('',#9409);
#2836=VERTEX_POINT('',#9411);
#2837=VERTEX_POINT('',#9415);
#2838=VERTEX_POINT('',#9417);
#2839=VERTEX_POINT('',#9421);
#2840=VERTEX_POINT('',#9423);
#2841=VERTEX_POINT('',#9436);
#2842=VERTEX_POINT('',#9442);
#2843=VERTEX_POINT('',#9450);
#2844=VERTEX_POINT('',#9452);
#2845=VERTEX_POINT('',#9465);
#2846=VERTEX_POINT('',#9471);
#2847=VERTEX_POINT('',#9479);
#2848=VERTEX_POINT('',#9481);
#2849=VERTEX_POINT('',#9485);
#2850=VERTEX_POINT('',#9487);
#2851=VERTEX_POINT('',#9495);
#2852=VERTEX_POINT('',#9496);
#2853=VERTEX_POINT('',#9498);
#2854=VERTEX_POINT('',#9500);
#2855=VERTEX_POINT('',#9504);
#2856=VERTEX_POINT('',#9506);
#2857=VERTEX_POINT('',#9519);
#2858=VERTEX_POINT('',#9525);
#2859=VERTEX_POINT('',#9533);
#2860=VERTEX_POINT('',#9535);
#2861=VERTEX_POINT('',#9544);
#2862=VERTEX_POINT('',#9548);
#2863=VERTEX_POINT('',#9559);
#2864=VERTEX_POINT('',#9563);
#2865=VERTEX_POINT('',#9574);
#2866=VERTEX_POINT('',#9578);
#2867=VERTEX_POINT('',#9584);
#2868=VERTEX_POINT('',#9586);
#2869=VERTEX_POINT('',#9599);
#2870=VERTEX_POINT('',#9605);
#2871=VERTEX_POINT('',#9613);
#2872=VERTEX_POINT('',#9615);
#2873=VERTEX_POINT('',#9619);
#2874=VERTEX_POINT('',#9621);
#2875=VERTEX_POINT('',#9625);
#2876=VERTEX_POINT('',#9627);
#2877=VERTEX_POINT('',#9631);
#2878=VERTEX_POINT('',#9633);
#2879=VERTEX_POINT('',#9637);
#2880=VERTEX_POINT('',#9639);
#2881=VERTEX_POINT('',#9652);
#2882=VERTEX_POINT('',#9658);
#2883=VERTEX_POINT('',#9666);
#2884=VERTEX_POINT('',#9668);
#2885=VERTEX_POINT('',#9681);
#2886=VERTEX_POINT('',#9687);
#2887=VERTEX_POINT('',#9695);
#2888=VERTEX_POINT('',#9697);
#2889=VERTEX_POINT('',#9701);
#2890=VERTEX_POINT('',#9703);
#2891=VERTEX_POINT('',#9711);
#2892=VERTEX_POINT('',#9712);
#2893=VERTEX_POINT('',#9714);
#2894=VERTEX_POINT('',#9716);
#2895=VERTEX_POINT('',#9720);
#2896=VERTEX_POINT('',#9722);
#2897=VERTEX_POINT('',#9731);
#2898=VERTEX_POINT('',#9735);
#2899=VERTEX_POINT('',#9748);
#2900=VERTEX_POINT('',#9753);
#2901=VERTEX_POINT('',#9769);
#2902=VERTEX_POINT('',#9775);
#2903=VERTEX_POINT('',#9792);
#2904=VERTEX_POINT('',#9798);
#2905=VERTEX_POINT('',#9813);
#2906=VERTEX_POINT('',#9818);
#2907=VERTEX_POINT('',#9825);
#2908=VERTEX_POINT('',#9827);
#2909=VERTEX_POINT('',#9836);
#2910=VERTEX_POINT('',#9840);
#2911=VERTEX_POINT('',#9853);
#2912=VERTEX_POINT('',#9858);
#2913=VERTEX_POINT('',#9870);
#2914=VERTEX_POINT('',#9874);
#2915=VERTEX_POINT('',#9885);
#2916=VERTEX_POINT('',#9889);
#2917=VERTEX_POINT('',#9904);
#2918=VERTEX_POINT('',#9910);
#2919=VERTEX_POINT('',#9925);
#2920=VERTEX_POINT('',#9930);
#2921=VERTEX_POINT('',#9937);
#2922=VERTEX_POINT('',#9939);
#2923=VERTEX_POINT('',#9947);
#2924=VERTEX_POINT('',#9948);
#2925=VERTEX_POINT('',#9950);
#2926=VERTEX_POINT('',#9952);
#2927=VERTEX_POINT('',#9956);
#2928=VERTEX_POINT('',#9958);
#2929=VERTEX_POINT('',#9971);
#2930=VERTEX_POINT('',#9977);
#2931=VERTEX_POINT('',#9985);
#2932=VERTEX_POINT('',#9987);
#2933=VERTEX_POINT('',#10000);
#2934=VERTEX_POINT('',#10006);
#2935=VERTEX_POINT('',#10014);
#2936=VERTEX_POINT('',#10016);
#2937=VERTEX_POINT('',#10020);
#2938=VERTEX_POINT('',#10022);
#2939=VERTEX_POINT('',#10026);
#2940=VERTEX_POINT('',#10028);
#2941=VERTEX_POINT('',#10032);
#2942=VERTEX_POINT('',#10034);
#2943=VERTEX_POINT('',#10038);
#2944=VERTEX_POINT('',#10040);
#2945=VERTEX_POINT('',#10053);
#2946=VERTEX_POINT('',#10059);
#2947=VERTEX_POINT('',#10067);
#2948=VERTEX_POINT('',#10069);
#2949=VERTEX_POINT('',#10082);
#2950=VERTEX_POINT('',#10088);
#2951=VERTEX_POINT('',#10096);
#2952=VERTEX_POINT('',#10098);
#2953=VERTEX_POINT('',#10102);
#2954=VERTEX_POINT('',#10104);
#2955=VERTEX_POINT('',#10112);
#2956=VERTEX_POINT('',#10113);
#2957=VERTEX_POINT('',#10115);
#2958=VERTEX_POINT('',#10117);
#2959=VERTEX_POINT('',#10121);
#2960=VERTEX_POINT('',#10123);
#2961=VERTEX_POINT('',#10136);
#2962=VERTEX_POINT('',#10142);
#2963=VERTEX_POINT('',#10150);
#2964=VERTEX_POINT('',#10152);
#2965=VERTEX_POINT('',#10156);
#2966=VERTEX_POINT('',#10158);
#2967=VERTEX_POINT('',#10162);
#2968=VERTEX_POINT('',#10164);
#2969=VERTEX_POINT('',#10177);
#2970=VERTEX_POINT('',#10183);
#2971=VERTEX_POINT('',#10191);
#2972=VERTEX_POINT('',#10193);
#2973=VERTEX_POINT('',#10197);
#2974=VERTEX_POINT('',#10199);
#2975=VERTEX_POINT('',#10203);
#2976=VERTEX_POINT('',#10205);
#2977=VERTEX_POINT('',#10209);
#2978=VERTEX_POINT('',#10211);
#2979=VERTEX_POINT('',#10215);
#2980=VERTEX_POINT('',#10217);
#2981=VERTEX_POINT('',#10230);
#2982=VERTEX_POINT('',#10236);
#2983=VERTEX_POINT('',#10244);
#2984=VERTEX_POINT('',#10246);
#2985=VERTEX_POINT('',#10250);
#2986=VERTEX_POINT('',#10252);
#2987=VERTEX_POINT('',#10265);
#2988=VERTEX_POINT('',#10271);
#2989=VERTEX_POINT('',#10279);
#2990=VERTEX_POINT('',#10281);
#2991=VERTEX_POINT('',#10285);
#2992=VERTEX_POINT('',#10287);
#2993=VERTEX_POINT('',#10291);
#2994=VERTEX_POINT('',#10293);
#2995=VERTEX_POINT('',#10297);
#2996=VERTEX_POINT('',#10299);
#2997=VERTEX_POINT('',#10303);
#2998=VERTEX_POINT('',#10305);
#2999=VERTEX_POINT('',#10318);
#3000=VERTEX_POINT('',#10324);
#3001=VERTEX_POINT('',#10332);
#3002=VERTEX_POINT('',#10334);
#3003=VERTEX_POINT('',#10347);
#3004=VERTEX_POINT('',#10353);
#3005=VERTEX_POINT('',#10361);
#3006=VERTEX_POINT('',#10363);
#3007=VERTEX_POINT('',#10367);
#3008=VERTEX_POINT('',#10369);
#3009=VERTEX_POINT('',#10377);
#3010=VERTEX_POINT('',#10378);
#3011=VERTEX_POINT('',#10380);
#3012=VERTEX_POINT('',#10382);
#3013=VERTEX_POINT('',#10386);
#3014=VERTEX_POINT('',#10388);
#3015=VERTEX_POINT('',#10392);
#3016=VERTEX_POINT('',#10394);
#3017=VERTEX_POINT('',#10402);
#3018=VERTEX_POINT('',#10403);
#3019=VERTEX_POINT('',#10405);
#3020=VERTEX_POINT('',#10407);
#3021=VERTEX_POINT('',#10411);
#3022=VERTEX_POINT('',#10413);
#3023=VERTEX_POINT('',#10417);
#3024=VERTEX_POINT('',#10419);
#3025=VERTEX_POINT('',#10421);
#3026=VERTEX_POINT('',#10423);
#3027=VERTEX_POINT('',#10425);
#3028=VERTEX_POINT('',#10428);
#3029=VERTEX_POINT('',#10429);
#3030=VERTEX_POINT('',#10431);
#3031=VERTEX_POINT('',#10433);
#3032=VERTEX_POINT('',#10437);
#3033=VERTEX_POINT('',#10439);
#3034=VERTEX_POINT('',#10443);
#3035=VERTEX_POINT('',#10447);
#3036=VERTEX_POINT('',#10451);
#3037=VERTEX_POINT('',#10469);
#3038=VERTEX_POINT('',#10471);
#3039=VERTEX_POINT('',#10475);
#3040=VERTEX_POINT('',#10479);
#3041=VERTEX_POINT('',#10483);
#3042=VERTEX_POINT('',#10495);
#3043=VERTEX_POINT('',#10499);
#3044=VERTEX_POINT('',#10503);
#3045=VERTEX_POINT('',#10507);
#3046=VERTEX_POINT('',#10519);
#3047=VERTEX_POINT('',#10523);
#3048=VERTEX_POINT('',#10527);
#3049=VERTEX_POINT('',#10547);
#3050=VERTEX_POINT('',#10549);
#3051=VERTEX_POINT('',#10553);
#3052=VERTEX_POINT('',#10557);
#3053=VERTEX_POINT('',#10561);
#3054=VERTEX_POINT('',#10565);
#3055=VERTEX_POINT('',#10569);
#3056=VERTEX_POINT('',#10574);
#3057=VERTEX_POINT('',#10576);
#3058=VERTEX_POINT('',#10582);
#3059=VERTEX_POINT('',#10583);
#3060=VERTEX_POINT('',#10585);
#3061=VERTEX_POINT('',#10587);
#3062=VERTEX_POINT('',#10589);
#3063=VERTEX_POINT('',#10591);
#3064=VERTEX_POINT('',#10593);
#3065=VERTEX_POINT('',#10596);
#3066=VERTEX_POINT('',#10598);
#3067=VERTEX_POINT('',#10600);
#3068=VERTEX_POINT('',#10611);
#3069=VERTEX_POINT('',#10613);
#3070=VERTEX_POINT('',#10617);
#3071=VERTEX_POINT('',#10622);
#3072=VERTEX_POINT('',#10626);
#3073=VERTEX_POINT('',#10627);
#3074=VERTEX_POINT('',#10636);
#3075=VERTEX_POINT('',#10637);
#3076=VERTEX_POINT('',#10642);
#3077=VERTEX_POINT('',#10646);
#3078=VERTEX_POINT('',#10659);
#3079=VERTEX_POINT('',#10663);
#3080=VERTEX_POINT('',#10665);
#3081=VERTEX_POINT('',#10667);
#3082=VERTEX_POINT('',#10671);
#3083=VERTEX_POINT('',#10673);
#3084=VERTEX_POINT('',#10678);
#3085=VERTEX_POINT('',#10680);
#3086=VERTEX_POINT('',#10684);
#3087=VERTEX_POINT('',#10687);
#3088=VERTEX_POINT('',#10688);
#3089=VERTEX_POINT('',#10693);
#3090=VERTEX_POINT('',#10694);
#3091=VERTEX_POINT('',#10699);
#3092=VERTEX_POINT('',#10710);
#3093=VERTEX_POINT('',#10712);
#3094=VERTEX_POINT('',#10716);
#3095=VERTEX_POINT('',#10722);
#3096=VERTEX_POINT('',#10723);
#3097=VERTEX_POINT('',#10725);
#3098=VERTEX_POINT('',#10727);
#3099=VERTEX_POINT('',#10729);
#3100=VERTEX_POINT('',#10731);
#3101=VERTEX_POINT('',#10735);
#3102=VERTEX_POINT('',#10737);
#3103=VERTEX_POINT('',#10741);
#3104=VERTEX_POINT('',#10742);
#3105=VERTEX_POINT('',#10745);
#3106=VERTEX_POINT('',#10747);
#3107=VERTEX_POINT('',#10751);
#3108=VERTEX_POINT('',#10752);
#3109=VERTEX_POINT('',#10754);
#3110=VERTEX_POINT('',#10756);
#3111=VERTEX_POINT('',#10776);
#3112=VERTEX_POINT('',#10777);
#3113=VERTEX_POINT('',#10779);
#3114=VERTEX_POINT('',#10781);
#3115=VERTEX_POINT('',#10783);
#3116=VERTEX_POINT('',#10785);
#3117=VERTEX_POINT('',#10789);
#3118=VERTEX_POINT('',#10791);
#3119=VERTEX_POINT('',#10795);
#3120=VERTEX_POINT('',#10796);
#3121=VERTEX_POINT('',#10799);
#3122=VERTEX_POINT('',#10801);
#3123=VERTEX_POINT('',#10805);
#3124=VERTEX_POINT('',#10806);
#3125=VERTEX_POINT('',#10808);
#3126=VERTEX_POINT('',#10810);
#3127=VERTEX_POINT('',#10830);
#3128=VERTEX_POINT('',#10831);
#3129=VERTEX_POINT('',#10833);
#3130=VERTEX_POINT('',#10835);
#3131=VERTEX_POINT('',#10837);
#3132=VERTEX_POINT('',#10839);
#3133=VERTEX_POINT('',#10843);
#3134=VERTEX_POINT('',#10845);
#3135=VERTEX_POINT('',#10849);
#3136=VERTEX_POINT('',#10850);
#3137=VERTEX_POINT('',#10852);
#3138=VERTEX_POINT('',#10854);
#3139=VERTEX_POINT('',#10859);
#3140=VERTEX_POINT('',#10860);
#3141=VERTEX_POINT('',#10862);
#3142=VERTEX_POINT('',#10864);
#3143=VERTEX_POINT('',#10884);
#3144=VERTEX_POINT('',#10885);
#3145=VERTEX_POINT('',#10887);
#3146=VERTEX_POINT('',#10889);
#3147=VERTEX_POINT('',#10891);
#3148=VERTEX_POINT('',#10893);
#3149=VERTEX_POINT('',#10897);
#3150=VERTEX_POINT('',#10899);
#3151=VERTEX_POINT('',#10903);
#3152=VERTEX_POINT('',#10904);
#3153=VERTEX_POINT('',#10906);
#3154=VERTEX_POINT('',#10908);
#3155=VERTEX_POINT('',#10913);
#3156=VERTEX_POINT('',#10914);
#3157=VERTEX_POINT('',#10916);
#3158=VERTEX_POINT('',#10918);
#3159=VERTEX_POINT('',#10938);
#3160=VERTEX_POINT('',#10940);
#3161=VERTEX_POINT('',#10944);
#3162=VERTEX_POINT('',#10946);
#3163=VERTEX_POINT('',#10950);
#3164=VERTEX_POINT('',#10952);
#3165=VERTEX_POINT('',#10956);
#3166=VERTEX_POINT('',#10957);
#3167=VERTEX_POINT('',#10960);
#3168=VERTEX_POINT('',#10964);
#3169=VERTEX_POINT('',#10966);
#3170=VERTEX_POINT('',#10968);
#3171=VERTEX_POINT('',#10972);
#3172=VERTEX_POINT('',#10973);
#3173=VERTEX_POINT('',#10975);
#3174=VERTEX_POINT('',#10977);
#3175=VERTEX_POINT('',#10981);
#3176=VERTEX_POINT('',#10985);
#3177=VERTEX_POINT('',#10987);
#3178=VERTEX_POINT('',#10991);
#3179=VERTEX_POINT('',#10995);
#3180=VERTEX_POINT('',#10997);
#3181=VERTEX_POINT('',#11004);
#3182=VERTEX_POINT('',#11005);
#3183=VERTEX_POINT('',#11010);
#3184=VERTEX_POINT('',#11012);
#3185=VERTEX_POINT('',#11016);
#3186=VERTEX_POINT('',#11018);
#3187=VERTEX_POINT('',#11022);
#3188=VERTEX_POINT('',#11023);
#3189=VERTEX_POINT('',#11025);
#3190=VERTEX_POINT('',#11027);
#3191=VERTEX_POINT('',#11031);
#3192=VERTEX_POINT('',#11033);
#3193=VERTEX_POINT('',#11037);
#3194=VERTEX_POINT('',#11038);
#3195=VERTEX_POINT('',#11040);
#3196=VERTEX_POINT('',#11042);
#3197=VERTEX_POINT('',#11046);
#3198=VERTEX_POINT('',#11048);
#3199=VERTEX_POINT('',#11052);
#3200=VERTEX_POINT('',#11055);
#3201=VERTEX_POINT('',#11059);
#3202=VERTEX_POINT('',#11063);
#3203=VERTEX_POINT('',#11067);
#3204=VERTEX_POINT('',#11069);
#3205=VERTEX_POINT('',#11073);
#3206=VERTEX_POINT('',#11074);
#3207=VERTEX_POINT('',#11079);
#3208=VERTEX_POINT('',#11080);
#3209=VERTEX_POINT('',#11085);
#3210=VERTEX_POINT('',#11087);
#3211=VERTEX_POINT('',#11089);
#3212=VERTEX_POINT('',#11093);
#3213=VERTEX_POINT('',#11102);
#3214=VERTEX_POINT('',#11103);
#3215=VERTEX_POINT('',#11105);
#3216=VERTEX_POINT('',#11107);
#3217=VERTEX_POINT('',#11109);
#3218=VERTEX_POINT('',#11111);
#3219=VERTEX_POINT('',#11113);
#3220=VERTEX_POINT('',#11115);
#3221=VERTEX_POINT('',#11117);
#3222=VERTEX_POINT('',#11119);
#3223=VERTEX_POINT('',#11121);
#3224=VERTEX_POINT('',#11123);
#3225=VERTEX_POINT('',#11125);
#3226=VERTEX_POINT('',#11127);
#3227=VERTEX_POINT('',#11129);
#3228=VERTEX_POINT('',#11131);
#3229=VERTEX_POINT('',#11148);
#3230=VERTEX_POINT('',#11150);
#3231=VERTEX_POINT('',#11154);
#3232=VERTEX_POINT('',#11158);
#3233=VERTEX_POINT('',#11162);
#3234=VERTEX_POINT('',#11166);
#3235=VERTEX_POINT('',#11170);
#3236=VERTEX_POINT('',#11174);
#3237=VERTEX_POINT('',#11178);
#3238=VERTEX_POINT('',#11182);
#3239=VERTEX_POINT('',#11186);
#3240=VERTEX_POINT('',#11190);
#3241=VERTEX_POINT('',#11194);
#3242=VERTEX_POINT('',#11198);
#3243=VERTEX_POINT('',#11202);
#3244=VERTEX_POINT('',#11206);
#3245=EDGE_CURVE('',#2667,#2667,#2513,.T.);
#3246=EDGE_CURVE('',#2667,#2668,#1183,.T.);
#3247=EDGE_CURVE('',#2668,#2668,#2514,.T.);
#3248=EDGE_CURVE('',#2669,#2669,#2515,.T.);
#3249=EDGE_CURVE('',#2669,#2670,#1184,.T.);
#3250=EDGE_CURVE('',#2671,#2670,#2516,.T.);
#3251=EDGE_CURVE('',#2670,#2671,#2517,.T.);
#3252=EDGE_CURVE('',#2672,#2672,#353,.T.);
#3253=EDGE_CURVE('',#2673,#2674,#354,.T.);
#3254=EDGE_CURVE('',#2674,#2673,#355,.T.);
#3255=EDGE_CURVE('',#2675,#2676,#2518,.T.);
#3256=EDGE_CURVE('',#2675,#2677,#2519,.T.);
#3257=EDGE_CURVE('',#2678,#2677,#2520,.T.);
#3258=EDGE_CURVE('',#2676,#2678,#1185,.T.);
#3259=EDGE_CURVE('',#2677,#2679,#356,.T.);
#3260=EDGE_CURVE('',#2679,#2675,#357,.T.);
#3261=EDGE_CURVE('',#2679,#2674,#1186,.T.);
#3262=EDGE_CURVE('',#2680,#2678,#2521,.T.);
#3263=EDGE_CURVE('',#2676,#2680,#2522,.T.);
#3264=EDGE_CURVE('',#2667,#2681,#1187,.T.);
#3265=EDGE_CURVE('',#2681,#2681,#2523,.T.);
#3266=EDGE_CURVE('',#2669,#2682,#1188,.T.);
#3267=EDGE_CURVE('',#2683,#2682,#2524,.T.);
#3268=EDGE_CURVE('',#2682,#2683,#2525,.T.);
#3269=EDGE_CURVE('',#2683,#2680,#2526,.T.);
#3270=EDGE_CURVE('',#2684,#2685,#1189,.T.);
#3271=EDGE_CURVE('',#2686,#2684,#1190,.T.);
#3272=EDGE_CURVE('',#2687,#2686,#1191,.T.);
#3273=EDGE_CURVE('',#2685,#2687,#1192,.T.);
#3274=EDGE_CURVE('',#2688,#2689,#1193,.T.);
#3275=EDGE_CURVE('',#2688,#2690,#1194,.T.);
#3276=EDGE_CURVE('',#2691,#2690,#1195,.T.);
#3277=EDGE_CURVE('',#2692,#2691,#1196,.T.);
#3278=EDGE_CURVE('',#2693,#2692,#1197,.T.);
#3279=EDGE_CURVE('',#2693,#2689,#1198,.T.);
#3280=EDGE_CURVE('',#2694,#2695,#1199,.T.);
#3281=EDGE_CURVE('',#2694,#2696,#1200,.T.);
#3282=EDGE_CURVE('',#2696,#2697,#1201,.T.);
#3283=EDGE_CURVE('',#2697,#2698,#1202,.T.);
#3284=EDGE_CURVE('',#2699,#2698,#1203,.T.);
#3285=EDGE_CURVE('',#2699,#2695,#1204,.T.);
#3286=EDGE_CURVE('',#2700,#2684,#1205,.T.);
#3287=EDGE_CURVE('',#2700,#2701,#1206,.T.);
#3288=EDGE_CURVE('',#2702,#2701,#1207,.T.);
#3289=EDGE_CURVE('',#2703,#2702,#1208,.T.);
#3290=EDGE_CURVE('',#2703,#2686,#1209,.T.);
#3291=EDGE_CURVE('',#2704,#2705,#1210,.T.);
#3292=EDGE_CURVE('',#2706,#2704,#1211,.T.);
#3293=EDGE_CURVE('',#2707,#2706,#1212,.T.);
#3294=EDGE_CURVE('',#2705,#2707,#1213,.T.);
#3295=EDGE_CURVE('',#2695,#2688,#1214,.T.);
#3296=EDGE_CURVE('',#2690,#2699,#1215,.T.);
#3297=EDGE_CURVE('',#2708,#2709,#1216,.T.);
#3298=EDGE_CURVE('',#2708,#2710,#1217,.T.);
#3299=EDGE_CURVE('',#2711,#2710,#1218,.T.);
#3300=EDGE_CURVE('',#2712,#2711,#1219,.T.);
#3301=EDGE_CURVE('',#2713,#2712,#1220,.T.);
#3302=EDGE_CURVE('',#2713,#2709,#1221,.T.);
#3303=EDGE_CURVE('',#2714,#2708,#1222,.T.);
#3304=EDGE_CURVE('',#2715,#2714,#1223,.T.);
#3305=EDGE_CURVE('',#2710,#2715,#1224,.T.);
#3306=EDGE_CURVE('',#2716,#2714,#1225,.T.);
#3307=EDGE_CURVE('',#2716,#2717,#1226,.T.);
#3308=EDGE_CURVE('',#2718,#2717,#1227,.T.);
#3309=EDGE_CURVE('',#2718,#2719,#1228,.T.);
#3310=EDGE_CURVE('',#2715,#2719,#1229,.T.);
#3311=EDGE_CURVE('',#2705,#2720,#1230,.T.);
#3312=EDGE_CURVE('',#2721,#2707,#1231,.T.);
#3313=EDGE_CURVE('',#2722,#2721,#1232,.T.);
#3314=EDGE_CURVE('',#2723,#2722,#1233,.T.);
#3315=EDGE_CURVE('',#2723,#2720,#1234,.T.);
#3316=EDGE_CURVE('',#2724,#2725,#358,.T.);
#3317=EDGE_CURVE('',#2725,#2724,#359,.T.);
#3318=EDGE_CURVE('',#2726,#2727,#360,.T.);
#3319=EDGE_CURVE('',#2727,#2726,#361,.T.);
#3320=EDGE_CURVE('',#2728,#2729,#1235,.T.);
#3321=EDGE_CURVE('',#2729,#2690,#1236,.T.);
#3322=EDGE_CURVE('',#2728,#2699,#1237,.T.);
#3323=EDGE_CURVE('',#2729,#2730,#1238,.T.);
#3324=EDGE_CURVE('',#2730,#2691,#1239,.T.);
#3325=EDGE_CURVE('',#2730,#2731,#1240,.T.);
#3326=EDGE_CURVE('',#2731,#2698,#1241,.T.);
#3327=EDGE_CURVE('',#2698,#2691,#1242,.T.);
#3328=EDGE_CURVE('',#2731,#2728,#1243,.T.);
#3329=EDGE_CURVE('',#2732,#2733,#1244,.T.);
#3330=EDGE_CURVE('',#2733,#2734,#1245,.T.);
#3331=EDGE_CURVE('',#2734,#2721,#1246,.T.);
#3332=EDGE_CURVE('',#2732,#2721,#1247,.T.);
#3333=EDGE_CURVE('',#2733,#2735,#1248,.T.);
#3334=EDGE_CURVE('',#2735,#2706,#1249,.T.);
#3335=EDGE_CURVE('',#2706,#2734,#1250,.T.);
#3336=EDGE_CURVE('',#2735,#2736,#1251,.T.);
#3337=EDGE_CURVE('',#2736,#2707,#1252,.T.);
#3338=EDGE_CURVE('',#2736,#2732,#1253,.T.);
#3339=EDGE_CURVE('',#2737,#2734,#1254,.T.);
#3340=EDGE_CURVE('',#2722,#2737,#1255,.T.);
#3341=EDGE_CURVE('',#2738,#2710,#1256,.T.);
#3342=EDGE_CURVE('',#2738,#2739,#1257,.T.);
#3343=EDGE_CURVE('',#2739,#2711,#1258,.T.);
#3344=EDGE_CURVE('',#2739,#2740,#1259,.T.);
#3345=EDGE_CURVE('',#2740,#2719,#1260,.T.);
#3346=EDGE_CURVE('',#2719,#2711,#1261,.T.);
#3347=EDGE_CURVE('',#2740,#2741,#1262,.T.);
#3348=EDGE_CURVE('',#2741,#2715,#1263,.T.);
#3349=EDGE_CURVE('',#2741,#2738,#1264,.T.);
#3350=EDGE_CURVE('',#2742,#2700,#1265,.T.);
#3351=EDGE_CURVE('',#2743,#2742,#1266,.T.);
#3352=EDGE_CURVE('',#2701,#2743,#1267,.T.);
#3353=EDGE_CURVE('',#2744,#2704,#1268,.T.);
#3354=EDGE_CURVE('',#2744,#2745,#1269,.T.);
#3355=EDGE_CURVE('',#2737,#2745,#1270,.T.);
#3356=EDGE_CURVE('',#2746,#2701,#1271,.T.);
#3357=EDGE_CURVE('',#2746,#2747,#1272,.T.);
#3358=EDGE_CURVE('',#2747,#2702,#1273,.T.);
#3359=EDGE_CURVE('',#2747,#2748,#1274,.T.);
#3360=EDGE_CURVE('',#2748,#2749,#1275,.T.);
#3361=EDGE_CURVE('',#2749,#2702,#1276,.T.);
#3362=EDGE_CURVE('',#2748,#2750,#1277,.T.);
#3363=EDGE_CURVE('',#2750,#2743,#1278,.T.);
#3364=EDGE_CURVE('',#2743,#2749,#1279,.T.);
#3365=EDGE_CURVE('',#2750,#2746,#1280,.T.);
#3366=EDGE_CURVE('',#2751,#2749,#1281,.T.);
#3367=EDGE_CURVE('',#2703,#2751,#1282,.T.);
#3368=EDGE_CURVE('',#2692,#2697,#1283,.T.);
#3369=EDGE_CURVE('',#2712,#2718,#1284,.T.);
#3370=EDGE_CURVE('',#2720,#2744,#1285,.T.);
#3371=EDGE_CURVE('',#2745,#2723,#1286,.T.);
#3372=EDGE_CURVE('',#2689,#2694,#1287,.T.);
#3373=EDGE_CURVE('',#2696,#2693,#1288,.T.);
#3374=EDGE_CURVE('',#2709,#2716,#1289,.T.);
#3375=EDGE_CURVE('',#2717,#2713,#1290,.T.);
#3376=EDGE_CURVE('',#2751,#2687,#1291,.T.);
#3377=EDGE_CURVE('',#2685,#2742,#1292,.T.);
#3378=EDGE_CURVE('',#2752,#2753,#1293,.T.);
#3379=EDGE_CURVE('',#2752,#2754,#1294,.T.);
#3380=EDGE_CURVE('',#2755,#2754,#1295,.T.);
#3381=EDGE_CURVE('',#2753,#2755,#1296,.T.);
#3382=EDGE_CURVE('',#2756,#2752,#1297,.T.);
#3383=EDGE_CURVE('',#2756,#2757,#1298,.T.);
#3384=EDGE_CURVE('',#2754,#2757,#1299,.T.);
#3385=EDGE_CURVE('',#2753,#2756,#1300,.T.);
#3386=EDGE_CURVE('',#2757,#2755,#1301,.T.);
#3387=EDGE_CURVE('',#2758,#2759,#1302,.T.);
#3388=EDGE_CURVE('',#2758,#2760,#1303,.T.);
#3389=EDGE_CURVE('',#2761,#2760,#1304,.T.);
#3390=EDGE_CURVE('',#2759,#2761,#1305,.T.);
#3391=EDGE_CURVE('',#2759,#2762,#1306,.T.);
#3392=EDGE_CURVE('',#2763,#2761,#1307,.T.);
#3393=EDGE_CURVE('',#2762,#2763,#1308,.T.);
#3394=EDGE_CURVE('',#2762,#2764,#1309,.T.);
#3395=EDGE_CURVE('',#2765,#2763,#1310,.T.);
#3396=EDGE_CURVE('',#2764,#2765,#1311,.T.);
#3397=EDGE_CURVE('',#2764,#2766,#1312,.T.);
#3398=EDGE_CURVE('',#2767,#2765,#1313,.T.);
#3399=EDGE_CURVE('',#2766,#2767,#1314,.T.);
#3400=EDGE_CURVE('',#2766,#2768,#1315,.T.);
#3401=EDGE_CURVE('',#2769,#2767,#1316,.T.);
#3402=EDGE_CURVE('',#2768,#2769,#1317,.T.);
#3403=EDGE_CURVE('',#2768,#2770,#1318,.T.);
#3404=EDGE_CURVE('',#2771,#2769,#1319,.T.);
#3405=EDGE_CURVE('',#2770,#2771,#1320,.T.);
#3406=EDGE_CURVE('',#2770,#2772,#1321,.T.);
#3407=EDGE_CURVE('',#2773,#2771,#1322,.T.);
#3408=EDGE_CURVE('',#2772,#2773,#1323,.T.);
#3409=EDGE_CURVE('',#2772,#2774,#1324,.T.);
#3410=EDGE_CURVE('',#2775,#2773,#1325,.T.);
#3411=EDGE_CURVE('',#2774,#2775,#1326,.T.);
#3412=EDGE_CURVE('',#2774,#2776,#1327,.T.);
#3413=EDGE_CURVE('',#2777,#2775,#1328,.T.);
#3414=EDGE_CURVE('',#2776,#2777,#1329,.T.);
#3415=EDGE_CURVE('',#2776,#2778,#1330,.T.);
#3416=EDGE_CURVE('',#2779,#2777,#1331,.T.);
#3417=EDGE_CURVE('',#2778,#2779,#1332,.T.);
#3418=EDGE_CURVE('',#2778,#2758,#1333,.T.);
#3419=EDGE_CURVE('',#2760,#2779,#1334,.T.);
#3420=EDGE_CURVE('',#2780,#2781,#2527,.T.);
#3421=EDGE_CURVE('',#2782,#2780,#1335,.T.);
#3422=EDGE_CURVE('',#2783,#2782,#2528,.T.);
#3423=EDGE_CURVE('',#2784,#2783,#1336,.T.);
#3424=EDGE_CURVE('',#2785,#2784,#2529,.T.);
#3425=EDGE_CURVE('',#2786,#2785,#1337,.T.);
#3426=EDGE_CURVE('',#2787,#2786,#2530,.T.);
#3427=EDGE_CURVE('',#2788,#2787,#1338,.T.);
#3428=EDGE_CURVE('',#2789,#2788,#2531,.T.);
#3429=EDGE_CURVE('',#2790,#2789,#1339,.T.);
#3430=EDGE_CURVE('',#2791,#2790,#2532,.T.);
#3431=EDGE_CURVE('',#2781,#2791,#1340,.T.);
#3432=EDGE_CURVE('',#2792,#2792,#2533,.T.);
#3433=EDGE_CURVE('',#2792,#2793,#1341,.T.);
#3434=EDGE_CURVE('',#2793,#2793,#2534,.T.);
#3435=EDGE_CURVE('',#2794,#2794,#2535,.T.);
#3436=EDGE_CURVE('',#2794,#2795,#1342,.T.);
#3437=EDGE_CURVE('',#2795,#2795,#2536,.T.);
#3438=EDGE_CURVE('',#2796,#2796,#2537,.T.);
#3439=EDGE_CURVE('',#2796,#2672,#1343,.T.);
#3440=EDGE_CURVE('',#2797,#2798,#1344,.T.);
#3441=EDGE_CURVE('',#2799,#2798,#1345,.T.);
#3442=EDGE_CURVE('',#2800,#2799,#1346,.T.);
#3443=EDGE_CURVE('',#2800,#2797,#1347,.T.);
#3444=EDGE_CURVE('',#2798,#2801,#1348,.T.);
#3445=EDGE_CURVE('',#2802,#2801,#1349,.T.);
#3446=EDGE_CURVE('',#2799,#2802,#1350,.T.);
#3447=EDGE_CURVE('',#2801,#2803,#362,.T.);
#3448=EDGE_CURVE('',#2804,#2803,#1351,.T.);
#3449=EDGE_CURVE('',#2802,#2804,#363,.T.);
#3450=EDGE_CURVE('',#2803,#2805,#1352,.T.);
#3451=EDGE_CURVE('',#2806,#2805,#1353,.T.);
#3452=EDGE_CURVE('',#2804,#2806,#1354,.T.);
#3453=EDGE_CURVE('',#2805,#2807,#1355,.T.);
#3454=EDGE_CURVE('',#2808,#2807,#1356,.T.);
#3455=EDGE_CURVE('',#2806,#2808,#1357,.T.);
#3456=EDGE_CURVE('',#2807,#2809,#1358,.T.);
#3457=EDGE_CURVE('',#2810,#2809,#1359,.T.);
#3458=EDGE_CURVE('',#2808,#2810,#1360,.T.);
#3459=EDGE_CURVE('',#2809,#2811,#364,.T.);
#3460=EDGE_CURVE('',#2812,#2811,#1361,.T.);
#3461=EDGE_CURVE('',#2810,#2812,#365,.T.);
#3462=EDGE_CURVE('',#2811,#2813,#1362,.T.);
#3463=EDGE_CURVE('',#2814,#2813,#1363,.T.);
#3464=EDGE_CURVE('',#2812,#2814,#1364,.T.);
#3465=EDGE_CURVE('',#2813,#2815,#1365,.T.);
#3466=EDGE_CURVE('',#2816,#2815,#1366,.T.);
#3467=EDGE_CURVE('',#2814,#2816,#1367,.T.);
#3468=EDGE_CURVE('',#2815,#2817,#1368,.T.);
#3469=EDGE_CURVE('',#2818,#2817,#1369,.T.);
#3470=EDGE_CURVE('',#2816,#2818,#1370,.T.);
#3471=EDGE_CURVE('',#2817,#2819,#1371,.T.);
#3472=EDGE_CURVE('',#2820,#2819,#1372,.T.);
#3473=EDGE_CURVE('',#2818,#2820,#1373,.T.);
#3474=EDGE_CURVE('',#2819,#2821,#1374,.T.);
#3475=EDGE_CURVE('',#2822,#2821,#1375,.T.);
#3476=EDGE_CURVE('',#2820,#2822,#1376,.T.);
#3477=EDGE_CURVE('',#2821,#2823,#366,.T.);
#3478=EDGE_CURVE('',#2824,#2823,#1377,.T.);
#3479=EDGE_CURVE('',#2822,#2824,#367,.T.);
#3480=EDGE_CURVE('',#2823,#2825,#1378,.T.);
#3481=EDGE_CURVE('',#2826,#2825,#1379,.T.);
#3482=EDGE_CURVE('',#2824,#2826,#1380,.T.);
#3483=EDGE_CURVE('',#2825,#2827,#1381,.T.);
#3484=EDGE_CURVE('',#2828,#2827,#1382,.T.);
#3485=EDGE_CURVE('',#2826,#2828,#1383,.T.);
#3486=EDGE_CURVE('',#2827,#2829,#368,.T.);
#3487=EDGE_CURVE('',#2830,#2829,#1384,.T.);
#3488=EDGE_CURVE('',#2828,#2830,#369,.T.);
#3489=EDGE_CURVE('',#2829,#2831,#1385,.T.);
#3490=EDGE_CURVE('',#2832,#2831,#1386,.T.);
#3491=EDGE_CURVE('',#2830,#2832,#1387,.T.);
#3492=EDGE_CURVE('',#2831,#2833,#1388,.T.);
#3493=EDGE_CURVE('',#2834,#2833,#1389,.T.);
#3494=EDGE_CURVE('',#2832,#2834,#1390,.T.);
#3495=EDGE_CURVE('',#2833,#2835,#1391,.T.);
#3496=EDGE_CURVE('',#2836,#2835,#1392,.T.);
#3497=EDGE_CURVE('',#2834,#2836,#1393,.T.);
#3498=EDGE_CURVE('',#2835,#2837,#1394,.T.);
#3499=EDGE_CURVE('',#2838,#2837,#1395,.T.);
#3500=EDGE_CURVE('',#2836,#2838,#1396,.T.);
#3501=EDGE_CURVE('',#2837,#2839,#1397,.T.);
#3502=EDGE_CURVE('',#2840,#2839,#1398,.T.);
#3503=EDGE_CURVE('',#2838,#2840,#1399,.T.);
#3504=EDGE_CURVE('',#2839,#2841,#370,.T.);
#3505=EDGE_CURVE('',#2842,#2841,#1400,.T.);
#3506=EDGE_CURVE('',#2840,#2842,#371,.T.);
#3507=EDGE_CURVE('',#2841,#2843,#1401,.T.);
#3508=EDGE_CURVE('',#2844,#2843,#1402,.T.);
#3509=EDGE_CURVE('',#2842,#2844,#1403,.T.);
#3510=EDGE_CURVE('',#2843,#2845,#372,.T.);
#3511=EDGE_CURVE('',#2846,#2845,#1404,.T.);
#3512=EDGE_CURVE('',#2844,#2846,#373,.T.);
#3513=EDGE_CURVE('',#2845,#2847,#1405,.T.);
#3514=EDGE_CURVE('',#2848,#2847,#1406,.T.);
#3515=EDGE_CURVE('',#2846,#2848,#1407,.T.);
#3516=EDGE_CURVE('',#2847,#2849,#1408,.T.);
#3517=EDGE_CURVE('',#2850,#2849,#1409,.T.);
#3518=EDGE_CURVE('',#2848,#2850,#1410,.T.);
#3519=EDGE_CURVE('',#2849,#2797,#1411,.T.);
#3520=EDGE_CURVE('',#2850,#2800,#1412,.T.);
#3521=EDGE_CURVE('',#2851,#2852,#1413,.T.);
#3522=EDGE_CURVE('',#2853,#2852,#1414,.T.);
#3523=EDGE_CURVE('',#2854,#2853,#1415,.T.);
#3524=EDGE_CURVE('',#2854,#2851,#1416,.T.);
#3525=EDGE_CURVE('',#2852,#2855,#1417,.T.);
#3526=EDGE_CURVE('',#2856,#2855,#1418,.T.);
#3527=EDGE_CURVE('',#2853,#2856,#1419,.T.);
#3528=EDGE_CURVE('',#2855,#2857,#374,.T.);
#3529=EDGE_CURVE('',#2858,#2857,#1420,.T.);
#3530=EDGE_CURVE('',#2856,#2858,#375,.T.);
#3531=EDGE_CURVE('',#2857,#2859,#1421,.T.);
#3532=EDGE_CURVE('',#2860,#2859,#1422,.T.);
#3533=EDGE_CURVE('',#2858,#2860,#1423,.T.);
#3534=EDGE_CURVE('',#2859,#2861,#376,.T.);
#3535=EDGE_CURVE('',#2862,#2861,#1424,.T.);
#3536=EDGE_CURVE('',#2860,#2862,#377,.T.);
#3537=EDGE_CURVE('',#2861,#2863,#378,.T.);
#3538=EDGE_CURVE('',#2864,#2863,#1425,.T.);
#3539=EDGE_CURVE('',#2862,#2864,#379,.T.);
#3540=EDGE_CURVE('',#2863,#2865,#380,.T.);
#3541=EDGE_CURVE('',#2866,#2865,#1426,.T.);
#3542=EDGE_CURVE('',#2864,#2866,#381,.T.);
#3543=EDGE_CURVE('',#2865,#2867,#1427,.T.);
#3544=EDGE_CURVE('',#2868,#2867,#1428,.T.);
#3545=EDGE_CURVE('',#2866,#2868,#1429,.T.);
#3546=EDGE_CURVE('',#2867,#2869,#382,.T.);
#3547=EDGE_CURVE('',#2870,#2869,#1430,.T.);
#3548=EDGE_CURVE('',#2868,#2870,#383,.T.);
#3549=EDGE_CURVE('',#2869,#2871,#1431,.T.);
#3550=EDGE_CURVE('',#2872,#2871,#1432,.T.);
#3551=EDGE_CURVE('',#2870,#2872,#1433,.T.);
#3552=EDGE_CURVE('',#2871,#2873,#1434,.T.);
#3553=EDGE_CURVE('',#2874,#2873,#1435,.T.);
#3554=EDGE_CURVE('',#2872,#2874,#1436,.T.);
#3555=EDGE_CURVE('',#2873,#2875,#1437,.T.);
#3556=EDGE_CURVE('',#2876,#2875,#1438,.T.);
#3557=EDGE_CURVE('',#2874,#2876,#1439,.T.);
#3558=EDGE_CURVE('',#2875,#2877,#1440,.T.);
#3559=EDGE_CURVE('',#2878,#2877,#1441,.T.);
#3560=EDGE_CURVE('',#2876,#2878,#1442,.T.);
#3561=EDGE_CURVE('',#2877,#2879,#1443,.T.);
#3562=EDGE_CURVE('',#2880,#2879,#1444,.T.);
#3563=EDGE_CURVE('',#2878,#2880,#1445,.T.);
#3564=EDGE_CURVE('',#2879,#2881,#384,.T.);
#3565=EDGE_CURVE('',#2882,#2881,#1446,.T.);
#3566=EDGE_CURVE('',#2880,#2882,#385,.T.);
#3567=EDGE_CURVE('',#2881,#2883,#1447,.T.);
#3568=EDGE_CURVE('',#2884,#2883,#1448,.T.);
#3569=EDGE_CURVE('',#2882,#2884,#1449,.T.);
#3570=EDGE_CURVE('',#2883,#2885,#386,.T.);
#3571=EDGE_CURVE('',#2886,#2885,#1450,.T.);
#3572=EDGE_CURVE('',#2884,#2886,#387,.T.);
#3573=EDGE_CURVE('',#2885,#2887,#1451,.T.);
#3574=EDGE_CURVE('',#2888,#2887,#1452,.T.);
#3575=EDGE_CURVE('',#2886,#2888,#1453,.T.);
#3576=EDGE_CURVE('',#2887,#2889,#1454,.T.);
#3577=EDGE_CURVE('',#2890,#2889,#1455,.T.);
#3578=EDGE_CURVE('',#2888,#2890,#1456,.T.);
#3579=EDGE_CURVE('',#2889,#2851,#1457,.T.);
#3580=EDGE_CURVE('',#2890,#2854,#1458,.T.);
#3581=EDGE_CURVE('',#2891,#2892,#1459,.T.);
#3582=EDGE_CURVE('',#2893,#2892,#1460,.T.);
#3583=EDGE_CURVE('',#2894,#2893,#1461,.T.);
#3584=EDGE_CURVE('',#2894,#2891,#1462,.T.);
#3585=EDGE_CURVE('',#2892,#2895,#1463,.T.);
#3586=EDGE_CURVE('',#2896,#2895,#1464,.T.);
#3587=EDGE_CURVE('',#2893,#2896,#1465,.T.);
#3588=EDGE_CURVE('',#2895,#2897,#388,.T.);
#3589=EDGE_CURVE('',#2898,#2897,#1466,.T.);
#3590=EDGE_CURVE('',#2896,#2898,#389,.T.);
#3591=EDGE_CURVE('',#2897,#2899,#390,.T.);
#3592=EDGE_CURVE('',#2900,#2899,#1467,.T.);
#3593=EDGE_CURVE('',#2898,#2900,#391,.T.);
#3594=EDGE_CURVE('',#2899,#2901,#392,.T.);
#3595=EDGE_CURVE('',#2902,#2901,#1468,.T.);
#3596=EDGE_CURVE('',#2900,#2902,#393,.T.);
#3597=EDGE_CURVE('',#2901,#2903,#394,.T.);
#3598=EDGE_CURVE('',#2904,#2903,#1469,.T.);
#3599=EDGE_CURVE('',#2902,#2904,#395,.T.);
#3600=EDGE_CURVE('',#2903,#2905,#396,.T.);
#3601=EDGE_CURVE('',#2906,#2905,#1470,.T.);
#3602=EDGE_CURVE('',#2904,#2906,#397,.T.);
#3603=EDGE_CURVE('',#2905,#2907,#1471,.T.);
#3604=EDGE_CURVE('',#2908,#2907,#1472,.T.);
#3605=EDGE_CURVE('',#2906,#2908,#1473,.T.);
#3606=EDGE_CURVE('',#2907,#2909,#398,.T.);
#3607=EDGE_CURVE('',#2910,#2909,#1474,.T.);
#3608=EDGE_CURVE('',#2908,#2910,#399,.T.);
#3609=EDGE_CURVE('',#2909,#2911,#400,.T.);
#3610=EDGE_CURVE('',#2912,#2911,#1475,.T.);
#3611=EDGE_CURVE('',#2910,#2912,#401,.T.);
#3612=EDGE_CURVE('',#2911,#2913,#402,.T.);
#3613=EDGE_CURVE('',#2914,#2913,#1476,.T.);
#3614=EDGE_CURVE('',#2912,#2914,#403,.T.);
#3615=EDGE_CURVE('',#2913,#2915,#404,.T.);
#3616=EDGE_CURVE('',#2916,#2915,#1477,.T.);
#3617=EDGE_CURVE('',#2914,#2916,#405,.T.);
#3618=EDGE_CURVE('',#2915,#2917,#406,.T.);
#3619=EDGE_CURVE('',#2918,#2917,#1478,.T.);
#3620=EDGE_CURVE('',#2916,#2918,#407,.T.);
#3621=EDGE_CURVE('',#2917,#2919,#408,.T.);
#3622=EDGE_CURVE('',#2920,#2919,#1479,.T.);
#3623=EDGE_CURVE('',#2918,#2920,#409,.T.);
#3624=EDGE_CURVE('',#2919,#2921,#1480,.T.);
#3625=EDGE_CURVE('',#2922,#2921,#1481,.T.);
#3626=EDGE_CURVE('',#2920,#2922,#1482,.T.);
#3627=EDGE_CURVE('',#2921,#2891,#1483,.T.);
#3628=EDGE_CURVE('',#2922,#2894,#1484,.T.);
#3629=EDGE_CURVE('',#2923,#2924,#1485,.T.);
#3630=EDGE_CURVE('',#2925,#2924,#1486,.T.);
#3631=EDGE_CURVE('',#2926,#2925,#1487,.T.);
#3632=EDGE_CURVE('',#2926,#2923,#1488,.T.);
#3633=EDGE_CURVE('',#2924,#2927,#1489,.T.);
#3634=EDGE_CURVE('',#2928,#2927,#1490,.T.);
#3635=EDGE_CURVE('',#2925,#2928,#1491,.T.);
#3636=EDGE_CURVE('',#2927,#2929,#410,.T.);
#3637=EDGE_CURVE('',#2930,#2929,#1492,.T.);
#3638=EDGE_CURVE('',#2928,#2930,#411,.T.);
#3639=EDGE_CURVE('',#2929,#2931,#1493,.T.);
#3640=EDGE_CURVE('',#2932,#2931,#1494,.T.);
#3641=EDGE_CURVE('',#2930,#2932,#1495,.T.);
#3642=EDGE_CURVE('',#2931,#2933,#412,.T.);
#3643=EDGE_CURVE('',#2934,#2933,#1496,.T.);
#3644=EDGE_CURVE('',#2932,#2934,#413,.T.);
#3645=EDGE_CURVE('',#2933,#2935,#1497,.T.);
#3646=EDGE_CURVE('',#2936,#2935,#1498,.T.);
#3647=EDGE_CURVE('',#2934,#2936,#1499,.T.);
#3648=EDGE_CURVE('',#2935,#2937,#1500,.T.);
#3649=EDGE_CURVE('',#2938,#2937,#1501,.T.);
#3650=EDGE_CURVE('',#2936,#2938,#1502,.T.);
#3651=EDGE_CURVE('',#2937,#2939,#1503,.T.);
#3652=EDGE_CURVE('',#2940,#2939,#1504,.T.);
#3653=EDGE_CURVE('',#2938,#2940,#1505,.T.);
#3654=EDGE_CURVE('',#2939,#2941,#1506,.T.);
#3655=EDGE_CURVE('',#2942,#2941,#1507,.T.);
#3656=EDGE_CURVE('',#2940,#2942,#1508,.T.);
#3657=EDGE_CURVE('',#2941,#2943,#1509,.T.);
#3658=EDGE_CURVE('',#2944,#2943,#1510,.T.);
#3659=EDGE_CURVE('',#2942,#2944,#1511,.T.);
#3660=EDGE_CURVE('',#2943,#2945,#414,.T.);
#3661=EDGE_CURVE('',#2946,#2945,#1512,.T.);
#3662=EDGE_CURVE('',#2944,#2946,#415,.T.);
#3663=EDGE_CURVE('',#2945,#2947,#1513,.T.);
#3664=EDGE_CURVE('',#2948,#2947,#1514,.T.);
#3665=EDGE_CURVE('',#2946,#2948,#1515,.T.);
#3666=EDGE_CURVE('',#2947,#2949,#416,.T.);
#3667=EDGE_CURVE('',#2950,#2949,#1516,.T.);
#3668=EDGE_CURVE('',#2948,#2950,#417,.T.);
#3669=EDGE_CURVE('',#2949,#2951,#1517,.T.);
#3670=EDGE_CURVE('',#2952,#2951,#1518,.T.);
#3671=EDGE_CURVE('',#2950,#2952,#1519,.T.);
#3672=EDGE_CURVE('',#2951,#2953,#1520,.T.);
#3673=EDGE_CURVE('',#2954,#2953,#1521,.T.);
#3674=EDGE_CURVE('',#2952,#2954,#1522,.T.);
#3675=EDGE_CURVE('',#2953,#2923,#1523,.T.);
#3676=EDGE_CURVE('',#2954,#2926,#1524,.T.);
#3677=EDGE_CURVE('',#2955,#2956,#1525,.T.);
#3678=EDGE_CURVE('',#2957,#2956,#1526,.T.);
#3679=EDGE_CURVE('',#2958,#2957,#1527,.T.);
#3680=EDGE_CURVE('',#2958,#2955,#1528,.T.);
#3681=EDGE_CURVE('',#2956,#2959,#1529,.T.);
#3682=EDGE_CURVE('',#2960,#2959,#1530,.T.);
#3683=EDGE_CURVE('',#2957,#2960,#1531,.T.);
#3684=EDGE_CURVE('',#2959,#2961,#418,.T.);
#3685=EDGE_CURVE('',#2962,#2961,#1532,.T.);
#3686=EDGE_CURVE('',#2960,#2962,#419,.T.);
#3687=EDGE_CURVE('',#2961,#2963,#1533,.T.);
#3688=EDGE_CURVE('',#2964,#2963,#1534,.T.);
#3689=EDGE_CURVE('',#2962,#2964,#1535,.T.);
#3690=EDGE_CURVE('',#2963,#2965,#1536,.T.);
#3691=EDGE_CURVE('',#2966,#2965,#1537,.T.);
#3692=EDGE_CURVE('',#2964,#2966,#1538,.T.);
#3693=EDGE_CURVE('',#2965,#2967,#1539,.T.);
#3694=EDGE_CURVE('',#2968,#2967,#1540,.T.);
#3695=EDGE_CURVE('',#2966,#2968,#1541,.T.);
#3696=EDGE_CURVE('',#2967,#2969,#420,.T.);
#3697=EDGE_CURVE('',#2970,#2969,#1542,.T.);
#3698=EDGE_CURVE('',#2968,#2970,#421,.T.);
#3699=EDGE_CURVE('',#2969,#2971,#1543,.T.);
#3700=EDGE_CURVE('',#2972,#2971,#1544,.T.);
#3701=EDGE_CURVE('',#2970,#2972,#1545,.T.);
#3702=EDGE_CURVE('',#2971,#2973,#1546,.T.);
#3703=EDGE_CURVE('',#2974,#2973,#1547,.T.);
#3704=EDGE_CURVE('',#2972,#2974,#1548,.T.);
#3705=EDGE_CURVE('',#2973,#2975,#1549,.T.);
#3706=EDGE_CURVE('',#2976,#2975,#1550,.T.);
#3707=EDGE_CURVE('',#2974,#2976,#1551,.T.);
#3708=EDGE_CURVE('',#2975,#2977,#1552,.T.);
#3709=EDGE_CURVE('',#2978,#2977,#1553,.T.);
#3710=EDGE_CURVE('',#2976,#2978,#1554,.T.);
#3711=EDGE_CURVE('',#2977,#2979,#1555,.T.);
#3712=EDGE_CURVE('',#2980,#2979,#1556,.T.);
#3713=EDGE_CURVE('',#2978,#2980,#1557,.T.);
#3714=EDGE_CURVE('',#2979,#2981,#422,.T.);
#3715=EDGE_CURVE('',#2982,#2981,#1558,.T.);
#3716=EDGE_CURVE('',#2980,#2982,#423,.T.);
#3717=EDGE_CURVE('',#2981,#2983,#1559,.T.);
#3718=EDGE_CURVE('',#2984,#2983,#1560,.T.);
#3719=EDGE_CURVE('',#2982,#2984,#1561,.T.);
#3720=EDGE_CURVE('',#2983,#2985,#1562,.T.);
#3721=EDGE_CURVE('',#2986,#2985,#1563,.T.);
#3722=EDGE_CURVE('',#2984,#2986,#1564,.T.);
#3723=EDGE_CURVE('',#2985,#2987,#424,.T.);
#3724=EDGE_CURVE('',#2988,#2987,#1565,.T.);
#3725=EDGE_CURVE('',#2986,#2988,#425,.T.);
#3726=EDGE_CURVE('',#2987,#2989,#1566,.T.);
#3727=EDGE_CURVE('',#2990,#2989,#1567,.T.);
#3728=EDGE_CURVE('',#2988,#2990,#1568,.T.);
#3729=EDGE_CURVE('',#2989,#2991,#1569,.T.);
#3730=EDGE_CURVE('',#2992,#2991,#1570,.T.);
#3731=EDGE_CURVE('',#2990,#2992,#1571,.T.);
#3732=EDGE_CURVE('',#2991,#2993,#1572,.T.);
#3733=EDGE_CURVE('',#2994,#2993,#1573,.T.);
#3734=EDGE_CURVE('',#2992,#2994,#1574,.T.);
#3735=EDGE_CURVE('',#2993,#2995,#1575,.T.);
#3736=EDGE_CURVE('',#2996,#2995,#1576,.T.);
#3737=EDGE_CURVE('',#2994,#2996,#1577,.T.);
#3738=EDGE_CURVE('',#2995,#2997,#1578,.T.);
#3739=EDGE_CURVE('',#2998,#2997,#1579,.T.);
#3740=EDGE_CURVE('',#2996,#2998,#1580,.T.);
#3741=EDGE_CURVE('',#2997,#2999,#426,.T.);
#3742=EDGE_CURVE('',#3000,#2999,#1581,.T.);
#3743=EDGE_CURVE('',#2998,#3000,#427,.T.);
#3744=EDGE_CURVE('',#2999,#3001,#1582,.T.);
#3745=EDGE_CURVE('',#3002,#3001,#1583,.T.);
#3746=EDGE_CURVE('',#3000,#3002,#1584,.T.);
#3747=EDGE_CURVE('',#3001,#3003,#428,.T.);
#3748=EDGE_CURVE('',#3004,#3003,#1585,.T.);
#3749=EDGE_CURVE('',#3002,#3004,#429,.T.);
#3750=EDGE_CURVE('',#3003,#3005,#1586,.T.);
#3751=EDGE_CURVE('',#3006,#3005,#1587,.T.);
#3752=EDGE_CURVE('',#3004,#3006,#1588,.T.);
#3753=EDGE_CURVE('',#3005,#3007,#1589,.T.);
#3754=EDGE_CURVE('',#3008,#3007,#1590,.T.);
#3755=EDGE_CURVE('',#3006,#3008,#1591,.T.);
#3756=EDGE_CURVE('',#3007,#2955,#1592,.T.);
#3757=EDGE_CURVE('',#3008,#2958,#1593,.T.);
#3758=EDGE_CURVE('',#3009,#3010,#2538,.T.);
#3759=EDGE_CURVE('',#3011,#3009,#1594,.T.);
#3760=EDGE_CURVE('',#3012,#3011,#2539,.T.);
#3761=EDGE_CURVE('',#3012,#3010,#1595,.T.);
#3762=EDGE_CURVE('',#3010,#3013,#1596,.T.);
#3763=EDGE_CURVE('',#3014,#3012,#1597,.T.);
#3764=EDGE_CURVE('',#3014,#3013,#1598,.T.);
#3765=EDGE_CURVE('',#3013,#3015,#2540,.T.);
#3766=EDGE_CURVE('',#3016,#3014,#2541,.T.);
#3767=EDGE_CURVE('',#3016,#3015,#1599,.T.);
#3768=EDGE_CURVE('',#3015,#3009,#1600,.T.);
#3769=EDGE_CURVE('',#3011,#3016,#1601,.T.);
#3770=EDGE_CURVE('',#3017,#3018,#2542,.T.);
#3771=EDGE_CURVE('',#3018,#3019,#1602,.T.);
#3772=EDGE_CURVE('',#3019,#3020,#2543,.T.);
#3773=EDGE_CURVE('',#3020,#3017,#1603,.T.);
#3774=EDGE_CURVE('',#3021,#3019,#1604,.T.);
#3775=EDGE_CURVE('',#3021,#3022,#2544,.T.);
#3776=EDGE_CURVE('',#3020,#3022,#1605,.T.);
#3777=EDGE_CURVE('',#3018,#3023,#1606,.T.);
#3778=EDGE_CURVE('',#3024,#3023,#1607,.T.);
#3779=EDGE_CURVE('',#3024,#3025,#1608,.T.);
#3780=EDGE_CURVE('',#3025,#3026,#1609,.T.);
#3781=EDGE_CURVE('',#3027,#3026,#1610,.T.);
#3782=EDGE_CURVE('',#3021,#3027,#1611,.T.);
#3783=EDGE_CURVE('',#3028,#3029,#2545,.T.);
#3784=EDGE_CURVE('',#3029,#3030,#1612,.T.);
#3785=EDGE_CURVE('',#3030,#3031,#2546,.T.);
#3786=EDGE_CURVE('',#3031,#3028,#1613,.T.);
#3787=EDGE_CURVE('',#3032,#3024,#2547,.T.);
#3788=EDGE_CURVE('',#3023,#3033,#2548,.T.);
#3789=EDGE_CURVE('',#3033,#3032,#1614,.T.);
#3790=EDGE_CURVE('',#3034,#3032,#1615,.T.);
#3791=EDGE_CURVE('',#3034,#3025,#2549,.T.);
#3792=EDGE_CURVE('',#3035,#3035,#2550,.T.);
#3793=EDGE_CURVE('',#3035,#2727,#1616,.T.);
#3794=EDGE_CURVE('',#3036,#3036,#2551,.T.);
#3795=EDGE_CURVE('',#3036,#2725,#1617,.T.);
#3796=EDGE_CURVE('',#2781,#3037,#2552,.T.);
#3797=EDGE_CURVE('',#3037,#3038,#2553,.T.);
#3798=EDGE_CURVE('',#3038,#2780,#2554,.T.);
#3799=EDGE_CURVE('',#2791,#3039,#2555,.T.);
#3800=EDGE_CURVE('',#3039,#3037,#1618,.T.);
#3801=EDGE_CURVE('',#3040,#2782,#2556,.T.);
#3802=EDGE_CURVE('',#3038,#3040,#1619,.T.);
#3803=EDGE_CURVE('',#2790,#3041,#2557,.T.);
#3804=EDGE_CURVE('',#3041,#3039,#2558,.T.);
#3805=EDGE_CURVE('',#3042,#2783,#2559,.T.);
#3806=EDGE_CURVE('',#3040,#3042,#2560,.T.);
#3807=EDGE_CURVE('',#2789,#3043,#2561,.T.);
#3808=EDGE_CURVE('',#3043,#3041,#1620,.T.);
#3809=EDGE_CURVE('',#3044,#2784,#2562,.T.);
#3810=EDGE_CURVE('',#3042,#3044,#1621,.T.);
#3811=EDGE_CURVE('',#2788,#3045,#2563,.T.);
#3812=EDGE_CURVE('',#3045,#3043,#2564,.T.);
#3813=EDGE_CURVE('',#3046,#2785,#2565,.T.);
#3814=EDGE_CURVE('',#3044,#3046,#2566,.T.);
#3815=EDGE_CURVE('',#2787,#3047,#2567,.T.);
#3816=EDGE_CURVE('',#3047,#3045,#1622,.T.);
#3817=EDGE_CURVE('',#3048,#2786,#2568,.T.);
#3818=EDGE_CURVE('',#3046,#3048,#1623,.T.);
#3819=EDGE_CURVE('',#3048,#3047,#2569,.T.);
#3820=EDGE_CURVE('',#3049,#3046,#1624,.T.);
#3821=EDGE_CURVE('',#3050,#3049,#1625,.T.);
#3822=EDGE_CURVE('',#3048,#3050,#1626,.T.);
#3823=EDGE_CURVE('',#3044,#3051,#1627,.T.);
#3824=EDGE_CURVE('',#3051,#3049,#2570,.T.);
#3825=EDGE_CURVE('',#3052,#3042,#1628,.T.);
#3826=EDGE_CURVE('',#3051,#3052,#1629,.T.);
#3827=EDGE_CURVE('',#3040,#3053,#1630,.T.);
#3828=EDGE_CURVE('',#3053,#3052,#2571,.T.);
#3829=EDGE_CURVE('',#3054,#3038,#1631,.T.);
#3830=EDGE_CURVE('',#3053,#3054,#1632,.T.);
#3831=EDGE_CURVE('',#3037,#3055,#1633,.T.);
#3832=EDGE_CURVE('',#3055,#3054,#2572,.T.);
#3833=EDGE_CURVE('',#3041,#3056,#1634,.T.);
#3834=EDGE_CURVE('',#3056,#3057,#2573,.T.);
#3835=EDGE_CURVE('',#3057,#3039,#1635,.T.);
#3836=EDGE_CURVE('',#3055,#3057,#1636,.T.);
#3837=EDGE_CURVE('',#3058,#3059,#2574,.T.);
#3838=EDGE_CURVE('',#3058,#3060,#1637,.T.);
#3839=EDGE_CURVE('',#3061,#3060,#2575,.T.);
#3840=EDGE_CURVE('',#3061,#3062,#1638,.T.);
#3841=EDGE_CURVE('',#3062,#3063,#1639,.T.);
#3842=EDGE_CURVE('',#3063,#3064,#1640,.T.);
#3843=EDGE_CURVE('',#3064,#3059,#1641,.T.);
#3844=EDGE_CURVE('',#3056,#3065,#1642,.T.);
#3845=EDGE_CURVE('',#3066,#3065,#2576,.T.);
#3846=EDGE_CURVE('',#3066,#3067,#1643,.T.);
#3847=EDGE_CURVE('',#3050,#3067,#2577,.T.);
#3848=EDGE_CURVE('',#3067,#3047,#1644,.T.);
#3849=EDGE_CURVE('',#3045,#3066,#1645,.T.);
#3850=EDGE_CURVE('',#3065,#3043,#1646,.T.);
#3851=EDGE_CURVE('',#3060,#3068,#1647,.T.);
#3852=EDGE_CURVE('',#3068,#3069,#2578,.T.);
#3853=EDGE_CURVE('',#3069,#3061,#1648,.T.);
#3854=EDGE_CURVE('',#3070,#3026,#2579,.T.);
#3855=EDGE_CURVE('',#3026,#3069,#2580,.T.);
#3856=EDGE_CURVE('',#3068,#3070,#2581,.T.);
#3857=EDGE_CURVE('',#3071,#3027,#2582,.T.);
#3858=EDGE_CURVE('',#3070,#3071,#1649,.T.);
#3859=EDGE_CURVE('',#3072,#3073,#2583,.T.);
#3860=EDGE_CURVE('',#3073,#3027,#2584,.T.);
#3861=EDGE_CURVE('',#3071,#3072,#2585,.T.);
#3862=EDGE_CURVE('',#3059,#3073,#1650,.T.);
#3863=EDGE_CURVE('',#3072,#3058,#1651,.T.);
#3864=EDGE_CURVE('',#3074,#3075,#2586,.T.);
#3865=EDGE_CURVE('',#3029,#3074,#1652,.T.);
#3866=EDGE_CURVE('',#3028,#3075,#1653,.T.);
#3867=EDGE_CURVE('',#3075,#3076,#1654,.T.);
#3868=EDGE_CURVE('',#3031,#3076,#1655,.T.);
#3869=EDGE_CURVE('',#3076,#3077,#2587,.T.);
#3870=EDGE_CURVE('',#3030,#3077,#1656,.T.);
#3871=EDGE_CURVE('',#3077,#3074,#1657,.T.);
#3872=EDGE_CURVE('',#3034,#3069,#1658,.T.);
#3873=EDGE_CURVE('',#3022,#3073,#1659,.T.);
#3874=EDGE_CURVE('',#3062,#3033,#1660,.T.);
#3875=EDGE_CURVE('',#3078,#3078,#2588,.T.);
#3876=EDGE_CURVE('',#3078,#2671,#1661,.T.);
#3877=EDGE_CURVE('',#3079,#3079,#2589,.T.);
#3878=EDGE_CURVE('',#3079,#3080,#2590,.T.);
#3879=EDGE_CURVE('',#3080,#3081,#2591,.T.);
#3880=EDGE_CURVE('',#3081,#3080,#2592,.T.);
#3881=EDGE_CURVE('',#3081,#3082,#1662,.T.);
#3882=EDGE_CURVE('',#3082,#3083,#2593,.T.);
#3883=EDGE_CURVE('',#3083,#3082,#2594,.T.);
#3884=EDGE_CURVE('',#3084,#3084,#2595,.T.);
#3885=EDGE_CURVE('',#3084,#3085,#2596,.T.);
#3886=EDGE_CURVE('',#3085,#3085,#2597,.T.);
#3887=EDGE_CURVE('',#3086,#3086,#2598,.T.);
#3888=EDGE_CURVE('',#3087,#3088,#2599,.T.);
#3889=EDGE_CURVE('',#3088,#3087,#2600,.T.);
#3890=EDGE_CURVE('',#3088,#3085,#1663,.T.);
#3891=EDGE_CURVE('',#3089,#3090,#2601,.T.);
#3892=EDGE_CURVE('',#3090,#3086,#2602,.T.);
#3893=EDGE_CURVE('',#3090,#3089,#2603,.T.);
#3894=EDGE_CURVE('',#3089,#3091,#1664,.T.);
#3895=EDGE_CURVE('',#3063,#3091,#2604,.T.);
#3896=EDGE_CURVE('',#3091,#3063,#2605,.T.);
#3897=EDGE_CURVE('',#3083,#3087,#2606,.T.);
#3898=EDGE_CURVE('',#3017,#3064,#1665,.T.);
#3899=EDGE_CURVE('',#3092,#3092,#2607,.T.);
#3900=EDGE_CURVE('',#3092,#3093,#1666,.T.);
#3901=EDGE_CURVE('',#3093,#3093,#2608,.T.);
#3902=EDGE_CURVE('',#3094,#3094,#2609,.T.);
#3903=EDGE_CURVE('',#3094,#3092,#1667,.T.);
#3904=EDGE_CURVE('',#3095,#3096,#1668,.T.);
#3905=EDGE_CURVE('',#3095,#3097,#1669,.T.);
#3906=EDGE_CURVE('',#3097,#3098,#1670,.T.);
#3907=EDGE_CURVE('',#3098,#3099,#1671,.T.);
#3908=EDGE_CURVE('',#3099,#3100,#1672,.T.);
#3909=EDGE_CURVE('',#3100,#3096,#1673,.T.);
#3910=EDGE_CURVE('',#3101,#3095,#1674,.T.);
#3911=EDGE_CURVE('',#3096,#3102,#1675,.T.);
#3912=EDGE_CURVE('',#3101,#3102,#1676,.T.);
#3913=EDGE_CURVE('',#3103,#3104,#1677,.T.);
#3914=EDGE_CURVE('',#3101,#3104,#1678,.T.);
#3915=EDGE_CURVE('',#3102,#3105,#1679,.T.);
#3916=EDGE_CURVE('',#3106,#3105,#1680,.T.);
#3917=EDGE_CURVE('',#3106,#3103,#1681,.T.);
#3918=EDGE_CURVE('',#3107,#3108,#1682,.T.);
#3919=EDGE_CURVE('',#3107,#3109,#1683,.T.);
#3920=EDGE_CURVE('',#3109,#3110,#1684,.T.);
#3921=EDGE_CURVE('',#3108,#3110,#1685,.T.);
#3922=EDGE_CURVE('',#3106,#3099,#1686,.T.);
#3923=EDGE_CURVE('',#3105,#3100,#1687,.T.);
#3924=EDGE_CURVE('',#3103,#3098,#1688,.T.);
#3925=EDGE_CURVE('',#3104,#3097,#1689,.T.);
#3926=EDGE_CURVE('',#3097,#3108,#1690,.T.);
#3927=EDGE_CURVE('',#3110,#3104,#1691,.T.);
#3928=EDGE_CURVE('',#3095,#3107,#1692,.T.);
#3929=EDGE_CURVE('',#3109,#3101,#1693,.T.);
#3930=EDGE_CURVE('',#3111,#3112,#1694,.T.);
#3931=EDGE_CURVE('',#3111,#3113,#1695,.T.);
#3932=EDGE_CURVE('',#3113,#3114,#1696,.T.);
#3933=EDGE_CURVE('',#3114,#3115,#1697,.T.);
#3934=EDGE_CURVE('',#3115,#3116,#1698,.T.);
#3935=EDGE_CURVE('',#3116,#3112,#1699,.T.);
#3936=EDGE_CURVE('',#3117,#3111,#1700,.T.);
#3937=EDGE_CURVE('',#3112,#3118,#1701,.T.);
#3938=EDGE_CURVE('',#3117,#3118,#1702,.T.);
#3939=EDGE_CURVE('',#3119,#3120,#1703,.T.);
#3940=EDGE_CURVE('',#3117,#3120,#1704,.T.);
#3941=EDGE_CURVE('',#3118,#3121,#1705,.T.);
#3942=EDGE_CURVE('',#3122,#3121,#1706,.T.);
#3943=EDGE_CURVE('',#3122,#3119,#1707,.T.);
#3944=EDGE_CURVE('',#3123,#3124,#1708,.T.);
#3945=EDGE_CURVE('',#3123,#3125,#1709,.T.);
#3946=EDGE_CURVE('',#3125,#3126,#1710,.T.);
#3947=EDGE_CURVE('',#3124,#3126,#1711,.T.);
#3948=EDGE_CURVE('',#3122,#3115,#1712,.T.);
#3949=EDGE_CURVE('',#3121,#3116,#1713,.T.);
#3950=EDGE_CURVE('',#3119,#3114,#1714,.T.);
#3951=EDGE_CURVE('',#3120,#3113,#1715,.T.);
#3952=EDGE_CURVE('',#3113,#3124,#1716,.T.);
#3953=EDGE_CURVE('',#3126,#3120,#1717,.T.);
#3954=EDGE_CURVE('',#3111,#3123,#1718,.T.);
#3955=EDGE_CURVE('',#3125,#3117,#1719,.T.);
#3956=EDGE_CURVE('',#3127,#3128,#1720,.T.);
#3957=EDGE_CURVE('',#3127,#3129,#1721,.T.);
#3958=EDGE_CURVE('',#3129,#3130,#1722,.T.);
#3959=EDGE_CURVE('',#3130,#3131,#1723,.T.);
#3960=EDGE_CURVE('',#3132,#3131,#1724,.T.);
#3961=EDGE_CURVE('',#3128,#3132,#1725,.T.);
#3962=EDGE_CURVE('',#3133,#3132,#1726,.T.);
#3963=EDGE_CURVE('',#3131,#3134,#1727,.T.);
#3964=EDGE_CURVE('',#3133,#3134,#1728,.T.);
#3965=EDGE_CURVE('',#3135,#3136,#1729,.T.);
#3966=EDGE_CURVE('',#3137,#3135,#1730,.T.);
#3967=EDGE_CURVE('',#3138,#3137,#1731,.T.);
#3968=EDGE_CURVE('',#3133,#3138,#1732,.T.);
#3969=EDGE_CURVE('',#3134,#3136,#1733,.T.);
#3970=EDGE_CURVE('',#3139,#3140,#1734,.T.);
#3971=EDGE_CURVE('',#3139,#3141,#1735,.T.);
#3972=EDGE_CURVE('',#3141,#3142,#1736,.T.);
#3973=EDGE_CURVE('',#3140,#3142,#1737,.T.);
#3974=EDGE_CURVE('',#3135,#3129,#1738,.T.);
#3975=EDGE_CURVE('',#3136,#3130,#1739,.T.);
#3976=EDGE_CURVE('',#3138,#3128,#1740,.T.);
#3977=EDGE_CURVE('',#3137,#3127,#1741,.T.);
#3978=EDGE_CURVE('',#3127,#3139,#1742,.T.);
#3979=EDGE_CURVE('',#3141,#3137,#1743,.T.);
#3980=EDGE_CURVE('',#3129,#3140,#1744,.T.);
#3981=EDGE_CURVE('',#3142,#3135,#1745,.T.);
#3982=EDGE_CURVE('',#3143,#3144,#1746,.T.);
#3983=EDGE_CURVE('',#3143,#3145,#1747,.T.);
#3984=EDGE_CURVE('',#3145,#3146,#1748,.T.);
#3985=EDGE_CURVE('',#3146,#3147,#1749,.T.);
#3986=EDGE_CURVE('',#3148,#3147,#1750,.T.);
#3987=EDGE_CURVE('',#3144,#3148,#1751,.T.);
#3988=EDGE_CURVE('',#3149,#3148,#1752,.T.);
#3989=EDGE_CURVE('',#3147,#3150,#1753,.T.);
#3990=EDGE_CURVE('',#3149,#3150,#1754,.T.);
#3991=EDGE_CURVE('',#3151,#3152,#1755,.T.);
#3992=EDGE_CURVE('',#3153,#3151,#1756,.T.);
#3993=EDGE_CURVE('',#3154,#3153,#1757,.T.);
#3994=EDGE_CURVE('',#3149,#3154,#1758,.T.);
#3995=EDGE_CURVE('',#3150,#3152,#1759,.T.);
#3996=EDGE_CURVE('',#3155,#3156,#1760,.T.);
#3997=EDGE_CURVE('',#3155,#3157,#1761,.T.);
#3998=EDGE_CURVE('',#3157,#3158,#1762,.T.);
#3999=EDGE_CURVE('',#3156,#3158,#1763,.T.);
#4000=EDGE_CURVE('',#3151,#3145,#1764,.T.);
#4001=EDGE_CURVE('',#3152,#3146,#1765,.T.);
#4002=EDGE_CURVE('',#3154,#3144,#1766,.T.);
#4003=EDGE_CURVE('',#3153,#3143,#1767,.T.);
#4004=EDGE_CURVE('',#3143,#3155,#1768,.T.);
#4005=EDGE_CURVE('',#3157,#3153,#1769,.T.);
#4006=EDGE_CURVE('',#3145,#3156,#1770,.T.);
#4007=EDGE_CURVE('',#3158,#3151,#1771,.T.);
#4008=EDGE_CURVE('',#3159,#3159,#2610,.T.);
#4009=EDGE_CURVE('',#3159,#3160,#1772,.T.);
#4010=EDGE_CURVE('',#3160,#3160,#2611,.T.);
#4011=EDGE_CURVE('',#3161,#3161,#2612,.T.);
#4012=EDGE_CURVE('',#3161,#3162,#1773,.T.);
#4013=EDGE_CURVE('',#3162,#3162,#2613,.T.);
#4014=EDGE_CURVE('',#3163,#3163,#2614,.T.);
#4015=EDGE_CURVE('',#3163,#3164,#1774,.T.);
#4016=EDGE_CURVE('',#3164,#3164,#2615,.T.);
#4017=EDGE_CURVE('',#3165,#3166,#2616,.T.);
#4018=EDGE_CURVE('',#3166,#3165,#2617,.T.);
#4019=EDGE_CURVE('',#3166,#3167,#2618,.T.);
#4020=EDGE_CURVE('',#3167,#3167,#2619,.T.);
#4021=EDGE_CURVE('',#3168,#3168,#2620,.T.);
#4022=EDGE_CURVE('',#3168,#3169,#2621,.T.);
#4023=EDGE_CURVE('',#3170,#3169,#2622,.T.);
#4024=EDGE_CURVE('',#3169,#3170,#2623,.T.);
#4025=EDGE_CURVE('',#3171,#3172,#2624,.T.);
#4026=EDGE_CURVE('',#3171,#3173,#2625,.T.);
#4027=EDGE_CURVE('',#3174,#3173,#2626,.T.);
#4028=EDGE_CURVE('',#3172,#3174,#2627,.T.);
#4029=EDGE_CURVE('',#3165,#3175,#1775,.T.);
#4030=EDGE_CURVE('',#3175,#3175,#2628,.T.);
#4031=EDGE_CURVE('',#3172,#3176,#1776,.T.);
#4032=EDGE_CURVE('',#3176,#3177,#2629,.T.);
#4033=EDGE_CURVE('',#3171,#3177,#1777,.T.);
#4034=EDGE_CURVE('',#3178,#3178,#2630,.T.);
#4035=EDGE_CURVE('',#3178,#3170,#1778,.T.);
#4036=EDGE_CURVE('',#3179,#3179,#2631,.T.);
#4037=EDGE_CURVE('',#3179,#3180,#1779,.T.);
#4038=EDGE_CURVE('',#3180,#3180,#2632,.T.);
#4039=EDGE_CURVE('',#3181,#3182,#1780,.T.);
#4040=EDGE_CURVE('',#3181,#3171,#1781,.T.);
#4041=EDGE_CURVE('',#3177,#3182,#1782,.T.);
#4042=EDGE_CURVE('',#3172,#3183,#1783,.T.);
#4043=EDGE_CURVE('',#3183,#3184,#1784,.T.);
#4044=EDGE_CURVE('',#3184,#3176,#1785,.T.);
#4045=EDGE_CURVE('',#3173,#3185,#1786,.T.);
#4046=EDGE_CURVE('',#3185,#3186,#1787,.T.);
#4047=EDGE_CURVE('',#3186,#3174,#1788,.T.);
#4048=EDGE_CURVE('',#3187,#3188,#1789,.T.);
#4049=EDGE_CURVE('',#3188,#3189,#2633,.T.);
#4050=EDGE_CURVE('',#3189,#3190,#1790,.T.);
#4051=EDGE_CURVE('',#3190,#3187,#2634,.T.);
#4052=EDGE_CURVE('',#3190,#3191,#1791,.T.);
#4053=EDGE_CURVE('',#3191,#3192,#2635,.T.);
#4054=EDGE_CURVE('',#3187,#3192,#1792,.T.);
#4055=EDGE_CURVE('',#3193,#3194,#1793,.T.);
#4056=EDGE_CURVE('',#3194,#3195,#2636,.T.);
#4057=EDGE_CURVE('',#3195,#3196,#1794,.T.);
#4058=EDGE_CURVE('',#3196,#3193,#2637,.T.);
#4059=EDGE_CURVE('',#3196,#3197,#1795,.T.);
#4060=EDGE_CURVE('',#3197,#3198,#2638,.T.);
#4061=EDGE_CURVE('',#3193,#3198,#1796,.T.);
#4062=EDGE_CURVE('',#3199,#3191,#2639,.T.);
#4063=EDGE_CURVE('',#3198,#3191,#1797,.T.);
#4064=EDGE_CURVE('',#3200,#3198,#2640,.T.);
#4065=EDGE_CURVE('',#3199,#3200,#1798,.T.);
#4066=EDGE_CURVE('',#3201,#3192,#2641,.T.);
#4067=EDGE_CURVE('',#3201,#3199,#2642,.T.);
#4068=EDGE_CURVE('',#3202,#3197,#2643,.T.);
#4069=EDGE_CURVE('',#3200,#3202,#2644,.T.);
#4070=EDGE_CURVE('',#3189,#3203,#1799,.T.);
#4071=EDGE_CURVE('',#3203,#3204,#1800,.T.);
#4072=EDGE_CURVE('',#3204,#3194,#1801,.T.);
#4073=EDGE_CURVE('',#3205,#3206,#2645,.T.);
#4074=EDGE_CURVE('',#3192,#3205,#1802,.T.);
#4075=EDGE_CURVE('',#3206,#3201,#1803,.T.);
#4076=EDGE_CURVE('',#3207,#3208,#1804,.T.);
#4077=EDGE_CURVE('',#3207,#3188,#1805,.T.);
#4078=EDGE_CURVE('',#3205,#3208,#1806,.T.);
#4079=EDGE_CURVE('',#3195,#3209,#1807,.T.);
#4080=EDGE_CURVE('',#3209,#3210,#1808,.T.);
#4081=EDGE_CURVE('',#3210,#3211,#1809,.T.);
#4082=EDGE_CURVE('',#3211,#3197,#1810,.T.);
#4083=EDGE_CURVE('',#3212,#3211,#2646,.T.);
#4084=EDGE_CURVE('',#3202,#3212,#1811,.T.);
#4085=EDGE_CURVE('',#3212,#3206,#1812,.T.);
#4086=EDGE_CURVE('',#3183,#3181,#1813,.T.);
#4087=EDGE_CURVE('',#3208,#3182,#1814,.T.);
#4088=EDGE_CURVE('',#3184,#3210,#1815,.T.);
#4089=EDGE_CURVE('',#3213,#3214,#1816,.T.);
#4090=EDGE_CURVE('',#3215,#3213,#2647,.T.);
#4091=EDGE_CURVE('',#3216,#3215,#1817,.T.);
#4092=EDGE_CURVE('',#3217,#3216,#2648,.T.);
#4093=EDGE_CURVE('',#3218,#3217,#1818,.T.);
#4094=EDGE_CURVE('',#3219,#3218,#2649,.T.);
#4095=EDGE_CURVE('',#3220,#3219,#1819,.T.);
#4096=EDGE_CURVE('',#3221,#3220,#2650,.T.);
#4097=EDGE_CURVE('',#3222,#3221,#1820,.T.);
#4098=EDGE_CURVE('',#3223,#3222,#2651,.T.);
#4099=EDGE_CURVE('',#3224,#3223,#1821,.T.);
#4100=EDGE_CURVE('',#3225,#3224,#2652,.T.);
#4101=EDGE_CURVE('',#3226,#3225,#1822,.T.);
#4102=EDGE_CURVE('',#3227,#3226,#2653,.T.);
#4103=EDGE_CURVE('',#3228,#3227,#1823,.T.);
#4104=EDGE_CURVE('',#3214,#3228,#2654,.T.);
#4105=EDGE_CURVE('',#3203,#3207,#2655,.T.);
#4106=EDGE_CURVE('',#3209,#3204,#2656,.T.);
#4107=EDGE_CURVE('',#3185,#3181,#2657,.T.);
#4108=EDGE_CURVE('',#3186,#3183,#2658,.T.);
#4109=EDGE_CURVE('',#3229,#3213,#1824,.T.);
#4110=EDGE_CURVE('',#3230,#3229,#2659,.T.);
#4111=EDGE_CURVE('',#3230,#3215,#1825,.T.);
#4112=EDGE_CURVE('',#3231,#3230,#1826,.T.);
#4113=EDGE_CURVE('',#3231,#3216,#1827,.T.);
#4114=EDGE_CURVE('',#3232,#3231,#2660,.T.);
#4115=EDGE_CURVE('',#3232,#3217,#1828,.T.);
#4116=EDGE_CURVE('',#3233,#3232,#1829,.T.);
#4117=EDGE_CURVE('',#3233,#3218,#1830,.T.);
#4118=EDGE_CURVE('',#3234,#3233,#2661,.T.);
#4119=EDGE_CURVE('',#3234,#3219,#1831,.T.);
#4120=EDGE_CURVE('',#3235,#3234,#1832,.T.);
#4121=EDGE_CURVE('',#3235,#3220,#1833,.T.);
#4122=EDGE_CURVE('',#3236,#3235,#2662,.T.);
#4123=EDGE_CURVE('',#3236,#3221,#1834,.T.);
#4124=EDGE_CURVE('',#3237,#3236,#1835,.T.);
#4125=EDGE_CURVE('',#3237,#3222,#1836,.T.);
#4126=EDGE_CURVE('',#3238,#3237,#2663,.T.);
#4127=EDGE_CURVE('',#3238,#3223,#1837,.T.);
#4128=EDGE_CURVE('',#3239,#3238,#1838,.T.);
#4129=EDGE_CURVE('',#3239,#3224,#1839,.T.);
#4130=EDGE_CURVE('',#3240,#3239,#2664,.T.);
#4131=EDGE_CURVE('',#3240,#3225,#1840,.T.);
#4132=EDGE_CURVE('',#3241,#3240,#1841,.T.);
#4133=EDGE_CURVE('',#3241,#3226,#1842,.T.);
#4134=EDGE_CURVE('',#3242,#3241,#2665,.T.);
#4135=EDGE_CURVE('',#3242,#3227,#1843,.T.);
#4136=EDGE_CURVE('',#3243,#3242,#1844,.T.);
#4137=EDGE_CURVE('',#3243,#3228,#1845,.T.);
#4138=EDGE_CURVE('',#3244,#3243,#2666,.T.);
#4139=EDGE_CURVE('',#3244,#3214,#1846,.T.);
#4140=EDGE_CURVE('',#3229,#3244,#1847,.T.);
#4141=ORIENTED_EDGE('',*,*,#3245,.F.);
#4142=ORIENTED_EDGE('',*,*,#3246,.T.);
#4143=ORIENTED_EDGE('',*,*,#3247,.F.);
#4144=ORIENTED_EDGE('',*,*,#3246,.F.);
#4145=ORIENTED_EDGE('',*,*,#3248,.T.);
#4146=ORIENTED_EDGE('',*,*,#3249,.T.);
#4147=ORIENTED_EDGE('',*,*,#3250,.F.);
#4148=ORIENTED_EDGE('',*,*,#3251,.F.);
#4149=ORIENTED_EDGE('',*,*,#3249,.F.);
#4150=ORIENTED_EDGE('',*,*,#3252,.F.);
#4151=ORIENTED_EDGE('',*,*,#3253,.T.);
#4152=ORIENTED_EDGE('',*,*,#3254,.T.);
#4153=ORIENTED_EDGE('',*,*,#3255,.F.);
#4154=ORIENTED_EDGE('',*,*,#3256,.T.);
#4155=ORIENTED_EDGE('',*,*,#3257,.F.);
#4156=ORIENTED_EDGE('',*,*,#3258,.F.);
#4157=ORIENTED_EDGE('',*,*,#3259,.F.);
#4158=ORIENTED_EDGE('',*,*,#3256,.F.);
#4159=ORIENTED_EDGE('',*,*,#3260,.F.);
#4160=ORIENTED_EDGE('',*,*,#3261,.T.);
#4161=ORIENTED_EDGE('',*,*,#3253,.F.);
#4162=ORIENTED_EDGE('',*,*,#3254,.F.);
#4163=ORIENTED_EDGE('',*,*,#3261,.F.);
#4164=ORIENTED_EDGE('',*,*,#3258,.T.);
#4165=ORIENTED_EDGE('',*,*,#3262,.F.);
#4166=ORIENTED_EDGE('',*,*,#3263,.F.);
#4167=ORIENTED_EDGE('',*,*,#3245,.T.);
#4168=ORIENTED_EDGE('',*,*,#3264,.T.);
#4169=ORIENTED_EDGE('',*,*,#3265,.T.);
#4170=ORIENTED_EDGE('',*,*,#3264,.F.);
#4171=ORIENTED_EDGE('',*,*,#3265,.F.);
#4172=ORIENTED_EDGE('',*,*,#3248,.F.);
#4173=ORIENTED_EDGE('',*,*,#3266,.T.);
#4174=ORIENTED_EDGE('',*,*,#3267,.F.);
#4175=ORIENTED_EDGE('',*,*,#3268,.F.);
#4176=ORIENTED_EDGE('',*,*,#3266,.F.);
#4177=ORIENTED_EDGE('',*,*,#3268,.T.);
#4178=ORIENTED_EDGE('',*,*,#3269,.T.);
#4179=ORIENTED_EDGE('',*,*,#3262,.T.);
#4180=ORIENTED_EDGE('',*,*,#3257,.T.);
#4181=ORIENTED_EDGE('',*,*,#3259,.T.);
#4182=ORIENTED_EDGE('',*,*,#3260,.T.);
#4183=ORIENTED_EDGE('',*,*,#3255,.T.);
#4184=ORIENTED_EDGE('',*,*,#3263,.T.);
#4185=ORIENTED_EDGE('',*,*,#3269,.F.);
#4186=ORIENTED_EDGE('',*,*,#3267,.T.);
#4187=ORIENTED_EDGE('',*,*,#3270,.F.);
#4188=ORIENTED_EDGE('',*,*,#3271,.F.);
#4189=ORIENTED_EDGE('',*,*,#3272,.F.);
#4190=ORIENTED_EDGE('',*,*,#3273,.F.);
#4191=ORIENTED_EDGE('',*,*,#3274,.F.);
#4192=ORIENTED_EDGE('',*,*,#3275,.T.);
#4193=ORIENTED_EDGE('',*,*,#3276,.F.);
#4194=ORIENTED_EDGE('',*,*,#3277,.F.);
#4195=ORIENTED_EDGE('',*,*,#3278,.F.);
#4196=ORIENTED_EDGE('',*,*,#3279,.T.);
#4197=ORIENTED_EDGE('',*,*,#3280,.F.);
#4198=ORIENTED_EDGE('',*,*,#3281,.T.);
#4199=ORIENTED_EDGE('',*,*,#3282,.T.);
#4200=ORIENTED_EDGE('',*,*,#3283,.T.);
#4201=ORIENTED_EDGE('',*,*,#3284,.F.);
#4202=ORIENTED_EDGE('',*,*,#3285,.T.);
#4203=ORIENTED_EDGE('',*,*,#3286,.F.);
#4204=ORIENTED_EDGE('',*,*,#3287,.T.);
#4205=ORIENTED_EDGE('',*,*,#3288,.F.);
#4206=ORIENTED_EDGE('',*,*,#3289,.F.);
#4207=ORIENTED_EDGE('',*,*,#3290,.T.);
#4208=ORIENTED_EDGE('',*,*,#3271,.T.);
#4209=ORIENTED_EDGE('',*,*,#3291,.F.);
#4210=ORIENTED_EDGE('',*,*,#3292,.F.);
#4211=ORIENTED_EDGE('',*,*,#3293,.F.);
#4212=ORIENTED_EDGE('',*,*,#3294,.F.);
#4213=ORIENTED_EDGE('',*,*,#3295,.F.);
#4214=ORIENTED_EDGE('',*,*,#3285,.F.);
#4215=ORIENTED_EDGE('',*,*,#3296,.F.);
#4216=ORIENTED_EDGE('',*,*,#3275,.F.);
#4217=ORIENTED_EDGE('',*,*,#3297,.F.);
#4218=ORIENTED_EDGE('',*,*,#3298,.T.);
#4219=ORIENTED_EDGE('',*,*,#3299,.F.);
#4220=ORIENTED_EDGE('',*,*,#3300,.F.);
#4221=ORIENTED_EDGE('',*,*,#3301,.F.);
#4222=ORIENTED_EDGE('',*,*,#3302,.T.);
#4223=ORIENTED_EDGE('',*,*,#3303,.F.);
#4224=ORIENTED_EDGE('',*,*,#3304,.F.);
#4225=ORIENTED_EDGE('',*,*,#3305,.F.);
#4226=ORIENTED_EDGE('',*,*,#3298,.F.);
#4227=ORIENTED_EDGE('',*,*,#3306,.F.);
#4228=ORIENTED_EDGE('',*,*,#3307,.T.);
#4229=ORIENTED_EDGE('',*,*,#3308,.F.);
#4230=ORIENTED_EDGE('',*,*,#3309,.T.);
#4231=ORIENTED_EDGE('',*,*,#3310,.F.);
#4232=ORIENTED_EDGE('',*,*,#3304,.T.);
#4233=ORIENTED_EDGE('',*,*,#3311,.F.);
#4234=ORIENTED_EDGE('',*,*,#3294,.T.);
#4235=ORIENTED_EDGE('',*,*,#3312,.F.);
#4236=ORIENTED_EDGE('',*,*,#3313,.F.);
#4237=ORIENTED_EDGE('',*,*,#3314,.F.);
#4238=ORIENTED_EDGE('',*,*,#3315,.T.);
#4239=ORIENTED_EDGE('',*,*,#3316,.F.);
#4240=ORIENTED_EDGE('',*,*,#3317,.F.);
#4241=ORIENTED_EDGE('',*,*,#3318,.F.);
#4242=ORIENTED_EDGE('',*,*,#3319,.F.);
#4243=ORIENTED_EDGE('',*,*,#3320,.T.);
#4244=ORIENTED_EDGE('',*,*,#3321,.T.);
#4245=ORIENTED_EDGE('',*,*,#3296,.T.);
#4246=ORIENTED_EDGE('',*,*,#3322,.F.);
#4247=ORIENTED_EDGE('',*,*,#3276,.T.);
#4248=ORIENTED_EDGE('',*,*,#3321,.F.);
#4249=ORIENTED_EDGE('',*,*,#3323,.T.);
#4250=ORIENTED_EDGE('',*,*,#3324,.T.);
#4251=ORIENTED_EDGE('',*,*,#3325,.T.);
#4252=ORIENTED_EDGE('',*,*,#3326,.T.);
#4253=ORIENTED_EDGE('',*,*,#3327,.T.);
#4254=ORIENTED_EDGE('',*,*,#3324,.F.);
#4255=ORIENTED_EDGE('',*,*,#3328,.T.);
#4256=ORIENTED_EDGE('',*,*,#3322,.T.);
#4257=ORIENTED_EDGE('',*,*,#3284,.T.);
#4258=ORIENTED_EDGE('',*,*,#3326,.F.);
#4259=ORIENTED_EDGE('',*,*,#3320,.F.);
#4260=ORIENTED_EDGE('',*,*,#3328,.F.);
#4261=ORIENTED_EDGE('',*,*,#3325,.F.);
#4262=ORIENTED_EDGE('',*,*,#3323,.F.);
#4263=ORIENTED_EDGE('',*,*,#3329,.T.);
#4264=ORIENTED_EDGE('',*,*,#3330,.T.);
#4265=ORIENTED_EDGE('',*,*,#3331,.T.);
#4266=ORIENTED_EDGE('',*,*,#3332,.F.);
#4267=ORIENTED_EDGE('',*,*,#3333,.T.);
#4268=ORIENTED_EDGE('',*,*,#3334,.T.);
#4269=ORIENTED_EDGE('',*,*,#3335,.T.);
#4270=ORIENTED_EDGE('',*,*,#3330,.F.);
#4271=ORIENTED_EDGE('',*,*,#3293,.T.);
#4272=ORIENTED_EDGE('',*,*,#3334,.F.);
#4273=ORIENTED_EDGE('',*,*,#3336,.T.);
#4274=ORIENTED_EDGE('',*,*,#3337,.T.);
#4275=ORIENTED_EDGE('',*,*,#3312,.T.);
#4276=ORIENTED_EDGE('',*,*,#3337,.F.);
#4277=ORIENTED_EDGE('',*,*,#3338,.T.);
#4278=ORIENTED_EDGE('',*,*,#3332,.T.);
#4279=ORIENTED_EDGE('',*,*,#3331,.F.);
#4280=ORIENTED_EDGE('',*,*,#3339,.F.);
#4281=ORIENTED_EDGE('',*,*,#3340,.F.);
#4282=ORIENTED_EDGE('',*,*,#3313,.T.);
#4283=ORIENTED_EDGE('',*,*,#3329,.F.);
#4284=ORIENTED_EDGE('',*,*,#3338,.F.);
#4285=ORIENTED_EDGE('',*,*,#3336,.F.);
#4286=ORIENTED_EDGE('',*,*,#3333,.F.);
#4287=ORIENTED_EDGE('',*,*,#3299,.T.);
#4288=ORIENTED_EDGE('',*,*,#3341,.F.);
#4289=ORIENTED_EDGE('',*,*,#3342,.T.);
#4290=ORIENTED_EDGE('',*,*,#3343,.T.);
#4291=ORIENTED_EDGE('',*,*,#3344,.T.);
#4292=ORIENTED_EDGE('',*,*,#3345,.T.);
#4293=ORIENTED_EDGE('',*,*,#3346,.T.);
#4294=ORIENTED_EDGE('',*,*,#3343,.F.);
#4295=ORIENTED_EDGE('',*,*,#3347,.T.);
#4296=ORIENTED_EDGE('',*,*,#3348,.T.);
#4297=ORIENTED_EDGE('',*,*,#3310,.T.);
#4298=ORIENTED_EDGE('',*,*,#3345,.F.);
#4299=ORIENTED_EDGE('',*,*,#3349,.T.);
#4300=ORIENTED_EDGE('',*,*,#3341,.T.);
#4301=ORIENTED_EDGE('',*,*,#3305,.T.);
#4302=ORIENTED_EDGE('',*,*,#3348,.F.);
#4303=ORIENTED_EDGE('',*,*,#3350,.F.);
#4304=ORIENTED_EDGE('',*,*,#3351,.F.);
#4305=ORIENTED_EDGE('',*,*,#3352,.F.);
#4306=ORIENTED_EDGE('',*,*,#3287,.F.);
#4307=ORIENTED_EDGE('',*,*,#3353,.F.);
#4308=ORIENTED_EDGE('',*,*,#3354,.T.);
#4309=ORIENTED_EDGE('',*,*,#3355,.F.);
#4310=ORIENTED_EDGE('',*,*,#3339,.T.);
#4311=ORIENTED_EDGE('',*,*,#3335,.F.);
#4312=ORIENTED_EDGE('',*,*,#3292,.T.);
#4313=ORIENTED_EDGE('',*,*,#3342,.F.);
#4314=ORIENTED_EDGE('',*,*,#3349,.F.);
#4315=ORIENTED_EDGE('',*,*,#3347,.F.);
#4316=ORIENTED_EDGE('',*,*,#3344,.F.);
#4317=ORIENTED_EDGE('',*,*,#3288,.T.);
#4318=ORIENTED_EDGE('',*,*,#3356,.F.);
#4319=ORIENTED_EDGE('',*,*,#3357,.T.);
#4320=ORIENTED_EDGE('',*,*,#3358,.T.);
#4321=ORIENTED_EDGE('',*,*,#3359,.T.);
#4322=ORIENTED_EDGE('',*,*,#3360,.T.);
#4323=ORIENTED_EDGE('',*,*,#3361,.T.);
#4324=ORIENTED_EDGE('',*,*,#3358,.F.);
#4325=ORIENTED_EDGE('',*,*,#3362,.T.);
#4326=ORIENTED_EDGE('',*,*,#3363,.T.);
#4327=ORIENTED_EDGE('',*,*,#3364,.T.);
#4328=ORIENTED_EDGE('',*,*,#3360,.F.);
#4329=ORIENTED_EDGE('',*,*,#3352,.T.);
#4330=ORIENTED_EDGE('',*,*,#3363,.F.);
#4331=ORIENTED_EDGE('',*,*,#3365,.T.);
#4332=ORIENTED_EDGE('',*,*,#3356,.T.);
#4333=ORIENTED_EDGE('',*,*,#3357,.F.);
#4334=ORIENTED_EDGE('',*,*,#3365,.F.);
#4335=ORIENTED_EDGE('',*,*,#3362,.F.);
#4336=ORIENTED_EDGE('',*,*,#3359,.F.);
#4337=ORIENTED_EDGE('',*,*,#3361,.F.);
#4338=ORIENTED_EDGE('',*,*,#3366,.F.);
#4339=ORIENTED_EDGE('',*,*,#3367,.F.);
#4340=ORIENTED_EDGE('',*,*,#3289,.T.);
#4341=ORIENTED_EDGE('',*,*,#3327,.F.);
#4342=ORIENTED_EDGE('',*,*,#3283,.F.);
#4343=ORIENTED_EDGE('',*,*,#3368,.F.);
#4344=ORIENTED_EDGE('',*,*,#3277,.T.);
#4345=ORIENTED_EDGE('',*,*,#3346,.F.);
#4346=ORIENTED_EDGE('',*,*,#3309,.F.);
#4347=ORIENTED_EDGE('',*,*,#3369,.F.);
#4348=ORIENTED_EDGE('',*,*,#3300,.T.);
#4349=ORIENTED_EDGE('',*,*,#3370,.F.);
#4350=ORIENTED_EDGE('',*,*,#3315,.F.);
#4351=ORIENTED_EDGE('',*,*,#3371,.F.);
#4352=ORIENTED_EDGE('',*,*,#3354,.F.);
#4353=ORIENTED_EDGE('',*,*,#3372,.F.);
#4354=ORIENTED_EDGE('',*,*,#3279,.F.);
#4355=ORIENTED_EDGE('',*,*,#3373,.F.);
#4356=ORIENTED_EDGE('',*,*,#3281,.F.);
#4357=ORIENTED_EDGE('',*,*,#3374,.F.);
#4358=ORIENTED_EDGE('',*,*,#3302,.F.);
#4359=ORIENTED_EDGE('',*,*,#3375,.F.);
#4360=ORIENTED_EDGE('',*,*,#3307,.F.);
#4361=ORIENTED_EDGE('',*,*,#3367,.T.);
#4362=ORIENTED_EDGE('',*,*,#3376,.T.);
#4363=ORIENTED_EDGE('',*,*,#3272,.T.);
#4364=ORIENTED_EDGE('',*,*,#3290,.F.);
#4365=ORIENTED_EDGE('',*,*,#3368,.T.);
#4366=ORIENTED_EDGE('',*,*,#3282,.F.);
#4367=ORIENTED_EDGE('',*,*,#3373,.T.);
#4368=ORIENTED_EDGE('',*,*,#3278,.T.);
#4369=ORIENTED_EDGE('',*,*,#3377,.F.);
#4370=ORIENTED_EDGE('',*,*,#3273,.T.);
#4371=ORIENTED_EDGE('',*,*,#3376,.F.);
#4372=ORIENTED_EDGE('',*,*,#3366,.T.);
#4373=ORIENTED_EDGE('',*,*,#3364,.F.);
#4374=ORIENTED_EDGE('',*,*,#3351,.T.);
#4375=ORIENTED_EDGE('',*,*,#3369,.T.);
#4376=ORIENTED_EDGE('',*,*,#3308,.T.);
#4377=ORIENTED_EDGE('',*,*,#3375,.T.);
#4378=ORIENTED_EDGE('',*,*,#3301,.T.);
#4379=ORIENTED_EDGE('',*,*,#3340,.T.);
#4380=ORIENTED_EDGE('',*,*,#3355,.T.);
#4381=ORIENTED_EDGE('',*,*,#3371,.T.);
#4382=ORIENTED_EDGE('',*,*,#3314,.T.);
#4383=ORIENTED_EDGE('',*,*,#3378,.F.);
#4384=ORIENTED_EDGE('',*,*,#3379,.T.);
#4385=ORIENTED_EDGE('',*,*,#3380,.F.);
#4386=ORIENTED_EDGE('',*,*,#3381,.F.);
#4387=ORIENTED_EDGE('',*,*,#3382,.F.);
#4388=ORIENTED_EDGE('',*,*,#3383,.T.);
#4389=ORIENTED_EDGE('',*,*,#3384,.F.);
#4390=ORIENTED_EDGE('',*,*,#3379,.F.);
#4391=ORIENTED_EDGE('',*,*,#3385,.F.);
#4392=ORIENTED_EDGE('',*,*,#3381,.T.);
#4393=ORIENTED_EDGE('',*,*,#3386,.F.);
#4394=ORIENTED_EDGE('',*,*,#3383,.F.);
#4395=ORIENTED_EDGE('',*,*,#3387,.F.);
#4396=ORIENTED_EDGE('',*,*,#3388,.T.);
#4397=ORIENTED_EDGE('',*,*,#3389,.F.);
#4398=ORIENTED_EDGE('',*,*,#3390,.F.);
#4399=ORIENTED_EDGE('',*,*,#3391,.F.);
#4400=ORIENTED_EDGE('',*,*,#3390,.T.);
#4401=ORIENTED_EDGE('',*,*,#3392,.F.);
#4402=ORIENTED_EDGE('',*,*,#3393,.F.);
#4403=ORIENTED_EDGE('',*,*,#3394,.F.);
#4404=ORIENTED_EDGE('',*,*,#3393,.T.);
#4405=ORIENTED_EDGE('',*,*,#3395,.F.);
#4406=ORIENTED_EDGE('',*,*,#3396,.F.);
#4407=ORIENTED_EDGE('',*,*,#3397,.F.);
#4408=ORIENTED_EDGE('',*,*,#3396,.T.);
#4409=ORIENTED_EDGE('',*,*,#3398,.F.);
#4410=ORIENTED_EDGE('',*,*,#3399,.F.);
#4411=ORIENTED_EDGE('',*,*,#3400,.F.);
#4412=ORIENTED_EDGE('',*,*,#3399,.T.);
#4413=ORIENTED_EDGE('',*,*,#3401,.F.);
#4414=ORIENTED_EDGE('',*,*,#3402,.F.);
#4415=ORIENTED_EDGE('',*,*,#3403,.F.);
#4416=ORIENTED_EDGE('',*,*,#3402,.T.);
#4417=ORIENTED_EDGE('',*,*,#3404,.F.);
#4418=ORIENTED_EDGE('',*,*,#3405,.F.);
#4419=ORIENTED_EDGE('',*,*,#3406,.F.);
#4420=ORIENTED_EDGE('',*,*,#3405,.T.);
#4421=ORIENTED_EDGE('',*,*,#3407,.F.);
#4422=ORIENTED_EDGE('',*,*,#3408,.F.);
#4423=ORIENTED_EDGE('',*,*,#3409,.F.);
#4424=ORIENTED_EDGE('',*,*,#3408,.T.);
#4425=ORIENTED_EDGE('',*,*,#3410,.F.);
#4426=ORIENTED_EDGE('',*,*,#3411,.F.);
#4427=ORIENTED_EDGE('',*,*,#3412,.F.);
#4428=ORIENTED_EDGE('',*,*,#3411,.T.);
#4429=ORIENTED_EDGE('',*,*,#3413,.F.);
#4430=ORIENTED_EDGE('',*,*,#3414,.F.);
#4431=ORIENTED_EDGE('',*,*,#3415,.F.);
#4432=ORIENTED_EDGE('',*,*,#3414,.T.);
#4433=ORIENTED_EDGE('',*,*,#3416,.F.);
#4434=ORIENTED_EDGE('',*,*,#3417,.F.);
#4435=ORIENTED_EDGE('',*,*,#3418,.F.);
#4436=ORIENTED_EDGE('',*,*,#3417,.T.);
#4437=ORIENTED_EDGE('',*,*,#3419,.F.);
#4438=ORIENTED_EDGE('',*,*,#3388,.F.);
#4439=ORIENTED_EDGE('',*,*,#3419,.T.);
#4440=ORIENTED_EDGE('',*,*,#3416,.T.);
#4441=ORIENTED_EDGE('',*,*,#3413,.T.);
#4442=ORIENTED_EDGE('',*,*,#3410,.T.);
#4443=ORIENTED_EDGE('',*,*,#3407,.T.);
#4444=ORIENTED_EDGE('',*,*,#3404,.T.);
#4445=ORIENTED_EDGE('',*,*,#3401,.T.);
#4446=ORIENTED_EDGE('',*,*,#3398,.T.);
#4447=ORIENTED_EDGE('',*,*,#3395,.T.);
#4448=ORIENTED_EDGE('',*,*,#3392,.T.);
#4449=ORIENTED_EDGE('',*,*,#3389,.T.);
#4450=ORIENTED_EDGE('',*,*,#3380,.T.);
#4451=ORIENTED_EDGE('',*,*,#3384,.T.);
#4452=ORIENTED_EDGE('',*,*,#3386,.T.);
#4453=ORIENTED_EDGE('',*,*,#3420,.F.);
#4454=ORIENTED_EDGE('',*,*,#3421,.F.);
#4455=ORIENTED_EDGE('',*,*,#3422,.F.);
#4456=ORIENTED_EDGE('',*,*,#3423,.F.);
#4457=ORIENTED_EDGE('',*,*,#3424,.F.);
#4458=ORIENTED_EDGE('',*,*,#3425,.F.);
#4459=ORIENTED_EDGE('',*,*,#3426,.F.);
#4460=ORIENTED_EDGE('',*,*,#3427,.F.);
#4461=ORIENTED_EDGE('',*,*,#3428,.F.);
#4462=ORIENTED_EDGE('',*,*,#3429,.F.);
#4463=ORIENTED_EDGE('',*,*,#3430,.F.);
#4464=ORIENTED_EDGE('',*,*,#3431,.F.);
#4465=ORIENTED_EDGE('',*,*,#3387,.T.);
#4466=ORIENTED_EDGE('',*,*,#3391,.T.);
#4467=ORIENTED_EDGE('',*,*,#3394,.T.);
#4468=ORIENTED_EDGE('',*,*,#3397,.T.);
#4469=ORIENTED_EDGE('',*,*,#3400,.T.);
#4470=ORIENTED_EDGE('',*,*,#3403,.T.);
#4471=ORIENTED_EDGE('',*,*,#3406,.T.);
#4472=ORIENTED_EDGE('',*,*,#3409,.T.);
#4473=ORIENTED_EDGE('',*,*,#3412,.T.);
#4474=ORIENTED_EDGE('',*,*,#3415,.T.);
#4475=ORIENTED_EDGE('',*,*,#3418,.T.);
#4476=ORIENTED_EDGE('',*,*,#3432,.F.);
#4477=ORIENTED_EDGE('',*,*,#3433,.T.);
#4478=ORIENTED_EDGE('',*,*,#3434,.T.);
#4479=ORIENTED_EDGE('',*,*,#3433,.F.);
#4480=ORIENTED_EDGE('',*,*,#3434,.F.);
#4481=ORIENTED_EDGE('',*,*,#3435,.F.);
#4482=ORIENTED_EDGE('',*,*,#3436,.T.);
#4483=ORIENTED_EDGE('',*,*,#3437,.T.);
#4484=ORIENTED_EDGE('',*,*,#3436,.F.);
#4485=ORIENTED_EDGE('',*,*,#3437,.F.);
#4486=ORIENTED_EDGE('',*,*,#3438,.F.);
#4487=ORIENTED_EDGE('',*,*,#3439,.T.);
#4488=ORIENTED_EDGE('',*,*,#3252,.T.);
#4489=ORIENTED_EDGE('',*,*,#3439,.F.);
#4490=ORIENTED_EDGE('',*,*,#3440,.T.);
#4491=ORIENTED_EDGE('',*,*,#3441,.F.);
#4492=ORIENTED_EDGE('',*,*,#3442,.F.);
#4493=ORIENTED_EDGE('',*,*,#3443,.T.);
#4494=ORIENTED_EDGE('',*,*,#3444,.T.);
#4495=ORIENTED_EDGE('',*,*,#3445,.F.);
#4496=ORIENTED_EDGE('',*,*,#3446,.F.);
#4497=ORIENTED_EDGE('',*,*,#3441,.T.);
#4498=ORIENTED_EDGE('',*,*,#3447,.T.);
#4499=ORIENTED_EDGE('',*,*,#3448,.F.);
#4500=ORIENTED_EDGE('',*,*,#3449,.F.);
#4501=ORIENTED_EDGE('',*,*,#3445,.T.);
#4502=ORIENTED_EDGE('',*,*,#3450,.T.);
#4503=ORIENTED_EDGE('',*,*,#3451,.F.);
#4504=ORIENTED_EDGE('',*,*,#3452,.F.);
#4505=ORIENTED_EDGE('',*,*,#3448,.T.);
#4506=ORIENTED_EDGE('',*,*,#3453,.T.);
#4507=ORIENTED_EDGE('',*,*,#3454,.F.);
#4508=ORIENTED_EDGE('',*,*,#3455,.F.);
#4509=ORIENTED_EDGE('',*,*,#3451,.T.);
#4510=ORIENTED_EDGE('',*,*,#3456,.T.);
#4511=ORIENTED_EDGE('',*,*,#3457,.F.);
#4512=ORIENTED_EDGE('',*,*,#3458,.F.);
#4513=ORIENTED_EDGE('',*,*,#3454,.T.);
#4514=ORIENTED_EDGE('',*,*,#3459,.T.);
#4515=ORIENTED_EDGE('',*,*,#3460,.F.);
#4516=ORIENTED_EDGE('',*,*,#3461,.F.);
#4517=ORIENTED_EDGE('',*,*,#3457,.T.);
#4518=ORIENTED_EDGE('',*,*,#3462,.T.);
#4519=ORIENTED_EDGE('',*,*,#3463,.F.);
#4520=ORIENTED_EDGE('',*,*,#3464,.F.);
#4521=ORIENTED_EDGE('',*,*,#3460,.T.);
#4522=ORIENTED_EDGE('',*,*,#3465,.T.);
#4523=ORIENTED_EDGE('',*,*,#3466,.F.);
#4524=ORIENTED_EDGE('',*,*,#3467,.F.);
#4525=ORIENTED_EDGE('',*,*,#3463,.T.);
#4526=ORIENTED_EDGE('',*,*,#3468,.T.);
#4527=ORIENTED_EDGE('',*,*,#3469,.F.);
#4528=ORIENTED_EDGE('',*,*,#3470,.F.);
#4529=ORIENTED_EDGE('',*,*,#3466,.T.);
#4530=ORIENTED_EDGE('',*,*,#3471,.T.);
#4531=ORIENTED_EDGE('',*,*,#3472,.F.);
#4532=ORIENTED_EDGE('',*,*,#3473,.F.);
#4533=ORIENTED_EDGE('',*,*,#3469,.T.);
#4534=ORIENTED_EDGE('',*,*,#3474,.T.);
#4535=ORIENTED_EDGE('',*,*,#3475,.F.);
#4536=ORIENTED_EDGE('',*,*,#3476,.F.);
#4537=ORIENTED_EDGE('',*,*,#3472,.T.);
#4538=ORIENTED_EDGE('',*,*,#3477,.T.);
#4539=ORIENTED_EDGE('',*,*,#3478,.F.);
#4540=ORIENTED_EDGE('',*,*,#3479,.F.);
#4541=ORIENTED_EDGE('',*,*,#3475,.T.);
#4542=ORIENTED_EDGE('',*,*,#3480,.T.);
#4543=ORIENTED_EDGE('',*,*,#3481,.F.);
#4544=ORIENTED_EDGE('',*,*,#3482,.F.);
#4545=ORIENTED_EDGE('',*,*,#3478,.T.);
#4546=ORIENTED_EDGE('',*,*,#3483,.T.);
#4547=ORIENTED_EDGE('',*,*,#3484,.F.);
#4548=ORIENTED_EDGE('',*,*,#3485,.F.);
#4549=ORIENTED_EDGE('',*,*,#3481,.T.);
#4550=ORIENTED_EDGE('',*,*,#3486,.T.);
#4551=ORIENTED_EDGE('',*,*,#3487,.F.);
#4552=ORIENTED_EDGE('',*,*,#3488,.F.);
#4553=ORIENTED_EDGE('',*,*,#3484,.T.);
#4554=ORIENTED_EDGE('',*,*,#3489,.T.);
#4555=ORIENTED_EDGE('',*,*,#3490,.F.);
#4556=ORIENTED_EDGE('',*,*,#3491,.F.);
#4557=ORIENTED_EDGE('',*,*,#3487,.T.);
#4558=ORIENTED_EDGE('',*,*,#3492,.T.);
#4559=ORIENTED_EDGE('',*,*,#3493,.F.);
#4560=ORIENTED_EDGE('',*,*,#3494,.F.);
#4561=ORIENTED_EDGE('',*,*,#3490,.T.);
#4562=ORIENTED_EDGE('',*,*,#3495,.T.);
#4563=ORIENTED_EDGE('',*,*,#3496,.F.);
#4564=ORIENTED_EDGE('',*,*,#3497,.F.);
#4565=ORIENTED_EDGE('',*,*,#3493,.T.);
#4566=ORIENTED_EDGE('',*,*,#3498,.T.);
#4567=ORIENTED_EDGE('',*,*,#3499,.F.);
#4568=ORIENTED_EDGE('',*,*,#3500,.F.);
#4569=ORIENTED_EDGE('',*,*,#3496,.T.);
#4570=ORIENTED_EDGE('',*,*,#3501,.T.);
#4571=ORIENTED_EDGE('',*,*,#3502,.F.);
#4572=ORIENTED_EDGE('',*,*,#3503,.F.);
#4573=ORIENTED_EDGE('',*,*,#3499,.T.);
#4574=ORIENTED_EDGE('',*,*,#3504,.T.);
#4575=ORIENTED_EDGE('',*,*,#3505,.F.);
#4576=ORIENTED_EDGE('',*,*,#3506,.F.);
#4577=ORIENTED_EDGE('',*,*,#3502,.T.);
#4578=ORIENTED_EDGE('',*,*,#3507,.T.);
#4579=ORIENTED_EDGE('',*,*,#3508,.F.);
#4580=ORIENTED_EDGE('',*,*,#3509,.F.);
#4581=ORIENTED_EDGE('',*,*,#3505,.T.);
#4582=ORIENTED_EDGE('',*,*,#3510,.T.);
#4583=ORIENTED_EDGE('',*,*,#3511,.F.);
#4584=ORIENTED_EDGE('',*,*,#3512,.F.);
#4585=ORIENTED_EDGE('',*,*,#3508,.T.);
#4586=ORIENTED_EDGE('',*,*,#3513,.T.);
#4587=ORIENTED_EDGE('',*,*,#3514,.F.);
#4588=ORIENTED_EDGE('',*,*,#3515,.F.);
#4589=ORIENTED_EDGE('',*,*,#3511,.T.);
#4590=ORIENTED_EDGE('',*,*,#3516,.T.);
#4591=ORIENTED_EDGE('',*,*,#3517,.F.);
#4592=ORIENTED_EDGE('',*,*,#3518,.F.);
#4593=ORIENTED_EDGE('',*,*,#3514,.T.);
#4594=ORIENTED_EDGE('',*,*,#3519,.T.);
#4595=ORIENTED_EDGE('',*,*,#3443,.F.);
#4596=ORIENTED_EDGE('',*,*,#3520,.F.);
#4597=ORIENTED_EDGE('',*,*,#3517,.T.);
#4598=ORIENTED_EDGE('',*,*,#3440,.F.);
#4599=ORIENTED_EDGE('',*,*,#3519,.F.);
#4600=ORIENTED_EDGE('',*,*,#3516,.F.);
#4601=ORIENTED_EDGE('',*,*,#3513,.F.);
#4602=ORIENTED_EDGE('',*,*,#3510,.F.);
#4603=ORIENTED_EDGE('',*,*,#3507,.F.);
#4604=ORIENTED_EDGE('',*,*,#3504,.F.);
#4605=ORIENTED_EDGE('',*,*,#3501,.F.);
#4606=ORIENTED_EDGE('',*,*,#3498,.F.);
#4607=ORIENTED_EDGE('',*,*,#3495,.F.);
#4608=ORIENTED_EDGE('',*,*,#3492,.F.);
#4609=ORIENTED_EDGE('',*,*,#3489,.F.);
#4610=ORIENTED_EDGE('',*,*,#3486,.F.);
#4611=ORIENTED_EDGE('',*,*,#3483,.F.);
#4612=ORIENTED_EDGE('',*,*,#3480,.F.);
#4613=ORIENTED_EDGE('',*,*,#3477,.F.);
#4614=ORIENTED_EDGE('',*,*,#3474,.F.);
#4615=ORIENTED_EDGE('',*,*,#3471,.F.);
#4616=ORIENTED_EDGE('',*,*,#3468,.F.);
#4617=ORIENTED_EDGE('',*,*,#3465,.F.);
#4618=ORIENTED_EDGE('',*,*,#3462,.F.);
#4619=ORIENTED_EDGE('',*,*,#3459,.F.);
#4620=ORIENTED_EDGE('',*,*,#3456,.F.);
#4621=ORIENTED_EDGE('',*,*,#3453,.F.);
#4622=ORIENTED_EDGE('',*,*,#3450,.F.);
#4623=ORIENTED_EDGE('',*,*,#3447,.F.);
#4624=ORIENTED_EDGE('',*,*,#3444,.F.);
#4625=ORIENTED_EDGE('',*,*,#3521,.T.);
#4626=ORIENTED_EDGE('',*,*,#3522,.F.);
#4627=ORIENTED_EDGE('',*,*,#3523,.F.);
#4628=ORIENTED_EDGE('',*,*,#3524,.T.);
#4629=ORIENTED_EDGE('',*,*,#3525,.T.);
#4630=ORIENTED_EDGE('',*,*,#3526,.F.);
#4631=ORIENTED_EDGE('',*,*,#3527,.F.);
#4632=ORIENTED_EDGE('',*,*,#3522,.T.);
#4633=ORIENTED_EDGE('',*,*,#3528,.T.);
#4634=ORIENTED_EDGE('',*,*,#3529,.F.);
#4635=ORIENTED_EDGE('',*,*,#3530,.F.);
#4636=ORIENTED_EDGE('',*,*,#3526,.T.);
#4637=ORIENTED_EDGE('',*,*,#3531,.T.);
#4638=ORIENTED_EDGE('',*,*,#3532,.F.);
#4639=ORIENTED_EDGE('',*,*,#3533,.F.);
#4640=ORIENTED_EDGE('',*,*,#3529,.T.);
#4641=ORIENTED_EDGE('',*,*,#3534,.T.);
#4642=ORIENTED_EDGE('',*,*,#3535,.F.);
#4643=ORIENTED_EDGE('',*,*,#3536,.F.);
#4644=ORIENTED_EDGE('',*,*,#3532,.T.);
#4645=ORIENTED_EDGE('',*,*,#3537,.T.);
#4646=ORIENTED_EDGE('',*,*,#3538,.F.);
#4647=ORIENTED_EDGE('',*,*,#3539,.F.);
#4648=ORIENTED_EDGE('',*,*,#3535,.T.);
#4649=ORIENTED_EDGE('',*,*,#3540,.T.);
#4650=ORIENTED_EDGE('',*,*,#3541,.F.);
#4651=ORIENTED_EDGE('',*,*,#3542,.F.);
#4652=ORIENTED_EDGE('',*,*,#3538,.T.);
#4653=ORIENTED_EDGE('',*,*,#3543,.T.);
#4654=ORIENTED_EDGE('',*,*,#3544,.F.);
#4655=ORIENTED_EDGE('',*,*,#3545,.F.);
#4656=ORIENTED_EDGE('',*,*,#3541,.T.);
#4657=ORIENTED_EDGE('',*,*,#3546,.T.);
#4658=ORIENTED_EDGE('',*,*,#3547,.F.);
#4659=ORIENTED_EDGE('',*,*,#3548,.F.);
#4660=ORIENTED_EDGE('',*,*,#3544,.T.);
#4661=ORIENTED_EDGE('',*,*,#3549,.T.);
#4662=ORIENTED_EDGE('',*,*,#3550,.F.);
#4663=ORIENTED_EDGE('',*,*,#3551,.F.);
#4664=ORIENTED_EDGE('',*,*,#3547,.T.);
#4665=ORIENTED_EDGE('',*,*,#3552,.T.);
#4666=ORIENTED_EDGE('',*,*,#3553,.F.);
#4667=ORIENTED_EDGE('',*,*,#3554,.F.);
#4668=ORIENTED_EDGE('',*,*,#3550,.T.);
#4669=ORIENTED_EDGE('',*,*,#3555,.T.);
#4670=ORIENTED_EDGE('',*,*,#3556,.F.);
#4671=ORIENTED_EDGE('',*,*,#3557,.F.);
#4672=ORIENTED_EDGE('',*,*,#3553,.T.);
#4673=ORIENTED_EDGE('',*,*,#3558,.T.);
#4674=ORIENTED_EDGE('',*,*,#3559,.F.);
#4675=ORIENTED_EDGE('',*,*,#3560,.F.);
#4676=ORIENTED_EDGE('',*,*,#3556,.T.);
#4677=ORIENTED_EDGE('',*,*,#3561,.T.);
#4678=ORIENTED_EDGE('',*,*,#3562,.F.);
#4679=ORIENTED_EDGE('',*,*,#3563,.F.);
#4680=ORIENTED_EDGE('',*,*,#3559,.T.);
#4681=ORIENTED_EDGE('',*,*,#3564,.T.);
#4682=ORIENTED_EDGE('',*,*,#3565,.F.);
#4683=ORIENTED_EDGE('',*,*,#3566,.F.);
#4684=ORIENTED_EDGE('',*,*,#3562,.T.);
#4685=ORIENTED_EDGE('',*,*,#3567,.T.);
#4686=ORIENTED_EDGE('',*,*,#3568,.F.);
#4687=ORIENTED_EDGE('',*,*,#3569,.F.);
#4688=ORIENTED_EDGE('',*,*,#3565,.T.);
#4689=ORIENTED_EDGE('',*,*,#3570,.T.);
#4690=ORIENTED_EDGE('',*,*,#3571,.F.);
#4691=ORIENTED_EDGE('',*,*,#3572,.F.);
#4692=ORIENTED_EDGE('',*,*,#3568,.T.);
#4693=ORIENTED_EDGE('',*,*,#3573,.T.);
#4694=ORIENTED_EDGE('',*,*,#3574,.F.);
#4695=ORIENTED_EDGE('',*,*,#3575,.F.);
#4696=ORIENTED_EDGE('',*,*,#3571,.T.);
#4697=ORIENTED_EDGE('',*,*,#3576,.T.);
#4698=ORIENTED_EDGE('',*,*,#3577,.F.);
#4699=ORIENTED_EDGE('',*,*,#3578,.F.);
#4700=ORIENTED_EDGE('',*,*,#3574,.T.);
#4701=ORIENTED_EDGE('',*,*,#3579,.T.);
#4702=ORIENTED_EDGE('',*,*,#3524,.F.);
#4703=ORIENTED_EDGE('',*,*,#3580,.F.);
#4704=ORIENTED_EDGE('',*,*,#3577,.T.);
#4705=ORIENTED_EDGE('',*,*,#3521,.F.);
#4706=ORIENTED_EDGE('',*,*,#3579,.F.);
#4707=ORIENTED_EDGE('',*,*,#3576,.F.);
#4708=ORIENTED_EDGE('',*,*,#3573,.F.);
#4709=ORIENTED_EDGE('',*,*,#3570,.F.);
#4710=ORIENTED_EDGE('',*,*,#3567,.F.);
#4711=ORIENTED_EDGE('',*,*,#3564,.F.);
#4712=ORIENTED_EDGE('',*,*,#3561,.F.);
#4713=ORIENTED_EDGE('',*,*,#3558,.F.);
#4714=ORIENTED_EDGE('',*,*,#3555,.F.);
#4715=ORIENTED_EDGE('',*,*,#3552,.F.);
#4716=ORIENTED_EDGE('',*,*,#3549,.F.);
#4717=ORIENTED_EDGE('',*,*,#3546,.F.);
#4718=ORIENTED_EDGE('',*,*,#3543,.F.);
#4719=ORIENTED_EDGE('',*,*,#3540,.F.);
#4720=ORIENTED_EDGE('',*,*,#3537,.F.);
#4721=ORIENTED_EDGE('',*,*,#3534,.F.);
#4722=ORIENTED_EDGE('',*,*,#3531,.F.);
#4723=ORIENTED_EDGE('',*,*,#3528,.F.);
#4724=ORIENTED_EDGE('',*,*,#3525,.F.);
#4725=ORIENTED_EDGE('',*,*,#3581,.T.);
#4726=ORIENTED_EDGE('',*,*,#3582,.F.);
#4727=ORIENTED_EDGE('',*,*,#3583,.F.);
#4728=ORIENTED_EDGE('',*,*,#3584,.T.);
#4729=ORIENTED_EDGE('',*,*,#3585,.T.);
#4730=ORIENTED_EDGE('',*,*,#3586,.F.);
#4731=ORIENTED_EDGE('',*,*,#3587,.F.);
#4732=ORIENTED_EDGE('',*,*,#3582,.T.);
#4733=ORIENTED_EDGE('',*,*,#3588,.T.);
#4734=ORIENTED_EDGE('',*,*,#3589,.F.);
#4735=ORIENTED_EDGE('',*,*,#3590,.F.);
#4736=ORIENTED_EDGE('',*,*,#3586,.T.);
#4737=ORIENTED_EDGE('',*,*,#3591,.T.);
#4738=ORIENTED_EDGE('',*,*,#3592,.F.);
#4739=ORIENTED_EDGE('',*,*,#3593,.F.);
#4740=ORIENTED_EDGE('',*,*,#3589,.T.);
#4741=ORIENTED_EDGE('',*,*,#3594,.T.);
#4742=ORIENTED_EDGE('',*,*,#3595,.F.);
#4743=ORIENTED_EDGE('',*,*,#3596,.F.);
#4744=ORIENTED_EDGE('',*,*,#3592,.T.);
#4745=ORIENTED_EDGE('',*,*,#3597,.T.);
#4746=ORIENTED_EDGE('',*,*,#3598,.F.);
#4747=ORIENTED_EDGE('',*,*,#3599,.F.);
#4748=ORIENTED_EDGE('',*,*,#3595,.T.);
#4749=ORIENTED_EDGE('',*,*,#3600,.T.);
#4750=ORIENTED_EDGE('',*,*,#3601,.F.);
#4751=ORIENTED_EDGE('',*,*,#3602,.F.);
#4752=ORIENTED_EDGE('',*,*,#3598,.T.);
#4753=ORIENTED_EDGE('',*,*,#3603,.T.);
#4754=ORIENTED_EDGE('',*,*,#3604,.F.);
#4755=ORIENTED_EDGE('',*,*,#3605,.F.);
#4756=ORIENTED_EDGE('',*,*,#3601,.T.);
#4757=ORIENTED_EDGE('',*,*,#3606,.T.);
#4758=ORIENTED_EDGE('',*,*,#3607,.F.);
#4759=ORIENTED_EDGE('',*,*,#3608,.F.);
#4760=ORIENTED_EDGE('',*,*,#3604,.T.);
#4761=ORIENTED_EDGE('',*,*,#3609,.T.);
#4762=ORIENTED_EDGE('',*,*,#3610,.F.);
#4763=ORIENTED_EDGE('',*,*,#3611,.F.);
#4764=ORIENTED_EDGE('',*,*,#3607,.T.);
#4765=ORIENTED_EDGE('',*,*,#3612,.T.);
#4766=ORIENTED_EDGE('',*,*,#3613,.F.);
#4767=ORIENTED_EDGE('',*,*,#3614,.F.);
#4768=ORIENTED_EDGE('',*,*,#3610,.T.);
#4769=ORIENTED_EDGE('',*,*,#3615,.T.);
#4770=ORIENTED_EDGE('',*,*,#3616,.F.);
#4771=ORIENTED_EDGE('',*,*,#3617,.F.);
#4772=ORIENTED_EDGE('',*,*,#3613,.T.);
#4773=ORIENTED_EDGE('',*,*,#3618,.T.);
#4774=ORIENTED_EDGE('',*,*,#3619,.F.);
#4775=ORIENTED_EDGE('',*,*,#3620,.F.);
#4776=ORIENTED_EDGE('',*,*,#3616,.T.);
#4777=ORIENTED_EDGE('',*,*,#3621,.T.);
#4778=ORIENTED_EDGE('',*,*,#3622,.F.);
#4779=ORIENTED_EDGE('',*,*,#3623,.F.);
#4780=ORIENTED_EDGE('',*,*,#3619,.T.);
#4781=ORIENTED_EDGE('',*,*,#3624,.T.);
#4782=ORIENTED_EDGE('',*,*,#3625,.F.);
#4783=ORIENTED_EDGE('',*,*,#3626,.F.);
#4784=ORIENTED_EDGE('',*,*,#3622,.T.);
#4785=ORIENTED_EDGE('',*,*,#3627,.T.);
#4786=ORIENTED_EDGE('',*,*,#3584,.F.);
#4787=ORIENTED_EDGE('',*,*,#3628,.F.);
#4788=ORIENTED_EDGE('',*,*,#3625,.T.);
#4789=ORIENTED_EDGE('',*,*,#3581,.F.);
#4790=ORIENTED_EDGE('',*,*,#3627,.F.);
#4791=ORIENTED_EDGE('',*,*,#3624,.F.);
#4792=ORIENTED_EDGE('',*,*,#3621,.F.);
#4793=ORIENTED_EDGE('',*,*,#3618,.F.);
#4794=ORIENTED_EDGE('',*,*,#3615,.F.);
#4795=ORIENTED_EDGE('',*,*,#3612,.F.);
#4796=ORIENTED_EDGE('',*,*,#3609,.F.);
#4797=ORIENTED_EDGE('',*,*,#3606,.F.);
#4798=ORIENTED_EDGE('',*,*,#3603,.F.);
#4799=ORIENTED_EDGE('',*,*,#3600,.F.);
#4800=ORIENTED_EDGE('',*,*,#3597,.F.);
#4801=ORIENTED_EDGE('',*,*,#3594,.F.);
#4802=ORIENTED_EDGE('',*,*,#3591,.F.);
#4803=ORIENTED_EDGE('',*,*,#3588,.F.);
#4804=ORIENTED_EDGE('',*,*,#3585,.F.);
#4805=ORIENTED_EDGE('',*,*,#3629,.T.);
#4806=ORIENTED_EDGE('',*,*,#3630,.F.);
#4807=ORIENTED_EDGE('',*,*,#3631,.F.);
#4808=ORIENTED_EDGE('',*,*,#3632,.T.);
#4809=ORIENTED_EDGE('',*,*,#3633,.T.);
#4810=ORIENTED_EDGE('',*,*,#3634,.F.);
#4811=ORIENTED_EDGE('',*,*,#3635,.F.);
#4812=ORIENTED_EDGE('',*,*,#3630,.T.);
#4813=ORIENTED_EDGE('',*,*,#3636,.T.);
#4814=ORIENTED_EDGE('',*,*,#3637,.F.);
#4815=ORIENTED_EDGE('',*,*,#3638,.F.);
#4816=ORIENTED_EDGE('',*,*,#3634,.T.);
#4817=ORIENTED_EDGE('',*,*,#3639,.T.);
#4818=ORIENTED_EDGE('',*,*,#3640,.F.);
#4819=ORIENTED_EDGE('',*,*,#3641,.F.);
#4820=ORIENTED_EDGE('',*,*,#3637,.T.);
#4821=ORIENTED_EDGE('',*,*,#3642,.T.);
#4822=ORIENTED_EDGE('',*,*,#3643,.F.);
#4823=ORIENTED_EDGE('',*,*,#3644,.F.);
#4824=ORIENTED_EDGE('',*,*,#3640,.T.);
#4825=ORIENTED_EDGE('',*,*,#3645,.T.);
#4826=ORIENTED_EDGE('',*,*,#3646,.F.);
#4827=ORIENTED_EDGE('',*,*,#3647,.F.);
#4828=ORIENTED_EDGE('',*,*,#3643,.T.);
#4829=ORIENTED_EDGE('',*,*,#3648,.T.);
#4830=ORIENTED_EDGE('',*,*,#3649,.F.);
#4831=ORIENTED_EDGE('',*,*,#3650,.F.);
#4832=ORIENTED_EDGE('',*,*,#3646,.T.);
#4833=ORIENTED_EDGE('',*,*,#3651,.T.);
#4834=ORIENTED_EDGE('',*,*,#3652,.F.);
#4835=ORIENTED_EDGE('',*,*,#3653,.F.);
#4836=ORIENTED_EDGE('',*,*,#3649,.T.);
#4837=ORIENTED_EDGE('',*,*,#3654,.T.);
#4838=ORIENTED_EDGE('',*,*,#3655,.F.);
#4839=ORIENTED_EDGE('',*,*,#3656,.F.);
#4840=ORIENTED_EDGE('',*,*,#3652,.T.);
#4841=ORIENTED_EDGE('',*,*,#3657,.T.);
#4842=ORIENTED_EDGE('',*,*,#3658,.F.);
#4843=ORIENTED_EDGE('',*,*,#3659,.F.);
#4844=ORIENTED_EDGE('',*,*,#3655,.T.);
#4845=ORIENTED_EDGE('',*,*,#3660,.T.);
#4846=ORIENTED_EDGE('',*,*,#3661,.F.);
#4847=ORIENTED_EDGE('',*,*,#3662,.F.);
#4848=ORIENTED_EDGE('',*,*,#3658,.T.);
#4849=ORIENTED_EDGE('',*,*,#3663,.T.);
#4850=ORIENTED_EDGE('',*,*,#3664,.F.);
#4851=ORIENTED_EDGE('',*,*,#3665,.F.);
#4852=ORIENTED_EDGE('',*,*,#3661,.T.);
#4853=ORIENTED_EDGE('',*,*,#3666,.T.);
#4854=ORIENTED_EDGE('',*,*,#3667,.F.);
#4855=ORIENTED_EDGE('',*,*,#3668,.F.);
#4856=ORIENTED_EDGE('',*,*,#3664,.T.);
#4857=ORIENTED_EDGE('',*,*,#3669,.T.);
#4858=ORIENTED_EDGE('',*,*,#3670,.F.);
#4859=ORIENTED_EDGE('',*,*,#3671,.F.);
#4860=ORIENTED_EDGE('',*,*,#3667,.T.);
#4861=ORIENTED_EDGE('',*,*,#3672,.T.);
#4862=ORIENTED_EDGE('',*,*,#3673,.F.);
#4863=ORIENTED_EDGE('',*,*,#3674,.F.);
#4864=ORIENTED_EDGE('',*,*,#3670,.T.);
#4865=ORIENTED_EDGE('',*,*,#3675,.T.);
#4866=ORIENTED_EDGE('',*,*,#3632,.F.);
#4867=ORIENTED_EDGE('',*,*,#3676,.F.);
#4868=ORIENTED_EDGE('',*,*,#3673,.T.);
#4869=ORIENTED_EDGE('',*,*,#3629,.F.);
#4870=ORIENTED_EDGE('',*,*,#3675,.F.);
#4871=ORIENTED_EDGE('',*,*,#3672,.F.);
#4872=ORIENTED_EDGE('',*,*,#3669,.F.);
#4873=ORIENTED_EDGE('',*,*,#3666,.F.);
#4874=ORIENTED_EDGE('',*,*,#3663,.F.);
#4875=ORIENTED_EDGE('',*,*,#3660,.F.);
#4876=ORIENTED_EDGE('',*,*,#3657,.F.);
#4877=ORIENTED_EDGE('',*,*,#3654,.F.);
#4878=ORIENTED_EDGE('',*,*,#3651,.F.);
#4879=ORIENTED_EDGE('',*,*,#3648,.F.);
#4880=ORIENTED_EDGE('',*,*,#3645,.F.);
#4881=ORIENTED_EDGE('',*,*,#3642,.F.);
#4882=ORIENTED_EDGE('',*,*,#3639,.F.);
#4883=ORIENTED_EDGE('',*,*,#3636,.F.);
#4884=ORIENTED_EDGE('',*,*,#3633,.F.);
#4885=ORIENTED_EDGE('',*,*,#3677,.T.);
#4886=ORIENTED_EDGE('',*,*,#3678,.F.);
#4887=ORIENTED_EDGE('',*,*,#3679,.F.);
#4888=ORIENTED_EDGE('',*,*,#3680,.T.);
#4889=ORIENTED_EDGE('',*,*,#3681,.T.);
#4890=ORIENTED_EDGE('',*,*,#3682,.F.);
#4891=ORIENTED_EDGE('',*,*,#3683,.F.);
#4892=ORIENTED_EDGE('',*,*,#3678,.T.);
#4893=ORIENTED_EDGE('',*,*,#3684,.T.);
#4894=ORIENTED_EDGE('',*,*,#3685,.F.);
#4895=ORIENTED_EDGE('',*,*,#3686,.F.);
#4896=ORIENTED_EDGE('',*,*,#3682,.T.);
#4897=ORIENTED_EDGE('',*,*,#3687,.T.);
#4898=ORIENTED_EDGE('',*,*,#3688,.F.);
#4899=ORIENTED_EDGE('',*,*,#3689,.F.);
#4900=ORIENTED_EDGE('',*,*,#3685,.T.);
#4901=ORIENTED_EDGE('',*,*,#3690,.T.);
#4902=ORIENTED_EDGE('',*,*,#3691,.F.);
#4903=ORIENTED_EDGE('',*,*,#3692,.F.);
#4904=ORIENTED_EDGE('',*,*,#3688,.T.);
#4905=ORIENTED_EDGE('',*,*,#3693,.T.);
#4906=ORIENTED_EDGE('',*,*,#3694,.F.);
#4907=ORIENTED_EDGE('',*,*,#3695,.F.);
#4908=ORIENTED_EDGE('',*,*,#3691,.T.);
#4909=ORIENTED_EDGE('',*,*,#3696,.T.);
#4910=ORIENTED_EDGE('',*,*,#3697,.F.);
#4911=ORIENTED_EDGE('',*,*,#3698,.F.);
#4912=ORIENTED_EDGE('',*,*,#3694,.T.);
#4913=ORIENTED_EDGE('',*,*,#3699,.T.);
#4914=ORIENTED_EDGE('',*,*,#3700,.F.);
#4915=ORIENTED_EDGE('',*,*,#3701,.F.);
#4916=ORIENTED_EDGE('',*,*,#3697,.T.);
#4917=ORIENTED_EDGE('',*,*,#3702,.T.);
#4918=ORIENTED_EDGE('',*,*,#3703,.F.);
#4919=ORIENTED_EDGE('',*,*,#3704,.F.);
#4920=ORIENTED_EDGE('',*,*,#3700,.T.);
#4921=ORIENTED_EDGE('',*,*,#3705,.T.);
#4922=ORIENTED_EDGE('',*,*,#3706,.F.);
#4923=ORIENTED_EDGE('',*,*,#3707,.F.);
#4924=ORIENTED_EDGE('',*,*,#3703,.T.);
#4925=ORIENTED_EDGE('',*,*,#3708,.T.);
#4926=ORIENTED_EDGE('',*,*,#3709,.F.);
#4927=ORIENTED_EDGE('',*,*,#3710,.F.);
#4928=ORIENTED_EDGE('',*,*,#3706,.T.);
#4929=ORIENTED_EDGE('',*,*,#3711,.T.);
#4930=ORIENTED_EDGE('',*,*,#3712,.F.);
#4931=ORIENTED_EDGE('',*,*,#3713,.F.);
#4932=ORIENTED_EDGE('',*,*,#3709,.T.);
#4933=ORIENTED_EDGE('',*,*,#3714,.T.);
#4934=ORIENTED_EDGE('',*,*,#3715,.F.);
#4935=ORIENTED_EDGE('',*,*,#3716,.F.);
#4936=ORIENTED_EDGE('',*,*,#3712,.T.);
#4937=ORIENTED_EDGE('',*,*,#3717,.T.);
#4938=ORIENTED_EDGE('',*,*,#3718,.F.);
#4939=ORIENTED_EDGE('',*,*,#3719,.F.);
#4940=ORIENTED_EDGE('',*,*,#3715,.T.);
#4941=ORIENTED_EDGE('',*,*,#3720,.T.);
#4942=ORIENTED_EDGE('',*,*,#3721,.F.);
#4943=ORIENTED_EDGE('',*,*,#3722,.F.);
#4944=ORIENTED_EDGE('',*,*,#3718,.T.);
#4945=ORIENTED_EDGE('',*,*,#3723,.T.);
#4946=ORIENTED_EDGE('',*,*,#3724,.F.);
#4947=ORIENTED_EDGE('',*,*,#3725,.F.);
#4948=ORIENTED_EDGE('',*,*,#3721,.T.);
#4949=ORIENTED_EDGE('',*,*,#3726,.T.);
#4950=ORIENTED_EDGE('',*,*,#3727,.F.);
#4951=ORIENTED_EDGE('',*,*,#3728,.F.);
#4952=ORIENTED_EDGE('',*,*,#3724,.T.);
#4953=ORIENTED_EDGE('',*,*,#3729,.T.);
#4954=ORIENTED_EDGE('',*,*,#3730,.F.);
#4955=ORIENTED_EDGE('',*,*,#3731,.F.);
#4956=ORIENTED_EDGE('',*,*,#3727,.T.);
#4957=ORIENTED_EDGE('',*,*,#3732,.T.);
#4958=ORIENTED_EDGE('',*,*,#3733,.F.);
#4959=ORIENTED_EDGE('',*,*,#3734,.F.);
#4960=ORIENTED_EDGE('',*,*,#3730,.T.);
#4961=ORIENTED_EDGE('',*,*,#3735,.T.);
#4962=ORIENTED_EDGE('',*,*,#3736,.F.);
#4963=ORIENTED_EDGE('',*,*,#3737,.F.);
#4964=ORIENTED_EDGE('',*,*,#3733,.T.);
#4965=ORIENTED_EDGE('',*,*,#3738,.T.);
#4966=ORIENTED_EDGE('',*,*,#3739,.F.);
#4967=ORIENTED_EDGE('',*,*,#3740,.F.);
#4968=ORIENTED_EDGE('',*,*,#3736,.T.);
#4969=ORIENTED_EDGE('',*,*,#3741,.T.);
#4970=ORIENTED_EDGE('',*,*,#3742,.F.);
#4971=ORIENTED_EDGE('',*,*,#3743,.F.);
#4972=ORIENTED_EDGE('',*,*,#3739,.T.);
#4973=ORIENTED_EDGE('',*,*,#3744,.T.);
#4974=ORIENTED_EDGE('',*,*,#3745,.F.);
#4975=ORIENTED_EDGE('',*,*,#3746,.F.);
#4976=ORIENTED_EDGE('',*,*,#3742,.T.);
#4977=ORIENTED_EDGE('',*,*,#3747,.T.);
#4978=ORIENTED_EDGE('',*,*,#3748,.F.);
#4979=ORIENTED_EDGE('',*,*,#3749,.F.);
#4980=ORIENTED_EDGE('',*,*,#3745,.T.);
#4981=ORIENTED_EDGE('',*,*,#3750,.T.);
#4982=ORIENTED_EDGE('',*,*,#3751,.F.);
#4983=ORIENTED_EDGE('',*,*,#3752,.F.);
#4984=ORIENTED_EDGE('',*,*,#3748,.T.);
#4985=ORIENTED_EDGE('',*,*,#3753,.T.);
#4986=ORIENTED_EDGE('',*,*,#3754,.F.);
#4987=ORIENTED_EDGE('',*,*,#3755,.F.);
#4988=ORIENTED_EDGE('',*,*,#3751,.T.);
#4989=ORIENTED_EDGE('',*,*,#3756,.T.);
#4990=ORIENTED_EDGE('',*,*,#3680,.F.);
#4991=ORIENTED_EDGE('',*,*,#3757,.F.);
#4992=ORIENTED_EDGE('',*,*,#3754,.T.);
#4993=ORIENTED_EDGE('',*,*,#3677,.F.);
#4994=ORIENTED_EDGE('',*,*,#3756,.F.);
#4995=ORIENTED_EDGE('',*,*,#3753,.F.);
#4996=ORIENTED_EDGE('',*,*,#3750,.F.);
#4997=ORIENTED_EDGE('',*,*,#3747,.F.);
#4998=ORIENTED_EDGE('',*,*,#3744,.F.);
#4999=ORIENTED_EDGE('',*,*,#3741,.F.);
#5000=ORIENTED_EDGE('',*,*,#3738,.F.);
#5001=ORIENTED_EDGE('',*,*,#3735,.F.);
#5002=ORIENTED_EDGE('',*,*,#3732,.F.);
#5003=ORIENTED_EDGE('',*,*,#3729,.F.);
#5004=ORIENTED_EDGE('',*,*,#3726,.F.);
#5005=ORIENTED_EDGE('',*,*,#3723,.F.);
#5006=ORIENTED_EDGE('',*,*,#3720,.F.);
#5007=ORIENTED_EDGE('',*,*,#3717,.F.);
#5008=ORIENTED_EDGE('',*,*,#3714,.F.);
#5009=ORIENTED_EDGE('',*,*,#3711,.F.);
#5010=ORIENTED_EDGE('',*,*,#3708,.F.);
#5011=ORIENTED_EDGE('',*,*,#3705,.F.);
#5012=ORIENTED_EDGE('',*,*,#3702,.F.);
#5013=ORIENTED_EDGE('',*,*,#3699,.F.);
#5014=ORIENTED_EDGE('',*,*,#3696,.F.);
#5015=ORIENTED_EDGE('',*,*,#3693,.F.);
#5016=ORIENTED_EDGE('',*,*,#3690,.F.);
#5017=ORIENTED_EDGE('',*,*,#3687,.F.);
#5018=ORIENTED_EDGE('',*,*,#3684,.F.);
#5019=ORIENTED_EDGE('',*,*,#3681,.F.);
#5020=ORIENTED_EDGE('',*,*,#3758,.F.);
#5021=ORIENTED_EDGE('',*,*,#3759,.F.);
#5022=ORIENTED_EDGE('',*,*,#3760,.F.);
#5023=ORIENTED_EDGE('',*,*,#3761,.T.);
#5024=ORIENTED_EDGE('',*,*,#3762,.F.);
#5025=ORIENTED_EDGE('',*,*,#3761,.F.);
#5026=ORIENTED_EDGE('',*,*,#3763,.F.);
#5027=ORIENTED_EDGE('',*,*,#3764,.T.);
#5028=ORIENTED_EDGE('',*,*,#3765,.F.);
#5029=ORIENTED_EDGE('',*,*,#3764,.F.);
#5030=ORIENTED_EDGE('',*,*,#3766,.F.);
#5031=ORIENTED_EDGE('',*,*,#3767,.T.);
#5032=ORIENTED_EDGE('',*,*,#3768,.F.);
#5033=ORIENTED_EDGE('',*,*,#3767,.F.);
#5034=ORIENTED_EDGE('',*,*,#3769,.F.);
#5035=ORIENTED_EDGE('',*,*,#3759,.T.);
#5036=ORIENTED_EDGE('',*,*,#3758,.T.);
#5037=ORIENTED_EDGE('',*,*,#3762,.T.);
#5038=ORIENTED_EDGE('',*,*,#3765,.T.);
#5039=ORIENTED_EDGE('',*,*,#3768,.T.);
#5040=ORIENTED_EDGE('',*,*,#3442,.T.);
#5041=ORIENTED_EDGE('',*,*,#3446,.T.);
#5042=ORIENTED_EDGE('',*,*,#3449,.T.);
#5043=ORIENTED_EDGE('',*,*,#3452,.T.);
#5044=ORIENTED_EDGE('',*,*,#3455,.T.);
#5045=ORIENTED_EDGE('',*,*,#3458,.T.);
#5046=ORIENTED_EDGE('',*,*,#3461,.T.);
#5047=ORIENTED_EDGE('',*,*,#3464,.T.);
#5048=ORIENTED_EDGE('',*,*,#3467,.T.);
#5049=ORIENTED_EDGE('',*,*,#3470,.T.);
#5050=ORIENTED_EDGE('',*,*,#3473,.T.);
#5051=ORIENTED_EDGE('',*,*,#3476,.T.);
#5052=ORIENTED_EDGE('',*,*,#3479,.T.);
#5053=ORIENTED_EDGE('',*,*,#3482,.T.);
#5054=ORIENTED_EDGE('',*,*,#3485,.T.);
#5055=ORIENTED_EDGE('',*,*,#3488,.T.);
#5056=ORIENTED_EDGE('',*,*,#3491,.T.);
#5057=ORIENTED_EDGE('',*,*,#3494,.T.);
#5058=ORIENTED_EDGE('',*,*,#3497,.T.);
#5059=ORIENTED_EDGE('',*,*,#3500,.T.);
#5060=ORIENTED_EDGE('',*,*,#3503,.T.);
#5061=ORIENTED_EDGE('',*,*,#3506,.T.);
#5062=ORIENTED_EDGE('',*,*,#3509,.T.);
#5063=ORIENTED_EDGE('',*,*,#3512,.T.);
#5064=ORIENTED_EDGE('',*,*,#3515,.T.);
#5065=ORIENTED_EDGE('',*,*,#3518,.T.);
#5066=ORIENTED_EDGE('',*,*,#3520,.T.);
#5067=ORIENTED_EDGE('',*,*,#3523,.T.);
#5068=ORIENTED_EDGE('',*,*,#3527,.T.);
#5069=ORIENTED_EDGE('',*,*,#3530,.T.);
#5070=ORIENTED_EDGE('',*,*,#3533,.T.);
#5071=ORIENTED_EDGE('',*,*,#3536,.T.);
#5072=ORIENTED_EDGE('',*,*,#3539,.T.);
#5073=ORIENTED_EDGE('',*,*,#3542,.T.);
#5074=ORIENTED_EDGE('',*,*,#3545,.T.);
#5075=ORIENTED_EDGE('',*,*,#3548,.T.);
#5076=ORIENTED_EDGE('',*,*,#3551,.T.);
#5077=ORIENTED_EDGE('',*,*,#3554,.T.);
#5078=ORIENTED_EDGE('',*,*,#3557,.T.);
#5079=ORIENTED_EDGE('',*,*,#3560,.T.);
#5080=ORIENTED_EDGE('',*,*,#3563,.T.);
#5081=ORIENTED_EDGE('',*,*,#3566,.T.);
#5082=ORIENTED_EDGE('',*,*,#3569,.T.);
#5083=ORIENTED_EDGE('',*,*,#3572,.T.);
#5084=ORIENTED_EDGE('',*,*,#3575,.T.);
#5085=ORIENTED_EDGE('',*,*,#3578,.T.);
#5086=ORIENTED_EDGE('',*,*,#3580,.T.);
#5087=ORIENTED_EDGE('',*,*,#3583,.T.);
#5088=ORIENTED_EDGE('',*,*,#3587,.T.);
#5089=ORIENTED_EDGE('',*,*,#3590,.T.);
#5090=ORIENTED_EDGE('',*,*,#3593,.T.);
#5091=ORIENTED_EDGE('',*,*,#3596,.T.);
#5092=ORIENTED_EDGE('',*,*,#3599,.T.);
#5093=ORIENTED_EDGE('',*,*,#3602,.T.);
#5094=ORIENTED_EDGE('',*,*,#3605,.T.);
#5095=ORIENTED_EDGE('',*,*,#3608,.T.);
#5096=ORIENTED_EDGE('',*,*,#3611,.T.);
#5097=ORIENTED_EDGE('',*,*,#3614,.T.);
#5098=ORIENTED_EDGE('',*,*,#3617,.T.);
#5099=ORIENTED_EDGE('',*,*,#3620,.T.);
#5100=ORIENTED_EDGE('',*,*,#3623,.T.);
#5101=ORIENTED_EDGE('',*,*,#3626,.T.);
#5102=ORIENTED_EDGE('',*,*,#3628,.T.);
#5103=ORIENTED_EDGE('',*,*,#3631,.T.);
#5104=ORIENTED_EDGE('',*,*,#3635,.T.);
#5105=ORIENTED_EDGE('',*,*,#3638,.T.);
#5106=ORIENTED_EDGE('',*,*,#3641,.T.);
#5107=ORIENTED_EDGE('',*,*,#3644,.T.);
#5108=ORIENTED_EDGE('',*,*,#3647,.T.);
#5109=ORIENTED_EDGE('',*,*,#3650,.T.);
#5110=ORIENTED_EDGE('',*,*,#3653,.T.);
#5111=ORIENTED_EDGE('',*,*,#3656,.T.);
#5112=ORIENTED_EDGE('',*,*,#3659,.T.);
#5113=ORIENTED_EDGE('',*,*,#3662,.T.);
#5114=ORIENTED_EDGE('',*,*,#3665,.T.);
#5115=ORIENTED_EDGE('',*,*,#3668,.T.);
#5116=ORIENTED_EDGE('',*,*,#3671,.T.);
#5117=ORIENTED_EDGE('',*,*,#3674,.T.);
#5118=ORIENTED_EDGE('',*,*,#3676,.T.);
#5119=ORIENTED_EDGE('',*,*,#3679,.T.);
#5120=ORIENTED_EDGE('',*,*,#3683,.T.);
#5121=ORIENTED_EDGE('',*,*,#3686,.T.);
#5122=ORIENTED_EDGE('',*,*,#3689,.T.);
#5123=ORIENTED_EDGE('',*,*,#3692,.T.);
#5124=ORIENTED_EDGE('',*,*,#3695,.T.);
#5125=ORIENTED_EDGE('',*,*,#3698,.T.);
#5126=ORIENTED_EDGE('',*,*,#3701,.T.);
#5127=ORIENTED_EDGE('',*,*,#3704,.T.);
#5128=ORIENTED_EDGE('',*,*,#3707,.T.);
#5129=ORIENTED_EDGE('',*,*,#3710,.T.);
#5130=ORIENTED_EDGE('',*,*,#3713,.T.);
#5131=ORIENTED_EDGE('',*,*,#3716,.T.);
#5132=ORIENTED_EDGE('',*,*,#3719,.T.);
#5133=ORIENTED_EDGE('',*,*,#3722,.T.);
#5134=ORIENTED_EDGE('',*,*,#3725,.T.);
#5135=ORIENTED_EDGE('',*,*,#3728,.T.);
#5136=ORIENTED_EDGE('',*,*,#3731,.T.);
#5137=ORIENTED_EDGE('',*,*,#3734,.T.);
#5138=ORIENTED_EDGE('',*,*,#3737,.T.);
#5139=ORIENTED_EDGE('',*,*,#3740,.T.);
#5140=ORIENTED_EDGE('',*,*,#3743,.T.);
#5141=ORIENTED_EDGE('',*,*,#3746,.T.);
#5142=ORIENTED_EDGE('',*,*,#3749,.T.);
#5143=ORIENTED_EDGE('',*,*,#3752,.T.);
#5144=ORIENTED_EDGE('',*,*,#3755,.T.);
#5145=ORIENTED_EDGE('',*,*,#3757,.T.);
#5146=ORIENTED_EDGE('',*,*,#3770,.T.);
#5147=ORIENTED_EDGE('',*,*,#3771,.T.);
#5148=ORIENTED_EDGE('',*,*,#3772,.T.);
#5149=ORIENTED_EDGE('',*,*,#3773,.T.);
#5150=ORIENTED_EDGE('',*,*,#3772,.F.);
#5151=ORIENTED_EDGE('',*,*,#3774,.F.);
#5152=ORIENTED_EDGE('',*,*,#3775,.T.);
#5153=ORIENTED_EDGE('',*,*,#3776,.F.);
#5154=ORIENTED_EDGE('',*,*,#3771,.F.);
#5155=ORIENTED_EDGE('',*,*,#3777,.T.);
#5156=ORIENTED_EDGE('',*,*,#3778,.F.);
#5157=ORIENTED_EDGE('',*,*,#3779,.T.);
#5158=ORIENTED_EDGE('',*,*,#3780,.T.);
#5159=ORIENTED_EDGE('',*,*,#3781,.F.);
#5160=ORIENTED_EDGE('',*,*,#3782,.F.);
#5161=ORIENTED_EDGE('',*,*,#3774,.T.);
#5162=ORIENTED_EDGE('',*,*,#3760,.T.);
#5163=ORIENTED_EDGE('',*,*,#3769,.T.);
#5164=ORIENTED_EDGE('',*,*,#3766,.T.);
#5165=ORIENTED_EDGE('',*,*,#3763,.T.);
#5166=ORIENTED_EDGE('',*,*,#3783,.T.);
#5167=ORIENTED_EDGE('',*,*,#3784,.T.);
#5168=ORIENTED_EDGE('',*,*,#3785,.T.);
#5169=ORIENTED_EDGE('',*,*,#3786,.T.);
#5170=ORIENTED_EDGE('',*,*,#3787,.T.);
#5171=ORIENTED_EDGE('',*,*,#3778,.T.);
#5172=ORIENTED_EDGE('',*,*,#3788,.T.);
#5173=ORIENTED_EDGE('',*,*,#3789,.T.);
#5174=ORIENTED_EDGE('',*,*,#3787,.F.);
#5175=ORIENTED_EDGE('',*,*,#3790,.F.);
#5176=ORIENTED_EDGE('',*,*,#3791,.T.);
#5177=ORIENTED_EDGE('',*,*,#3779,.F.);
#5178=ORIENTED_EDGE('',*,*,#3792,.F.);
#5179=ORIENTED_EDGE('',*,*,#3793,.T.);
#5180=ORIENTED_EDGE('',*,*,#3319,.T.);
#5181=ORIENTED_EDGE('',*,*,#3318,.T.);
#5182=ORIENTED_EDGE('',*,*,#3793,.F.);
#5183=ORIENTED_EDGE('',*,*,#3794,.F.);
#5184=ORIENTED_EDGE('',*,*,#3795,.T.);
#5185=ORIENTED_EDGE('',*,*,#3317,.T.);
#5186=ORIENTED_EDGE('',*,*,#3316,.T.);
#5187=ORIENTED_EDGE('',*,*,#3795,.F.);
#5188=ORIENTED_EDGE('',*,*,#3796,.T.);
#5189=ORIENTED_EDGE('',*,*,#3797,.T.);
#5190=ORIENTED_EDGE('',*,*,#3798,.T.);
#5191=ORIENTED_EDGE('',*,*,#3420,.T.);
#5192=ORIENTED_EDGE('',*,*,#3799,.T.);
#5193=ORIENTED_EDGE('',*,*,#3800,.T.);
#5194=ORIENTED_EDGE('',*,*,#3796,.F.);
#5195=ORIENTED_EDGE('',*,*,#3431,.T.);
#5196=ORIENTED_EDGE('',*,*,#3801,.T.);
#5197=ORIENTED_EDGE('',*,*,#3421,.T.);
#5198=ORIENTED_EDGE('',*,*,#3798,.F.);
#5199=ORIENTED_EDGE('',*,*,#3802,.T.);
#5200=ORIENTED_EDGE('',*,*,#3803,.T.);
#5201=ORIENTED_EDGE('',*,*,#3804,.T.);
#5202=ORIENTED_EDGE('',*,*,#3799,.F.);
#5203=ORIENTED_EDGE('',*,*,#3430,.T.);
#5204=ORIENTED_EDGE('',*,*,#3805,.T.);
#5205=ORIENTED_EDGE('',*,*,#3422,.T.);
#5206=ORIENTED_EDGE('',*,*,#3801,.F.);
#5207=ORIENTED_EDGE('',*,*,#3806,.T.);
#5208=ORIENTED_EDGE('',*,*,#3807,.T.);
#5209=ORIENTED_EDGE('',*,*,#3808,.T.);
#5210=ORIENTED_EDGE('',*,*,#3803,.F.);
#5211=ORIENTED_EDGE('',*,*,#3429,.T.);
#5212=ORIENTED_EDGE('',*,*,#3809,.T.);
#5213=ORIENTED_EDGE('',*,*,#3423,.T.);
#5214=ORIENTED_EDGE('',*,*,#3805,.F.);
#5215=ORIENTED_EDGE('',*,*,#3810,.T.);
#5216=ORIENTED_EDGE('',*,*,#3811,.T.);
#5217=ORIENTED_EDGE('',*,*,#3812,.T.);
#5218=ORIENTED_EDGE('',*,*,#3807,.F.);
#5219=ORIENTED_EDGE('',*,*,#3428,.T.);
#5220=ORIENTED_EDGE('',*,*,#3813,.T.);
#5221=ORIENTED_EDGE('',*,*,#3424,.T.);
#5222=ORIENTED_EDGE('',*,*,#3809,.F.);
#5223=ORIENTED_EDGE('',*,*,#3814,.T.);
#5224=ORIENTED_EDGE('',*,*,#3815,.T.);
#5225=ORIENTED_EDGE('',*,*,#3816,.T.);
#5226=ORIENTED_EDGE('',*,*,#3811,.F.);
#5227=ORIENTED_EDGE('',*,*,#3427,.T.);
#5228=ORIENTED_EDGE('',*,*,#3817,.T.);
#5229=ORIENTED_EDGE('',*,*,#3425,.T.);
#5230=ORIENTED_EDGE('',*,*,#3813,.F.);
#5231=ORIENTED_EDGE('',*,*,#3818,.T.);
#5232=ORIENTED_EDGE('',*,*,#3815,.F.);
#5233=ORIENTED_EDGE('',*,*,#3426,.T.);
#5234=ORIENTED_EDGE('',*,*,#3817,.F.);
#5235=ORIENTED_EDGE('',*,*,#3819,.T.);
#5236=ORIENTED_EDGE('',*,*,#3818,.F.);
#5237=ORIENTED_EDGE('',*,*,#3820,.F.);
#5238=ORIENTED_EDGE('',*,*,#3821,.F.);
#5239=ORIENTED_EDGE('',*,*,#3822,.F.);
#5240=ORIENTED_EDGE('',*,*,#3814,.F.);
#5241=ORIENTED_EDGE('',*,*,#3823,.T.);
#5242=ORIENTED_EDGE('',*,*,#3824,.T.);
#5243=ORIENTED_EDGE('',*,*,#3820,.T.);
#5244=ORIENTED_EDGE('',*,*,#3810,.F.);
#5245=ORIENTED_EDGE('',*,*,#3825,.F.);
#5246=ORIENTED_EDGE('',*,*,#3826,.F.);
#5247=ORIENTED_EDGE('',*,*,#3823,.F.);
#5248=ORIENTED_EDGE('',*,*,#3806,.F.);
#5249=ORIENTED_EDGE('',*,*,#3827,.T.);
#5250=ORIENTED_EDGE('',*,*,#3828,.T.);
#5251=ORIENTED_EDGE('',*,*,#3825,.T.);
#5252=ORIENTED_EDGE('',*,*,#3802,.F.);
#5253=ORIENTED_EDGE('',*,*,#3829,.F.);
#5254=ORIENTED_EDGE('',*,*,#3830,.F.);
#5255=ORIENTED_EDGE('',*,*,#3827,.F.);
#5256=ORIENTED_EDGE('',*,*,#3797,.F.);
#5257=ORIENTED_EDGE('',*,*,#3831,.T.);
#5258=ORIENTED_EDGE('',*,*,#3832,.T.);
#5259=ORIENTED_EDGE('',*,*,#3829,.T.);
#5260=ORIENTED_EDGE('',*,*,#3378,.T.);
#5261=ORIENTED_EDGE('',*,*,#3385,.T.);
#5262=ORIENTED_EDGE('',*,*,#3382,.T.);
#5263=ORIENTED_EDGE('',*,*,#3804,.F.);
#5264=ORIENTED_EDGE('',*,*,#3833,.T.);
#5265=ORIENTED_EDGE('',*,*,#3834,.T.);
#5266=ORIENTED_EDGE('',*,*,#3835,.T.);
#5267=ORIENTED_EDGE('',*,*,#3800,.F.);
#5268=ORIENTED_EDGE('',*,*,#3835,.F.);
#5269=ORIENTED_EDGE('',*,*,#3836,.F.);
#5270=ORIENTED_EDGE('',*,*,#3831,.F.);
#5271=ORIENTED_EDGE('',*,*,#3837,.F.);
#5272=ORIENTED_EDGE('',*,*,#3838,.T.);
#5273=ORIENTED_EDGE('',*,*,#3839,.F.);
#5274=ORIENTED_EDGE('',*,*,#3840,.T.);
#5275=ORIENTED_EDGE('',*,*,#3841,.T.);
#5276=ORIENTED_EDGE('',*,*,#3842,.T.);
#5277=ORIENTED_EDGE('',*,*,#3843,.T.);
#5278=ORIENTED_EDGE('',*,*,#3247,.T.);
#5279=ORIENTED_EDGE('',*,*,#3286,.T.);
#5280=ORIENTED_EDGE('',*,*,#3270,.T.);
#5281=ORIENTED_EDGE('',*,*,#3377,.T.);
#5282=ORIENTED_EDGE('',*,*,#3350,.T.);
#5283=ORIENTED_EDGE('',*,*,#3280,.T.);
#5284=ORIENTED_EDGE('',*,*,#3295,.T.);
#5285=ORIENTED_EDGE('',*,*,#3274,.T.);
#5286=ORIENTED_EDGE('',*,*,#3372,.T.);
#5287=ORIENTED_EDGE('',*,*,#3291,.T.);
#5288=ORIENTED_EDGE('',*,*,#3311,.T.);
#5289=ORIENTED_EDGE('',*,*,#3370,.T.);
#5290=ORIENTED_EDGE('',*,*,#3353,.T.);
#5291=ORIENTED_EDGE('',*,*,#3306,.T.);
#5292=ORIENTED_EDGE('',*,*,#3303,.T.);
#5293=ORIENTED_EDGE('',*,*,#3297,.T.);
#5294=ORIENTED_EDGE('',*,*,#3374,.T.);
#5295=ORIENTED_EDGE('',*,*,#3432,.T.);
#5296=ORIENTED_EDGE('',*,*,#3435,.T.);
#5297=ORIENTED_EDGE('',*,*,#3438,.T.);
#5298=ORIENTED_EDGE('',*,*,#3834,.F.);
#5299=ORIENTED_EDGE('',*,*,#3844,.T.);
#5300=ORIENTED_EDGE('',*,*,#3845,.F.);
#5301=ORIENTED_EDGE('',*,*,#3846,.T.);
#5302=ORIENTED_EDGE('',*,*,#3847,.F.);
#5303=ORIENTED_EDGE('',*,*,#3821,.T.);
#5304=ORIENTED_EDGE('',*,*,#3824,.F.);
#5305=ORIENTED_EDGE('',*,*,#3826,.T.);
#5306=ORIENTED_EDGE('',*,*,#3828,.F.);
#5307=ORIENTED_EDGE('',*,*,#3830,.T.);
#5308=ORIENTED_EDGE('',*,*,#3832,.F.);
#5309=ORIENTED_EDGE('',*,*,#3836,.T.);
#5310=ORIENTED_EDGE('',*,*,#3819,.F.);
#5311=ORIENTED_EDGE('',*,*,#3822,.T.);
#5312=ORIENTED_EDGE('',*,*,#3847,.T.);
#5313=ORIENTED_EDGE('',*,*,#3848,.T.);
#5314=ORIENTED_EDGE('',*,*,#3816,.F.);
#5315=ORIENTED_EDGE('',*,*,#3848,.F.);
#5316=ORIENTED_EDGE('',*,*,#3846,.F.);
#5317=ORIENTED_EDGE('',*,*,#3849,.F.);
#5318=ORIENTED_EDGE('',*,*,#3812,.F.);
#5319=ORIENTED_EDGE('',*,*,#3849,.T.);
#5320=ORIENTED_EDGE('',*,*,#3845,.T.);
#5321=ORIENTED_EDGE('',*,*,#3850,.T.);
#5322=ORIENTED_EDGE('',*,*,#3808,.F.);
#5323=ORIENTED_EDGE('',*,*,#3850,.F.);
#5324=ORIENTED_EDGE('',*,*,#3844,.F.);
#5325=ORIENTED_EDGE('',*,*,#3833,.F.);
#5326=ORIENTED_EDGE('',*,*,#3839,.T.);
#5327=ORIENTED_EDGE('',*,*,#3851,.T.);
#5328=ORIENTED_EDGE('',*,*,#3852,.T.);
#5329=ORIENTED_EDGE('',*,*,#3853,.T.);
#5330=ORIENTED_EDGE('',*,*,#3854,.T.);
#5331=ORIENTED_EDGE('',*,*,#3855,.T.);
#5332=ORIENTED_EDGE('',*,*,#3852,.F.);
#5333=ORIENTED_EDGE('',*,*,#3856,.T.);
#5334=ORIENTED_EDGE('',*,*,#3857,.T.);
#5335=ORIENTED_EDGE('',*,*,#3781,.T.);
#5336=ORIENTED_EDGE('',*,*,#3854,.F.);
#5337=ORIENTED_EDGE('',*,*,#3858,.T.);
#5338=ORIENTED_EDGE('',*,*,#3859,.T.);
#5339=ORIENTED_EDGE('',*,*,#3860,.T.);
#5340=ORIENTED_EDGE('',*,*,#3857,.F.);
#5341=ORIENTED_EDGE('',*,*,#3861,.T.);
#5342=ORIENTED_EDGE('',*,*,#3837,.T.);
#5343=ORIENTED_EDGE('',*,*,#3862,.T.);
#5344=ORIENTED_EDGE('',*,*,#3859,.F.);
#5345=ORIENTED_EDGE('',*,*,#3863,.T.);
#5346=ORIENTED_EDGE('',*,*,#3863,.F.);
#5347=ORIENTED_EDGE('',*,*,#3861,.F.);
#5348=ORIENTED_EDGE('',*,*,#3858,.F.);
#5349=ORIENTED_EDGE('',*,*,#3856,.F.);
#5350=ORIENTED_EDGE('',*,*,#3851,.F.);
#5351=ORIENTED_EDGE('',*,*,#3838,.F.);
#5352=ORIENTED_EDGE('',*,*,#3864,.F.);
#5353=ORIENTED_EDGE('',*,*,#3865,.F.);
#5354=ORIENTED_EDGE('',*,*,#3783,.F.);
#5355=ORIENTED_EDGE('',*,*,#3866,.T.);
#5356=ORIENTED_EDGE('',*,*,#3867,.F.);
#5357=ORIENTED_EDGE('',*,*,#3866,.F.);
#5358=ORIENTED_EDGE('',*,*,#3786,.F.);
#5359=ORIENTED_EDGE('',*,*,#3868,.T.);
#5360=ORIENTED_EDGE('',*,*,#3869,.F.);
#5361=ORIENTED_EDGE('',*,*,#3868,.F.);
#5362=ORIENTED_EDGE('',*,*,#3785,.F.);
#5363=ORIENTED_EDGE('',*,*,#3870,.T.);
#5364=ORIENTED_EDGE('',*,*,#3871,.F.);
#5365=ORIENTED_EDGE('',*,*,#3870,.F.);
#5366=ORIENTED_EDGE('',*,*,#3784,.F.);
#5367=ORIENTED_EDGE('',*,*,#3865,.T.);
#5368=ORIENTED_EDGE('',*,*,#3864,.T.);
#5369=ORIENTED_EDGE('',*,*,#3867,.T.);
#5370=ORIENTED_EDGE('',*,*,#3869,.T.);
#5371=ORIENTED_EDGE('',*,*,#3871,.T.);
#5372=ORIENTED_EDGE('',*,*,#3792,.T.);
#5373=ORIENTED_EDGE('',*,*,#3794,.T.);
#5374=ORIENTED_EDGE('',*,*,#3855,.F.);
#5375=ORIENTED_EDGE('',*,*,#3780,.F.);
#5376=ORIENTED_EDGE('',*,*,#3791,.F.);
#5377=ORIENTED_EDGE('',*,*,#3872,.T.);
#5378=ORIENTED_EDGE('',*,*,#3860,.F.);
#5379=ORIENTED_EDGE('',*,*,#3873,.F.);
#5380=ORIENTED_EDGE('',*,*,#3775,.F.);
#5381=ORIENTED_EDGE('',*,*,#3782,.T.);
#5382=ORIENTED_EDGE('',*,*,#3789,.F.);
#5383=ORIENTED_EDGE('',*,*,#3874,.F.);
#5384=ORIENTED_EDGE('',*,*,#3840,.F.);
#5385=ORIENTED_EDGE('',*,*,#3853,.F.);
#5386=ORIENTED_EDGE('',*,*,#3872,.F.);
#5387=ORIENTED_EDGE('',*,*,#3790,.T.);
#5388=ORIENTED_EDGE('',*,*,#3875,.F.);
#5389=ORIENTED_EDGE('',*,*,#3876,.T.);
#5390=ORIENTED_EDGE('',*,*,#3250,.T.);
#5391=ORIENTED_EDGE('',*,*,#3251,.T.);
#5392=ORIENTED_EDGE('',*,*,#3876,.F.);
#5393=ORIENTED_EDGE('',*,*,#3877,.T.);
#5394=ORIENTED_EDGE('',*,*,#3878,.T.);
#5395=ORIENTED_EDGE('',*,*,#3879,.T.);
#5396=ORIENTED_EDGE('',*,*,#3880,.T.);
#5397=ORIENTED_EDGE('',*,*,#3878,.F.);
#5398=ORIENTED_EDGE('',*,*,#3879,.F.);
#5399=ORIENTED_EDGE('',*,*,#3880,.F.);
#5400=ORIENTED_EDGE('',*,*,#3881,.T.);
#5401=ORIENTED_EDGE('',*,*,#3882,.T.);
#5402=ORIENTED_EDGE('',*,*,#3883,.T.);
#5403=ORIENTED_EDGE('',*,*,#3881,.F.);
#5404=ORIENTED_EDGE('',*,*,#3877,.F.);
#5405=ORIENTED_EDGE('',*,*,#3875,.T.);
#5406=ORIENTED_EDGE('',*,*,#3884,.T.);
#5407=ORIENTED_EDGE('',*,*,#3885,.T.);
#5408=ORIENTED_EDGE('',*,*,#3886,.T.);
#5409=ORIENTED_EDGE('',*,*,#3885,.F.);
#5410=ORIENTED_EDGE('',*,*,#3887,.F.);
#5411=ORIENTED_EDGE('',*,*,#3884,.F.);
#5412=ORIENTED_EDGE('',*,*,#3888,.F.);
#5413=ORIENTED_EDGE('',*,*,#3889,.F.);
#5414=ORIENTED_EDGE('',*,*,#3890,.T.);
#5415=ORIENTED_EDGE('',*,*,#3886,.F.);
#5416=ORIENTED_EDGE('',*,*,#3890,.F.);
#5417=ORIENTED_EDGE('',*,*,#3891,.T.);
#5418=ORIENTED_EDGE('',*,*,#3892,.T.);
#5419=ORIENTED_EDGE('',*,*,#3887,.T.);
#5420=ORIENTED_EDGE('',*,*,#3892,.F.);
#5421=ORIENTED_EDGE('',*,*,#3893,.T.);
#5422=ORIENTED_EDGE('',*,*,#3891,.F.);
#5423=ORIENTED_EDGE('',*,*,#3894,.T.);
#5424=ORIENTED_EDGE('',*,*,#3895,.F.);
#5425=ORIENTED_EDGE('',*,*,#3896,.F.);
#5426=ORIENTED_EDGE('',*,*,#3894,.F.);
#5427=ORIENTED_EDGE('',*,*,#3893,.F.);
#5428=ORIENTED_EDGE('',*,*,#3883,.F.);
#5429=ORIENTED_EDGE('',*,*,#3897,.T.);
#5430=ORIENTED_EDGE('',*,*,#3888,.T.);
#5431=ORIENTED_EDGE('',*,*,#3889,.T.);
#5432=ORIENTED_EDGE('',*,*,#3897,.F.);
#5433=ORIENTED_EDGE('',*,*,#3882,.F.);
#5434=ORIENTED_EDGE('',*,*,#3770,.F.);
#5435=ORIENTED_EDGE('',*,*,#3898,.T.);
#5436=ORIENTED_EDGE('',*,*,#3842,.F.);
#5437=ORIENTED_EDGE('',*,*,#3895,.T.);
#5438=ORIENTED_EDGE('',*,*,#3896,.T.);
#5439=ORIENTED_EDGE('',*,*,#3841,.F.);
#5440=ORIENTED_EDGE('',*,*,#3874,.T.);
#5441=ORIENTED_EDGE('',*,*,#3788,.F.);
#5442=ORIENTED_EDGE('',*,*,#3777,.F.);
#5443=ORIENTED_EDGE('',*,*,#3773,.F.);
#5444=ORIENTED_EDGE('',*,*,#3776,.T.);
#5445=ORIENTED_EDGE('',*,*,#3873,.T.);
#5446=ORIENTED_EDGE('',*,*,#3862,.F.);
#5447=ORIENTED_EDGE('',*,*,#3843,.F.);
#5448=ORIENTED_EDGE('',*,*,#3898,.F.);
#5449=ORIENTED_EDGE('',*,*,#3899,.F.);
#5450=ORIENTED_EDGE('',*,*,#3900,.T.);
#5451=ORIENTED_EDGE('',*,*,#3901,.F.);
#5452=ORIENTED_EDGE('',*,*,#3900,.F.);
#5453=ORIENTED_EDGE('',*,*,#3902,.T.);
#5454=ORIENTED_EDGE('',*,*,#3903,.T.);
#5455=ORIENTED_EDGE('',*,*,#3899,.T.);
#5456=ORIENTED_EDGE('',*,*,#3903,.F.);
#5457=ORIENTED_EDGE('',*,*,#3901,.T.);
#5458=ORIENTED_EDGE('',*,*,#3902,.F.);
#5459=ORIENTED_EDGE('',*,*,#3904,.F.);
#5460=ORIENTED_EDGE('',*,*,#3905,.T.);
#5461=ORIENTED_EDGE('',*,*,#3906,.T.);
#5462=ORIENTED_EDGE('',*,*,#3907,.T.);
#5463=ORIENTED_EDGE('',*,*,#3908,.T.);
#5464=ORIENTED_EDGE('',*,*,#3909,.T.);
#5465=ORIENTED_EDGE('',*,*,#3910,.T.);
#5466=ORIENTED_EDGE('',*,*,#3904,.T.);
#5467=ORIENTED_EDGE('',*,*,#3911,.T.);
#5468=ORIENTED_EDGE('',*,*,#3912,.F.);
#5469=ORIENTED_EDGE('',*,*,#3913,.T.);
#5470=ORIENTED_EDGE('',*,*,#3914,.F.);
#5471=ORIENTED_EDGE('',*,*,#3912,.T.);
#5472=ORIENTED_EDGE('',*,*,#3915,.T.);
#5473=ORIENTED_EDGE('',*,*,#3916,.F.);
#5474=ORIENTED_EDGE('',*,*,#3917,.T.);
#5475=ORIENTED_EDGE('',*,*,#3918,.F.);
#5476=ORIENTED_EDGE('',*,*,#3919,.T.);
#5477=ORIENTED_EDGE('',*,*,#3920,.T.);
#5478=ORIENTED_EDGE('',*,*,#3921,.F.);
#5479=ORIENTED_EDGE('',*,*,#3908,.F.);
#5480=ORIENTED_EDGE('',*,*,#3922,.F.);
#5481=ORIENTED_EDGE('',*,*,#3916,.T.);
#5482=ORIENTED_EDGE('',*,*,#3923,.T.);
#5483=ORIENTED_EDGE('',*,*,#3923,.F.);
#5484=ORIENTED_EDGE('',*,*,#3915,.F.);
#5485=ORIENTED_EDGE('',*,*,#3911,.F.);
#5486=ORIENTED_EDGE('',*,*,#3909,.F.);
#5487=ORIENTED_EDGE('',*,*,#3924,.F.);
#5488=ORIENTED_EDGE('',*,*,#3917,.F.);
#5489=ORIENTED_EDGE('',*,*,#3922,.T.);
#5490=ORIENTED_EDGE('',*,*,#3907,.F.);
#5491=ORIENTED_EDGE('',*,*,#3925,.F.);
#5492=ORIENTED_EDGE('',*,*,#3913,.F.);
#5493=ORIENTED_EDGE('',*,*,#3924,.T.);
#5494=ORIENTED_EDGE('',*,*,#3906,.F.);
#5495=ORIENTED_EDGE('',*,*,#3925,.T.);
#5496=ORIENTED_EDGE('',*,*,#3926,.T.);
#5497=ORIENTED_EDGE('',*,*,#3921,.T.);
#5498=ORIENTED_EDGE('',*,*,#3927,.T.);
#5499=ORIENTED_EDGE('',*,*,#3928,.F.);
#5500=ORIENTED_EDGE('',*,*,#3910,.F.);
#5501=ORIENTED_EDGE('',*,*,#3929,.F.);
#5502=ORIENTED_EDGE('',*,*,#3919,.F.);
#5503=ORIENTED_EDGE('',*,*,#3920,.F.);
#5504=ORIENTED_EDGE('',*,*,#3929,.T.);
#5505=ORIENTED_EDGE('',*,*,#3914,.T.);
#5506=ORIENTED_EDGE('',*,*,#3927,.F.);
#5507=ORIENTED_EDGE('',*,*,#3905,.F.);
#5508=ORIENTED_EDGE('',*,*,#3928,.T.);
#5509=ORIENTED_EDGE('',*,*,#3918,.T.);
#5510=ORIENTED_EDGE('',*,*,#3926,.F.);
#5511=ORIENTED_EDGE('',*,*,#3930,.F.);
#5512=ORIENTED_EDGE('',*,*,#3931,.T.);
#5513=ORIENTED_EDGE('',*,*,#3932,.T.);
#5514=ORIENTED_EDGE('',*,*,#3933,.T.);
#5515=ORIENTED_EDGE('',*,*,#3934,.T.);
#5516=ORIENTED_EDGE('',*,*,#3935,.T.);
#5517=ORIENTED_EDGE('',*,*,#3936,.T.);
#5518=ORIENTED_EDGE('',*,*,#3930,.T.);
#5519=ORIENTED_EDGE('',*,*,#3937,.T.);
#5520=ORIENTED_EDGE('',*,*,#3938,.F.);
#5521=ORIENTED_EDGE('',*,*,#3939,.T.);
#5522=ORIENTED_EDGE('',*,*,#3940,.F.);
#5523=ORIENTED_EDGE('',*,*,#3938,.T.);
#5524=ORIENTED_EDGE('',*,*,#3941,.T.);
#5525=ORIENTED_EDGE('',*,*,#3942,.F.);
#5526=ORIENTED_EDGE('',*,*,#3943,.T.);
#5527=ORIENTED_EDGE('',*,*,#3944,.F.);
#5528=ORIENTED_EDGE('',*,*,#3945,.T.);
#5529=ORIENTED_EDGE('',*,*,#3946,.T.);
#5530=ORIENTED_EDGE('',*,*,#3947,.F.);
#5531=ORIENTED_EDGE('',*,*,#3934,.F.);
#5532=ORIENTED_EDGE('',*,*,#3948,.F.);
#5533=ORIENTED_EDGE('',*,*,#3942,.T.);
#5534=ORIENTED_EDGE('',*,*,#3949,.T.);
#5535=ORIENTED_EDGE('',*,*,#3949,.F.);
#5536=ORIENTED_EDGE('',*,*,#3941,.F.);
#5537=ORIENTED_EDGE('',*,*,#3937,.F.);
#5538=ORIENTED_EDGE('',*,*,#3935,.F.);
#5539=ORIENTED_EDGE('',*,*,#3950,.F.);
#5540=ORIENTED_EDGE('',*,*,#3943,.F.);
#5541=ORIENTED_EDGE('',*,*,#3948,.T.);
#5542=ORIENTED_EDGE('',*,*,#3933,.F.);
#5543=ORIENTED_EDGE('',*,*,#3951,.F.);
#5544=ORIENTED_EDGE('',*,*,#3939,.F.);
#5545=ORIENTED_EDGE('',*,*,#3950,.T.);
#5546=ORIENTED_EDGE('',*,*,#3932,.F.);
#5547=ORIENTED_EDGE('',*,*,#3951,.T.);
#5548=ORIENTED_EDGE('',*,*,#3952,.T.);
#5549=ORIENTED_EDGE('',*,*,#3947,.T.);
#5550=ORIENTED_EDGE('',*,*,#3953,.T.);
#5551=ORIENTED_EDGE('',*,*,#3954,.F.);
#5552=ORIENTED_EDGE('',*,*,#3936,.F.);
#5553=ORIENTED_EDGE('',*,*,#3955,.F.);
#5554=ORIENTED_EDGE('',*,*,#3945,.F.);
#5555=ORIENTED_EDGE('',*,*,#3946,.F.);
#5556=ORIENTED_EDGE('',*,*,#3955,.T.);
#5557=ORIENTED_EDGE('',*,*,#3940,.T.);
#5558=ORIENTED_EDGE('',*,*,#3953,.F.);
#5559=ORIENTED_EDGE('',*,*,#3931,.F.);
#5560=ORIENTED_EDGE('',*,*,#3954,.T.);
#5561=ORIENTED_EDGE('',*,*,#3944,.T.);
#5562=ORIENTED_EDGE('',*,*,#3952,.F.);
#5563=ORIENTED_EDGE('',*,*,#3956,.F.);
#5564=ORIENTED_EDGE('',*,*,#3957,.T.);
#5565=ORIENTED_EDGE('',*,*,#3958,.T.);
#5566=ORIENTED_EDGE('',*,*,#3959,.T.);
#5567=ORIENTED_EDGE('',*,*,#3960,.F.);
#5568=ORIENTED_EDGE('',*,*,#3961,.F.);
#5569=ORIENTED_EDGE('',*,*,#3962,.T.);
#5570=ORIENTED_EDGE('',*,*,#3960,.T.);
#5571=ORIENTED_EDGE('',*,*,#3963,.T.);
#5572=ORIENTED_EDGE('',*,*,#3964,.F.);
#5573=ORIENTED_EDGE('',*,*,#3965,.F.);
#5574=ORIENTED_EDGE('',*,*,#3966,.F.);
#5575=ORIENTED_EDGE('',*,*,#3967,.F.);
#5576=ORIENTED_EDGE('',*,*,#3968,.F.);
#5577=ORIENTED_EDGE('',*,*,#3964,.T.);
#5578=ORIENTED_EDGE('',*,*,#3969,.T.);
#5579=ORIENTED_EDGE('',*,*,#3970,.F.);
#5580=ORIENTED_EDGE('',*,*,#3971,.T.);
#5581=ORIENTED_EDGE('',*,*,#3972,.T.);
#5582=ORIENTED_EDGE('',*,*,#3973,.F.);
#5583=ORIENTED_EDGE('',*,*,#3958,.F.);
#5584=ORIENTED_EDGE('',*,*,#3974,.F.);
#5585=ORIENTED_EDGE('',*,*,#3965,.T.);
#5586=ORIENTED_EDGE('',*,*,#3975,.T.);
#5587=ORIENTED_EDGE('',*,*,#3975,.F.);
#5588=ORIENTED_EDGE('',*,*,#3969,.F.);
#5589=ORIENTED_EDGE('',*,*,#3963,.F.);
#5590=ORIENTED_EDGE('',*,*,#3959,.F.);
#5591=ORIENTED_EDGE('',*,*,#3961,.T.);
#5592=ORIENTED_EDGE('',*,*,#3962,.F.);
#5593=ORIENTED_EDGE('',*,*,#3968,.T.);
#5594=ORIENTED_EDGE('',*,*,#3976,.T.);
#5595=ORIENTED_EDGE('',*,*,#3956,.T.);
#5596=ORIENTED_EDGE('',*,*,#3976,.F.);
#5597=ORIENTED_EDGE('',*,*,#3967,.T.);
#5598=ORIENTED_EDGE('',*,*,#3977,.T.);
#5599=ORIENTED_EDGE('',*,*,#3978,.F.);
#5600=ORIENTED_EDGE('',*,*,#3977,.F.);
#5601=ORIENTED_EDGE('',*,*,#3979,.F.);
#5602=ORIENTED_EDGE('',*,*,#3971,.F.);
#5603=ORIENTED_EDGE('',*,*,#3974,.T.);
#5604=ORIENTED_EDGE('',*,*,#3980,.T.);
#5605=ORIENTED_EDGE('',*,*,#3973,.T.);
#5606=ORIENTED_EDGE('',*,*,#3981,.T.);
#5607=ORIENTED_EDGE('',*,*,#3979,.T.);
#5608=ORIENTED_EDGE('',*,*,#3966,.T.);
#5609=ORIENTED_EDGE('',*,*,#3981,.F.);
#5610=ORIENTED_EDGE('',*,*,#3972,.F.);
#5611=ORIENTED_EDGE('',*,*,#3978,.T.);
#5612=ORIENTED_EDGE('',*,*,#3970,.T.);
#5613=ORIENTED_EDGE('',*,*,#3980,.F.);
#5614=ORIENTED_EDGE('',*,*,#3957,.F.);
#5615=ORIENTED_EDGE('',*,*,#3982,.F.);
#5616=ORIENTED_EDGE('',*,*,#3983,.T.);
#5617=ORIENTED_EDGE('',*,*,#3984,.T.);
#5618=ORIENTED_EDGE('',*,*,#3985,.T.);
#5619=ORIENTED_EDGE('',*,*,#3986,.F.);
#5620=ORIENTED_EDGE('',*,*,#3987,.F.);
#5621=ORIENTED_EDGE('',*,*,#3988,.T.);
#5622=ORIENTED_EDGE('',*,*,#3986,.T.);
#5623=ORIENTED_EDGE('',*,*,#3989,.T.);
#5624=ORIENTED_EDGE('',*,*,#3990,.F.);
#5625=ORIENTED_EDGE('',*,*,#3991,.F.);
#5626=ORIENTED_EDGE('',*,*,#3992,.F.);
#5627=ORIENTED_EDGE('',*,*,#3993,.F.);
#5628=ORIENTED_EDGE('',*,*,#3994,.F.);
#5629=ORIENTED_EDGE('',*,*,#3990,.T.);
#5630=ORIENTED_EDGE('',*,*,#3995,.T.);
#5631=ORIENTED_EDGE('',*,*,#3996,.F.);
#5632=ORIENTED_EDGE('',*,*,#3997,.T.);
#5633=ORIENTED_EDGE('',*,*,#3998,.T.);
#5634=ORIENTED_EDGE('',*,*,#3999,.F.);
#5635=ORIENTED_EDGE('',*,*,#3984,.F.);
#5636=ORIENTED_EDGE('',*,*,#4000,.F.);
#5637=ORIENTED_EDGE('',*,*,#3991,.T.);
#5638=ORIENTED_EDGE('',*,*,#4001,.T.);
#5639=ORIENTED_EDGE('',*,*,#4001,.F.);
#5640=ORIENTED_EDGE('',*,*,#3995,.F.);
#5641=ORIENTED_EDGE('',*,*,#3989,.F.);
#5642=ORIENTED_EDGE('',*,*,#3985,.F.);
#5643=ORIENTED_EDGE('',*,*,#3987,.T.);
#5644=ORIENTED_EDGE('',*,*,#3988,.F.);
#5645=ORIENTED_EDGE('',*,*,#3994,.T.);
#5646=ORIENTED_EDGE('',*,*,#4002,.T.);
#5647=ORIENTED_EDGE('',*,*,#3982,.T.);
#5648=ORIENTED_EDGE('',*,*,#4002,.F.);
#5649=ORIENTED_EDGE('',*,*,#3993,.T.);
#5650=ORIENTED_EDGE('',*,*,#4003,.T.);
#5651=ORIENTED_EDGE('',*,*,#4004,.F.);
#5652=ORIENTED_EDGE('',*,*,#4003,.F.);
#5653=ORIENTED_EDGE('',*,*,#4005,.F.);
#5654=ORIENTED_EDGE('',*,*,#3997,.F.);
#5655=ORIENTED_EDGE('',*,*,#4000,.T.);
#5656=ORIENTED_EDGE('',*,*,#4006,.T.);
#5657=ORIENTED_EDGE('',*,*,#3999,.T.);
#5658=ORIENTED_EDGE('',*,*,#4007,.T.);
#5659=ORIENTED_EDGE('',*,*,#4005,.T.);
#5660=ORIENTED_EDGE('',*,*,#3992,.T.);
#5661=ORIENTED_EDGE('',*,*,#4007,.F.);
#5662=ORIENTED_EDGE('',*,*,#3998,.F.);
#5663=ORIENTED_EDGE('',*,*,#4004,.T.);
#5664=ORIENTED_EDGE('',*,*,#3996,.T.);
#5665=ORIENTED_EDGE('',*,*,#4006,.F.);
#5666=ORIENTED_EDGE('',*,*,#3983,.F.);
#5667=ORIENTED_EDGE('',*,*,#4008,.F.);
#5668=ORIENTED_EDGE('',*,*,#4009,.T.);
#5669=ORIENTED_EDGE('',*,*,#4010,.T.);
#5670=ORIENTED_EDGE('',*,*,#4009,.F.);
#5671=ORIENTED_EDGE('',*,*,#4011,.F.);
#5672=ORIENTED_EDGE('',*,*,#4012,.T.);
#5673=ORIENTED_EDGE('',*,*,#4013,.T.);
#5674=ORIENTED_EDGE('',*,*,#4012,.F.);
#5675=ORIENTED_EDGE('',*,*,#4014,.F.);
#5676=ORIENTED_EDGE('',*,*,#4015,.T.);
#5677=ORIENTED_EDGE('',*,*,#4016,.T.);
#5678=ORIENTED_EDGE('',*,*,#4015,.F.);
#5679=ORIENTED_EDGE('',*,*,#4017,.F.);
#5680=ORIENTED_EDGE('',*,*,#4018,.F.);
#5681=ORIENTED_EDGE('',*,*,#4019,.T.);
#5682=ORIENTED_EDGE('',*,*,#4020,.F.);
#5683=ORIENTED_EDGE('',*,*,#4019,.F.);
#5684=ORIENTED_EDGE('',*,*,#4021,.F.);
#5685=ORIENTED_EDGE('',*,*,#4022,.T.);
#5686=ORIENTED_EDGE('',*,*,#4023,.F.);
#5687=ORIENTED_EDGE('',*,*,#4024,.F.);
#5688=ORIENTED_EDGE('',*,*,#4022,.F.);
#5689=ORIENTED_EDGE('',*,*,#4025,.F.);
#5690=ORIENTED_EDGE('',*,*,#4026,.T.);
#5691=ORIENTED_EDGE('',*,*,#4027,.F.);
#5692=ORIENTED_EDGE('',*,*,#4028,.F.);
#5693=ORIENTED_EDGE('',*,*,#4017,.T.);
#5694=ORIENTED_EDGE('',*,*,#4018,.T.);
#5695=ORIENTED_EDGE('',*,*,#4029,.T.);
#5696=ORIENTED_EDGE('',*,*,#4030,.F.);
#5697=ORIENTED_EDGE('',*,*,#4029,.F.);
#5698=ORIENTED_EDGE('',*,*,#4025,.T.);
#5699=ORIENTED_EDGE('',*,*,#4031,.T.);
#5700=ORIENTED_EDGE('',*,*,#4032,.T.);
#5701=ORIENTED_EDGE('',*,*,#4033,.F.);
#5702=ORIENTED_EDGE('',*,*,#4034,.T.);
#5703=ORIENTED_EDGE('',*,*,#4035,.T.);
#5704=ORIENTED_EDGE('',*,*,#4023,.T.);
#5705=ORIENTED_EDGE('',*,*,#4024,.T.);
#5706=ORIENTED_EDGE('',*,*,#4035,.F.);
#5707=ORIENTED_EDGE('',*,*,#4036,.T.);
#5708=ORIENTED_EDGE('',*,*,#4037,.T.);
#5709=ORIENTED_EDGE('',*,*,#4038,.F.);
#5710=ORIENTED_EDGE('',*,*,#4037,.F.);
#5711=ORIENTED_EDGE('',*,*,#4030,.T.);
#5712=ORIENTED_EDGE('',*,*,#4034,.F.);
#5713=ORIENTED_EDGE('',*,*,#4021,.T.);
#5714=ORIENTED_EDGE('',*,*,#4036,.F.);
#5715=ORIENTED_EDGE('',*,*,#4038,.T.);
#5716=ORIENTED_EDGE('',*,*,#4039,.F.);
#5717=ORIENTED_EDGE('',*,*,#4040,.T.);
#5718=ORIENTED_EDGE('',*,*,#4033,.T.);
#5719=ORIENTED_EDGE('',*,*,#4041,.T.);
#5720=ORIENTED_EDGE('',*,*,#4031,.F.);
#5721=ORIENTED_EDGE('',*,*,#4042,.T.);
#5722=ORIENTED_EDGE('',*,*,#4043,.T.);
#5723=ORIENTED_EDGE('',*,*,#4044,.T.);
#5724=ORIENTED_EDGE('',*,*,#4045,.T.);
#5725=ORIENTED_EDGE('',*,*,#4046,.T.);
#5726=ORIENTED_EDGE('',*,*,#4047,.T.);
#5727=ORIENTED_EDGE('',*,*,#4027,.T.);
#5728=ORIENTED_EDGE('',*,*,#4020,.T.);
#5729=ORIENTED_EDGE('',*,*,#4048,.T.);
#5730=ORIENTED_EDGE('',*,*,#4049,.T.);
#5731=ORIENTED_EDGE('',*,*,#4050,.T.);
#5732=ORIENTED_EDGE('',*,*,#4051,.T.);
#5733=ORIENTED_EDGE('',*,*,#4052,.T.);
#5734=ORIENTED_EDGE('',*,*,#4053,.T.);
#5735=ORIENTED_EDGE('',*,*,#4054,.F.);
#5736=ORIENTED_EDGE('',*,*,#4051,.F.);
#5737=ORIENTED_EDGE('',*,*,#4055,.T.);
#5738=ORIENTED_EDGE('',*,*,#4056,.T.);
#5739=ORIENTED_EDGE('',*,*,#4057,.T.);
#5740=ORIENTED_EDGE('',*,*,#4058,.T.);
#5741=ORIENTED_EDGE('',*,*,#4059,.T.);
#5742=ORIENTED_EDGE('',*,*,#4060,.T.);
#5743=ORIENTED_EDGE('',*,*,#4061,.F.);
#5744=ORIENTED_EDGE('',*,*,#4058,.F.);
#5745=ORIENTED_EDGE('',*,*,#4062,.T.);
#5746=ORIENTED_EDGE('',*,*,#4063,.F.);
#5747=ORIENTED_EDGE('',*,*,#4064,.F.);
#5748=ORIENTED_EDGE('',*,*,#4065,.F.);
#5749=ORIENTED_EDGE('',*,*,#4066,.T.);
#5750=ORIENTED_EDGE('',*,*,#4053,.F.);
#5751=ORIENTED_EDGE('',*,*,#4062,.F.);
#5752=ORIENTED_EDGE('',*,*,#4067,.F.);
#5753=ORIENTED_EDGE('',*,*,#4064,.T.);
#5754=ORIENTED_EDGE('',*,*,#4060,.F.);
#5755=ORIENTED_EDGE('',*,*,#4068,.F.);
#5756=ORIENTED_EDGE('',*,*,#4069,.F.);
#5757=ORIENTED_EDGE('',*,*,#4050,.F.);
#5758=ORIENTED_EDGE('',*,*,#4070,.T.);
#5759=ORIENTED_EDGE('',*,*,#4071,.T.);
#5760=ORIENTED_EDGE('',*,*,#4072,.T.);
#5761=ORIENTED_EDGE('',*,*,#4055,.F.);
#5762=ORIENTED_EDGE('',*,*,#4061,.T.);
#5763=ORIENTED_EDGE('',*,*,#4063,.T.);
#5764=ORIENTED_EDGE('',*,*,#4052,.F.);
#5765=ORIENTED_EDGE('',*,*,#4073,.F.);
#5766=ORIENTED_EDGE('',*,*,#4074,.F.);
#5767=ORIENTED_EDGE('',*,*,#4066,.F.);
#5768=ORIENTED_EDGE('',*,*,#4075,.F.);
#5769=ORIENTED_EDGE('',*,*,#4076,.F.);
#5770=ORIENTED_EDGE('',*,*,#4077,.T.);
#5771=ORIENTED_EDGE('',*,*,#4048,.F.);
#5772=ORIENTED_EDGE('',*,*,#4054,.T.);
#5773=ORIENTED_EDGE('',*,*,#4074,.T.);
#5774=ORIENTED_EDGE('',*,*,#4078,.T.);
#5775=ORIENTED_EDGE('',*,*,#4057,.F.);
#5776=ORIENTED_EDGE('',*,*,#4079,.T.);
#5777=ORIENTED_EDGE('',*,*,#4080,.T.);
#5778=ORIENTED_EDGE('',*,*,#4081,.T.);
#5779=ORIENTED_EDGE('',*,*,#4082,.T.);
#5780=ORIENTED_EDGE('',*,*,#4059,.F.);
#5781=ORIENTED_EDGE('',*,*,#4068,.T.);
#5782=ORIENTED_EDGE('',*,*,#4082,.F.);
#5783=ORIENTED_EDGE('',*,*,#4083,.F.);
#5784=ORIENTED_EDGE('',*,*,#4084,.F.);
#5785=ORIENTED_EDGE('',*,*,#4069,.T.);
#5786=ORIENTED_EDGE('',*,*,#4084,.T.);
#5787=ORIENTED_EDGE('',*,*,#4085,.T.);
#5788=ORIENTED_EDGE('',*,*,#4075,.T.);
#5789=ORIENTED_EDGE('',*,*,#4067,.T.);
#5790=ORIENTED_EDGE('',*,*,#4065,.T.);
#5791=ORIENTED_EDGE('',*,*,#4043,.F.);
#5792=ORIENTED_EDGE('',*,*,#4086,.T.);
#5793=ORIENTED_EDGE('',*,*,#4039,.T.);
#5794=ORIENTED_EDGE('',*,*,#4087,.F.);
#5795=ORIENTED_EDGE('',*,*,#4078,.F.);
#5796=ORIENTED_EDGE('',*,*,#4073,.T.);
#5797=ORIENTED_EDGE('',*,*,#4085,.F.);
#5798=ORIENTED_EDGE('',*,*,#4083,.T.);
#5799=ORIENTED_EDGE('',*,*,#4081,.F.);
#5800=ORIENTED_EDGE('',*,*,#4088,.F.);
#5801=ORIENTED_EDGE('',*,*,#4089,.F.);
#5802=ORIENTED_EDGE('',*,*,#4090,.F.);
#5803=ORIENTED_EDGE('',*,*,#4091,.F.);
#5804=ORIENTED_EDGE('',*,*,#4092,.F.);
#5805=ORIENTED_EDGE('',*,*,#4093,.F.);
#5806=ORIENTED_EDGE('',*,*,#4094,.F.);
#5807=ORIENTED_EDGE('',*,*,#4095,.F.);
#5808=ORIENTED_EDGE('',*,*,#4096,.F.);
#5809=ORIENTED_EDGE('',*,*,#4097,.F.);
#5810=ORIENTED_EDGE('',*,*,#4098,.F.);
#5811=ORIENTED_EDGE('',*,*,#4099,.F.);
#5812=ORIENTED_EDGE('',*,*,#4100,.F.);
#5813=ORIENTED_EDGE('',*,*,#4101,.F.);
#5814=ORIENTED_EDGE('',*,*,#4102,.F.);
#5815=ORIENTED_EDGE('',*,*,#4103,.F.);
#5816=ORIENTED_EDGE('',*,*,#4104,.F.);
#5817=ORIENTED_EDGE('',*,*,#4010,.F.);
#5818=ORIENTED_EDGE('',*,*,#4013,.F.);
#5819=ORIENTED_EDGE('',*,*,#4016,.F.);
#5820=ORIENTED_EDGE('',*,*,#4071,.F.);
#5821=ORIENTED_EDGE('',*,*,#4105,.T.);
#5822=ORIENTED_EDGE('',*,*,#4076,.T.);
#5823=ORIENTED_EDGE('',*,*,#4087,.T.);
#5824=ORIENTED_EDGE('',*,*,#4041,.F.);
#5825=ORIENTED_EDGE('',*,*,#4032,.F.);
#5826=ORIENTED_EDGE('',*,*,#4044,.F.);
#5827=ORIENTED_EDGE('',*,*,#4088,.T.);
#5828=ORIENTED_EDGE('',*,*,#4080,.F.);
#5829=ORIENTED_EDGE('',*,*,#4106,.T.);
#5830=ORIENTED_EDGE('',*,*,#4026,.F.);
#5831=ORIENTED_EDGE('',*,*,#4040,.F.);
#5832=ORIENTED_EDGE('',*,*,#4107,.F.);
#5833=ORIENTED_EDGE('',*,*,#4045,.F.);
#5834=ORIENTED_EDGE('',*,*,#4107,.T.);
#5835=ORIENTED_EDGE('',*,*,#4086,.F.);
#5836=ORIENTED_EDGE('',*,*,#4108,.F.);
#5837=ORIENTED_EDGE('',*,*,#4046,.F.);
#5838=ORIENTED_EDGE('',*,*,#4108,.T.);
#5839=ORIENTED_EDGE('',*,*,#4042,.F.);
#5840=ORIENTED_EDGE('',*,*,#4028,.T.);
#5841=ORIENTED_EDGE('',*,*,#4047,.F.);
#5842=ORIENTED_EDGE('',*,*,#4049,.F.);
#5843=ORIENTED_EDGE('',*,*,#4077,.F.);
#5844=ORIENTED_EDGE('',*,*,#4105,.F.);
#5845=ORIENTED_EDGE('',*,*,#4070,.F.);
#5846=ORIENTED_EDGE('',*,*,#4106,.F.);
#5847=ORIENTED_EDGE('',*,*,#4079,.F.);
#5848=ORIENTED_EDGE('',*,*,#4056,.F.);
#5849=ORIENTED_EDGE('',*,*,#4072,.F.);
#5850=ORIENTED_EDGE('',*,*,#4014,.T.);
#5851=ORIENTED_EDGE('',*,*,#4011,.T.);
#5852=ORIENTED_EDGE('',*,*,#4008,.T.);
#5853=ORIENTED_EDGE('',*,*,#4090,.T.);
#5854=ORIENTED_EDGE('',*,*,#4109,.F.);
#5855=ORIENTED_EDGE('',*,*,#4110,.F.);
#5856=ORIENTED_EDGE('',*,*,#4111,.T.);
#5857=ORIENTED_EDGE('',*,*,#4091,.T.);
#5858=ORIENTED_EDGE('',*,*,#4111,.F.);
#5859=ORIENTED_EDGE('',*,*,#4112,.F.);
#5860=ORIENTED_EDGE('',*,*,#4113,.T.);
#5861=ORIENTED_EDGE('',*,*,#4092,.T.);
#5862=ORIENTED_EDGE('',*,*,#4113,.F.);
#5863=ORIENTED_EDGE('',*,*,#4114,.F.);
#5864=ORIENTED_EDGE('',*,*,#4115,.T.);
#5865=ORIENTED_EDGE('',*,*,#4093,.T.);
#5866=ORIENTED_EDGE('',*,*,#4115,.F.);
#5867=ORIENTED_EDGE('',*,*,#4116,.F.);
#5868=ORIENTED_EDGE('',*,*,#4117,.T.);
#5869=ORIENTED_EDGE('',*,*,#4094,.T.);
#5870=ORIENTED_EDGE('',*,*,#4117,.F.);
#5871=ORIENTED_EDGE('',*,*,#4118,.F.);
#5872=ORIENTED_EDGE('',*,*,#4119,.T.);
#5873=ORIENTED_EDGE('',*,*,#4095,.T.);
#5874=ORIENTED_EDGE('',*,*,#4119,.F.);
#5875=ORIENTED_EDGE('',*,*,#4120,.F.);
#5876=ORIENTED_EDGE('',*,*,#4121,.T.);
#5877=ORIENTED_EDGE('',*,*,#4096,.T.);
#5878=ORIENTED_EDGE('',*,*,#4121,.F.);
#5879=ORIENTED_EDGE('',*,*,#4122,.F.);
#5880=ORIENTED_EDGE('',*,*,#4123,.T.);
#5881=ORIENTED_EDGE('',*,*,#4097,.T.);
#5882=ORIENTED_EDGE('',*,*,#4123,.F.);
#5883=ORIENTED_EDGE('',*,*,#4124,.F.);
#5884=ORIENTED_EDGE('',*,*,#4125,.T.);
#5885=ORIENTED_EDGE('',*,*,#4098,.T.);
#5886=ORIENTED_EDGE('',*,*,#4125,.F.);
#5887=ORIENTED_EDGE('',*,*,#4126,.F.);
#5888=ORIENTED_EDGE('',*,*,#4127,.T.);
#5889=ORIENTED_EDGE('',*,*,#4099,.T.);
#5890=ORIENTED_EDGE('',*,*,#4127,.F.);
#5891=ORIENTED_EDGE('',*,*,#4128,.F.);
#5892=ORIENTED_EDGE('',*,*,#4129,.T.);
#5893=ORIENTED_EDGE('',*,*,#4100,.T.);
#5894=ORIENTED_EDGE('',*,*,#4129,.F.);
#5895=ORIENTED_EDGE('',*,*,#4130,.F.);
#5896=ORIENTED_EDGE('',*,*,#4131,.T.);
#5897=ORIENTED_EDGE('',*,*,#4101,.T.);
#5898=ORIENTED_EDGE('',*,*,#4131,.F.);
#5899=ORIENTED_EDGE('',*,*,#4132,.F.);
#5900=ORIENTED_EDGE('',*,*,#4133,.T.);
#5901=ORIENTED_EDGE('',*,*,#4102,.T.);
#5902=ORIENTED_EDGE('',*,*,#4133,.F.);
#5903=ORIENTED_EDGE('',*,*,#4134,.F.);
#5904=ORIENTED_EDGE('',*,*,#4135,.T.);
#5905=ORIENTED_EDGE('',*,*,#4103,.T.);
#5906=ORIENTED_EDGE('',*,*,#4135,.F.);
#5907=ORIENTED_EDGE('',*,*,#4136,.F.);
#5908=ORIENTED_EDGE('',*,*,#4137,.T.);
#5909=ORIENTED_EDGE('',*,*,#4104,.T.);
#5910=ORIENTED_EDGE('',*,*,#4137,.F.);
#5911=ORIENTED_EDGE('',*,*,#4138,.F.);
#5912=ORIENTED_EDGE('',*,*,#4139,.T.);
#5913=ORIENTED_EDGE('',*,*,#4089,.T.);
#5914=ORIENTED_EDGE('',*,*,#4139,.F.);
#5915=ORIENTED_EDGE('',*,*,#4140,.F.);
#5916=ORIENTED_EDGE('',*,*,#4109,.T.);
#5917=ORIENTED_EDGE('',*,*,#4110,.T.);
#5918=ORIENTED_EDGE('',*,*,#4140,.T.);
#5919=ORIENTED_EDGE('',*,*,#4138,.T.);
#5920=ORIENTED_EDGE('',*,*,#4136,.T.);
#5921=ORIENTED_EDGE('',*,*,#4134,.T.);
#5922=ORIENTED_EDGE('',*,*,#4132,.T.);
#5923=ORIENTED_EDGE('',*,*,#4130,.T.);
#5924=ORIENTED_EDGE('',*,*,#4128,.T.);
#5925=ORIENTED_EDGE('',*,*,#4126,.T.);
#5926=ORIENTED_EDGE('',*,*,#4124,.T.);
#5927=ORIENTED_EDGE('',*,*,#4122,.T.);
#5928=ORIENTED_EDGE('',*,*,#4120,.T.);
#5929=ORIENTED_EDGE('',*,*,#4118,.T.);
#5930=ORIENTED_EDGE('',*,*,#4116,.T.);
#5931=ORIENTED_EDGE('',*,*,#4114,.T.);
#5932=ORIENTED_EDGE('',*,*,#4112,.T.);
#5933=CYLINDRICAL_SURFACE('',#6517,0.0393700787401575);
#5934=CYLINDRICAL_SURFACE('',#6524,0.102362204724409);
#5935=CYLINDRICAL_SURFACE('',#6529,0.0216535433070866);
#5936=CYLINDRICAL_SURFACE('',#6536,0.0809055118110236);
#5937=CYLINDRICAL_SURFACE('',#6550,0.215748031496063);
#5938=CYLINDRICAL_SURFACE('',#6551,0.215748031496063);
#5939=CYLINDRICAL_SURFACE('',#6608,0.0236220472440945);
#5940=CYLINDRICAL_SURFACE('',#6612,0.0236220472440945);
#5941=CYLINDRICAL_SURFACE('',#6616,0.0236220472440945);
#5942=CYLINDRICAL_SURFACE('',#6695,0.0433070866141732);
#5943=CYLINDRICAL_SURFACE('',#6699,0.0433070866141732);
#5944=CYLINDRICAL_SURFACE('',#6704,0.0196850393700787);
#5945=CYLINDRICAL_SURFACE('',#6712,0.0196850393700787);
#5946=CYLINDRICAL_SURFACE('',#6717,0.0196850393700787);
#5947=CYLINDRICAL_SURFACE('',#6719,0.0196850393700787);
#5948=CYLINDRICAL_SURFACE('',#6724,0.0196850393700787);
#5949=CYLINDRICAL_SURFACE('',#6726,0.0196850393700787);
#5950=CYLINDRICAL_SURFACE('',#6733,0.0196850393700787);
#5951=CYLINDRICAL_SURFACE('',#6735,0.0196850393700787);
#5952=CYLINDRICAL_SURFACE('',#6742,0.0196850393700787);
#5953=CYLINDRICAL_SURFACE('',#6744,0.0196850393700787);
#5954=CYLINDRICAL_SURFACE('',#6748,0.0393700787401575);
#5955=CYLINDRICAL_SURFACE('',#6751,0.0393700787401575);
#5956=CYLINDRICAL_SURFACE('',#6754,0.0393700787401575);
#5957=CYLINDRICAL_SURFACE('',#6757,0.0393700787401575);
#5958=CYLINDRICAL_SURFACE('',#6765,0.0393700787401575);
#5959=CYLINDRICAL_SURFACE('',#6767,0.0393700787401575);
#5960=CYLINDRICAL_SURFACE('',#6769,0.0590551181102362);
#5961=CYLINDRICAL_SURFACE('',#6775,0.0590551181102362);
#5962=CYLINDRICAL_SURFACE('',#6781,0.0590551181102362);
#5963=CYLINDRICAL_SURFACE('',#6783,0.0590551181102362);
#5964=CYLINDRICAL_SURFACE('',#6786,0.0590551181102362);
#5965=CYLINDRICAL_SURFACE('',#6790,0.15748031496063);
#5966=CYLINDRICAL_SURFACE('',#6791,0.15748031496063);
#5967=CYLINDRICAL_SURFACE('',#6793,0.0866141732283465);
#5968=CYLINDRICAL_SURFACE('',#6800,0.125984251968504);
#5969=CYLINDRICAL_SURFACE('',#6810,0.177165354330709);
#5970=CYLINDRICAL_SURFACE('',#6817,0.216535433070866);
#5971=CYLINDRICAL_SURFACE('',#6828,0.0393700787401575);
#5972=CYLINDRICAL_SURFACE('',#6880,0.024606299212597);
#5973=CYLINDRICAL_SURFACE('',#6883,0.0246062992125984);
#5974=CYLINDRICAL_SURFACE('',#6886,0.0246062992125996);
#5975=CYLINDRICAL_SURFACE('',#6904,0.177165354330709);
#5976=CYLINDRICAL_SURFACE('',#6906,0.216535433070866);
#5977=CYLINDRICAL_SURFACE('',#6908,0.118110236220472);
#5978=CYLINDRICAL_SURFACE('',#6910,0.078740157480315);
#5979=CYLINDRICAL_SURFACE('',#6922,0.137795275590551);
#5980=CYLINDRICAL_SURFACE('',#6927,0.137795275590551);
#5981=CYLINDRICAL_SURFACE('',#6929,0.0590551181102362);
#5982=CYLINDRICAL_SURFACE('',#6939,0.0590551181102362);
#5983=CYLINDRICAL_SURFACE('',#6943,0.0590551181102362);
#5984=CYLINDRICAL_SURFACE('',#6958,0.0118110236220472);
#5985=CYLINDRICAL_SURFACE('',#6960,0.0118110236220473);
#5986=CYLINDRICAL_SURFACE('',#6962,0.0118110236220472);
#5987=CYLINDRICAL_SURFACE('',#6963,0.0118110236220472);
#5988=CYLINDRICAL_SURFACE('',#6964,0.0118110236220472);
#5989=CYLINDRICAL_SURFACE('',#6968,0.0236220472440945);
#5990=CYLINDRICAL_SURFACE('',#6971,0.0236220472440946);
#5991=CYLINDRICAL_SURFACE('',#6974,0.0236220472440945);
#5992=CYLINDRICAL_SURFACE('',#6977,0.0236220472440945);
#5993=CYLINDRICAL_SURFACE('',#6980,0.0236220472440945);
#5994=CYLINDRICAL_SURFACE('',#6983,0.0236220472440945);
#5995=CYLINDRICAL_SURFACE('',#6986,0.0236220472440945);
#5996=CYLINDRICAL_SURFACE('',#6989,0.0236220472440945);
#5997=STYLED_ITEM('',(#6453),#6060);
#5998=STYLED_ITEM('',(#6453),#6061);
#5999=STYLED_ITEM('',(#6453),#6062);
#6000=STYLED_ITEM('',(#6453),#6063);
#6001=STYLED_ITEM('',(#6453),#6064);
#6002=STYLED_ITEM('',(#6453),#6065);
#6003=STYLED_ITEM('',(#6453),#6066);
#6004=STYLED_ITEM('',(#6453),#6067);
#6005=STYLED_ITEM('',(#6453),#6068);
#6006=STYLED_ITEM('',(#6453),#6069);
#6007=STYLED_ITEM('',(#6453),#6070);
#6008=STYLED_ITEM('',(#6453),#6071);
#6009=STYLED_ITEM('',(#6453),#6072);
#6010=STYLED_ITEM('',(#6453),#6073);
#6011=STYLED_ITEM('',(#6453),#6074);
#6012=STYLED_ITEM('',(#6453),#6075);
#6013=STYLED_ITEM('',(#6453),#6076);
#6014=STYLED_ITEM('',(#6453),#6077);
#6015=STYLED_ITEM('',(#6453),#6078);
#6016=STYLED_ITEM('',(#6453),#6079);
#6017=STYLED_ITEM('',(#6453),#6080);
#6018=STYLED_ITEM('',(#6453),#6081);
#6019=STYLED_ITEM('',(#6453),#6082);
#6020=STYLED_ITEM('',(#6453),#6083);
#6021=STYLED_ITEM('',(#6453),#6084);
#6022=STYLED_ITEM('',(#6453),#6085);
#6023=STYLED_ITEM('',(#6453),#6086);
#6024=STYLED_ITEM('',(#6453),#6087);
#6025=STYLED_ITEM('',(#6453),#6088);
#6026=STYLED_ITEM('',(#6453),#6089);
#6027=STYLED_ITEM('',(#6453),#6090);
#6028=STYLED_ITEM('',(#6453),#6091);
#6029=STYLED_ITEM('',(#6453),#6092);
#6030=STYLED_ITEM('',(#6453),#6093);
#6031=STYLED_ITEM('',(#6453),#6094);
#6032=STYLED_ITEM('',(#6453),#6095);
#6033=STYLED_ITEM('',(#6453),#6096);
#6034=STYLED_ITEM('',(#6453),#6097);
#6035=STYLED_ITEM('',(#6453),#6098);
#6036=STYLED_ITEM('',(#6453),#6099);
#6037=STYLED_ITEM('',(#6453),#6100);
#6038=STYLED_ITEM('',(#6453),#6101);
#6039=STYLED_ITEM('',(#6453),#6102);
#6040=STYLED_ITEM('',(#6453),#6103);
#6041=STYLED_ITEM('',(#6453),#6104);
#6042=STYLED_ITEM('',(#6453),#6105);
#6043=STYLED_ITEM('',(#6453),#6106);
#6044=STYLED_ITEM('',(#6453),#6107);
#6045=STYLED_ITEM('',(#6453),#6108);
#6046=STYLED_ITEM('',(#6453),#6109);
#6047=STYLED_ITEM('',(#6453),#6110);
#6048=STYLED_ITEM('',(#6453),#6111);
#6049=STYLED_ITEM('',(#6453),#6112);
#6050=STYLED_ITEM('',(#6453),#6113);
#6051=STYLED_ITEM('',(#6453),#6114);
#6052=STYLED_ITEM('',(#6453),#6115);
#6053=STYLED_ITEM('',(#6452),#23);
#6054=STYLED_ITEM('',(#6455),#24);
#6055=STYLED_ITEM('',(#6455),#25);
#6056=STYLED_ITEM('',(#6455),#26);
#6057=STYLED_ITEM('',(#6455),#27);
#6058=STYLED_ITEM('',(#6455),#28);
#6059=STYLED_ITEM('',(#6456),#29);
#6060=ADVANCED_FACE('',(#433),#5933,.T.);
#6061=ADVANCED_FACE('',(#434),#430,.F.);
#6062=ADVANCED_FACE('',(#435,#323),#5934,.T.);
#6063=ADVANCED_FACE('',(#436),#82,.T.);
#6064=ADVANCED_FACE('',(#437),#5935,.F.);
#6065=ADVANCED_FACE('',(#438),#83,.F.);
#6066=ADVANCED_FACE('',(#439),#431,.T.);
#6067=ADVANCED_FACE('',(#440),#84,.T.);
#6068=ADVANCED_FACE('',(#441),#5936,.F.);
#6069=ADVANCED_FACE('',(#442),#77,.T.);
#6070=ADVANCED_FACE('',(#443),#85,.F.);
#6071=ADVANCED_FACE('',(#444),#86,.T.);
#6072=ADVANCED_FACE('',(#445),#87,.T.);
#6073=ADVANCED_FACE('',(#446),#88,.T.);
#6074=ADVANCED_FACE('',(#447),#89,.T.);
#6075=ADVANCED_FACE('',(#448),#90,.T.);
#6076=ADVANCED_FACE('',(#449),#91,.T.);
#6077=ADVANCED_FACE('',(#450),#92,.F.);
#6078=ADVANCED_FACE('',(#451),#93,.T.);
#6079=ADVANCED_FACE('',(#452),#94,.T.);
#6080=ADVANCED_FACE('',(#453),#5937,.T.);
#6081=ADVANCED_FACE('',(#454),#5938,.T.);
#6082=ADVANCED_FACE('',(#455),#95,.T.);
#6083=ADVANCED_FACE('',(#456),#96,.T.);
#6084=ADVANCED_FACE('',(#457),#97,.T.);
#6085=ADVANCED_FACE('',(#458),#98,.T.);
#6086=ADVANCED_FACE('',(#459),#99,.F.);
#6087=ADVANCED_FACE('',(#460),#100,.T.);
#6088=ADVANCED_FACE('',(#461),#101,.T.);
#6089=ADVANCED_FACE('',(#462),#102,.T.);
#6090=ADVANCED_FACE('',(#463),#103,.T.);
#6091=ADVANCED_FACE('',(#464),#104,.T.);
#6092=ADVANCED_FACE('',(#465),#105,.F.);
#6093=ADVANCED_FACE('',(#466),#106,.T.);
#6094=ADVANCED_FACE('',(#467),#107,.T.);
#6095=ADVANCED_FACE('',(#468),#108,.T.);
#6096=ADVANCED_FACE('',(#469),#109,.T.);
#6097=ADVANCED_FACE('',(#470),#110,.F.);
#6098=ADVANCED_FACE('',(#471),#111,.T.);
#6099=ADVANCED_FACE('',(#472),#112,.F.);
#6100=ADVANCED_FACE('',(#473),#113,.T.);
#6101=ADVANCED_FACE('',(#474),#114,.T.);
#6102=ADVANCED_FACE('',(#475),#115,.T.);
#6103=ADVANCED_FACE('',(#476),#116,.T.);
#6104=ADVANCED_FACE('',(#477),#117,.F.);
#6105=ADVANCED_FACE('',(#478),#118,.T.);
#6106=ADVANCED_FACE('',(#479),#119,.T.);
#6107=ADVANCED_FACE('',(#480),#120,.T.);
#6108=ADVANCED_FACE('',(#481),#121,.F.);
#6109=ADVANCED_FACE('',(#482),#122,.F.);
#6110=ADVANCED_FACE('',(#483),#123,.F.);
#6111=ADVANCED_FACE('',(#484),#124,.T.);
#6112=ADVANCED_FACE('',(#485),#125,.T.);
#6113=ADVANCED_FACE('',(#486),#126,.T.);
#6114=ADVANCED_FACE('',(#487),#127,.T.);
#6115=ADVANCED_FACE('',(#488),#128,.T.);
#6116=ADVANCED_FACE('',(#489),#129,.F.);
#6117=ADVANCED_FACE('',(#490),#130,.F.);
#6118=ADVANCED_FACE('',(#491),#131,.F.);
#6119=ADVANCED_FACE('',(#492),#132,.T.);
#6120=ADVANCED_FACE('',(#493),#133,.T.);
#6121=ADVANCED_FACE('',(#494),#134,.T.);
#6122=ADVANCED_FACE('',(#495),#135,.T.);
#6123=ADVANCED_FACE('',(#496),#136,.T.);
#6124=ADVANCED_FACE('',(#497),#137,.T.);
#6125=ADVANCED_FACE('',(#498),#138,.T.);
#6126=ADVANCED_FACE('',(#499),#139,.T.);
#6127=ADVANCED_FACE('',(#500),#140,.T.);
#6128=ADVANCED_FACE('',(#501),#141,.T.);
#6129=ADVANCED_FACE('',(#502),#142,.T.);
#6130=ADVANCED_FACE('',(#503,#324),#143,.T.);
#6131=ADVANCED_FACE('',(#504,#325),#144,.F.);
#6132=ADVANCED_FACE('',(#505),#5939,.F.);
#6133=ADVANCED_FACE('',(#506),#145,.F.);
#6134=ADVANCED_FACE('',(#507),#5940,.F.);
#6135=ADVANCED_FACE('',(#508),#146,.F.);
#6136=ADVANCED_FACE('',(#509),#5941,.F.);
#6137=ADVANCED_FACE('',(#510),#147,.T.);
#6138=ADVANCED_FACE('',(#511),#148,.T.);
#6139=ADVANCED_FACE('',(#512),#43,.T.);
#6140=ADVANCED_FACE('',(#513),#149,.T.);
#6141=ADVANCED_FACE('',(#514),#150,.T.);
#6142=ADVANCED_FACE('',(#515),#151,.T.);
#6143=ADVANCED_FACE('',(#516),#44,.T.);
#6144=ADVANCED_FACE('',(#517),#152,.T.);
#6145=ADVANCED_FACE('',(#518),#153,.T.);
#6146=ADVANCED_FACE('',(#519),#154,.T.);
#6147=ADVANCED_FACE('',(#520),#155,.T.);
#6148=ADVANCED_FACE('',(#521),#156,.T.);
#6149=ADVANCED_FACE('',(#522),#45,.T.);
#6150=ADVANCED_FACE('',(#523),#157,.T.);
#6151=ADVANCED_FACE('',(#524),#158,.T.);
#6152=ADVANCED_FACE('',(#525),#46,.T.);
#6153=ADVANCED_FACE('',(#526),#159,.T.);
#6154=ADVANCED_FACE('',(#527),#160,.T.);
#6155=ADVANCED_FACE('',(#528),#161,.T.);
#6156=ADVANCED_FACE('',(#529),#162,.T.);
#6157=ADVANCED_FACE('',(#530),#163,.T.);
#6158=ADVANCED_FACE('',(#531),#47,.T.);
#6159=ADVANCED_FACE('',(#532),#164,.T.);
#6160=ADVANCED_FACE('',(#533),#48,.T.);
#6161=ADVANCED_FACE('',(#534),#165,.T.);
#6162=ADVANCED_FACE('',(#535),#166,.T.);
#6163=ADVANCED_FACE('',(#536),#167,.T.);
#6164=ADVANCED_FACE('',(#537),#168,.T.);
#6165=ADVANCED_FACE('',(#538),#169,.T.);
#6166=ADVANCED_FACE('',(#539),#170,.T.);
#6167=ADVANCED_FACE('',(#540),#49,.T.);
#6168=ADVANCED_FACE('',(#541),#171,.T.);
#6169=ADVANCED_FACE('',(#542),#50,.T.);
#6170=ADVANCED_FACE('',(#543),#51,.T.);
#6171=ADVANCED_FACE('',(#544),#52,.T.);
#6172=ADVANCED_FACE('',(#545),#172,.T.);
#6173=ADVANCED_FACE('',(#546),#53,.T.);
#6174=ADVANCED_FACE('',(#547),#173,.T.);
#6175=ADVANCED_FACE('',(#548),#174,.T.);
#6176=ADVANCED_FACE('',(#549),#175,.T.);
#6177=ADVANCED_FACE('',(#550),#176,.T.);
#6178=ADVANCED_FACE('',(#551),#177,.T.);
#6179=ADVANCED_FACE('',(#552),#54,.T.);
#6180=ADVANCED_FACE('',(#553),#178,.T.);
#6181=ADVANCED_FACE('',(#554),#55,.T.);
#6182=ADVANCED_FACE('',(#555),#179,.T.);
#6183=ADVANCED_FACE('',(#556),#180,.T.);
#6184=ADVANCED_FACE('',(#557),#181,.T.);
#6185=ADVANCED_FACE('',(#558),#182,.T.);
#6186=ADVANCED_FACE('',(#559),#183,.T.);
#6187=ADVANCED_FACE('',(#560),#184,.T.);
#6188=ADVANCED_FACE('',(#561),#56,.T.);
#6189=ADVANCED_FACE('',(#562),#57,.T.);
#6190=ADVANCED_FACE('',(#563),#58,.T.);
#6191=ADVANCED_FACE('',(#564),#59,.T.);
#6192=ADVANCED_FACE('',(#565),#60,.T.);
#6193=ADVANCED_FACE('',(#566),#185,.T.);
#6194=ADVANCED_FACE('',(#567),#61,.T.);
#6195=ADVANCED_FACE('',(#568),#62,.T.);
#6196=ADVANCED_FACE('',(#569),#63,.T.);
#6197=ADVANCED_FACE('',(#570),#64,.T.);
#6198=ADVANCED_FACE('',(#571),#65,.T.);
#6199=ADVANCED_FACE('',(#572),#66,.T.);
#6200=ADVANCED_FACE('',(#573),#186,.T.);
#6201=ADVANCED_FACE('',(#574),#187,.T.);
#6202=ADVANCED_FACE('',(#575),#188,.T.);
#6203=ADVANCED_FACE('',(#576),#189,.T.);
#6204=ADVANCED_FACE('',(#577),#190,.T.);
#6205=ADVANCED_FACE('',(#578),#67,.T.);
#6206=ADVANCED_FACE('',(#579),#191,.T.);
#6207=ADVANCED_FACE('',(#580),#68,.T.);
#6208=ADVANCED_FACE('',(#581),#192,.T.);
#6209=ADVANCED_FACE('',(#582),#193,.T.);
#6210=ADVANCED_FACE('',(#583),#194,.T.);
#6211=ADVANCED_FACE('',(#584),#195,.T.);
#6212=ADVANCED_FACE('',(#585),#196,.T.);
#6213=ADVANCED_FACE('',(#586),#69,.T.);
#6214=ADVANCED_FACE('',(#587),#197,.T.);
#6215=ADVANCED_FACE('',(#588),#70,.T.);
#6216=ADVANCED_FACE('',(#589),#198,.T.);
#6217=ADVANCED_FACE('',(#590),#199,.T.);
#6218=ADVANCED_FACE('',(#591),#200,.T.);
#6219=ADVANCED_FACE('',(#592),#201,.T.);
#6220=ADVANCED_FACE('',(#593),#202,.T.);
#6221=ADVANCED_FACE('',(#594),#203,.T.);
#6222=ADVANCED_FACE('',(#595),#71,.T.);
#6223=ADVANCED_FACE('',(#596),#204,.T.);
#6224=ADVANCED_FACE('',(#597),#205,.T.);
#6225=ADVANCED_FACE('',(#598),#206,.T.);
#6226=ADVANCED_FACE('',(#599),#72,.T.);
#6227=ADVANCED_FACE('',(#600),#207,.T.);
#6228=ADVANCED_FACE('',(#601),#208,.T.);
#6229=ADVANCED_FACE('',(#602),#209,.T.);
#6230=ADVANCED_FACE('',(#603),#210,.T.);
#6231=ADVANCED_FACE('',(#604),#211,.T.);
#6232=ADVANCED_FACE('',(#605),#73,.T.);
#6233=ADVANCED_FACE('',(#606),#212,.T.);
#6234=ADVANCED_FACE('',(#607),#213,.T.);
#6235=ADVANCED_FACE('',(#608),#74,.T.);
#6236=ADVANCED_FACE('',(#609),#214,.T.);
#6237=ADVANCED_FACE('',(#610),#215,.T.);
#6238=ADVANCED_FACE('',(#611),#216,.T.);
#6239=ADVANCED_FACE('',(#612),#217,.T.);
#6240=ADVANCED_FACE('',(#613),#218,.T.);
#6241=ADVANCED_FACE('',(#614),#75,.T.);
#6242=ADVANCED_FACE('',(#615),#219,.T.);
#6243=ADVANCED_FACE('',(#616),#76,.T.);
#6244=ADVANCED_FACE('',(#617),#220,.T.);
#6245=ADVANCED_FACE('',(#618),#221,.T.);
#6246=ADVANCED_FACE('',(#619),#222,.T.);
#6247=ADVANCED_FACE('',(#620),#223,.T.);
#6248=ADVANCED_FACE('',(#621),#5942,.F.);
#6249=ADVANCED_FACE('',(#622),#224,.F.);
#6250=ADVANCED_FACE('',(#623),#5943,.F.);
#6251=ADVANCED_FACE('',(#624),#225,.F.);
#6252=ADVANCED_FACE('',(#625,#326,#327,#328,#329,#330),#226,.T.);
#6253=ADVANCED_FACE('',(#626),#5944,.T.);
#6254=ADVANCED_FACE('',(#627),#227,.T.);
#6255=ADVANCED_FACE('',(#628,#331,#332),#228,.T.);
#6256=ADVANCED_FACE('',(#629),#5945,.T.);
#6257=ADVANCED_FACE('',(#630),#229,.T.);
#6258=ADVANCED_FACE('',(#631),#5946,.F.);
#6259=ADVANCED_FACE('',(#632),#5947,.F.);
#6260=ADVANCED_FACE('',(#633),#78,.T.);
#6261=ADVANCED_FACE('',(#634),#5948,.F.);
#6262=ADVANCED_FACE('',(#635),#5949,.F.);
#6263=ADVANCED_FACE('',(#636),#30,.F.);
#6264=ADVANCED_FACE('',(#637),#79,.T.);
#6265=ADVANCED_FACE('',(#638),#5950,.F.);
#6266=ADVANCED_FACE('',(#639),#5951,.F.);
#6267=ADVANCED_FACE('',(#640),#31,.F.);
#6268=ADVANCED_FACE('',(#641),#80,.T.);
#6269=ADVANCED_FACE('',(#642),#5952,.F.);
#6270=ADVANCED_FACE('',(#643),#5953,.F.);
#6271=ADVANCED_FACE('',(#644),#81,.T.);
#6272=ADVANCED_FACE('',(#645),#230,.F.);
#6273=ADVANCED_FACE('',(#646),#5954,.F.);
#6274=ADVANCED_FACE('',(#647),#231,.F.);
#6275=ADVANCED_FACE('',(#648),#5955,.F.);
#6276=ADVANCED_FACE('',(#649),#232,.F.);
#6277=ADVANCED_FACE('',(#650),#5956,.F.);
#6278=ADVANCED_FACE('',(#651),#233,.F.);
#6279=ADVANCED_FACE('',(#652),#5957,.T.);
#6280=ADVANCED_FACE('',(#653),#234,.F.);
#6281=ADVANCED_FACE('',(#654,#333,#334,#335,#336,#337,#338,#339,#340,#341),
#235,.T.);
#6282=ADVANCED_FACE('',(#655),#5958,.F.);
#6283=ADVANCED_FACE('',(#656),#236,.F.);
#6284=ADVANCED_FACE('',(#657),#5959,.T.);
#6285=ADVANCED_FACE('',(#658),#237,.F.);
#6286=ADVANCED_FACE('',(#659),#5960,.T.);
#6287=ADVANCED_FACE('',(#660),#32,.T.);
#6288=ADVANCED_FACE('',(#661),#5961,.T.);
#6289=ADVANCED_FACE('',(#662),#33,.T.);
#6290=ADVANCED_FACE('',(#663),#5962,.T.);
#6291=ADVANCED_FACE('',(#664),#238,.T.);
#6292=ADVANCED_FACE('',(#665),#5963,.F.);
#6293=ADVANCED_FACE('',(#666),#239,.F.);
#6294=ADVANCED_FACE('',(#667),#5964,.F.);
#6295=ADVANCED_FACE('',(#668),#240,.F.);
#6296=ADVANCED_FACE('',(#669,#342,#343),#241,.T.);
#6297=ADVANCED_FACE('',(#670),#5965,.T.);
#6298=ADVANCED_FACE('',(#671),#5966,.T.);
#6299=ADVANCED_FACE('',(#672),#242,.T.);
#6300=ADVANCED_FACE('',(#673),#5967,.F.);
#6301=ADVANCED_FACE('',(#674),#34,.T.);
#6302=ADVANCED_FACE('',(#675),#5968,.T.);
#6303=ADVANCED_FACE('',(#676,#344),#243,.T.);
#6304=ADVANCED_FACE('',(#677),#35,.T.);
#6305=ADVANCED_FACE('',(#678,#345),#244,.T.);
#6306=ADVANCED_FACE('',(#679),#5969,.F.);
#6307=ADVANCED_FACE('',(#680),#36,.T.);
#6308=ADVANCED_FACE('',(#681),#5970,.T.);
#6309=ADVANCED_FACE('',(#682),#37,.F.);
#6310=ADVANCED_FACE('',(#683),#245,.T.);
#6311=ADVANCED_FACE('',(#684),#246,.F.);
#6312=ADVANCED_FACE('',(#685),#432,.T.);
#6313=ADVANCED_FACE('',(#686),#5971,.T.);
#6314=ADVANCED_FACE('',(#687),#247,.T.);
#6315=ADVANCED_FACE('',(#688),#248,.F.);
#6316=ADVANCED_FACE('',(#689),#249,.F.);
#6317=ADVANCED_FACE('',(#690),#250,.F.);
#6318=ADVANCED_FACE('',(#691),#251,.F.);
#6319=ADVANCED_FACE('',(#692),#252,.T.);
#6320=ADVANCED_FACE('',(#693),#253,.F.);
#6321=ADVANCED_FACE('',(#694),#254,.T.);
#6322=ADVANCED_FACE('',(#695),#255,.F.);
#6323=ADVANCED_FACE('',(#696),#256,.F.);
#6324=ADVANCED_FACE('',(#697),#257,.F.);
#6325=ADVANCED_FACE('',(#698),#258,.T.);
#6326=ADVANCED_FACE('',(#699),#259,.F.);
#6327=ADVANCED_FACE('',(#700),#260,.F.);
#6328=ADVANCED_FACE('',(#701),#261,.F.);
#6329=ADVANCED_FACE('',(#702),#262,.F.);
#6330=ADVANCED_FACE('',(#703),#263,.F.);
#6331=ADVANCED_FACE('',(#704),#264,.T.);
#6332=ADVANCED_FACE('',(#705),#265,.F.);
#6333=ADVANCED_FACE('',(#706),#266,.T.);
#6334=ADVANCED_FACE('',(#707),#267,.F.);
#6335=ADVANCED_FACE('',(#708),#268,.F.);
#6336=ADVANCED_FACE('',(#709),#269,.F.);
#6337=ADVANCED_FACE('',(#710),#270,.T.);
#6338=ADVANCED_FACE('',(#711),#271,.F.);
#6339=ADVANCED_FACE('',(#712),#272,.F.);
#6340=ADVANCED_FACE('',(#713),#273,.F.);
#6341=ADVANCED_FACE('',(#714),#274,.F.);
#6342=ADVANCED_FACE('',(#715),#275,.F.);
#6343=ADVANCED_FACE('',(#716),#276,.T.);
#6344=ADVANCED_FACE('',(#717),#277,.F.);
#6345=ADVANCED_FACE('',(#718),#278,.T.);
#6346=ADVANCED_FACE('',(#719),#279,.T.);
#6347=ADVANCED_FACE('',(#720),#280,.T.);
#6348=ADVANCED_FACE('',(#721),#281,.T.);
#6349=ADVANCED_FACE('',(#722),#282,.F.);
#6350=ADVANCED_FACE('',(#723),#283,.F.);
#6351=ADVANCED_FACE('',(#724),#284,.F.);
#6352=ADVANCED_FACE('',(#725),#285,.F.);
#6353=ADVANCED_FACE('',(#726),#286,.F.);
#6354=ADVANCED_FACE('',(#727),#287,.F.);
#6355=ADVANCED_FACE('',(#728),#288,.T.);
#6356=ADVANCED_FACE('',(#729),#289,.F.);
#6357=ADVANCED_FACE('',(#730),#290,.T.);
#6358=ADVANCED_FACE('',(#731),#291,.T.);
#6359=ADVANCED_FACE('',(#732),#292,.T.);
#6360=ADVANCED_FACE('',(#733),#293,.T.);
#6361=ADVANCED_FACE('',(#734),#294,.F.);
#6362=ADVANCED_FACE('',(#735),#295,.F.);
#6363=ADVANCED_FACE('',(#736),#296,.F.);
#6364=ADVANCED_FACE('',(#737),#5972,.F.);
#6365=ADVANCED_FACE('',(#738),#5973,.F.);
#6366=ADVANCED_FACE('',(#739),#5974,.F.);
#6367=ADVANCED_FACE('',(#740),#38,.T.);
#6368=ADVANCED_FACE('',(#741),#39,.T.);
#6369=ADVANCED_FACE('',(#742),#40,.T.);
#6370=ADVANCED_FACE('',(#743),#5975,.F.);
#6371=ADVANCED_FACE('',(#744),#5976,.T.);
#6372=ADVANCED_FACE('',(#745),#5977,.T.);
#6373=ADVANCED_FACE('',(#746),#5978,.F.);
#6374=ADVANCED_FACE('',(#747,#346),#297,.F.);
#6375=ADVANCED_FACE('',(#748,#347),#298,.T.);
#6376=ADVANCED_FACE('',(#749),#299,.F.);
#6377=ADVANCED_FACE('',(#750),#300,.F.);
#6378=ADVANCED_FACE('',(#751),#301,.F.);
#6379=ADVANCED_FACE('',(#752,#348),#302,.T.);
#6380=ADVANCED_FACE('',(#753),#303,.T.);
#6381=ADVANCED_FACE('',(#754),#5979,.T.);
#6382=ADVANCED_FACE('',(#755),#304,.T.);
#6383=ADVANCED_FACE('',(#756),#5980,.T.);
#6384=ADVANCED_FACE('',(#757),#5981,.T.);
#6385=ADVANCED_FACE('',(#758),#41,.T.);
#6386=ADVANCED_FACE('',(#759),#42,.T.);
#6387=ADVANCED_FACE('',(#760),#305,.T.);
#6388=ADVANCED_FACE('',(#761),#5982,.T.);
#6389=ADVANCED_FACE('',(#762),#306,.F.);
#6390=ADVANCED_FACE('',(#763),#307,.F.);
#6391=ADVANCED_FACE('',(#764),#5983,.T.);
#6392=ADVANCED_FACE('',(#765),#308,.F.);
#6393=ADVANCED_FACE('',(#766,#349,#350,#351,#352),#309,.F.);
#6394=ADVANCED_FACE('',(#767),#310,.F.);
#6395=ADVANCED_FACE('',(#768),#5984,.T.);
#6396=ADVANCED_FACE('',(#769),#5985,.T.);
#6397=ADVANCED_FACE('',(#770),#5986,.T.);
#6398=ADVANCED_FACE('',(#771),#5987,.T.);
#6399=ADVANCED_FACE('',(#772),#5988,.T.);
#6400=ADVANCED_FACE('',(#773),#311,.T.);
#6401=ADVANCED_FACE('',(#774),#312,.T.);
#6402=ADVANCED_FACE('',(#775),#313,.T.);
#6403=ADVANCED_FACE('',(#776),#5989,.F.);
#6404=ADVANCED_FACE('',(#777),#314,.F.);
#6405=ADVANCED_FACE('',(#778),#5990,.F.);
#6406=ADVANCED_FACE('',(#779),#315,.F.);
#6407=ADVANCED_FACE('',(#780),#5991,.F.);
#6408=ADVANCED_FACE('',(#781),#316,.F.);
#6409=ADVANCED_FACE('',(#782),#5992,.T.);
#6410=ADVANCED_FACE('',(#783),#317,.F.);
#6411=ADVANCED_FACE('',(#784),#5993,.T.);
#6412=ADVANCED_FACE('',(#785),#318,.F.);
#6413=ADVANCED_FACE('',(#786),#5994,.F.);
#6414=ADVANCED_FACE('',(#787),#319,.F.);
#6415=ADVANCED_FACE('',(#788),#5995,.F.);
#6416=ADVANCED_FACE('',(#789),#320,.F.);
#6417=ADVANCED_FACE('',(#790),#5996,.F.);
#6418=ADVANCED_FACE('',(#791),#321,.F.);
#6419=ADVANCED_FACE('',(#792),#322,.T.);
#6420=CLOSED_SHELL('',(#6060,#6061,#6062,#6063,#6064,#6065,#6066,#6067,
#6068,#6069,#6070,#6071,#6072,#6073,#6074,#6075,#6076,#6077,#6078,#6079,
#6080,#6081,#6082,#6083,#6084,#6085,#6086,#6087,#6088,#6089,#6090,#6091,
#6092,#6093,#6094,#6095,#6096,#6097,#6098,#6099,#6100,#6101,#6102,#6103,
#6104,#6105,#6106,#6107,#6108,#6109,#6110,#6111,#6112,#6113,#6114,#6115,
#6116,#6117,#6118,#6119,#6120,#6121,#6122,#6123,#6124,#6125,#6126,#6127,
#6128,#6129,#6130,#6131,#6132,#6133,#6134,#6135,#6136,#6137,#6138,#6139,
#6140,#6141,#6142,#6143,#6144,#6145,#6146,#6147,#6148,#6149,#6150,#6151,
#6152,#6153,#6154,#6155,#6156,#6157,#6158,#6159,#6160,#6161,#6162,#6163,
#6164,#6165,#6166,#6167,#6168,#6169,#6170,#6171,#6172,#6173,#6174,#6175,
#6176,#6177,#6178,#6179,#6180,#6181,#6182,#6183,#6184,#6185,#6186,#6187,
#6188,#6189,#6190,#6191,#6192,#6193,#6194,#6195,#6196,#6197,#6198,#6199,
#6200,#6201,#6202,#6203,#6204,#6205,#6206,#6207,#6208,#6209,#6210,#6211,
#6212,#6213,#6214,#6215,#6216,#6217,#6218,#6219,#6220,#6221,#6222,#6223,
#6224,#6225,#6226,#6227,#6228,#6229,#6230,#6231,#6232,#6233,#6234,#6235,
#6236,#6237,#6238,#6239,#6240,#6241,#6242,#6243,#6244,#6245,#6246,#6247,
#6248,#6249,#6250,#6251,#6252,#6253,#6254,#6255,#6256,#6257,#6258,#6259,
#6260,#6261,#6262,#6263,#6264,#6265,#6266,#6267,#6268,#6269,#6270,#6271,
#6272,#6273,#6274,#6275,#6276,#6277,#6278,#6279,#6280,#6281,#6282,#6283,
#6284,#6285,#6286,#6287,#6288,#6289,#6290,#6291,#6292,#6293,#6294,#6295,
#6296,#6297,#6298,#6299,#6300,#6301,#6302,#6303,#6304,#6305,#6306,#6307,
#6308,#6309,#6310,#6311));
#6421=CLOSED_SHELL('',(#6312,#6313,#6314,#6315));
#6422=CLOSED_SHELL('',(#6316,#6317,#6318,#6319,#6320,#6321,#6322,#6323,
#6324,#6325,#6326,#6327));
#6423=CLOSED_SHELL('',(#6328,#6329,#6330,#6331,#6332,#6333,#6334,#6335,
#6336,#6337,#6338,#6339));
#6424=CLOSED_SHELL('',(#6340,#6341,#6342,#6343,#6344,#6345,#6346,#6347,
#6348,#6349,#6350,#6351));
#6425=CLOSED_SHELL('',(#6352,#6353,#6354,#6355,#6356,#6357,#6358,#6359,
#6360,#6361,#6362,#6363));
#6426=CLOSED_SHELL('',(#6364,#6365,#6366,#6367,#6368,#6369,#6370,#6371,
#6372,#6373,#6374,#6375,#6376,#6377,#6378,#6379,#6380,#6381,#6382,#6383,
#6384,#6385,#6386,#6387,#6388,#6389,#6390,#6391,#6392,#6393,#6394,#6395,
#6396,#6397,#6398,#6399,#6400,#6401,#6402,#6403,#6404,#6405,#6406,#6407,
#6408,#6409,#6410,#6411,#6412,#6413,#6414,#6415,#6416,#6417,#6418,#6419));
#6427=DERIVED_UNIT_ELEMENT(#6431,1.);
#6428=DERIVED_UNIT_ELEMENT(#11226,-3.);
#6429=DERIVED_UNIT_ELEMENT(#6431,1.);
#6430=DERIVED_UNIT_ELEMENT(#11226,-3.);
#6431=(
CONVERSION_BASED_UNIT('gram',#6433)
MASS_UNIT()
NAMED_UNIT(#11223)
);
#6432=(
MASS_UNIT()
NAMED_UNIT(*)
SI_UNIT(.KILO.,.GRAM.)
);
#6433=MASS_MEASURE_WITH_UNIT(MASS_MEASURE(0.001),#6432);
#6434=DERIVED_UNIT((#6427,#6428));
#6435=DERIVED_UNIT((#6429,#6430));
#6436=MEASURE_REPRESENTATION_ITEM('density measure',
POSITIVE_RATIO_MEASURE(1.),#6434);
#6437=MEASURE_REPRESENTATION_ITEM('density measure',
POSITIVE_RATIO_MEASURE(1.),#6435);
#6438=PROPERTY_DEFINITION_REPRESENTATION(#6448,#6442);
#6439=PROPERTY_DEFINITION_REPRESENTATION(#6449,#6443);
#6440=PROPERTY_DEFINITION_REPRESENTATION(#6450,#6444);
#6441=PROPERTY_DEFINITION_REPRESENTATION(#6451,#6445);
#6442=REPRESENTATION('material name',(#6446),#11219);
#6443=REPRESENTATION('density',(#6436),#11219);
#6444=REPRESENTATION('material name',(#6447),#11220);
#6445=REPRESENTATION('density',(#6437),#11220);
#6446=DESCRIPTIVE_REPRESENTATION_ITEM('Generic','Generic');
#6447=DESCRIPTIVE_REPRESENTATION_ITEM('Generic','Generic');
#6448=PROPERTY_DEFINITION('material property','material name',#11243);
#6449=PROPERTY_DEFINITION('material property','density of part',#11243);
#6450=PROPERTY_DEFINITION('material property','material name',#11244);
#6451=PROPERTY_DEFINITION('material property','density of part',#11244);
#6452=PRESENTATION_STYLE_ASSIGNMENT((#6457));
#6453=PRESENTATION_STYLE_ASSIGNMENT((#6458));
#6454=PRESENTATION_STYLE_ASSIGNMENT((#6459));
#6455=PRESENTATION_STYLE_ASSIGNMENT((#6460));
#6456=PRESENTATION_STYLE_ASSIGNMENT((#6461));
#6457=SURFACE_STYLE_USAGE(.BOTH.,#6472);
#6458=SURFACE_STYLE_USAGE(.BOTH.,#6473);
#6459=SURFACE_STYLE_USAGE(.BOTH.,#6474);
#6460=SURFACE_STYLE_USAGE(.BOTH.,#6475);
#6461=SURFACE_STYLE_USAGE(.BOTH.,#6476);
#6462=SURFACE_STYLE_RENDERING_WITH_PROPERTIES($,#6492,(#6467));
#6463=SURFACE_STYLE_RENDERING_WITH_PROPERTIES($,#6493,(#6468));
#6464=SURFACE_STYLE_RENDERING_WITH_PROPERTIES($,#6494,(#6469));
#6465=SURFACE_STYLE_RENDERING_WITH_PROPERTIES($,#6495,(#6470));
#6466=SURFACE_STYLE_RENDERING_WITH_PROPERTIES($,#6496,(#6471));
#6467=SURFACE_STYLE_TRANSPARENT(0.);
#6468=SURFACE_STYLE_TRANSPARENT(0.);
#6469=SURFACE_STYLE_TRANSPARENT(0.);
#6470=SURFACE_STYLE_TRANSPARENT(0.);
#6471=SURFACE_STYLE_TRANSPARENT(0.);
#6472=SURFACE_SIDE_STYLE('',(#6477,#6462));
#6473=SURFACE_SIDE_STYLE('',(#6478,#6463));
#6474=SURFACE_SIDE_STYLE('',(#6479,#6464));
#6475=SURFACE_SIDE_STYLE('',(#6480,#6465));
#6476=SURFACE_SIDE_STYLE('',(#6481,#6466));
#6477=SURFACE_STYLE_FILL_AREA(#6482);
#6478=SURFACE_STYLE_FILL_AREA(#6483);
#6479=SURFACE_STYLE_FILL_AREA(#6484);
#6480=SURFACE_STYLE_FILL_AREA(#6485);
#6481=SURFACE_STYLE_FILL_AREA(#6486);
#6482=FILL_AREA_STYLE('',(#6487));
#6483=FILL_AREA_STYLE('',(#6488));
#6484=FILL_AREA_STYLE('',(#6489));
#6485=FILL_AREA_STYLE('',(#6490));
#6486=FILL_AREA_STYLE('',(#6491));
#6487=FILL_AREA_STYLE_COLOUR('',#6492);
#6488=FILL_AREA_STYLE_COLOUR('',#6493);
#6489=FILL_AREA_STYLE_COLOUR('',#6494);
#6490=FILL_AREA_STYLE_COLOUR('',#6495);
#6491=FILL_AREA_STYLE_COLOUR('',#6496);
#6492=COLOUR_RGB('',0.749019607843137,0.749019607843137,0.749019607843137);
#6493=COLOUR_RGB('',1.,1.,0.);
#6494=COLOUR_RGB('',0.792156862745098,0.819607843137255,0.933333333333333);
#6495=COLOUR_RGB('',1.,0.811764705882353,0.501960784313725);
#6496=COLOUR_RGB('',0.501960784313725,0.,0.);
#6497=DATE_TIME_ROLE('creation_date');
#6498=DATE_TIME_ROLE('creation_date');
#6499=DATE_TIME_ROLE('creation_date');
#6500=APPLIED_DATE_AND_TIME_ASSIGNMENT(#6503,#6497,(#11242));
#6501=APPLIED_DATE_AND_TIME_ASSIGNMENT(#6504,#6498,(#11243));
#6502=APPLIED_DATE_AND_TIME_ASSIGNMENT(#6505,#6499,(#11244));
#6503=DATE_AND_TIME(#6506,#6509);
#6504=DATE_AND_TIME(#6507,#6510);
#6505=DATE_AND_TIME(#6508,#6511);
#6506=CALENDAR_DATE(2026,20,1);
#6507=CALENDAR_DATE(2015,11,9);
#6508=CALENDAR_DATE(2020,4,4);
#6509=LOCAL_TIME(0,0,0.,#6512);
#6510=LOCAL_TIME(11,17,31.,#6513);
#6511=LOCAL_TIME(6,35,28.,#6514);
#6512=COORDINATED_UNIVERSAL_TIME_OFFSET(0,0,.BEHIND.);
#6513=COORDINATED_UNIVERSAL_TIME_OFFSET(0,0,.BEHIND.);
#6514=COORDINATED_UNIVERSAL_TIME_OFFSET(0,0,.BEHIND.);
#6515=AXIS2_PLACEMENT_3D('',#8620,#6995,#6996);
#6516=AXIS2_PLACEMENT_3D('',#8621,#6997,#6998);
#6517=AXIS2_PLACEMENT_3D('',#8622,#6999,#7000);
#6518=AXIS2_PLACEMENT_3D('',#8624,#7001,#7002);
#6519=AXIS2_PLACEMENT_3D('',#8627,#7004,#7005);
#6520=AXIS2_PLACEMENT_3D('',#8628,#7006,#7007);
#6521=AXIS2_PLACEMENT_3D('',#8630,#7008,#7009);
#6522=AXIS2_PLACEMENT_3D('',#8634,#7011,#7012);
#6523=AXIS2_PLACEMENT_3D('',#8635,#7013,#7014);
#6524=AXIS2_PLACEMENT_3D('',#8636,#7015,#7016);
#6525=AXIS2_PLACEMENT_3D('',#8710,#7017,#7018);
#6526=AXIS2_PLACEMENT_3D('',#8713,#7019,#7020);
#6527=AXIS2_PLACEMENT_3D('',#8715,#7021,#7022);
#6528=AXIS2_PLACEMENT_3D('',#8717,#7023,#7024);
#6529=AXIS2_PLACEMENT_3D('',#8719,#7026,#7027);
#6530=AXIS2_PLACEMENT_3D('',#8768,#7029,#7030);
#6531=AXIS2_PLACEMENT_3D('',#8770,#7031,#7032);
#6532=AXIS2_PLACEMENT_3D('',#8771,#7033,#7034);
#6533=AXIS2_PLACEMENT_3D('',#8772,#7035,#7036);
#6534=AXIS2_PLACEMENT_3D('',#8775,#7038,#7039);
#6535=AXIS2_PLACEMENT_3D('',#8776,#7040,#7041);
#6536=AXIS2_PLACEMENT_3D('',#8777,#7042,#7043);
#6537=AXIS2_PLACEMENT_3D('',#8781,#7045,#7046);
#6538=AXIS2_PLACEMENT_3D('',#8782,#7047,#7048);
#6539=AXIS2_PLACEMENT_3D('',#8810,#7049,#7050);
#6540=AXIS2_PLACEMENT_3D('',#8811,#7051,#7052);
#6541=AXIS2_PLACEMENT_3D('',#8820,#7057,#7058);
#6542=AXIS2_PLACEMENT_3D('',#8833,#7065,#7066);
#6543=AXIS2_PLACEMENT_3D('',#8846,#7073,#7074);
#6544=AXIS2_PLACEMENT_3D('',#8856,#7080,#7081);
#6545=AXIS2_PLACEMENT_3D('',#8865,#7086,#7087);
#6546=AXIS2_PLACEMENT_3D('',#8868,#7090,#7091);
#6547=AXIS2_PLACEMENT_3D('',#8881,#7098,#7099);
#6548=AXIS2_PLACEMENT_3D('',#8887,#7103,#7104);
#6549=AXIS2_PLACEMENT_3D('',#8897,#7110,#7111);
#6550=AXIS2_PLACEMENT_3D('',#8907,#7117,#7118);
#6551=AXIS2_PLACEMENT_3D('',#8946,#7119,#7120);
#6552=AXIS2_PLACEMENT_3D('',#8985,#7121,#7122);
#6553=AXIS2_PLACEMENT_3D('',#8991,#7126,#7127);
#6554=AXIS2_PLACEMENT_3D('',#8995,#7130,#7131);
#6555=AXIS2_PLACEMENT_3D('',#9000,#7135,#7136);
#6556=AXIS2_PLACEMENT_3D('',#9002,#7138,#7139);
#6557=AXIS2_PLACEMENT_3D('',#9003,#7140,#7141);
#6558=AXIS2_PLACEMENT_3D('',#9011,#7146,#7147);
#6559=AXIS2_PLACEMENT_3D('',#9016,#7151,#7152);
#6560=AXIS2_PLACEMENT_3D('',#9020,#7155,#7156);
#6561=AXIS2_PLACEMENT_3D('',#9022,#7158,#7159);
#6562=AXIS2_PLACEMENT_3D('',#9026,#7162,#7163);
#6563=AXIS2_PLACEMENT_3D('',#9027,#7164,#7165);
#6564=AXIS2_PLACEMENT_3D('',#9033,#7169,#7170);
#6565=AXIS2_PLACEMENT_3D('',#9038,#7174,#7175);
#6566=AXIS2_PLACEMENT_3D('',#9042,#7178,#7179);
#6567=AXIS2_PLACEMENT_3D('',#9044,#7181,#7182);
#6568=AXIS2_PLACEMENT_3D('',#9050,#7186,#7187);
#6569=AXIS2_PLACEMENT_3D('',#9056,#7191,#7192);
#6570=AXIS2_PLACEMENT_3D('',#9057,#7193,#7194);
#6571=AXIS2_PLACEMENT_3D('',#9063,#7198,#7199);
#6572=AXIS2_PLACEMENT_3D('',#9069,#7203,#7204);
#6573=AXIS2_PLACEMENT_3D('',#9074,#7208,#7209);
#6574=AXIS2_PLACEMENT_3D('',#9076,#7211,#7212);
#6575=AXIS2_PLACEMENT_3D('',#9077,#7213,#7214);
#6576=AXIS2_PLACEMENT_3D('',#9081,#7217,#7218);
#6577=AXIS2_PLACEMENT_3D('',#9083,#7220,#7221);
#6578=AXIS2_PLACEMENT_3D('',#9085,#7223,#7224);
#6579=AXIS2_PLACEMENT_3D('',#9088,#7227,#7228);
#6580=AXIS2_PLACEMENT_3D('',#9091,#7231,#7232);
#6581=AXIS2_PLACEMENT_3D('',#9094,#7235,#7236);
#6582=AXIS2_PLACEMENT_3D('',#9096,#7238,#7239);
#6583=AXIS2_PLACEMENT_3D('',#9097,#7240,#7241);
#6584=AXIS2_PLACEMENT_3D('',#9099,#7243,#7244);
#6585=AXIS2_PLACEMENT_3D('',#9100,#7245,#7246);
#6586=AXIS2_PLACEMENT_3D('',#9101,#7247,#7248);
#6587=AXIS2_PLACEMENT_3D('',#9110,#7253,#7254);
#6588=AXIS2_PLACEMENT_3D('',#9116,#7258,#7259);
#6589=AXIS2_PLACEMENT_3D('',#9119,#7262,#7263);
#6590=AXIS2_PLACEMENT_3D('',#9128,#7268,#7269);
#6591=AXIS2_PLACEMENT_3D('',#9134,#7273,#7274);
#6592=AXIS2_PLACEMENT_3D('',#9140,#7278,#7279);
#6593=AXIS2_PLACEMENT_3D('',#9146,#7283,#7284);
#6594=AXIS2_PLACEMENT_3D('',#9152,#7288,#7289);
#6595=AXIS2_PLACEMENT_3D('',#9158,#7293,#7294);
#6596=AXIS2_PLACEMENT_3D('',#9164,#7298,#7299);
#6597=AXIS2_PLACEMENT_3D('',#9170,#7303,#7304);
#6598=AXIS2_PLACEMENT_3D('',#9176,#7308,#7309);
#6599=AXIS2_PLACEMENT_3D('',#9182,#7313,#7314);
#6600=AXIS2_PLACEMENT_3D('',#9185,#7317,#7318);
#6601=AXIS2_PLACEMENT_3D('',#9186,#7319,#7320);
#6602=AXIS2_PLACEMENT_3D('',#9189,#7321,#7322);
#6603=AXIS2_PLACEMENT_3D('',#9193,#7324,#7325);
#6604=AXIS2_PLACEMENT_3D('',#9197,#7327,#7328);
#6605=AXIS2_PLACEMENT_3D('',#9201,#7330,#7331);
#6606=AXIS2_PLACEMENT_3D('',#9205,#7333,#7334);
#6607=AXIS2_PLACEMENT_3D('',#9209,#7336,#7337);
#6608=AXIS2_PLACEMENT_3D('',#9211,#7339,#7340);
#6609=AXIS2_PLACEMENT_3D('',#9213,#7341,#7342);
#6610=AXIS2_PLACEMENT_3D('',#9216,#7344,#7345);
#6611=AXIS2_PLACEMENT_3D('',#9217,#7346,#7347);
#6612=AXIS2_PLACEMENT_3D('',#9218,#7348,#7349);
#6613=AXIS2_PLACEMENT_3D('',#9220,#7350,#7351);
#6614=AXIS2_PLACEMENT_3D('',#9223,#7353,#7354);
#6615=AXIS2_PLACEMENT_3D('',#9224,#7355,#7356);
#6616=AXIS2_PLACEMENT_3D('',#9225,#7357,#7358);
#6617=AXIS2_PLACEMENT_3D('',#9227,#7359,#7360);
#6618=AXIS2_PLACEMENT_3D('',#9229,#7362,#7363);
#6619=AXIS2_PLACEMENT_3D('',#9238,#7368,#7369);
#6620=AXIS2_PLACEMENT_3D('',#9267,#7374,#7375);
#6621=AXIS2_PLACEMENT_3D('',#9273,#7379,#7380);
#6622=AXIS2_PLACEMENT_3D('',#9279,#7384,#7385);
#6623=AXIS2_PLACEMENT_3D('',#9308,#7390,#7391);
#6624=AXIS2_PLACEMENT_3D('',#9314,#7395,#7396);
#6625=AXIS2_PLACEMENT_3D('',#9320,#7400,#7401);
#6626=AXIS2_PLACEMENT_3D('',#9326,#7405,#7406);
#6627=AXIS2_PLACEMENT_3D('',#9332,#7410,#7411);
#6628=AXIS2_PLACEMENT_3D('',#9361,#7416,#7417);
#6629=AXIS2_PLACEMENT_3D('',#9367,#7421,#7422);
#6630=AXIS2_PLACEMENT_3D('',#9396,#7427,#7428);
#6631=AXIS2_PLACEMENT_3D('',#9402,#7432,#7433);
#6632=AXIS2_PLACEMENT_3D('',#9408,#7437,#7438);
#6633=AXIS2_PLACEMENT_3D('',#9414,#7442,#7443);
#6634=AXIS2_PLACEMENT_3D('',#9420,#7447,#7448);
#6635=AXIS2_PLACEMENT_3D('',#9449,#7453,#7454);
#6636=AXIS2_PLACEMENT_3D('',#9478,#7459,#7460);
#6637=AXIS2_PLACEMENT_3D('',#9484,#7464,#7465);
#6638=AXIS2_PLACEMENT_3D('',#9490,#7469,#7470);
#6639=AXIS2_PLACEMENT_3D('',#9493,#7473,#7474);
#6640=AXIS2_PLACEMENT_3D('',#9494,#7475,#7476);
#6641=AXIS2_PLACEMENT_3D('',#9503,#7481,#7482);
#6642=AXIS2_PLACEMENT_3D('',#9532,#7487,#7488);
#6643=AXIS2_PLACEMENT_3D('',#9583,#7495,#7496);
#6644=AXIS2_PLACEMENT_3D('',#9612,#7501,#7502);
#6645=AXIS2_PLACEMENT_3D('',#9618,#7506,#7507);
#6646=AXIS2_PLACEMENT_3D('',#9624,#7511,#7512);
#6647=AXIS2_PLACEMENT_3D('',#9630,#7516,#7517);
#6648=AXIS2_PLACEMENT_3D('',#9636,#7521,#7522);
#6649=AXIS2_PLACEMENT_3D('',#9665,#7527,#7528);
#6650=AXIS2_PLACEMENT_3D('',#9694,#7533,#7534);
#6651=AXIS2_PLACEMENT_3D('',#9700,#7538,#7539);
#6652=AXIS2_PLACEMENT_3D('',#9706,#7543,#7544);
#6653=AXIS2_PLACEMENT_3D('',#9709,#7547,#7548);
#6654=AXIS2_PLACEMENT_3D('',#9710,#7549,#7550);
#6655=AXIS2_PLACEMENT_3D('',#9719,#7555,#7556);
#6656=AXIS2_PLACEMENT_3D('',#9824,#7565,#7566);
#6657=AXIS2_PLACEMENT_3D('',#9936,#7576,#7577);
#6658=AXIS2_PLACEMENT_3D('',#9942,#7581,#7582);
#6659=AXIS2_PLACEMENT_3D('',#9945,#7585,#7586);
#6660=AXIS2_PLACEMENT_3D('',#9946,#7587,#7588);
#6661=AXIS2_PLACEMENT_3D('',#9955,#7593,#7594);
#6662=AXIS2_PLACEMENT_3D('',#9984,#7599,#7600);
#6663=AXIS2_PLACEMENT_3D('',#10013,#7605,#7606);
#6664=AXIS2_PLACEMENT_3D('',#10019,#7610,#7611);
#6665=AXIS2_PLACEMENT_3D('',#10025,#7615,#7616);
#6666=AXIS2_PLACEMENT_3D('',#10031,#7620,#7621);
#6667=AXIS2_PLACEMENT_3D('',#10037,#7625,#7626);
#6668=AXIS2_PLACEMENT_3D('',#10066,#7631,#7632);
#6669=AXIS2_PLACEMENT_3D('',#10095,#7637,#7638);
#6670=AXIS2_PLACEMENT_3D('',#10101,#7642,#7643);
#6671=AXIS2_PLACEMENT_3D('',#10107,#7647,#7648);
#6672=AXIS2_PLACEMENT_3D('',#10110,#7651,#7652);
#6673=AXIS2_PLACEMENT_3D('',#10111,#7653,#7654);
#6674=AXIS2_PLACEMENT_3D('',#10120,#7659,#7660);
#6675=AXIS2_PLACEMENT_3D('',#10149,#7665,#7666);
#6676=AXIS2_PLACEMENT_3D('',#10155,#7670,#7671);
#6677=AXIS2_PLACEMENT_3D('',#10161,#7675,#7676);
#6678=AXIS2_PLACEMENT_3D('',#10190,#7681,#7682);
#6679=AXIS2_PLACEMENT_3D('',#10196,#7686,#7687);
#6680=AXIS2_PLACEMENT_3D('',#10202,#7691,#7692);
#6681=AXIS2_PLACEMENT_3D('',#10208,#7696,#7697);
#6682=AXIS2_PLACEMENT_3D('',#10214,#7701,#7702);
#6683=AXIS2_PLACEMENT_3D('',#10243,#7707,#7708);
#6684=AXIS2_PLACEMENT_3D('',#10249,#7712,#7713);
#6685=AXIS2_PLACEMENT_3D('',#10278,#7718,#7719);
#6686=AXIS2_PLACEMENT_3D('',#10284,#7723,#7724);
#6687=AXIS2_PLACEMENT_3D('',#10290,#7728,#7729);
#6688=AXIS2_PLACEMENT_3D('',#10296,#7733,#7734);
#6689=AXIS2_PLACEMENT_3D('',#10302,#7738,#7739);
#6690=AXIS2_PLACEMENT_3D('',#10331,#7744,#7745);
#6691=AXIS2_PLACEMENT_3D('',#10360,#7750,#7751);
#6692=AXIS2_PLACEMENT_3D('',#10366,#7755,#7756);
#6693=AXIS2_PLACEMENT_3D('',#10372,#7760,#7761);
#6694=AXIS2_PLACEMENT_3D('',#10375,#7764,#7765);
#6695=AXIS2_PLACEMENT_3D('',#10376,#7766,#7767);
#6696=AXIS2_PLACEMENT_3D('',#10379,#7768,#7769);
#6697=AXIS2_PLACEMENT_3D('',#10383,#7771,#7772);
#6698=AXIS2_PLACEMENT_3D('',#10385,#7774,#7775);
#6699=AXIS2_PLACEMENT_3D('',#10391,#7779,#7780);
#6700=AXIS2_PLACEMENT_3D('',#10393,#7781,#7782);
#6701=AXIS2_PLACEMENT_3D('',#10395,#7783,#7784);
#6702=AXIS2_PLACEMENT_3D('',#10397,#7786,#7787);
#6703=AXIS2_PLACEMENT_3D('',#10400,#7790,#7791);
#6704=AXIS2_PLACEMENT_3D('',#10401,#7792,#7793);
#6705=AXIS2_PLACEMENT_3D('',#10404,#7794,#7795);
#6706=AXIS2_PLACEMENT_3D('',#10408,#7797,#7798);
#6707=AXIS2_PLACEMENT_3D('',#10410,#7800,#7801);
#6708=AXIS2_PLACEMENT_3D('',#10414,#7803,#7804);
#6709=AXIS2_PLACEMENT_3D('',#10416,#7806,#7807);
#6710=AXIS2_PLACEMENT_3D('',#10430,#7814,#7815);
#6711=AXIS2_PLACEMENT_3D('',#10434,#7817,#7818);
#6712=AXIS2_PLACEMENT_3D('',#10436,#7820,#7821);
#6713=AXIS2_PLACEMENT_3D('',#10438,#7822,#7823);
#6714=AXIS2_PLACEMENT_3D('',#10440,#7824,#7825);
#6715=AXIS2_PLACEMENT_3D('',#10442,#7827,#7828);
#6716=AXIS2_PLACEMENT_3D('',#10445,#7830,#7831);
#6717=AXIS2_PLACEMENT_3D('',#10446,#7832,#7833);
#6718=AXIS2_PLACEMENT_3D('',#10448,#7834,#7835);
#6719=AXIS2_PLACEMENT_3D('',#10450,#7837,#7838);
#6720=AXIS2_PLACEMENT_3D('',#10452,#7839,#7840);
#6721=AXIS2_PLACEMENT_3D('',#10470,#7842,#7843);
#6722=AXIS2_PLACEMENT_3D('',#10472,#7844,#7845);
#6723=AXIS2_PLACEMENT_3D('',#10473,#7846,#7847);
#6724=AXIS2_PLACEMENT_3D('',#10474,#7848,#7849);
#6725=AXIS2_PLACEMENT_3D('',#10476,#7850,#7851);
#6726=AXIS2_PLACEMENT_3D('',#10478,#7853,#7854);
#6727=AXIS2_PLACEMENT_3D('',#10480,#7855,#7856);
#6728=AXIS2_PLACEMENT_3D('',#10482,#7858,#7859);
#6729=AXIS2_PLACEMENT_3D('',#10484,#7860,#7861);
#6730=AXIS2_PLACEMENT_3D('',#10485,#7862,#7863);
#6731=AXIS2_PLACEMENT_3D('',#10496,#7864,#7865);
#6732=AXIS2_PLACEMENT_3D('',#10497,#7866,#7867);
#6733=AXIS2_PLACEMENT_3D('',#10498,#7868,#7869);
#6734=AXIS2_PLACEMENT_3D('',#10500,#7870,#7871);
#6735=AXIS2_PLACEMENT_3D('',#10502,#7873,#7874);
#6736=AXIS2_PLACEMENT_3D('',#10504,#7875,#7876);
#6737=AXIS2_PLACEMENT_3D('',#10506,#7878,#7879);
#6738=AXIS2_PLACEMENT_3D('',#10508,#7880,#7881);
#6739=AXIS2_PLACEMENT_3D('',#10509,#7882,#7883);
#6740=AXIS2_PLACEMENT_3D('',#10520,#7884,#7885);
#6741=AXIS2_PLACEMENT_3D('',#10521,#7886,#7887);
#6742=AXIS2_PLACEMENT_3D('',#10522,#7888,#7889);
#6743=AXIS2_PLACEMENT_3D('',#10524,#7890,#7891);
#6744=AXIS2_PLACEMENT_3D('',#10526,#7893,#7894);
#6745=AXIS2_PLACEMENT_3D('',#10528,#7895,#7896);
#6746=AXIS2_PLACEMENT_3D('',#10545,#7898,#7899);
#6747=AXIS2_PLACEMENT_3D('',#10546,#7900,#7901);
#6748=AXIS2_PLACEMENT_3D('',#10552,#7905,#7906);
#6749=AXIS2_PLACEMENT_3D('',#10555,#7908,#7909);
#6750=AXIS2_PLACEMENT_3D('',#10556,#7910,#7911);
#6751=AXIS2_PLACEMENT_3D('',#10560,#7914,#7915);
#6752=AXIS2_PLACEMENT_3D('',#10563,#7917,#7918);
#6753=AXIS2_PLACEMENT_3D('',#10564,#7919,#7920);
#6754=AXIS2_PLACEMENT_3D('',#10568,#7923,#7924);
#6755=AXIS2_PLACEMENT_3D('',#10571,#7926,#7927);
#6756=AXIS2_PLACEMENT_3D('',#10572,#7928,#7929);
#6757=AXIS2_PLACEMENT_3D('',#10573,#7930,#7931);
#6758=AXIS2_PLACEMENT_3D('',#10577,#7933,#7934);
#6759=AXIS2_PLACEMENT_3D('',#10579,#7936,#7937);
#6760=AXIS2_PLACEMENT_3D('',#10581,#7939,#7940);
#6761=AXIS2_PLACEMENT_3D('',#10584,#7941,#7942);
#6762=AXIS2_PLACEMENT_3D('',#10588,#7944,#7945);
#6763=AXIS2_PLACEMENT_3D('',#10599,#7951,#7952);
#6764=AXIS2_PLACEMENT_3D('',#10602,#7954,#7955);
#6765=AXIS2_PLACEMENT_3D('',#10603,#7956,#7957);
#6766=AXIS2_PLACEMENT_3D('',#10605,#7959,#7960);
#6767=AXIS2_PLACEMENT_3D('',#10607,#7962,#7963);
#6768=AXIS2_PLACEMENT_3D('',#10609,#7965,#7966);
#6769=AXIS2_PLACEMENT_3D('',#10610,#7967,#7968);
#6770=AXIS2_PLACEMENT_3D('',#10614,#7970,#7971);
#6771=AXIS2_PLACEMENT_3D('',#10616,#7973,#7974);
#6772=AXIS2_PLACEMENT_3D('',#10618,#7975,#7976);
#6773=AXIS2_PLACEMENT_3D('',#10619,#7977,#7978);
#6774=AXIS2_PLACEMENT_3D('',#10620,#7979,#7980);
#6775=AXIS2_PLACEMENT_3D('',#10621,#7981,#7982);
#6776=AXIS2_PLACEMENT_3D('',#10623,#7983,#7984);
#6777=AXIS2_PLACEMENT_3D('',#10625,#7986,#7987);
#6778=AXIS2_PLACEMENT_3D('',#10628,#7988,#7989);
#6779=AXIS2_PLACEMENT_3D('',#10629,#7990,#7991);
#6780=AXIS2_PLACEMENT_3D('',#10630,#7992,#7993);
#6781=AXIS2_PLACEMENT_3D('',#10631,#7994,#7995);
#6782=AXIS2_PLACEMENT_3D('',#10634,#7998,#7999);
#6783=AXIS2_PLACEMENT_3D('',#10635,#8000,#8001);
#6784=AXIS2_PLACEMENT_3D('',#10638,#8002,#8003);
#6785=AXIS2_PLACEMENT_3D('',#10641,#8006,#8007);
#6786=AXIS2_PLACEMENT_3D('',#10645,#8010,#8011);
#6787=AXIS2_PLACEMENT_3D('',#10647,#8012,#8013);
#6788=AXIS2_PLACEMENT_3D('',#10649,#8015,#8016);
#6789=AXIS2_PLACEMENT_3D('',#10651,#8018,#8019);
#6790=AXIS2_PLACEMENT_3D('',#10652,#8020,#8021);
#6791=AXIS2_PLACEMENT_3D('',#10654,#8023,#8024);
#6792=AXIS2_PLACEMENT_3D('',#10656,#8026,#8027);
#6793=AXIS2_PLACEMENT_3D('',#10658,#8029,#8030);
#6794=AXIS2_PLACEMENT_3D('',#10660,#8031,#8032);
#6795=AXIS2_PLACEMENT_3D('',#10662,#8034,#8035);
#6796=AXIS2_PLACEMENT_3D('',#10664,#8036,#8037);
#6797=AXIS2_PLACEMENT_3D('',#10666,#8038,#8039);
#6798=AXIS2_PLACEMENT_3D('',#10668,#8040,#8041);
#6799=AXIS2_PLACEMENT_3D('',#10669,#8042,#8043);
#6800=AXIS2_PLACEMENT_3D('',#10670,#8044,#8045);
#6801=AXIS2_PLACEMENT_3D('',#10674,#8047,#8048);
#6802=AXIS2_PLACEMENT_3D('',#10675,#8049,#8050);
#6803=AXIS2_PLACEMENT_3D('',#10676,#8051,#8052);
#6804=AXIS2_PLACEMENT_3D('',#10677,#8053,#8054);
#6805=AXIS2_PLACEMENT_3D('',#10679,#8055,#8056);
#6806=AXIS2_PLACEMENT_3D('',#10681,#8057,#8058);
#6807=AXIS2_PLACEMENT_3D('',#10682,#8059,#8060);
#6808=AXIS2_PLACEMENT_3D('',#10683,#8061,#8062);
#6809=AXIS2_PLACEMENT_3D('',#10685,#8063,#8064);
#6810=AXIS2_PLACEMENT_3D('',#10686,#8065,#8066);
#6811=AXIS2_PLACEMENT_3D('',#10689,#8067,#8068);
#6812=AXIS2_PLACEMENT_3D('',#10690,#8069,#8070);
#6813=AXIS2_PLACEMENT_3D('',#10692,#8072,#8073);
#6814=AXIS2_PLACEMENT_3D('',#10695,#8074,#8075);
#6815=AXIS2_PLACEMENT_3D('',#10696,#8076,#8077);
#6816=AXIS2_PLACEMENT_3D('',#10697,#8078,#8079);
#6817=AXIS2_PLACEMENT_3D('',#10698,#8080,#8081);
#6818=AXIS2_PLACEMENT_3D('',#10701,#8083,#8084);
#6819=AXIS2_PLACEMENT_3D('',#10702,#8085,#8086);
#6820=AXIS2_PLACEMENT_3D('',#10703,#8087,#8088);
#6821=AXIS2_PLACEMENT_3D('',#10704,#8089,#8090);
#6822=AXIS2_PLACEMENT_3D('',#10705,#8091,#8092);
#6823=AXIS2_PLACEMENT_3D('',#10707,#8094,#8095);
#6824=AXIS2_PLACEMENT_3D('',#10708,#8096,#8097);
#6825=AXIS2_PLACEMENT_3D('',#10709,#8098,#8099);
#6826=AXIS2_PLACEMENT_3D('',#10711,#8100,#8101);
#6827=AXIS2_PLACEMENT_3D('',#10714,#8103,#8104);
#6828=AXIS2_PLACEMENT_3D('',#10715,#8105,#8106);
#6829=AXIS2_PLACEMENT_3D('',#10717,#8107,#8108);
#6830=AXIS2_PLACEMENT_3D('',#10719,#8110,#8111);
#6831=AXIS2_PLACEMENT_3D('',#10720,#8112,#8113);
#6832=AXIS2_PLACEMENT_3D('',#10721,#8114,#8115);
#6833=AXIS2_PLACEMENT_3D('',#10734,#8122,#8123);
#6834=AXIS2_PLACEMENT_3D('',#10740,#8127,#8128);
#6835=AXIS2_PLACEMENT_3D('',#10750,#8134,#8135);
#6836=AXIS2_PLACEMENT_3D('',#10759,#8140,#8141);
#6837=AXIS2_PLACEMENT_3D('',#10762,#8144,#8145);
#6838=AXIS2_PLACEMENT_3D('',#10763,#8146,#8147);
#6839=AXIS2_PLACEMENT_3D('',#10765,#8149,#8150);
#6840=AXIS2_PLACEMENT_3D('',#10767,#8152,#8153);
#6841=AXIS2_PLACEMENT_3D('',#10770,#8156,#8157);
#6842=AXIS2_PLACEMENT_3D('',#10773,#8160,#8161);
#6843=AXIS2_PLACEMENT_3D('',#10774,#8162,#8163);
#6844=AXIS2_PLACEMENT_3D('',#10775,#8164,#8165);
#6845=AXIS2_PLACEMENT_3D('',#10788,#8172,#8173);
#6846=AXIS2_PLACEMENT_3D('',#10794,#8177,#8178);
#6847=AXIS2_PLACEMENT_3D('',#10804,#8184,#8185);
#6848=AXIS2_PLACEMENT_3D('',#10813,#8190,#8191);
#6849=AXIS2_PLACEMENT_3D('',#10816,#8194,#8195);
#6850=AXIS2_PLACEMENT_3D('',#10817,#8196,#8197);
#6851=AXIS2_PLACEMENT_3D('',#10819,#8199,#8200);
#6852=AXIS2_PLACEMENT_3D('',#10821,#8202,#8203);
#6853=AXIS2_PLACEMENT_3D('',#10824,#8206,#8207);
#6854=AXIS2_PLACEMENT_3D('',#10827,#8210,#8211);
#6855=AXIS2_PLACEMENT_3D('',#10828,#8212,#8213);
#6856=AXIS2_PLACEMENT_3D('',#10829,#8214,#8215);
#6857=AXIS2_PLACEMENT_3D('',#10842,#8222,#8223);
#6858=AXIS2_PLACEMENT_3D('',#10848,#8227,#8228);
#6859=AXIS2_PLACEMENT_3D('',#10858,#8234,#8235);
#6860=AXIS2_PLACEMENT_3D('',#10867,#8240,#8241);
#6861=AXIS2_PLACEMENT_3D('',#10870,#8244,#8245);
#6862=AXIS2_PLACEMENT_3D('',#10871,#8246,#8247);
#6863=AXIS2_PLACEMENT_3D('',#10873,#8249,#8250);
#6864=AXIS2_PLACEMENT_3D('',#10875,#8252,#8253);
#6865=AXIS2_PLACEMENT_3D('',#10878,#8256,#8257);
#6866=AXIS2_PLACEMENT_3D('',#10881,#8260,#8261);
#6867=AXIS2_PLACEMENT_3D('',#10882,#8262,#8263);
#6868=AXIS2_PLACEMENT_3D('',#10883,#8264,#8265);
#6869=AXIS2_PLACEMENT_3D('',#10896,#8272,#8273);
#6870=AXIS2_PLACEMENT_3D('',#10902,#8277,#8278);
#6871=AXIS2_PLACEMENT_3D('',#10912,#8284,#8285);
#6872=AXIS2_PLACEMENT_3D('',#10921,#8290,#8291);
#6873=AXIS2_PLACEMENT_3D('',#10924,#8294,#8295);
#6874=AXIS2_PLACEMENT_3D('',#10925,#8296,#8297);
#6875=AXIS2_PLACEMENT_3D('',#10927,#8299,#8300);
#6876=AXIS2_PLACEMENT_3D('',#10929,#8302,#8303);
#6877=AXIS2_PLACEMENT_3D('',#10932,#8306,#8307);
#6878=AXIS2_PLACEMENT_3D('',#10935,#8310,#8311);
#6879=AXIS2_PLACEMENT_3D('',#10936,#8312,#8313);
#6880=AXIS2_PLACEMENT_3D('',#10937,#8314,#8315);
#6881=AXIS2_PLACEMENT_3D('',#10939,#8316,#8317);
#6882=AXIS2_PLACEMENT_3D('',#10942,#8319,#8320);
#6883=AXIS2_PLACEMENT_3D('',#10943,#8321,#8322);
#6884=AXIS2_PLACEMENT_3D('',#10945,#8323,#8324);
#6885=AXIS2_PLACEMENT_3D('',#10948,#8326,#8327);
#6886=AXIS2_PLACEMENT_3D('',#10949,#8328,#8329);
#6887=AXIS2_PLACEMENT_3D('',#10951,#8330,#8331);
#6888=AXIS2_PLACEMENT_3D('',#10954,#8333,#8334);
#6889=AXIS2_PLACEMENT_3D('',#10955,#8335,#8336);
#6890=AXIS2_PLACEMENT_3D('',#10958,#8337,#8338);
#6891=AXIS2_PLACEMENT_3D('',#10959,#8339,#8340);
#6892=AXIS2_PLACEMENT_3D('',#10961,#8341,#8342);
#6893=AXIS2_PLACEMENT_3D('',#10962,#8343,#8344);
#6894=AXIS2_PLACEMENT_3D('',#10963,#8345,#8346);
#6895=AXIS2_PLACEMENT_3D('',#10965,#8347,#8348);
#6896=AXIS2_PLACEMENT_3D('',#10967,#8349,#8350);
#6897=AXIS2_PLACEMENT_3D('',#10969,#8351,#8352);
#6898=AXIS2_PLACEMENT_3D('',#10970,#8353,#8354);
#6899=AXIS2_PLACEMENT_3D('',#10971,#8355,#8356);
#6900=AXIS2_PLACEMENT_3D('',#10974,#8357,#8358);
#6901=AXIS2_PLACEMENT_3D('',#10976,#8359,#8360);
#6902=AXIS2_PLACEMENT_3D('',#10978,#8361,#8362);
#6903=AXIS2_PLACEMENT_3D('',#10979,#8363,#8364);
#6904=AXIS2_PLACEMENT_3D('',#10980,#8365,#8366);
#6905=AXIS2_PLACEMENT_3D('',#10983,#8368,#8369);
#6906=AXIS2_PLACEMENT_3D('',#10984,#8370,#8371);
#6907=AXIS2_PLACEMENT_3D('',#10988,#8373,#8374);
#6908=AXIS2_PLACEMENT_3D('',#10990,#8376,#8377);
#6909=AXIS2_PLACEMENT_3D('',#10992,#8378,#8379);
#6910=AXIS2_PLACEMENT_3D('',#10994,#8381,#8382);
#6911=AXIS2_PLACEMENT_3D('',#10996,#8383,#8384);
#6912=AXIS2_PLACEMENT_3D('',#10999,#8386,#8387);
#6913=AXIS2_PLACEMENT_3D('',#11000,#8388,#8389);
#6914=AXIS2_PLACEMENT_3D('',#11001,#8390,#8391);
#6915=AXIS2_PLACEMENT_3D('',#11002,#8392,#8393);
#6916=AXIS2_PLACEMENT_3D('',#11003,#8394,#8395);
#6917=AXIS2_PLACEMENT_3D('',#11009,#8399,#8400);
#6918=AXIS2_PLACEMENT_3D('',#11015,#8404,#8405);
#6919=AXIS2_PLACEMENT_3D('',#11021,#8409,#8410);
#6920=AXIS2_PLACEMENT_3D('',#11026,#8412,#8413);
#6921=AXIS2_PLACEMENT_3D('',#11029,#8415,#8416);
#6922=AXIS2_PLACEMENT_3D('',#11030,#8417,#8418);
#6923=AXIS2_PLACEMENT_3D('',#11034,#8420,#8421);
#6924=AXIS2_PLACEMENT_3D('',#11036,#8423,#8424);
#6925=AXIS2_PLACEMENT_3D('',#11041,#8426,#8427);
#6926=AXIS2_PLACEMENT_3D('',#11044,#8429,#8430);
#6927=AXIS2_PLACEMENT_3D('',#11045,#8431,#8432);
#6928=AXIS2_PLACEMENT_3D('',#11049,#8434,#8435);
#6929=AXIS2_PLACEMENT_3D('',#11051,#8437,#8438);
#6930=AXIS2_PLACEMENT_3D('',#11053,#8439,#8440);
#6931=AXIS2_PLACEMENT_3D('',#11056,#8442,#8443);
#6932=AXIS2_PLACEMENT_3D('',#11058,#8445,#8446);
#6933=AXIS2_PLACEMENT_3D('',#11060,#8447,#8448);
#6934=AXIS2_PLACEMENT_3D('',#11061,#8449,#8450);
#6935=AXIS2_PLACEMENT_3D('',#11062,#8451,#8452);
#6936=AXIS2_PLACEMENT_3D('',#11064,#8453,#8454);
#6937=AXIS2_PLACEMENT_3D('',#11065,#8455,#8456);
#6938=AXIS2_PLACEMENT_3D('',#11066,#8457,#8458);
#6939=AXIS2_PLACEMENT_3D('',#11072,#8462,#8463);
#6940=AXIS2_PLACEMENT_3D('',#11075,#8464,#8465);
#6941=AXIS2_PLACEMENT_3D('',#11078,#8468,#8469);
#6942=AXIS2_PLACEMENT_3D('',#11084,#8473,#8474);
#6943=AXIS2_PLACEMENT_3D('',#11092,#8479,#8480);
#6944=AXIS2_PLACEMENT_3D('',#11094,#8481,#8482);
#6945=AXIS2_PLACEMENT_3D('',#11096,#8484,#8485);
#6946=AXIS2_PLACEMENT_3D('',#11098,#8487,#8488);
#6947=AXIS2_PLACEMENT_3D('',#11106,#8493,#8494);
#6948=AXIS2_PLACEMENT_3D('',#11110,#8496,#8497);
#6949=AXIS2_PLACEMENT_3D('',#11114,#8499,#8500);
#6950=AXIS2_PLACEMENT_3D('',#11118,#8502,#8503);
#6951=AXIS2_PLACEMENT_3D('',#11122,#8505,#8506);
#6952=AXIS2_PLACEMENT_3D('',#11126,#8508,#8509);
#6953=AXIS2_PLACEMENT_3D('',#11130,#8511,#8512);
#6954=AXIS2_PLACEMENT_3D('',#11133,#8514,#8515);
#6955=AXIS2_PLACEMENT_3D('',#11134,#8516,#8517);
#6956=AXIS2_PLACEMENT_3D('',#11135,#8518,#8519);
#6957=AXIS2_PLACEMENT_3D('',#11136,#8520,#8521);
#6958=AXIS2_PLACEMENT_3D('',#11137,#8522,#8523);
#6959=AXIS2_PLACEMENT_3D('',#11138,#8524,#8525);
#6960=AXIS2_PLACEMENT_3D('',#11139,#8526,#8527);
#6961=AXIS2_PLACEMENT_3D('',#11140,#8528,#8529);
#6962=AXIS2_PLACEMENT_3D('',#11141,#8530,#8531);
#6963=AXIS2_PLACEMENT_3D('',#11142,#8532,#8533);
#6964=AXIS2_PLACEMENT_3D('',#11143,#8534,#8535);
#6965=AXIS2_PLACEMENT_3D('',#11144,#8536,#8537);
#6966=AXIS2_PLACEMENT_3D('',#11145,#8538,#8539);
#6967=AXIS2_PLACEMENT_3D('',#11146,#8540,#8541);
#6968=AXIS2_PLACEMENT_3D('',#11147,#8542,#8543);
#6969=AXIS2_PLACEMENT_3D('',#11151,#8545,#8546);
#6970=AXIS2_PLACEMENT_3D('',#11153,#8548,#8549);
#6971=AXIS2_PLACEMENT_3D('',#11157,#8552,#8553);
#6972=AXIS2_PLACEMENT_3D('',#11159,#8554,#8555);
#6973=AXIS2_PLACEMENT_3D('',#11161,#8557,#8558);
#6974=AXIS2_PLACEMENT_3D('',#11165,#8561,#8562);
#6975=AXIS2_PLACEMENT_3D('',#11167,#8563,#8564);
#6976=AXIS2_PLACEMENT_3D('',#11169,#8566,#8567);
#6977=AXIS2_PLACEMENT_3D('',#11173,#8570,#8571);
#6978=AXIS2_PLACEMENT_3D('',#11175,#8572,#8573);
#6979=AXIS2_PLACEMENT_3D('',#11177,#8575,#8576);
#6980=AXIS2_PLACEMENT_3D('',#11181,#8579,#8580);
#6981=AXIS2_PLACEMENT_3D('',#11183,#8581,#8582);
#6982=AXIS2_PLACEMENT_3D('',#11185,#8584,#8585);
#6983=AXIS2_PLACEMENT_3D('',#11189,#8588,#8589);
#6984=AXIS2_PLACEMENT_3D('',#11191,#8590,#8591);
#6985=AXIS2_PLACEMENT_3D('',#11193,#8593,#8594);
#6986=AXIS2_PLACEMENT_3D('',#11197,#8597,#8598);
#6987=AXIS2_PLACEMENT_3D('',#11199,#8599,#8600);
#6988=AXIS2_PLACEMENT_3D('',#11201,#8602,#8603);
#6989=AXIS2_PLACEMENT_3D('',#11205,#8606,#8607);
#6990=AXIS2_PLACEMENT_3D('',#11207,#8608,#8609);
#6991=AXIS2_PLACEMENT_3D('',#11209,#8611,#8612);
#6992=AXIS2_PLACEMENT_3D('',#11211,#8614,#8615);
#6993=AXIS2_PLACEMENT_3D('',#11212,#8616,#8617);
#6994=AXIS2_PLACEMENT_3D('',#11213,#8618,#8619);
#6995=DIRECTION('axis',(0.,0.,1.));
#6996=DIRECTION('refdir',(1.,0.,0.));
#6997=DIRECTION('axis',(0.,0.,1.));
#6998=DIRECTION('refdir',(1.,0.,0.));
#6999=DIRECTION('center_axis',(2.68319918352039E-45,1.40534560079134E-16,
-1.));
#7000=DIRECTION('ref_axis',(-1.,-2.62743462060903E-46,-2.68319918352039E-45));
#7001=DIRECTION('center_axis',(2.68319918352039E-45,1.40534560079134E-16,
-1.));
#7002=DIRECTION('ref_axis',(-1.,-2.62743462060903E-46,-2.68319918352039E-45));
#7003=DIRECTION('',(-2.68319918352039E-45,-1.40534560079134E-16,1.));
#7004=DIRECTION('center_axis',(5.11614974084834E-16,1.4791141972894E-31,
1.));
#7005=DIRECTION('ref_axis',(-1.,-1.8706976488943E-46,5.11614974084834E-16));
#7006=DIRECTION('center_axis',(2.57269639934635E-46,-1.,-7.56736971714725E-47));
#7007=DIRECTION('ref_axis',(-2.68319918352039E-45,-7.56736971714725E-47,
1.));
#7008=DIRECTION('center_axis',(-2.57269639934635E-46,1.,7.56736971714725E-47));
#7009=DIRECTION('ref_axis',(-2.68319918352039E-45,-7.56736971714725E-47,
1.));
#7010=DIRECTION('',(8.65956056235495E-17,-0.707106781186546,-0.707106781186549));
#7011=DIRECTION('center_axis',(-3.71230823859037E-16,1.,4.20158285991929E-32));
#7012=DIRECTION('ref_axis',(-1.,-3.71230823859037E-16,5.11614974084834E-16));
#7013=DIRECTION('center_axis',(-3.71230823859037E-16,1.,4.20158285991929E-32));
#7014=DIRECTION('ref_axis',(-1.,-3.71230823859037E-16,5.11614974084834E-16));
#7015=DIRECTION('center_axis',(2.57269639934635E-46,-1.,-7.56736971714725E-47));
#7016=DIRECTION('ref_axis',(-1.,-2.57269639934635E-46,-2.68319918352039E-45));
#7017=DIRECTION('center_axis',(2.68319918352039E-45,7.56736971714725E-47,
-1.));
#7018=DIRECTION('ref_axis',(-2.57269639934635E-46,1.,7.56736971714725E-47));
#7019=DIRECTION('center_axis',(2.68319918352039E-45,7.56736971714725E-47,
-1.));
#7020=DIRECTION('ref_axis',(-1.,-2.62743462060903E-46,-2.68319918352039E-45));
#7021=DIRECTION('center_axis',(2.68319918352039E-45,7.56736971714725E-47,
-1.));
#7022=DIRECTION('ref_axis',(-2.57269639934635E-46,1.,7.56736971714725E-47));
#7023=DIRECTION('center_axis',(2.68319918352039E-45,7.56736971714725E-47,
-1.));
#7024=DIRECTION('ref_axis',(1.,2.62743462060903E-46,2.68319918352039E-45));
#7025=DIRECTION('',(1.,2.62743462060903E-46,2.68319918352039E-45));
#7026=DIRECTION('center_axis',(2.68319918352039E-45,7.56736971714725E-47,
-1.));
#7027=DIRECTION('ref_axis',(-2.57269639934635E-46,1.,7.56736971714725E-47));
#7028=DIRECTION('',(2.68319918352039E-45,7.56736971714725E-47,-1.));
#7029=DIRECTION('center_axis',(-2.57269639934635E-46,1.,7.56736971714725E-47));
#7030=DIRECTION('ref_axis',(-2.68319918352039E-45,-7.56736971714725E-47,
1.));
#7031=DIRECTION('center_axis',(-2.57269639934635E-46,1.,7.56736971714725E-47));
#7032=DIRECTION('ref_axis',(-2.68319918352039E-45,-7.56736971714725E-47,
1.));
#7033=DIRECTION('center_axis',(-2.57269639934635E-46,1.,7.56736971714725E-47));
#7034=DIRECTION('ref_axis',(-2.68319918352039E-45,-7.56736971714725E-47,
1.));
#7035=DIRECTION('center_axis',(-2.68319918352039E-45,-7.56736971714725E-47,
1.));
#7036=DIRECTION('ref_axis',(-1.,-2.62743462060903E-46,-2.68319918352039E-45));
#7037=DIRECTION('',(-0.707106781186544,-8.65956056235489E-17,-0.707106781186551));
#7038=DIRECTION('center_axis',(-2.68319918352039E-45,-1.40534560079134E-16,
1.));
#7039=DIRECTION('ref_axis',(-1.,-2.62743462060903E-46,-2.68319918352039E-45));
#7040=DIRECTION('center_axis',(2.68319918352039E-45,1.40534560079134E-16,
-1.));
#7041=DIRECTION('ref_axis',(-2.57269639934635E-46,1.,1.40534560079134E-16));
#7042=DIRECTION('center_axis',(-2.57269639934635E-46,1.,7.56736971714725E-47));
#7043=DIRECTION('ref_axis',(-2.68319918352039E-45,-7.56736971714725E-47,
1.));
#7044=DIRECTION('',(-2.57269639934635E-46,1.,7.56736971714725E-47));
#7045=DIRECTION('center_axis',(2.57269639934635E-46,-1.,-7.56736971714725E-47));
#7046=DIRECTION('ref_axis',(-2.68319918352039E-45,-7.56736971714725E-47,
1.));
#7047=DIRECTION('center_axis',(2.57269639934635E-46,-1.,-7.56736971714725E-47));
#7048=DIRECTION('ref_axis',(-2.68319918352039E-45,-7.56736971714725E-47,
1.));
#7049=DIRECTION('center_axis',(-1.,-4.64497263843992E-13,-1.22464679222875E-16));
#7050=DIRECTION('ref_axis',(-1.22464679914735E-16,1.48948169289127E-12,
1.));
#7051=DIRECTION('center_axis',(0.,-1.,0.));
#7052=DIRECTION('ref_axis',(-5.11614974084834E-16,0.,-1.));
#7053=DIRECTION('',(-1.,0.,5.11614974084834E-16));
#7054=DIRECTION('',(6.04133559470264E-16,0.,1.));
#7055=DIRECTION('',(1.,0.,-6.95305927158191E-16));
#7056=DIRECTION('',(-8.81689315626553E-16,0.,-1.));
#7057=DIRECTION('center_axis',(-1.,0.,8.81689315626553E-16));
#7058=DIRECTION('ref_axis',(8.81689315626553E-16,0.,1.));
#7059=DIRECTION('',(1.30411918434161E-46,-1.,1.4791141972894E-31));
#7060=DIRECTION('',(-5.11614974084834E-16,0.,-1.));
#7061=DIRECTION('',(0.,1.,0.));
#7062=DIRECTION('',(-5.11614974084834E-16,0.,-1.));
#7063=DIRECTION('',(0.,1.,0.));
#7064=DIRECTION('',(8.81689315626553E-16,0.,1.));
#7065=DIRECTION('center_axis',(1.,0.,-6.04133559470264E-16));
#7066=DIRECTION('ref_axis',(-6.04133559470264E-16,0.,-1.));
#7067=DIRECTION('',(-8.93582524871446E-47,1.,-1.4791141972894E-31));
#7068=DIRECTION('',(-6.04133559470264E-16,0.,-1.));
#7069=DIRECTION('',(0.,1.,0.));
#7070=DIRECTION('',(-5.11614974084834E-16,0.,-1.));
#7071=DIRECTION('',(0.,-1.,0.));
#7072=DIRECTION('',(6.04133559470264E-16,0.,1.));
#7073=DIRECTION('center_axis',(1.,0.,-6.04133559470264E-16));
#7074=DIRECTION('ref_axis',(-6.04133559470264E-16,0.,-1.));
#7075=DIRECTION('',(-8.93582524871446E-47,1.,-1.4791141972894E-31));
#7076=DIRECTION('',(-5.11614974084834E-16,0.,-1.));
#7077=DIRECTION('',(0.,-1.,0.));
#7078=DIRECTION('',(-5.11614974084834E-16,0.,-1.));
#7079=DIRECTION('',(0.,1.,0.));
#7080=DIRECTION('center_axis',(0.,1.,0.));
#7081=DIRECTION('ref_axis',(5.11614974084834E-16,0.,1.));
#7082=DIRECTION('',(-1.,0.,5.11614974084834E-16));
#7083=DIRECTION('',(5.11614974084834E-16,0.,1.));
#7084=DIRECTION('',(1.,0.,-5.11614974084834E-16));
#7085=DIRECTION('',(-5.11614974084834E-16,0.,-1.));
#7086=DIRECTION('center_axis',(0.,1.,0.));
#7087=DIRECTION('ref_axis',(5.11614974084834E-16,0.,1.));
#7088=DIRECTION('',(-1.,0.,5.11614974084834E-16));
#7089=DIRECTION('',(1.,0.,-5.11614974084834E-16));
#7090=DIRECTION('center_axis',(1.,0.,-5.11614974084834E-16));
#7091=DIRECTION('ref_axis',(-5.11614974084834E-16,0.,-1.));
#7092=DIRECTION('',(-7.56736971714725E-47,1.,-1.4791141972894E-31));
#7093=DIRECTION('',(-5.11614974084834E-16,0.,-1.));
#7094=DIRECTION('',(0.,-1.,0.));
#7095=DIRECTION('',(-5.11614974084834E-16,0.,-1.));
#7096=DIRECTION('',(0.,-1.,0.));
#7097=DIRECTION('',(5.11614974084834E-16,0.,1.));
#7098=DIRECTION('center_axis',(0.,1.,0.));
#7099=DIRECTION('ref_axis',(5.11614974084834E-16,0.,1.));
#7100=DIRECTION('',(1.,0.,-5.11614974084834E-16));
#7101=DIRECTION('',(8.81689315626553E-16,0.,1.));
#7102=DIRECTION('',(-1.,0.,5.11614974084834E-16));
#7103=DIRECTION('center_axis',(-1.,0.,8.81689315626553E-16));
#7104=DIRECTION('ref_axis',(8.81689315626553E-16,0.,1.));
#7105=DIRECTION('',(1.30411918434161E-46,-1.,1.4791141972894E-31));
#7106=DIRECTION('',(-8.81689315626553E-16,0.,-1.));
#7107=DIRECTION('',(0.,1.,0.));
#7108=DIRECTION('',(-5.11614974084834E-16,0.,-1.));
#7109=DIRECTION('',(0.,1.,0.));
#7110=DIRECTION('center_axis',(-1.,0.,8.81689315626553E-16));
#7111=DIRECTION('ref_axis',(8.81689315626553E-16,0.,1.));
#7112=DIRECTION('',(1.30411918434161E-46,-1.,1.4791141972894E-31));
#7113=DIRECTION('',(0.,1.,0.));
#7114=DIRECTION('',(-5.11614974084834E-16,0.,-1.));
#7115=DIRECTION('',(0.,1.,0.));
#7116=DIRECTION('',(8.81689315626553E-16,0.,1.));
#7117=DIRECTION('center_axis',(0.,1.,0.));
#7118=DIRECTION('ref_axis',(-1.,0.,7.1421041653468E-16));
#7119=DIRECTION('center_axis',(0.,1.,0.));
#7120=DIRECTION('ref_axis',(-1.,0.,7.1421041653468E-16));
#7121=DIRECTION('center_axis',(-1.32415699052787E-16,0.965925826289069,
-0.25881904510252));
#7122=DIRECTION('ref_axis',(4.88498130835069E-16,0.25881904510252,0.965925826289069));
#7123=DIRECTION('',(-1.,0.,5.11614974084834E-16));
#7124=DIRECTION('',(-0.250562807085731,0.250562807085731,0.93511312653103));
#7125=DIRECTION('',(0.250562807085733,0.250562807085731,0.935113126531029));
#7126=DIRECTION('center_axis',(-0.965925826289069,0.,-0.25881904510252));
#7127=DIRECTION('ref_axis',(-0.25881904510252,0.,0.965925826289069));
#7128=DIRECTION('',(0.,-1.,0.));
#7129=DIRECTION('',(-0.250562807085731,-0.250562807085732,0.935113126531029));
#7130=DIRECTION('center_axis',(-1.32415699052788E-16,-0.965925826289068,
-0.258819045102521));
#7131=DIRECTION('ref_axis',(-5.32907051820075E-16,0.258819045102521,-0.965925826289068));
#7132=DIRECTION('',(1.,0.,-5.11614974084834E-16));
#7133=DIRECTION('',(0.250562807085733,-0.250562807085732,0.935113126531029));
#7134=DIRECTION('',(-1.,0.,5.11614974084834E-16));
#7135=DIRECTION('center_axis',(0.965925826289068,0.,-0.258819045102522));
#7136=DIRECTION('ref_axis',(-0.258819045102522,0.,-0.965925826289068));
#7137=DIRECTION('',(0.,1.,0.));
#7138=DIRECTION('center_axis',(5.11614974084834E-16,0.,1.));
#7139=DIRECTION('ref_axis',(1.,0.,-5.11614974084834E-16));
#7140=DIRECTION('center_axis',(-1.32415699052788E-16,-0.965925826289068,
-0.258819045102521));
#7141=DIRECTION('ref_axis',(-5.32907051820075E-16,0.258819045102521,-0.965925826289068));
#7142=DIRECTION('',(1.,0.,-5.11614974084834E-16));
#7143=DIRECTION('',(0.250562807085732,-0.250562807085732,0.935113126531029));
#7144=DIRECTION('',(-1.,0.,5.11614974084834E-16));
#7145=DIRECTION('',(-0.250562807085731,-0.250562807085732,0.935113126531029));
#7146=DIRECTION('center_axis',(0.965925826289068,0.,-0.258819045102521));
#7147=DIRECTION('ref_axis',(-0.258819045102521,0.,-0.965925826289068));
#7148=DIRECTION('',(0.,1.,0.));
#7149=DIRECTION('',(0.250562807085732,0.250562807085731,0.935113126531029));
#7150=DIRECTION('',(0.,-1.,0.));
#7151=DIRECTION('center_axis',(-1.32415699052787E-16,0.965925826289069,
-0.25881904510252));
#7152=DIRECTION('ref_axis',(4.88498130835069E-16,0.25881904510252,0.965925826289069));
#7153=DIRECTION('',(-1.,0.,5.11614974084834E-16));
#7154=DIRECTION('',(-0.250562807085731,0.250562807085731,0.93511312653103));
#7155=DIRECTION('center_axis',(-0.965925826289068,0.,-0.258819045102521));
#7156=DIRECTION('ref_axis',(-0.258819045102521,0.,0.965925826289068));
#7157=DIRECTION('',(0.,-1.,0.));
#7158=DIRECTION('center_axis',(0.,-1.,0.));
#7159=DIRECTION('ref_axis',(-5.32907051820075E-16,0.,-1.));
#7160=DIRECTION('',(-5.11614974084834E-16,0.,-1.));
#7161=DIRECTION('',(1.,0.,-6.95305927158191E-16));
#7162=DIRECTION('center_axis',(5.11614974084834E-16,0.,1.));
#7163=DIRECTION('ref_axis',(1.,0.,-5.11614974084834E-16));
#7164=DIRECTION('center_axis',(0.965925826289068,0.,-0.258819045102521));
#7165=DIRECTION('ref_axis',(-0.258819045102521,0.,-0.965925826289068));
#7166=DIRECTION('',(0.250562807085732,-0.250562807085731,0.935113126531029));
#7167=DIRECTION('',(0.,1.,0.));
#7168=DIRECTION('',(0.250562807085732,0.250562807085732,0.935113126531029));
#7169=DIRECTION('center_axis',(-1.32415699052788E-16,0.965925826289068,
-0.258819045102521));
#7170=DIRECTION('ref_axis',(5.32907051820075E-16,0.258819045102521,0.965925826289068));
#7171=DIRECTION('',(-1.,0.,5.11614974084834E-16));
#7172=DIRECTION('',(-0.250562807085731,0.250562807085732,0.935113126531029));
#7173=DIRECTION('',(1.,0.,-5.11614974084834E-16));
#7174=DIRECTION('center_axis',(-0.965925826289068,0.,-0.258819045102521));
#7175=DIRECTION('ref_axis',(-0.258819045102521,0.,0.965925826289068));
#7176=DIRECTION('',(0.,-1.,0.));
#7177=DIRECTION('',(-0.250562807085732,-0.25056280708573,0.93511312653103));
#7178=DIRECTION('center_axis',(-1.32415699052787E-16,-0.965925826289069,
-0.25881904510252));
#7179=DIRECTION('ref_axis',(-4.88498130835069E-16,0.25881904510252,-0.965925826289069));
#7180=DIRECTION('',(1.,0.,-5.11614974084834E-16));
#7181=DIRECTION('center_axis',(0.,1.,0.));
#7182=DIRECTION('ref_axis',(5.11614974084834E-16,0.,1.));
#7183=DIRECTION('',(1.,0.,-5.11614974084834E-16));
#7184=DIRECTION('',(8.81689315626553E-16,0.,1.));
#7185=DIRECTION('',(-1.,0.,5.11614974084834E-16));
#7186=DIRECTION('center_axis',(1.,0.,-5.11614974084834E-16));
#7187=DIRECTION('ref_axis',(-5.11614974084834E-16,0.,-1.));
#7188=DIRECTION('',(-7.56736971714725E-47,1.,-1.4791141972894E-31));
#7189=DIRECTION('',(-5.11614974084834E-16,0.,-1.));
#7190=DIRECTION('',(0.,-1.,0.));
#7191=DIRECTION('center_axis',(5.11614974084834E-16,0.,1.));
#7192=DIRECTION('ref_axis',(1.,0.,-5.11614974084834E-16));
#7193=DIRECTION('center_axis',(0.965925826289068,0.,-0.258819045102521));
#7194=DIRECTION('ref_axis',(-0.258819045102521,0.,-0.965925826289068));
#7195=DIRECTION('',(0.250562807085732,-0.250562807085731,0.935113126531029));
#7196=DIRECTION('',(0.,1.,0.));
#7197=DIRECTION('',(0.250562807085732,0.250562807085732,0.935113126531029));
#7198=DIRECTION('center_axis',(-1.32415699052788E-16,0.965925826289068,
-0.258819045102521));
#7199=DIRECTION('ref_axis',(5.32907051820075E-16,0.258819045102521,0.965925826289068));
#7200=DIRECTION('',(-1.,0.,5.11614974084834E-16));
#7201=DIRECTION('',(-0.250562807085732,0.250562807085732,0.935113126531029));
#7202=DIRECTION('',(1.,0.,-5.11614974084834E-16));
#7203=DIRECTION('center_axis',(-0.965925826289068,0.,-0.258819045102521));
#7204=DIRECTION('ref_axis',(-0.258819045102521,0.,0.965925826289068));
#7205=DIRECTION('',(0.,-1.,0.));
#7206=DIRECTION('',(-0.250562807085733,-0.25056280708573,0.935113126531029));
#7207=DIRECTION('',(0.,1.,0.));
#7208=DIRECTION('center_axis',(-1.32415699052787E-16,-0.965925826289069,
-0.25881904510252));
#7209=DIRECTION('ref_axis',(-4.88498130835069E-16,0.25881904510252,-0.965925826289069));
#7210=DIRECTION('',(1.,0.,-5.11614974084834E-16));
#7211=DIRECTION('center_axis',(5.11614974084834E-16,0.,1.));
#7212=DIRECTION('ref_axis',(1.,0.,-5.11614974084834E-16));
#7213=DIRECTION('center_axis',(0.,1.,0.));
#7214=DIRECTION('ref_axis',(5.32907051820075E-16,0.,1.));
#7215=DIRECTION('',(-5.11614974084834E-16,0.,-1.));
#7216=DIRECTION('',(-1.,0.,6.95305927158191E-16));
#7217=DIRECTION('center_axis',(0.,-1.,0.));
#7218=DIRECTION('ref_axis',(-5.32907051820075E-16,0.,-1.));
#7219=DIRECTION('',(1.,0.,-6.95305927158191E-16));
#7220=DIRECTION('center_axis',(0.,1.,0.));
#7221=DIRECTION('ref_axis',(5.32907051820075E-16,0.,1.));
#7222=DIRECTION('',(-1.,0.,6.95305927158191E-16));
#7223=DIRECTION('center_axis',(0.,1.,0.));
#7224=DIRECTION('ref_axis',(5.11614974084834E-16,0.,1.));
#7225=DIRECTION('',(1.,0.,-5.11614974084834E-16));
#7226=DIRECTION('',(-1.,0.,6.95305927158191E-16));
#7227=DIRECTION('center_axis',(0.,1.,0.));
#7228=DIRECTION('ref_axis',(5.11614974084834E-16,0.,1.));
#7229=DIRECTION('',(1.,0.,-5.11614974084834E-16));
#7230=DIRECTION('',(-1.,0.,6.95305927158191E-16));
#7231=DIRECTION('center_axis',(0.,-1.,0.));
#7232=DIRECTION('ref_axis',(-5.11614974084834E-16,0.,-1.));
#7233=DIRECTION('',(-1.,0.,5.11614974084834E-16));
#7234=DIRECTION('',(1.,0.,-6.95305927158191E-16));
#7235=DIRECTION('center_axis',(-6.95305927158191E-16,0.,-1.));
#7236=DIRECTION('ref_axis',(-1.,0.,6.95305927158191E-16));
#7237=DIRECTION('',(0.,1.,0.));
#7238=DIRECTION('center_axis',(-6.95305927158191E-16,0.,-1.));
#7239=DIRECTION('ref_axis',(-1.,0.,6.95305927158191E-16));
#7240=DIRECTION('center_axis',(-1.,0.,8.81689315626553E-16));
#7241=DIRECTION('ref_axis',(8.81689315626553E-16,0.,1.));
#7242=DIRECTION('',(1.30411918434161E-46,-1.,1.4791141972894E-31));
#7243=DIRECTION('center_axis',(-6.95305927158191E-16,0.,-1.));
#7244=DIRECTION('ref_axis',(-1.,0.,6.95305927158191E-16));
#7245=DIRECTION('center_axis',(-6.95305927158191E-16,0.,-1.));
#7246=DIRECTION('ref_axis',(-1.,0.,6.95305927158191E-16));
#7247=DIRECTION('center_axis',(-1.,-3.03508928662992E-13,5.11614974084834E-16));
#7248=DIRECTION('ref_axis',(-3.03508928662992E-13,1.,-5.45510219196691E-34));
#7249=DIRECTION('',(-3.03508928662992E-13,1.,1.55131801252703E-28));
#7250=DIRECTION('',(-5.11614974084834E-16,-1.4791141972894E-31,-1.));
#7251=DIRECTION('',(3.03508928662992E-13,-1.,-1.55131801252703E-28));
#7252=DIRECTION('',(-5.11614974084834E-16,-1.4791141972894E-31,-1.));
#7253=DIRECTION('center_axis',(0.49421399601024,-0.869340282137892,-2.52847280761141E-16));
#7254=DIRECTION('ref_axis',(-0.869340282137892,-0.49421399601024,4.44089209850063E-16));
#7255=DIRECTION('',(-0.869340282137892,-0.49421399601024,4.4476750591688E-16));
#7256=DIRECTION('',(-5.11614974084834E-16,-1.4791141972894E-31,-1.));
#7257=DIRECTION('',(0.869340282137892,0.49421399601024,-4.4476750591688E-16));
#7258=DIRECTION('center_axis',(-2.95797010714051E-13,1.,1.51186268551112E-28));
#7259=DIRECTION('ref_axis',(1.,2.95797010714051E-13,-5.10702591327572E-16));
#7260=DIRECTION('',(1.,2.95797010714051E-13,-5.11614974084834E-16));
#7261=DIRECTION('',(-1.,-2.95797010714051E-13,5.11614974084834E-16));
#7262=DIRECTION('center_axis',(-1.,-3.00421066399288E-13,5.11614974084834E-16));
#7263=DIRECTION('ref_axis',(-3.00421066399288E-13,1.,1.36627210632439E-34));
#7264=DIRECTION('',(3.00421066399288E-13,-1.,-1.53552004680681E-28));
#7265=DIRECTION('',(-5.11614974084834E-16,-1.4791141972894E-31,-1.));
#7266=DIRECTION('',(-3.00421066399288E-13,1.,1.53552004680681E-28));
#7267=DIRECTION('',(-5.11614974084834E-16,-1.4791141972894E-31,-1.));
#7268=DIRECTION('center_axis',(3.15492062706729E-13,-1.,-1.61262552065945E-28));
#7269=DIRECTION('ref_axis',(-1.,-3.15492062706729E-13,5.10702591327572E-16));
#7270=DIRECTION('',(1.,3.15492062706729E-13,-5.11614974084834E-16));
#7271=DIRECTION('',(-1.,-3.15492062706729E-13,5.11614974084834E-16));
#7272=DIRECTION('',(-5.11614974084834E-16,-1.4791141972894E-31,-1.));
#7273=DIRECTION('center_axis',(0.499692660747882,-0.866202773485921,-2.55650247678909E-16));
#7274=DIRECTION('ref_axis',(-0.866202773485921,-0.499692660747882,4.44089209850063E-16));
#7275=DIRECTION('',(0.866202773485921,0.499692660747882,-4.43162309509211E-16));
#7276=DIRECTION('',(-0.866202773485921,-0.499692660747882,4.43162309509211E-16));
#7277=DIRECTION('',(-5.11614974084834E-16,-1.4791141972894E-31,-1.));
#7278=DIRECTION('center_axis',(1.,2.95981076620519E-13,-5.11614974084834E-16));
#7279=DIRECTION('ref_axis',(2.95981076620519E-13,-1.,2.24176612334883E-33));
#7280=DIRECTION('',(-2.95981076620519E-13,1.,1.51280439425079E-28));
#7281=DIRECTION('',(2.95981076620519E-13,-1.,-1.51280439425079E-28));
#7282=DIRECTION('',(-5.11614974084834E-16,-1.4791141972894E-31,-1.));
#7283=DIRECTION('center_axis',(-2.98543519752363E-13,1.,1.52591423701571E-28));
#7284=DIRECTION('ref_axis',(1.,2.98543519752363E-13,-5.10702591327572E-16));
#7285=DIRECTION('',(-1.,-2.98543519752363E-13,5.11614974084834E-16));
#7286=DIRECTION('',(1.,2.98543519752363E-13,-5.11614974084834E-16));
#7287=DIRECTION('',(-5.11614974084834E-16,-1.4791141972894E-31,-1.));
#7288=DIRECTION('center_axis',(1.,2.99900146545858E-13,-5.11614974084834E-16));
#7289=DIRECTION('ref_axis',(2.99900146545858E-13,-1.,-5.89390164677817E-34));
#7290=DIRECTION('',(-2.99900146545858E-13,1.,1.53285494283368E-28));
#7291=DIRECTION('',(2.99900146545858E-13,-1.,-1.53285494283368E-28));
#7292=DIRECTION('',(-5.11614974084834E-16,-1.4791141972894E-31,-1.));
#7293=DIRECTION('center_axis',(-2.9579701071405E-13,1.,1.51186268551111E-28));
#7294=DIRECTION('ref_axis',(1.,2.9579701071405E-13,-5.10702591327572E-16));
#7295=DIRECTION('',(-1.,-2.9579701071405E-13,5.11614974084834E-16));
#7296=DIRECTION('',(1.,2.9579701071405E-13,-5.11614974084834E-16));
#7297=DIRECTION('',(-5.11614974084834E-16,-1.4791141972894E-31,-1.));
#7298=DIRECTION('center_axis',(-1.,-2.99900146545858E-13,5.11614974084834E-16));
#7299=DIRECTION('ref_axis',(-2.99900146545858E-13,1.,5.89390164677817E-34));
#7300=DIRECTION('',(2.99900146545858E-13,-1.,-1.53285494283368E-28));
#7301=DIRECTION('',(-2.99900146545858E-13,1.,1.53285494283368E-28));
#7302=DIRECTION('',(-5.11614974084834E-16,-1.4791141972894E-31,-1.));
#7303=DIRECTION('center_axis',(-2.97194724081273E-13,1.,1.51901359639261E-28));
#7304=DIRECTION('ref_axis',(1.,2.97194724081273E-13,-5.10702591327572E-16));
#7305=DIRECTION('',(-1.,-2.97194724081273E-13,5.11614974084834E-16));
#7306=DIRECTION('',(1.,2.97194724081273E-13,-5.11614974084834E-16));
#7307=DIRECTION('',(-5.11614974084834E-16,-1.4791141972894E-31,-1.));
#7308=DIRECTION('center_axis',(-1.,-2.85723968855197E-13,5.11614974084834E-16));
#7309=DIRECTION('ref_axis',(-2.85723968855197E-13,1.,-1.54956016249075E-33));
#7310=DIRECTION('',(2.85723968855197E-13,-1.,-1.46032749501539E-28));
#7311=DIRECTION('',(-2.85723968855197E-13,1.,1.46032749501539E-28));
#7312=DIRECTION('',(-5.11614974084834E-16,-1.4791141972894E-31,-1.));
#7313=DIRECTION('center_axis',(2.97194724081273E-13,-1.,-1.51901359639261E-28));
#7314=DIRECTION('ref_axis',(-1.,-2.97194724081273E-13,5.10702591327572E-16));
#7315=DIRECTION('',(1.,2.97194724081273E-13,-5.11614974084834E-16));
#7316=DIRECTION('',(-1.,-2.97194724081273E-13,5.11614974084834E-16));
#7317=DIRECTION('center_axis',(-5.11614974084834E-16,-1.4791141972894E-31,
-1.));
#7318=DIRECTION('ref_axis',(-1.,-3.5527136788005E-16,5.11614974084834E-16));
#7319=DIRECTION('center_axis',(5.11614974084834E-16,1.4791141972894E-31,
1.));
#7320=DIRECTION('ref_axis',(1.,3.5527136788005E-16,-5.11614974084834E-16));
#7321=DIRECTION('center_axis',(5.11614974084834E-16,1.4791141972894E-31,
1.));
#7322=DIRECTION('ref_axis',(-1.84921522539127E-15,-1.,1.09399761934478E-30));
#7323=DIRECTION('',(3.71230823859037E-16,-1.,-4.20158285991929E-32));
#7324=DIRECTION('center_axis',(5.11614974084834E-16,1.4791141972894E-31,
1.));
#7325=DIRECTION('ref_axis',(-0.707106781186547,0.707106781186547,3.61766417531966E-16));
#7326=DIRECTION('',(-1.,-3.71230823859037E-16,5.11614974084834E-16));
#7327=DIRECTION('center_axis',(5.11614974084834E-16,1.4791141972894E-31,
1.));
#7328=DIRECTION('ref_axis',(0.707106781186547,0.707106781186548,-3.61766417531966E-16));
#7329=DIRECTION('',(-2.32452945780892E-16,1.,-2.89850118973053E-32));
#7330=DIRECTION('center_axis',(5.11614974084834E-16,1.4791141972894E-31,
1.));
#7331=DIRECTION('ref_axis',(3.71230823859037E-16,-1.,-4.20158285991928E-32));
#7332=DIRECTION('',(3.71230823859037E-16,-1.,-4.20158285991929E-32));
#7333=DIRECTION('center_axis',(-5.11614974084834E-16,-1.4791141972894E-31,
-1.));
#7334=DIRECTION('ref_axis',(0.707106781186547,0.707106781186548,-3.61766417531966E-16));
#7335=DIRECTION('',(1.,3.71230823859037E-16,-5.11614974084834E-16));
#7336=DIRECTION('center_axis',(-5.11614974084834E-16,-1.4791141972894E-31,
-1.));
#7337=DIRECTION('ref_axis',(-0.707106781186547,0.707106781186548,3.61766417531965E-16));
#7338=DIRECTION('',(-3.71230823859037E-16,1.,4.20158285991929E-32));
#7339=DIRECTION('center_axis',(5.11614974084834E-16,1.4791141972894E-31,
1.));
#7340=DIRECTION('ref_axis',(1.,3.71230823859037E-16,-5.11614974084834E-16));
#7341=DIRECTION('center_axis',(5.11614974084834E-16,1.4791141972894E-31,
1.));
#7342=DIRECTION('ref_axis',(1.,3.71230823859037E-16,-5.11614974084834E-16));
#7343=DIRECTION('',(5.11614974084834E-16,1.4791141972894E-31,1.));
#7344=DIRECTION('center_axis',(5.11614974084834E-16,1.4791141972894E-31,
1.));
#7345=DIRECTION('ref_axis',(1.,3.71230823859037E-16,-5.11614974084834E-16));
#7346=DIRECTION('center_axis',(5.11614974084834E-16,1.4791141972894E-31,
1.));
#7347=DIRECTION('ref_axis',(1.,3.5527136788005E-16,-5.11614974084834E-16));
#7348=DIRECTION('center_axis',(5.11614974084834E-16,1.4791141972894E-31,
1.));
#7349=DIRECTION('ref_axis',(1.,3.71230823859037E-16,-5.11614974084834E-16));
#7350=DIRECTION('center_axis',(5.11614974084834E-16,1.4791141972894E-31,
1.));
#7351=DIRECTION('ref_axis',(1.,3.71230823859037E-16,-5.11614974084834E-16));
#7352=DIRECTION('',(5.11614974084834E-16,1.4791141972894E-31,1.));
#7353=DIRECTION('center_axis',(5.11614974084834E-16,1.4791141972894E-31,
1.));
#7354=DIRECTION('ref_axis',(1.,3.71230823859037E-16,-5.11614974084834E-16));
#7355=DIRECTION('center_axis',(5.11614974084834E-16,1.4791141972894E-31,
1.));
#7356=DIRECTION('ref_axis',(1.,3.5527136788005E-16,-5.11614974084834E-16));
#7357=DIRECTION('center_axis',(5.11614974084834E-16,1.4791141972894E-31,
1.));
#7358=DIRECTION('ref_axis',(1.,3.71230823859037E-16,-5.11614974084834E-16));
#7359=DIRECTION('center_axis',(5.11614974084834E-16,1.4791141972894E-31,
1.));
#7360=DIRECTION('ref_axis',(1.,3.71230823859037E-16,-5.11614974084834E-16));
#7361=DIRECTION('',(5.11614974084834E-16,1.4791141972894E-31,1.));
#7362=DIRECTION('center_axis',(0.94304372646741,0.332668799213965,-4.82475291677489E-16));
#7363=DIRECTION('ref_axis',(-5.11514002026317E-16,-2.86233835446937E-19,
-1.));
#7364=DIRECTION('',(0.332668799213965,-0.94304372646741,-1.70198339088685E-16));
#7365=DIRECTION('',(5.11614974084834E-16,1.4791141972894E-31,1.));
#7366=DIRECTION('',(0.332668799213965,-0.94304372646741,-1.70198339088687E-16));
#7367=DIRECTION('',(5.11614974084834E-16,1.4791141972894E-31,1.));
#7368=DIRECTION('center_axis',(0.352454989950371,-0.935828766419949,-1.8032125054953E-16));
#7369=DIRECTION('ref_axis',(-5.10815931637595E-16,3.00938064544982E-19,
-1.));
#7370=DIRECTION('',(-0.935828766419949,-0.352454989950371,4.78784010079784E-16));
#7371=DIRECTION('',(5.11614974084834E-16,1.4791141972894E-31,1.));
#7372=DIRECTION('',(-0.935828766419949,-0.352454989950372,4.78784010079784E-16));
#7373=DIRECTION('',(5.11614974084834E-16,1.4791141972894E-31,1.));
#7374=DIRECTION('center_axis',(3.71230823859037E-16,-1.,-4.20158285991929E-32));
#7375=DIRECTION('ref_axis',(-5.10702591327572E-16,-1.47572715126287E-31,
-1.));
#7376=DIRECTION('',(-1.,-3.71230823859037E-16,5.11614974084834E-16));
#7377=DIRECTION('',(5.11614974084834E-16,1.4791141972894E-31,1.));
#7378=DIRECTION('',(-1.,-3.71230823859037E-16,5.11614974084834E-16));
#7379=DIRECTION('center_axis',(1.,3.71230823859037E-16,-5.11614974084834E-16));
#7380=DIRECTION('ref_axis',(-5.11614974084834E-16,-3.38704602653169E-34,
-1.));
#7381=DIRECTION('',(3.71230823859037E-16,-1.,-4.20158285991929E-32));
#7382=DIRECTION('',(5.11614974084834E-16,1.4791141972894E-31,1.));
#7383=DIRECTION('',(3.71230823859037E-16,-1.,-2.07936320778569E-30));
#7384=DIRECTION('center_axis',(-3.71230823859037E-16,1.,4.20158285991929E-32));
#7385=DIRECTION('ref_axis',(5.10702591327572E-16,1.47572715126287E-31,1.));
#7386=DIRECTION('',(1.,3.71230823859037E-16,-5.11614974084834E-16));
#7387=DIRECTION('',(5.11614974084834E-16,1.4791141972894E-31,1.));
#7388=DIRECTION('',(1.,3.71230823859037E-16,-5.11614974084834E-16));
#7389=DIRECTION('',(5.11614974084834E-16,1.4791141972894E-31,1.));
#7390=DIRECTION('center_axis',(-1.,-3.71230823859037E-16,5.11614974084834E-16));
#7391=DIRECTION('ref_axis',(5.11614974084834E-16,3.38704602653169E-34,1.));
#7392=DIRECTION('',(-3.71230823859037E-16,1.,4.20158285991929E-32));
#7393=DIRECTION('',(5.11614974084834E-16,1.4791141972894E-31,1.));
#7394=DIRECTION('',(-3.71230823859037E-16,1.,2.07936320778569E-30));
#7395=DIRECTION('center_axis',(-3.71230823859037E-16,1.,4.20158285991929E-32));
#7396=DIRECTION('ref_axis',(5.10702591327572E-16,1.47572715126287E-31,1.));
#7397=DIRECTION('',(1.,3.71230823859037E-16,-5.11614974084834E-16));
#7398=DIRECTION('',(5.11614974084834E-16,1.4791141972894E-31,1.));
#7399=DIRECTION('',(1.,3.71230823859037E-16,-5.11614974084834E-16));
#7400=DIRECTION('center_axis',(1.,3.71230823859037E-16,-5.11614974084834E-16));
#7401=DIRECTION('ref_axis',(-5.11614974084834E-16,-3.38704602653169E-34,
-1.));
#7402=DIRECTION('',(3.71230823859037E-16,-1.,-4.20158285991929E-32));
#7403=DIRECTION('',(5.11614974084834E-16,1.4791141972894E-31,1.));
#7404=DIRECTION('',(3.71230823859037E-16,-1.,-2.07936320778569E-30));
#7405=DIRECTION('center_axis',(3.71230823859037E-16,-1.,-4.20158285991929E-32));
#7406=DIRECTION('ref_axis',(-5.10702591327572E-16,-1.47572715126287E-31,
-1.));
#7407=DIRECTION('',(-1.,-3.71230823859037E-16,5.11614974084834E-16));
#7408=DIRECTION('',(5.11614974084834E-16,1.4791141972894E-31,1.));
#7409=DIRECTION('',(-1.,-3.71230823859037E-16,5.11614974084834E-16));
#7410=DIRECTION('center_axis',(-1.,-3.71230823859037E-16,5.11614974084834E-16));
#7411=DIRECTION('ref_axis',(5.11614974084834E-16,3.38704602653169E-34,1.));
#7412=DIRECTION('',(-3.71230823859037E-16,1.,4.20158285991929E-32));
#7413=DIRECTION('',(5.11614974084834E-16,1.4791141972894E-31,1.));
#7414=DIRECTION('',(-3.71230823859037E-16,1.,2.07936320778569E-30));
#7415=DIRECTION('',(5.11614974084834E-16,1.4791141972894E-31,1.));
#7416=DIRECTION('center_axis',(3.71230823859037E-16,-1.,-4.20158285991929E-32));
#7417=DIRECTION('ref_axis',(-5.10702591327572E-16,-1.47572715126287E-31,
-1.));
#7418=DIRECTION('',(-1.,-3.71230823859037E-16,5.11614974084834E-16));
#7419=DIRECTION('',(5.11614974084834E-16,1.4791141972894E-31,1.));
#7420=DIRECTION('',(-1.,-3.71230823859037E-16,5.11614974084834E-16));
#7421=DIRECTION('center_axis',(1.,3.71230823859037E-16,-5.11614974084834E-16));
#7422=DIRECTION('ref_axis',(-5.11614974084834E-16,-3.38704602653169E-34,
-1.));
#7423=DIRECTION('',(3.71230823859037E-16,-1.,-4.20158285991929E-32));
#7424=DIRECTION('',(5.11614974084834E-16,1.4791141972894E-31,1.));
#7425=DIRECTION('',(3.71230823859037E-16,-1.,-2.07936320778569E-30));
#7426=DIRECTION('',(5.11614974084834E-16,1.4791141972894E-31,1.));
#7427=DIRECTION('center_axis',(-3.71230823859037E-16,1.,4.20158285991929E-32));
#7428=DIRECTION('ref_axis',(5.10702591327572E-16,1.47572715126287E-31,1.));
#7429=DIRECTION('',(1.,3.71230823859037E-16,-5.11614974084834E-16));
#7430=DIRECTION('',(5.11614974084834E-16,1.4791141972894E-31,1.));
#7431=DIRECTION('',(1.,3.71230823859037E-16,-5.11614974084834E-16));
#7432=DIRECTION('center_axis',(1.,3.71230823859037E-16,-5.11614974084834E-16));
#7433=DIRECTION('ref_axis',(-5.11614974084834E-16,-3.38704602653169E-34,
-1.));
#7434=DIRECTION('',(3.71230823859037E-16,-1.,-4.20158285991929E-32));
#7435=DIRECTION('',(5.11614974084834E-16,1.4791141972894E-31,1.));
#7436=DIRECTION('',(3.71230823859037E-16,-1.,-2.07936320778569E-30));
#7437=DIRECTION('center_axis',(3.71230823859037E-16,-1.,-4.20158285991929E-32));
#7438=DIRECTION('ref_axis',(-5.10702591327572E-16,-1.47572715126287E-31,
-1.));
#7439=DIRECTION('',(-1.,-3.71230823859037E-16,5.11614974084834E-16));
#7440=DIRECTION('',(5.11614974084834E-16,1.4791141972894E-31,1.));
#7441=DIRECTION('',(-1.,-3.71230823859037E-16,5.11614974084834E-16));
#7442=DIRECTION('center_axis',(-1.,-3.71230823859037E-16,5.11614974084834E-16));
#7443=DIRECTION('ref_axis',(5.11614974084834E-16,3.38704602653169E-34,1.));
#7444=DIRECTION('',(-3.71230823859037E-16,1.,4.20158285991929E-32));
#7445=DIRECTION('',(5.11614974084834E-16,1.4791141972894E-31,1.));
#7446=DIRECTION('',(-3.71230823859037E-16,1.,2.07936320778569E-30));
#7447=DIRECTION('center_axis',(-3.71230823859037E-16,1.,4.20158285991929E-32));
#7448=DIRECTION('ref_axis',(5.10702591327572E-16,1.47572715126287E-31,1.));
#7449=DIRECTION('',(1.,3.71230823859037E-16,-5.11614974084834E-16));
#7450=DIRECTION('',(5.11614974084834E-16,1.4791141972894E-31,1.));
#7451=DIRECTION('',(1.,3.71230823859037E-16,-5.11614974084834E-16));
#7452=DIRECTION('',(5.11614974084834E-16,1.4791141972894E-31,1.));
#7453=DIRECTION('center_axis',(-1.,-3.71230823859037E-16,5.11614974084834E-16));
#7454=DIRECTION('ref_axis',(5.11614974084834E-16,3.38704602653169E-34,1.));
#7455=DIRECTION('',(-3.71230823859037E-16,1.,4.20158285991929E-32));
#7456=DIRECTION('',(5.11614974084834E-16,1.4791141972894E-31,1.));
#7457=DIRECTION('',(-3.71230823859037E-16,1.,2.07936320778569E-30));
#7458=DIRECTION('',(5.11614974084834E-16,1.4791141972894E-31,1.));
#7459=DIRECTION('center_axis',(3.71230823859037E-16,-1.,-4.20158285991929E-32));
#7460=DIRECTION('ref_axis',(-5.10702591327572E-16,-1.47572715126287E-31,
-1.));
#7461=DIRECTION('',(-1.,-3.71230823859037E-16,5.11614974084834E-16));
#7462=DIRECTION('',(5.11614974084834E-16,1.4791141972894E-31,1.));
#7463=DIRECTION('',(-1.,-3.71230823859037E-16,5.11614974084834E-16));
#7464=DIRECTION('center_axis',(-1.,-3.71230823859037E-16,5.11614974084834E-16));
#7465=DIRECTION('ref_axis',(5.11614974084834E-16,3.38704602653169E-34,1.));
#7466=DIRECTION('',(-3.71230823859037E-16,1.,4.20158285991929E-32));
#7467=DIRECTION('',(5.11614974084834E-16,1.4791141972894E-31,1.));
#7468=DIRECTION('',(-3.71230823859037E-16,1.,2.07936320778569E-30));
#7469=DIRECTION('center_axis',(-3.71230823859037E-16,1.,4.20158285991929E-32));
#7470=DIRECTION('ref_axis',(5.10702591327572E-16,1.47572715126287E-31,1.));
#7471=DIRECTION('',(1.,3.71230823859037E-16,-5.11614974084834E-16));
#7472=DIRECTION('',(1.,3.71230823859037E-16,-5.11614974084834E-16));
#7473=DIRECTION('center_axis',(5.11614974084834E-16,1.4791141972894E-31,
1.));
#7474=DIRECTION('ref_axis',(1.,3.77475828372553E-16,-5.11614974084834E-16));
#7475=DIRECTION('center_axis',(1.,3.71230823859037E-16,-5.11614974084834E-16));
#7476=DIRECTION('ref_axis',(-5.11614974084834E-16,-3.38704602653169E-34,
-1.));
#7477=DIRECTION('',(3.71230823859037E-16,-1.,-4.20158285991929E-32));
#7478=DIRECTION('',(5.11614974084834E-16,1.4791141972894E-31,1.));
#7479=DIRECTION('',(3.71230823859037E-16,-1.,-2.07936320778569E-30));
#7480=DIRECTION('',(5.11614974084834E-16,1.4791141972894E-31,1.));
#7481=DIRECTION('center_axis',(3.71230823859037E-16,-1.,-4.20158285991929E-32));
#7482=DIRECTION('ref_axis',(-5.10702591327572E-16,-1.47572715126287E-31,
-1.));
#7483=DIRECTION('',(-1.,-3.71230823859037E-16,5.11614974084834E-16));
#7484=DIRECTION('',(5.11614974084834E-16,1.4791141972894E-31,1.));
#7485=DIRECTION('',(-1.,-3.71230823859037E-16,5.11614974084834E-16));
#7486=DIRECTION('',(5.11614974084834E-16,1.4791141972894E-31,1.));
#7487=DIRECTION('center_axis',(1.,3.71230823859037E-16,-5.11614974084834E-16));
#7488=DIRECTION('ref_axis',(-5.11614974084834E-16,-3.38704602653169E-34,
-1.));
#7489=DIRECTION('',(3.71230823859037E-16,-1.,-4.20158285991929E-32));
#7490=DIRECTION('',(5.11614974084834E-16,1.4791141972894E-31,1.));
#7491=DIRECTION('',(3.71230823859037E-16,-1.,-2.07936320778569E-30));
#7492=DIRECTION('',(5.11614974084834E-16,1.4791141972894E-31,1.));
#7493=DIRECTION('',(5.11614974084834E-16,1.4791141972894E-31,1.));
#7494=DIRECTION('',(5.11614974084834E-16,1.4791141972894E-31,1.));
#7495=DIRECTION('center_axis',(-3.71230823859037E-16,1.,4.20158285991929E-32));
#7496=DIRECTION('ref_axis',(5.10702591327572E-16,1.47572715126287E-31,1.));
#7497=DIRECTION('',(1.,3.71230823859037E-16,-5.11614974084834E-16));
#7498=DIRECTION('',(5.11614974084834E-16,1.4791141972894E-31,1.));
#7499=DIRECTION('',(1.,3.71230823859037E-16,-5.11614974084834E-16));
#7500=DIRECTION('',(5.11614974084834E-16,1.4791141972894E-31,1.));
#7501=DIRECTION('center_axis',(0.323405480371896,0.946260479606658,-1.65459086459361E-16));
#7502=DIRECTION('ref_axis',(5.10798018448095E-16,2.79212685974299E-19,1.));
#7503=DIRECTION('',(0.946260479606658,-0.323405480371896,-4.84121030751463E-16));
#7504=DIRECTION('',(5.11614974084834E-16,1.4791141972894E-31,1.));
#7505=DIRECTION('',(0.946260479606658,-0.323405480371896,-4.84121030751463E-16));
#7506=DIRECTION('center_axis',(0.941412095358988,-0.337258456842524,-4.81640524770238E-16));
#7507=DIRECTION('ref_axis',(-5.11511196689532E-16,2.89680786887776E-19,
-1.));
#7508=DIRECTION('',(-0.337258456842524,-0.941412095358988,1.72546476657379E-16));
#7509=DIRECTION('',(5.11614974084834E-16,1.4791141972894E-31,1.));
#7510=DIRECTION('',(-0.337258456842524,-0.941412095358988,1.72546476657377E-16));
#7511=DIRECTION('center_axis',(3.71230823859037E-16,-1.,-4.20158285991929E-32));
#7512=DIRECTION('ref_axis',(-5.10702591327572E-16,-1.47572715126287E-31,
-1.));
#7513=DIRECTION('',(-1.,-3.71230823859037E-16,5.11614974084834E-16));
#7514=DIRECTION('',(5.11614974084834E-16,1.4791141972894E-31,1.));
#7515=DIRECTION('',(-1.,-3.71230823859037E-16,5.11614974084834E-16));
#7516=DIRECTION('center_axis',(-1.,-3.71230823859037E-16,5.11614974084834E-16));
#7517=DIRECTION('ref_axis',(5.11614974084834E-16,3.38704602653169E-34,1.));
#7518=DIRECTION('',(-3.71230823859037E-16,1.,4.20158285991929E-32));
#7519=DIRECTION('',(5.11614974084834E-16,1.4791141972894E-31,1.));
#7520=DIRECTION('',(-3.71230823859037E-16,1.,2.07936320778569E-30));
#7521=DIRECTION('center_axis',(-3.71230823859037E-16,1.,4.20158285991929E-32));
#7522=DIRECTION('ref_axis',(5.10702591327572E-16,1.47572715126287E-31,1.));
#7523=DIRECTION('',(1.,3.71230823859037E-16,-5.11614974084834E-16));
#7524=DIRECTION('',(5.11614974084834E-16,1.4791141972894E-31,1.));
#7525=DIRECTION('',(1.,3.71230823859037E-16,-5.11614974084834E-16));
#7526=DIRECTION('',(5.11614974084834E-16,1.4791141972894E-31,1.));
#7527=DIRECTION('center_axis',(-1.,-3.71230823859037E-16,5.11614974084834E-16));
#7528=DIRECTION('ref_axis',(5.11614974084834E-16,3.38704602653169E-34,1.));
#7529=DIRECTION('',(-3.71230823859037E-16,1.,4.20158285991929E-32));
#7530=DIRECTION('',(5.11614974084834E-16,1.4791141972894E-31,1.));
#7531=DIRECTION('',(-3.71230823859037E-16,1.,2.07936320778569E-30));
#7532=DIRECTION('',(5.11614974084834E-16,1.4791141972894E-31,1.));
#7533=DIRECTION('center_axis',(3.71230823859037E-16,-1.,-4.20158285991929E-32));
#7534=DIRECTION('ref_axis',(-5.10702591327572E-16,-1.47572715126287E-31,
-1.));
#7535=DIRECTION('',(-1.,-3.71230823859037E-16,5.11614974084834E-16));
#7536=DIRECTION('',(5.11614974084834E-16,1.4791141972894E-31,1.));
#7537=DIRECTION('',(-1.,-3.71230823859037E-16,5.11614974084834E-16));
#7538=DIRECTION('center_axis',(-1.,-3.71230823859037E-16,5.11614974084834E-16));
#7539=DIRECTION('ref_axis',(5.11614974084834E-16,3.38704602653169E-34,1.));
#7540=DIRECTION('',(-3.71230823859037E-16,1.,4.20158285991929E-32));
#7541=DIRECTION('',(5.11614974084834E-16,1.4791141972894E-31,1.));
#7542=DIRECTION('',(-3.71230823859037E-16,1.,2.07936320778569E-30));
#7543=DIRECTION('center_axis',(-3.71230823859037E-16,1.,4.20158285991929E-32));
#7544=DIRECTION('ref_axis',(5.10702591327572E-16,1.47572715126287E-31,1.));
#7545=DIRECTION('',(1.,3.71230823859037E-16,-5.11614974084834E-16));
#7546=DIRECTION('',(1.,3.71230823859037E-16,-5.11614974084834E-16));
#7547=DIRECTION('center_axis',(5.11614974084834E-16,1.4791141972894E-31,
1.));
#7548=DIRECTION('ref_axis',(1.,3.77475828372553E-16,-5.11614974084834E-16));
#7549=DIRECTION('center_axis',(0.964547915829863,0.263907783265798,-4.93477156960876E-16));
#7550=DIRECTION('ref_axis',(-5.11551429072739E-16,-2.32248584028739E-19,
-1.));
#7551=DIRECTION('',(0.263907783265798,-0.964547915829863,-1.35019173696317E-16));
#7552=DIRECTION('',(5.11614974084834E-16,1.4791141972894E-31,1.));
#7553=DIRECTION('',(0.263907783265798,-0.964547915829863,-1.35019173696319E-16));
#7554=DIRECTION('',(5.11614974084834E-16,1.4791141972894E-31,1.));
#7555=DIRECTION('center_axis',(0.267044981937503,-0.963684065252715,-1.3662421151344E-16));
#7556=DIRECTION('ref_axis',(-5.10767656099558E-16,2.34798959774784E-19,
-1.));
#7557=DIRECTION('',(-0.963684065252715,-0.267044981937503,4.93035198070235E-16));
#7558=DIRECTION('',(5.11614974084834E-16,1.4791141972894E-31,1.));
#7559=DIRECTION('',(-0.963684065252715,-0.267044981937503,4.93035198070235E-16));
#7560=DIRECTION('',(5.11614974084834E-16,1.4791141972894E-31,1.));
#7561=DIRECTION('',(5.11614974084834E-16,1.4791141972894E-31,1.));
#7562=DIRECTION('',(5.11614974084834E-16,1.4791141972894E-31,1.));
#7563=DIRECTION('',(5.11614974084834E-16,1.4791141972894E-31,1.));
#7564=DIRECTION('',(5.11614974084834E-16,1.4791141972894E-31,1.));
#7565=DIRECTION('center_axis',(0.56800380783837,0.823025925643362,-2.90599253427315E-16));
#7566=DIRECTION('ref_axis',(-5.10996951848962E-16,-4.26522388137082E-19,
-1.));
#7567=DIRECTION('',(0.823025925643362,-0.56800380783837,-4.21072387619175E-16));
#7568=DIRECTION('',(5.11614974084834E-16,1.4791141972894E-31,1.));
#7569=DIRECTION('',(0.823025925643362,-0.56800380783837,-4.21072387619176E-16));
#7570=DIRECTION('',(5.11614974084834E-16,1.4791141972894E-31,1.));
#7571=DIRECTION('',(5.11614974084834E-16,1.4791141972894E-31,1.));
#7572=DIRECTION('',(5.11614974084834E-16,1.4791141972894E-31,1.));
#7573=DIRECTION('',(5.11614974084834E-16,1.4791141972894E-31,1.));
#7574=DIRECTION('',(5.11614974084834E-16,1.4791141972894E-31,1.));
#7575=DIRECTION('',(5.11614974084834E-16,1.4791141972894E-31,1.));
#7576=DIRECTION('center_axis',(-0.946349856067995,0.323143853291511,4.84166757087414E-16));
#7577=DIRECTION('ref_axis',(5.11519701298248E-16,-2.79013160718519E-19,
1.));
#7578=DIRECTION('',(0.323143853291511,0.946349856067995,-1.6532523412741E-16));
#7579=DIRECTION('',(5.11614974084834E-16,1.4791141972894E-31,1.));
#7580=DIRECTION('',(0.323143853291511,0.946349856067995,-1.65325234127408E-16));
#7581=DIRECTION('center_axis',(-3.71230823859037E-16,1.,4.20158285991929E-32));
#7582=DIRECTION('ref_axis',(5.10702591327572E-16,1.47572715126287E-31,1.));
#7583=DIRECTION('',(1.,3.71230823859037E-16,-5.11614974084834E-16));
#7584=DIRECTION('',(1.,3.71230823859037E-16,-5.11614974084834E-16));
#7585=DIRECTION('center_axis',(5.11614974084834E-16,1.4791141972894E-31,
1.));
#7586=DIRECTION('ref_axis',(1.,3.77475828372553E-16,-5.11614974084834E-16));
#7587=DIRECTION('center_axis',(1.,3.71230823859037E-16,-5.11614974084834E-16));
#7588=DIRECTION('ref_axis',(-5.11614974084834E-16,-3.38704602653169E-34,
-1.));
#7589=DIRECTION('',(3.71230823859037E-16,-1.,-4.20158285991929E-32));
#7590=DIRECTION('',(5.11614974084834E-16,1.4791141972894E-31,1.));
#7591=DIRECTION('',(3.71230823859037E-16,-1.,-2.07936320778569E-30));
#7592=DIRECTION('',(5.11614974084834E-16,1.4791141972894E-31,1.));
#7593=DIRECTION('center_axis',(3.71230823859037E-16,-1.,-4.20158285991929E-32));
#7594=DIRECTION('ref_axis',(-5.10702591327572E-16,-1.47572715126287E-31,
-1.));
#7595=DIRECTION('',(-1.,-3.71230823859037E-16,5.11614974084834E-16));
#7596=DIRECTION('',(5.11614974084834E-16,1.4791141972894E-31,1.));
#7597=DIRECTION('',(-1.,-3.71230823859037E-16,5.11614974084834E-16));
#7598=DIRECTION('',(5.11614974084834E-16,1.4791141972894E-31,1.));
#7599=DIRECTION('center_axis',(1.,3.71230823859037E-16,-5.11614974084834E-16));
#7600=DIRECTION('ref_axis',(-5.11614974084834E-16,-3.38704602653169E-34,
-1.));
#7601=DIRECTION('',(3.71230823859037E-16,-1.,-4.20158285991929E-32));
#7602=DIRECTION('',(5.11614974084834E-16,1.4791141972894E-31,1.));
#7603=DIRECTION('',(3.71230823859037E-16,-1.,-2.07936320778569E-30));
#7604=DIRECTION('',(5.11614974084834E-16,1.4791141972894E-31,1.));
#7605=DIRECTION('center_axis',(-3.71230823859037E-16,1.,4.20158285991929E-32));
#7606=DIRECTION('ref_axis',(5.10702591327572E-16,1.47572715126287E-31,1.));
#7607=DIRECTION('',(1.,3.71230823859037E-16,-5.11614974084834E-16));
#7608=DIRECTION('',(5.11614974084834E-16,1.4791141972894E-31,1.));
#7609=DIRECTION('',(1.,3.71230823859037E-16,-5.11614974084834E-16));
#7610=DIRECTION('center_axis',(1.,3.71230823859037E-16,-5.11614974084834E-16));
#7611=DIRECTION('ref_axis',(-5.11614974084834E-16,-3.38704602653169E-34,
-1.));
#7612=DIRECTION('',(3.71230823859037E-16,-1.,-4.20158285991929E-32));
#7613=DIRECTION('',(5.11614974084834E-16,1.4791141972894E-31,1.));
#7614=DIRECTION('',(3.71230823859037E-16,-1.,-2.07936320778569E-30));
#7615=DIRECTION('center_axis',(3.71230823859037E-16,-1.,-4.20158285991929E-32));
#7616=DIRECTION('ref_axis',(-5.10702591327572E-16,-1.47572715126287E-31,
-1.));
#7617=DIRECTION('',(-1.,-3.71230823859037E-16,5.11614974084834E-16));
#7618=DIRECTION('',(5.11614974084834E-16,1.4791141972894E-31,1.));
#7619=DIRECTION('',(-1.,-3.71230823859037E-16,5.11614974084834E-16));
#7620=DIRECTION('center_axis',(-1.,-3.71230823859037E-16,5.11614974084834E-16));
#7621=DIRECTION('ref_axis',(5.11614974084834E-16,3.38704602653169E-34,1.));
#7622=DIRECTION('',(-3.71230823859037E-16,1.,4.20158285991929E-32));
#7623=DIRECTION('',(5.11614974084834E-16,1.4791141972894E-31,1.));
#7624=DIRECTION('',(-3.71230823859037E-16,1.,2.07936320778569E-30));
#7625=DIRECTION('center_axis',(-3.71230823859037E-16,1.,4.20158285991929E-32));
#7626=DIRECTION('ref_axis',(5.10702591327572E-16,1.47572715126287E-31,1.));
#7627=DIRECTION('',(1.,3.71230823859037E-16,-5.11614974084834E-16));
#7628=DIRECTION('',(5.11614974084834E-16,1.4791141972894E-31,1.));
#7629=DIRECTION('',(1.,3.71230823859037E-16,-5.11614974084834E-16));
#7630=DIRECTION('',(5.11614974084834E-16,1.4791141972894E-31,1.));
#7631=DIRECTION('center_axis',(-1.,-3.71230823859037E-16,5.11614974084834E-16));
#7632=DIRECTION('ref_axis',(5.11614974084834E-16,8.11114725912277E-35,1.));
#7633=DIRECTION('',(-3.71230823859037E-16,1.,4.20158285991929E-32));
#7634=DIRECTION('',(5.11614974084834E-16,1.4791141972894E-31,1.));
#7635=DIRECTION('',(-3.71230823859037E-16,1.,2.07936320778569E-30));
#7636=DIRECTION('',(5.11614974084834E-16,1.4791141972894E-31,1.));
#7637=DIRECTION('center_axis',(3.71230823859037E-16,-1.,-4.20158285991929E-32));
#7638=DIRECTION('ref_axis',(-5.10702591327572E-16,-1.47572715126287E-31,
-1.));
#7639=DIRECTION('',(-1.,-3.71230823859037E-16,5.11614974084834E-16));
#7640=DIRECTION('',(5.11614974084834E-16,1.4791141972894E-31,1.));
#7641=DIRECTION('',(-1.,-3.71230823859037E-16,5.11614974084834E-16));
#7642=DIRECTION('center_axis',(-1.,-3.71230823859037E-16,5.11614974084834E-16));
#7643=DIRECTION('ref_axis',(5.11614974084834E-16,3.38704602653169E-34,1.));
#7644=DIRECTION('',(-3.71230823859037E-16,1.,4.20158285991929E-32));
#7645=DIRECTION('',(5.11614974084834E-16,1.4791141972894E-31,1.));
#7646=DIRECTION('',(-3.71230823859037E-16,1.,2.07936320778569E-30));
#7647=DIRECTION('center_axis',(-3.71230823859037E-16,1.,4.20158285991929E-32));
#7648=DIRECTION('ref_axis',(5.10702591327572E-16,1.47572715126287E-31,1.));
#7649=DIRECTION('',(1.,3.71230823859037E-16,-5.11614974084834E-16));
#7650=DIRECTION('',(1.,3.71230823859037E-16,-5.11614974084834E-16));
#7651=DIRECTION('center_axis',(5.11614974084834E-16,1.4791141972894E-31,
1.));
#7652=DIRECTION('ref_axis',(1.,3.77475828372553E-16,-5.11614974084834E-16));
#7653=DIRECTION('center_axis',(0.943043726467411,0.332668799213963,-4.8247529167749E-16));
#7654=DIRECTION('ref_axis',(-5.1397133702781E-16,6.67977669052286E-18,-1.));
#7655=DIRECTION('',(0.332668799213963,-0.943043726467411,-1.70198339088684E-16));
#7656=DIRECTION('',(5.11614974084834E-16,1.4791141972894E-31,1.));
#7657=DIRECTION('',(0.332668799213963,-0.943043726467411,-1.70198339088686E-16));
#7658=DIRECTION('',(5.11614974084834E-16,1.4791141972894E-31,1.));
#7659=DIRECTION('center_axis',(0.352454989950373,-0.935828766419948,-1.80321250549531E-16));
#7660=DIRECTION('ref_axis',(-5.3026205368487E-16,-7.02292608313006E-18,
-1.));
#7661=DIRECTION('',(-0.935828766419948,-0.352454989950373,4.78784010079784E-16));
#7662=DIRECTION('',(5.11614974084834E-16,1.4791141972894E-31,1.));
#7663=DIRECTION('',(-0.935828766419948,-0.352454989950373,4.78784010079783E-16));
#7664=DIRECTION('',(5.11614974084834E-16,1.4791141972894E-31,1.));
#7665=DIRECTION('center_axis',(3.71230823859037E-16,-1.,-4.20158285991929E-32));
#7666=DIRECTION('ref_axis',(-5.32907051820075E-16,-1.55815695288264E-31,
-1.));
#7667=DIRECTION('',(-1.,-3.71230823859037E-16,5.11614974084834E-16));
#7668=DIRECTION('',(5.11614974084834E-16,1.4791141972894E-31,1.));
#7669=DIRECTION('',(-1.,-3.71230823859037E-16,5.11614974084834E-16));
#7670=DIRECTION('center_axis',(1.,3.71230823859037E-16,-5.11614974084834E-16));
#7671=DIRECTION('ref_axis',(-5.11614974084834E-16,7.90427555932417E-33,
-1.));
#7672=DIRECTION('',(3.71230823859037E-16,-1.,-4.20158285991929E-32));
#7673=DIRECTION('',(5.11614974084834E-16,1.4791141972894E-31,1.));
#7674=DIRECTION('',(3.71230823859037E-16,-1.,-2.07936320778569E-30));
#7675=DIRECTION('center_axis',(-3.71230823859037E-16,1.,4.20158285991929E-32));
#7676=DIRECTION('ref_axis',(5.32907051820075E-16,1.55815695288264E-31,1.));
#7677=DIRECTION('',(1.,3.71230823859037E-16,-5.11614974084834E-16));
#7678=DIRECTION('',(5.11614974084834E-16,1.4791141972894E-31,1.));
#7679=DIRECTION('',(1.,3.71230823859037E-16,-5.11614974084834E-16));
#7680=DIRECTION('',(5.11614974084834E-16,1.4791141972894E-31,1.));
#7681=DIRECTION('center_axis',(-1.,-3.71230823859037E-16,5.11614974084834E-16));
#7682=DIRECTION('ref_axis',(5.11614974084834E-16,-7.90427555932417E-33,
1.));
#7683=DIRECTION('',(-3.71230823859037E-16,1.,4.20158285991929E-32));
#7684=DIRECTION('',(5.11614974084834E-16,1.4791141972894E-31,1.));
#7685=DIRECTION('',(-3.71230823859037E-16,1.,2.07936320778569E-30));
#7686=DIRECTION('center_axis',(-3.71230823859037E-16,1.,4.20158285991929E-32));
#7687=DIRECTION('ref_axis',(5.32907051820075E-16,1.55815695288264E-31,1.));
#7688=DIRECTION('',(1.,3.71230823859037E-16,-5.11614974084834E-16));
#7689=DIRECTION('',(5.11614974084834E-16,1.4791141972894E-31,1.));
#7690=DIRECTION('',(1.,3.71230823859037E-16,-5.11614974084834E-16));
#7691=DIRECTION('center_axis',(1.,3.71230823859037E-16,-5.11614974084834E-16));
#7692=DIRECTION('ref_axis',(-5.11614974084834E-16,7.90427555932417E-33,
-1.));
#7693=DIRECTION('',(3.71230823859037E-16,-1.,-4.20158285991929E-32));
#7694=DIRECTION('',(5.11614974084834E-16,1.4791141972894E-31,1.));
#7695=DIRECTION('',(3.71230823859037E-16,-1.,-2.07936320778569E-30));
#7696=DIRECTION('center_axis',(3.71230823859037E-16,-1.,-4.20158285991929E-32));
#7697=DIRECTION('ref_axis',(-5.32907051820075E-16,-1.55815695288264E-31,
-1.));
#7698=DIRECTION('',(-1.,-3.71230823859037E-16,5.11614974084834E-16));
#7699=DIRECTION('',(5.11614974084834E-16,1.4791141972894E-31,1.));
#7700=DIRECTION('',(-1.,-3.71230823859037E-16,5.11614974084834E-16));
#7701=DIRECTION('center_axis',(-1.,-3.71230823859037E-16,5.11614974084834E-16));
#7702=DIRECTION('ref_axis',(5.11614974084834E-16,-7.90427555932417E-33,
1.));
#7703=DIRECTION('',(-3.71230823859037E-16,1.,4.20158285991929E-32));
#7704=DIRECTION('',(5.11614974084834E-16,1.4791141972894E-31,1.));
#7705=DIRECTION('',(-3.71230823859037E-16,1.,2.07936320778569E-30));
#7706=DIRECTION('',(5.11614974084834E-16,1.4791141972894E-31,1.));
#7707=DIRECTION('center_axis',(3.71230823859037E-16,-1.,-4.20158285991929E-32));
#7708=DIRECTION('ref_axis',(-5.32907051820075E-16,-1.55815695288264E-31,
-1.));
#7709=DIRECTION('',(-1.,-3.71230823859037E-16,5.11614974084834E-16));
#7710=DIRECTION('',(5.11614974084834E-16,1.4791141972894E-31,1.));
#7711=DIRECTION('',(-1.,-3.71230823859037E-16,5.11614974084834E-16));
#7712=DIRECTION('center_axis',(1.,3.71230823859037E-16,-5.11614974084834E-16));
#7713=DIRECTION('ref_axis',(-5.11614974084834E-16,7.90427555932417E-33,
-1.));
#7714=DIRECTION('',(3.71230823859037E-16,-1.,-4.20158285991929E-32));
#7715=DIRECTION('',(5.11614974084834E-16,1.4791141972894E-31,1.));
#7716=DIRECTION('',(3.71230823859037E-16,-1.,-2.07936320778569E-30));
#7717=DIRECTION('',(5.11614974084834E-16,1.4791141972894E-31,1.));
#7718=DIRECTION('center_axis',(-3.71230823859037E-16,1.,4.20158285991929E-32));
#7719=DIRECTION('ref_axis',(5.32907051820075E-16,1.55815695288264E-31,1.));
#7720=DIRECTION('',(1.,3.71230823859037E-16,-5.11614974084834E-16));
#7721=DIRECTION('',(5.11614974084834E-16,1.4791141972894E-31,1.));
#7722=DIRECTION('',(1.,3.71230823859037E-16,-5.11614974084834E-16));
#7723=DIRECTION('center_axis',(1.,3.71230823859037E-16,-5.11614974084834E-16));
#7724=DIRECTION('ref_axis',(-5.11614974084834E-16,7.90427555932417E-33,
-1.));
#7725=DIRECTION('',(3.71230823859037E-16,-1.,-4.20158285991929E-32));
#7726=DIRECTION('',(5.11614974084834E-16,1.4791141972894E-31,1.));
#7727=DIRECTION('',(3.71230823859037E-16,-1.,-2.07936320778569E-30));
#7728=DIRECTION('center_axis',(3.71230823859037E-16,-1.,-4.20158285991929E-32));
#7729=DIRECTION('ref_axis',(-5.32907051820075E-16,-1.55815695288264E-31,
-1.));
#7730=DIRECTION('',(-1.,-3.71230823859037E-16,5.11614974084834E-16));
#7731=DIRECTION('',(5.11614974084834E-16,1.4791141972894E-31,1.));
#7732=DIRECTION('',(-1.,-3.71230823859037E-16,5.11614974084834E-16));
#7733=DIRECTION('center_axis',(-1.,-3.71230823859037E-16,5.11614974084834E-16));
#7734=DIRECTION('ref_axis',(5.11614974084834E-16,3.38704602653169E-34,1.));
#7735=DIRECTION('',(-3.71230823859037E-16,1.,4.20158285991929E-32));
#7736=DIRECTION('',(5.11614974084834E-16,1.4791141972894E-31,1.));
#7737=DIRECTION('',(-3.71230823859037E-16,1.,2.07936320778569E-30));
#7738=DIRECTION('center_axis',(-3.71230823859037E-16,1.,4.20158285991929E-32));
#7739=DIRECTION('ref_axis',(5.10702591327572E-16,1.47572715126287E-31,1.));
#7740=DIRECTION('',(1.,3.71230823859037E-16,-5.11614974084834E-16));
#7741=DIRECTION('',(5.11614974084834E-16,1.4791141972894E-31,1.));
#7742=DIRECTION('',(1.,3.71230823859037E-16,-5.11614974084834E-16));
#7743=DIRECTION('',(5.11614974084834E-16,1.4791141972894E-31,1.));
#7744=DIRECTION('center_axis',(-1.,-3.71230823859037E-16,5.11614974084834E-16));
#7745=DIRECTION('ref_axis',(5.11614974084834E-16,-7.90427555932417E-33,
1.));
#7746=DIRECTION('',(-3.71230823859037E-16,1.,4.20158285991929E-32));
#7747=DIRECTION('',(5.11614974084834E-16,1.4791141972894E-31,1.));
#7748=DIRECTION('',(-3.71230823859037E-16,1.,2.07936320778569E-30));
#7749=DIRECTION('',(5.11614974084834E-16,1.4791141972894E-31,1.));
#7750=DIRECTION('center_axis',(3.71230823859037E-16,-1.,-4.20158285991929E-32));
#7751=DIRECTION('ref_axis',(-5.32907051820075E-16,-1.55815695288264E-31,
-1.));
#7752=DIRECTION('',(-1.,-3.71230823859037E-16,5.11614974084834E-16));
#7753=DIRECTION('',(5.11614974084834E-16,1.4791141972894E-31,1.));
#7754=DIRECTION('',(-1.,-3.71230823859037E-16,5.11614974084834E-16));
#7755=DIRECTION('center_axis',(-1.,-3.71230823859037E-16,5.11614974084834E-16));
#7756=DIRECTION('ref_axis',(5.11614974084834E-16,3.38704602653169E-34,1.));
#7757=DIRECTION('',(-3.71230823859037E-16,1.,4.20158285991929E-32));
#7758=DIRECTION('',(5.11614974084834E-16,1.4791141972894E-31,1.));
#7759=DIRECTION('',(-3.71230823859037E-16,1.,2.07936320778569E-30));
#7760=DIRECTION('center_axis',(-3.71230823859037E-16,1.,4.20158285991929E-32));
#7761=DIRECTION('ref_axis',(5.10702591327572E-16,1.47572715126287E-31,1.));
#7762=DIRECTION('',(1.,3.71230823859037E-16,-5.11614974084834E-16));
#7763=DIRECTION('',(1.,3.71230823859037E-16,-5.11614974084834E-16));
#7764=DIRECTION('center_axis',(5.11614974084834E-16,1.4791141972894E-31,
1.));
#7765=DIRECTION('ref_axis',(1.,3.77475828372553E-16,-5.11614974084834E-16));
#7766=DIRECTION('center_axis',(-5.11614974084834E-16,-1.4791141972894E-31,
-1.));
#7767=DIRECTION('ref_axis',(3.71230823859037E-16,-1.,-4.20158285991928E-32));
#7768=DIRECTION('center_axis',(5.11614974084834E-16,1.4791141972894E-31,
1.));
#7769=DIRECTION('ref_axis',(3.71230823859037E-16,-1.,-4.20158285991928E-32));
#7770=DIRECTION('',(-5.11614974084834E-16,-1.4791141972894E-31,-1.));
#7771=DIRECTION('center_axis',(-5.11614974084834E-16,-1.4791141972894E-31,
-1.));
#7772=DIRECTION('ref_axis',(3.71230823859037E-16,-1.,-4.20158285991928E-32));
#7773=DIRECTION('',(-5.11614974084834E-16,-1.4791141972894E-31,-1.));
#7774=DIRECTION('center_axis',(3.71230823859037E-16,-1.,-4.20158285991929E-32));
#7775=DIRECTION('ref_axis',(-5.32907051820075E-16,-1.55815695288264E-31,
-1.));
#7776=DIRECTION('',(1.,3.71230823859037E-16,-5.11614974084834E-16));
#7777=DIRECTION('',(-1.,-3.71230823859037E-16,5.11614974084834E-16));
#7778=DIRECTION('',(-5.11614974084834E-16,-1.4791141972894E-31,-1.));
#7779=DIRECTION('center_axis',(-5.11614974084834E-16,-1.4791141972894E-31,
-1.));
#7780=DIRECTION('ref_axis',(1.33416005516035E-16,1.,-2.16169045933528E-31));
#7781=DIRECTION('center_axis',(5.11614974084834E-16,1.4791141972894E-31,
1.));
#7782=DIRECTION('ref_axis',(1.33416005516035E-16,1.,-2.16169045933528E-31));
#7783=DIRECTION('center_axis',(-5.11614974084834E-16,-1.4791141972894E-31,
-1.));
#7784=DIRECTION('ref_axis',(1.33416005516035E-16,1.,-2.16169045933528E-31));
#7785=DIRECTION('',(-5.11614974084834E-16,-1.4791141972894E-31,-1.));
#7786=DIRECTION('center_axis',(-3.71230823859037E-16,1.,4.20158285991929E-32));
#7787=DIRECTION('ref_axis',(5.32907051820075E-16,1.55815695288264E-31,1.));
#7788=DIRECTION('',(-1.,-3.71230823859037E-16,5.11614974084834E-16));
#7789=DIRECTION('',(1.,3.71230823859037E-16,-5.11614974084834E-16));
#7790=DIRECTION('center_axis',(5.11614974084834E-16,-1.88943595945756E-30,
1.));
#7791=DIRECTION('ref_axis',(1.,3.77475828372553E-16,-5.11614974084834E-16));
#7792=DIRECTION('center_axis',(3.71230823859037E-16,-1.,-4.20158285991929E-32));
#7793=DIRECTION('ref_axis',(-0.707106781186549,-2.62499832936194E-16,0.707106781186546));
#7794=DIRECTION('center_axis',(-3.71230823859036E-16,1.,7.72329060608804E-16));
#7795=DIRECTION('ref_axis',(-0.707106781186549,-8.08618949000114E-16,0.707106781186546));
#7796=DIRECTION('',(-3.71230823859037E-16,1.,4.20158285991929E-32));
#7797=DIRECTION('center_axis',(4.19409245492884E-16,-1.,-7.33399184958269E-16));
#7798=DIRECTION('ref_axis',(-0.707106781186549,-8.1515865858103E-16,0.707106781186546));
#7799=DIRECTION('',(3.71230823859037E-16,-1.,-4.20158285991929E-32));
#7800=DIRECTION('center_axis',(-4.19409245492884E-16,1.,7.33399184958269E-16));
#7801=DIRECTION('ref_axis',(5.32907051820075E-16,-7.33399184958269E-16,
1.));
#7802=DIRECTION('',(-1.,-4.19409245492884E-16,5.11614974084834E-16));
#7803=DIRECTION('center_axis',(3.71230823859037E-16,-1.,-5.79246795456603E-16));
#7804=DIRECTION('ref_axis',(1.,3.71230823859037E-16,-5.11614974084834E-16));
#7805=DIRECTION('',(-5.11614974084834E-16,7.33399184958269E-16,-1.));
#7806=DIRECTION('center_axis',(5.11614974084834E-16,1.4791141972894E-31,
1.));
#7807=DIRECTION('ref_axis',(1.,3.71230823859037E-16,-5.11614974084834E-16));
#7808=DIRECTION('',(1.,3.71230823859037E-16,-5.11614974084834E-16));
#7809=DIRECTION('',(3.71230823859037E-16,-1.,-4.20158285991929E-32));
#7810=DIRECTION('',(-1.,-3.23052402225199E-16,5.11614974084834E-16));
#7811=DIRECTION('',(-3.71230823859037E-16,1.,5.55111512312578E-16));
#7812=DIRECTION('',(1.,3.71230823859037E-16,-5.11614974084834E-16));
#7813=DIRECTION('',(-3.71230823859037E-16,1.,5.55111512312578E-16));
#7814=DIRECTION('center_axis',(-5.11614974084834E-16,-1.4791141972894E-31,
-1.));
#7815=DIRECTION('ref_axis',(-1.,-1.15648231731818E-18,5.11614974084834E-16));
#7816=DIRECTION('',(-1.18907409171501E-16,1.,-8.70766086671674E-32));
#7817=DIRECTION('center_axis',(-5.11614974084834E-16,-1.4791141972894E-31,
-1.));
#7818=DIRECTION('ref_axis',(1.,3.71230823859037E-16,-5.11614974084834E-16));
#7819=DIRECTION('',(3.71230823859037E-16,-1.,-4.20158285991929E-32));
#7820=DIRECTION('center_axis',(-3.71230823859037E-16,1.,4.20158285991929E-32));
#7821=DIRECTION('ref_axis',(0.707106781186549,2.62499832936195E-16,0.707106781186546));
#7822=DIRECTION('center_axis',(3.23052402225199E-16,-1.,-7.33399184958256E-16));
#7823=DIRECTION('ref_axis',(0.707106781186549,-2.90158992708625E-16,0.707106781186546));
#7824=DIRECTION('center_axis',(-3.71230823859036E-16,1.,7.72329060608804E-16));
#7825=DIRECTION('ref_axis',(0.707106781186549,-2.83619283127726E-16,0.707106781186546));
#7826=DIRECTION('',(-3.71230823859037E-16,1.,4.20158285991929E-32));
#7827=DIRECTION('center_axis',(-3.23052402225199E-16,1.,7.33399184958256E-16));
#7828=DIRECTION('ref_axis',(5.32907051820075E-16,-7.33399184958256E-16,
1.));
#7829=DIRECTION('',(5.11614974084834E-16,-7.33399184958256E-16,1.));
#7830=DIRECTION('center_axis',(3.71230823859037E-16,-1.,-5.79246795456603E-16));
#7831=DIRECTION('ref_axis',(-5.11614974084834E-16,5.79246795456603E-16,
-1.));
#7832=DIRECTION('center_axis',(-5.11614974084834E-16,-1.4791141972894E-31,
-1.));
#7833=DIRECTION('ref_axis',(-1.,-3.71230823859037E-16,5.11614974084834E-16));
#7834=DIRECTION('center_axis',(-5.11614974084834E-16,1.4994086408206E-30,
-1.));
#7835=DIRECTION('ref_axis',(-1.,-3.71230823859037E-16,5.11614974084834E-16));
#7836=DIRECTION('',(-5.11614974084834E-16,-1.4791141972894E-31,-1.));
#7837=DIRECTION('center_axis',(-5.11614974084834E-16,-1.4791141972894E-31,
-1.));
#7838=DIRECTION('ref_axis',(-1.,-3.71230823859037E-16,5.11614974084834E-16));
#7839=DIRECTION('center_axis',(-5.11614974084834E-16,1.4994086408206E-30,
-1.));
#7840=DIRECTION('ref_axis',(-1.,-3.71230823859037E-16,5.11614974084834E-16));
#7841=DIRECTION('',(-5.11614974084834E-16,-1.4791141972894E-31,-1.));
#7842=DIRECTION('center_axis',(-3.71230823859037E-16,1.,4.20158285991929E-32));
#7843=DIRECTION('ref_axis',(5.11614974084834E-16,1.4791141972894E-31,1.));
#7844=DIRECTION('center_axis',(-5.11614974084834E-16,-1.4791141972894E-31,
-1.));
#7845=DIRECTION('ref_axis',(-1.84921522539127E-15,-1.,1.09399761934478E-30));
#7846=DIRECTION('center_axis',(4.06966127464158E-15,1.,-2.23001106728874E-30));
#7847=DIRECTION('ref_axis',(-1.,4.06966127464158E-15,5.11614974084834E-16));
#7848=DIRECTION('center_axis',(3.71230823859037E-16,-1.,-4.20158285991929E-32));
#7849=DIRECTION('ref_axis',(0.707106781186547,2.62499832936194E-16,0.707106781186547));
#7850=DIRECTION('center_axis',(-3.71230823859037E-16,1.,4.20158285991929E-32));
#7851=DIRECTION('ref_axis',(5.11614974084834E-16,1.4791141972894E-31,1.));
#7852=DIRECTION('',(3.71230823859037E-16,-1.,-4.20158285991929E-32));
#7853=DIRECTION('center_axis',(-3.71230823859037E-16,1.,4.20158285991929E-32));
#7854=DIRECTION('ref_axis',(-0.707106781186546,-2.62499832936193E-16,0.707106781186549));
#7855=DIRECTION('center_axis',(-3.71230823859037E-16,1.,4.20158285991929E-32));
#7856=DIRECTION('ref_axis',(-1.,-3.71230823859037E-16,5.11614974084834E-16));
#7857=DIRECTION('',(-3.71230823859037E-16,1.,4.20158285991929E-32));
#7858=DIRECTION('center_axis',(-5.11614974084834E-16,-1.4791141972894E-31,
-1.));
#7859=DIRECTION('ref_axis',(-1.,0.,5.28743715477731E-16));
#7860=DIRECTION('center_axis',(1.,9.3675067702748E-17,-5.11614974084834E-16));
#7861=DIRECTION('ref_axis',(5.11614974084834E-16,1.4791141972894E-31,1.));
#7862=DIRECTION('center_axis',(5.11614974084834E-16,1.4791141972894E-31,
1.));
#7863=DIRECTION('ref_axis',(-0.707106781186547,0.707106781186548,3.61766417531966E-16));
#7864=DIRECTION('center_axis',(1.,3.71230823859037E-16,-5.11614974084834E-16));
#7865=DIRECTION('ref_axis',(-3.71230823859037E-16,1.,4.20158285991929E-32));
#7866=DIRECTION('center_axis',(-5.11614974084834E-16,-1.4791141972894E-31,
-1.));
#7867=DIRECTION('ref_axis',(-0.707106781186547,0.707106781186547,3.61766417531966E-16));
#7868=DIRECTION('center_axis',(-1.,-3.71230823859037E-16,5.11614974084834E-16));
#7869=DIRECTION('ref_axis',(6.2426625046816E-16,-0.707106781186549,0.707106781186546));
#7870=DIRECTION('center_axis',(1.,3.71230823859037E-16,-5.11614974084834E-16));
#7871=DIRECTION('ref_axis',(5.11614974084834E-16,1.4791141972894E-31,1.));
#7872=DIRECTION('',(-1.,-3.71230823859037E-16,5.11614974084834E-16));
#7873=DIRECTION('center_axis',(1.,3.71230823859037E-16,-5.11614974084834E-16));
#7874=DIRECTION('ref_axis',(9.92665845957734E-17,0.707106781186546,0.707106781186549));
#7875=DIRECTION('center_axis',(1.,3.71230823859037E-16,-5.11614974084834E-16));
#7876=DIRECTION('ref_axis',(-3.71230823859037E-16,1.,4.20158285991929E-32));
#7877=DIRECTION('',(1.,3.71230823859037E-16,-5.11614974084834E-16));
#7878=DIRECTION('center_axis',(-5.11614974084834E-16,-1.4791141972894E-31,
-1.));
#7879=DIRECTION('ref_axis',(-1.,0.,5.28743715477731E-16));
#7880=DIRECTION('center_axis',(3.71230823859037E-16,-1.,-4.20158285991929E-32));
#7881=DIRECTION('ref_axis',(5.11614974084834E-16,1.4791141972894E-31,1.));
#7882=DIRECTION('center_axis',(5.11614974084834E-16,1.4791141972894E-31,
1.));
#7883=DIRECTION('ref_axis',(0.707106781186547,0.707106781186548,-3.61766417531966E-16));
#7884=DIRECTION('center_axis',(3.71230823859037E-16,-1.,-4.20158285991929E-32));
#7885=DIRECTION('ref_axis',(1.,3.71230823859037E-16,-5.11614974084834E-16));
#7886=DIRECTION('center_axis',(-5.11614974084834E-16,-1.4791141972894E-31,
-1.));
#7887=DIRECTION('ref_axis',(0.707106781186547,0.707106781186548,-3.61766417531966E-16));
#7888=DIRECTION('center_axis',(-3.71230823859037E-16,1.,4.20158285991929E-32));
#7889=DIRECTION('ref_axis',(-0.707106781186547,-2.62499832936194E-16,0.707106781186548));
#7890=DIRECTION('center_axis',(3.71230823859037E-16,-1.,-4.20158285991929E-32));
#7891=DIRECTION('ref_axis',(5.11614974084834E-16,1.4791141972894E-31,1.));
#7892=DIRECTION('',(-3.71230823859037E-16,1.,4.20158285991929E-32));
#7893=DIRECTION('center_axis',(2.32452945780892E-16,-1.,2.89850118973053E-32));
#7894=DIRECTION('ref_axis',(0.707106781186548,1.64369054268458E-16,0.707106781186547));
#7895=DIRECTION('center_axis',(3.71230823859037E-16,-1.,-4.20158285991929E-32));
#7896=DIRECTION('ref_axis',(1.,3.71230823859037E-16,-5.11614974084834E-16));
#7897=DIRECTION('',(2.32452945780892E-16,-1.,2.89850118973053E-32));
#7898=DIRECTION('center_axis',(-5.11614974084834E-16,-1.4791141972894E-31,
-1.));
#7899=DIRECTION('ref_axis',(3.71230823859037E-16,-1.,-4.20158285991928E-32));
#7900=DIRECTION('center_axis',(1.,2.32452945780892E-16,-5.11614974084834E-16));
#7901=DIRECTION('ref_axis',(-5.11614974084834E-16,4.94940619135251E-33,
-1.));
#7902=DIRECTION('',(5.11614974084834E-16,1.4791141972894E-31,1.));
#7903=DIRECTION('',(-2.32452945780892E-16,1.,-2.89850118973053E-32));
#7904=DIRECTION('',(-5.11614974084834E-16,-1.4791141972894E-31,-1.));
#7905=DIRECTION('center_axis',(5.11614974084834E-16,1.4791141972894E-31,
1.));
#7906=DIRECTION('ref_axis',(0.707106781186547,0.707106781186548,-3.61766417531966E-16));
#7907=DIRECTION('',(-5.11614974084834E-16,-1.4791141972894E-31,-1.));
#7908=DIRECTION('center_axis',(-5.11614974084834E-16,-1.4791141972894E-31,
-1.));
#7909=DIRECTION('ref_axis',(0.707106781186547,0.707106781186548,-3.61766417531966E-16));
#7910=DIRECTION('center_axis',(-3.71230823859037E-16,1.,4.20158285991929E-32));
#7911=DIRECTION('ref_axis',(5.32907051820075E-16,1.55815695288264E-31,1.));
#7912=DIRECTION('',(5.11614974084834E-16,1.4791141972894E-31,1.));
#7913=DIRECTION('',(-1.,-3.71230823859037E-16,5.11614974084834E-16));
#7914=DIRECTION('center_axis',(5.11614974084834E-16,1.4791141972894E-31,
1.));
#7915=DIRECTION('ref_axis',(-0.707106781186547,0.707106781186548,3.61766417531966E-16));
#7916=DIRECTION('',(-5.11614974084834E-16,-1.4791141972894E-31,-1.));
#7917=DIRECTION('center_axis',(-5.11614974084834E-16,-1.4791141972894E-31,
-1.));
#7918=DIRECTION('ref_axis',(-0.707106781186547,0.707106781186548,3.61766417531966E-16));
#7919=DIRECTION('center_axis',(-1.,-3.71230823859037E-16,5.11614974084834E-16));
#7920=DIRECTION('ref_axis',(5.11614974084834E-16,-7.90427555932417E-33,
1.));
#7921=DIRECTION('',(5.11614974084834E-16,1.4791141972894E-31,1.));
#7922=DIRECTION('',(3.71230823859037E-16,-1.,-4.20158285991929E-32));
#7923=DIRECTION('center_axis',(5.11614974084834E-16,1.4791141972894E-31,
1.));
#7924=DIRECTION('ref_axis',(0.707106781186547,-0.707106781186548,-3.61766417531966E-16));
#7925=DIRECTION('',(-5.11614974084834E-16,-1.4791141972894E-31,-1.));
#7926=DIRECTION('center_axis',(-5.11614974084834E-16,-1.4791141972894E-31,
-1.));
#7927=DIRECTION('ref_axis',(0.707106781186547,-0.707106781186548,-3.61766417531966E-16));
#7928=DIRECTION('center_axis',(5.11614974084834E-16,1.4791141972894E-31,
1.));
#7929=DIRECTION('ref_axis',(1.,3.5527136788005E-16,-5.11614974084834E-16));
#7930=DIRECTION('center_axis',(5.11614974084834E-16,1.4791141972894E-31,
1.));
#7931=DIRECTION('ref_axis',(-0.707106781186547,0.707106781186548,3.61766417531966E-16));
#7932=DIRECTION('',(-5.11614974084834E-16,-1.4791141972894E-31,-1.));
#7933=DIRECTION('center_axis',(5.11614974084834E-16,1.4791141972894E-31,
1.));
#7934=DIRECTION('ref_axis',(-0.707106781186547,0.707106781186548,3.61766417531966E-16));
#7935=DIRECTION('',(5.11614974084834E-16,1.4791141972894E-31,1.));
#7936=DIRECTION('center_axis',(1.,3.71230823859037E-16,-5.11614974084834E-16));
#7937=DIRECTION('ref_axis',(-5.11614974084834E-16,7.90427555932417E-33,
-1.));
#7938=DIRECTION('',(-3.71230823859037E-16,1.,4.20158285991929E-32));
#7939=DIRECTION('center_axis',(-5.11614974084834E-16,-1.4791141972894E-31,
-1.));
#7940=DIRECTION('ref_axis',(-1.,-3.5527136788005E-16,5.11614974084834E-16));
#7941=DIRECTION('center_axis',(5.11614974084834E-16,1.4791141972894E-31,
1.));
#7942=DIRECTION('ref_axis',(-0.707106781186548,0.707106781186547,3.61766417531966E-16));
#7943=DIRECTION('',(1.,3.71230823859037E-16,-5.11614974084834E-16));
#7944=DIRECTION('center_axis',(5.11614974084834E-16,1.4791141972894E-31,
1.));
#7945=DIRECTION('ref_axis',(0.707106781186548,0.707106781186547,-3.61766417531966E-16));
#7946=DIRECTION('',(3.71230823859037E-16,-1.,-4.20158285991929E-32));
#7947=DIRECTION('',(-1.,-3.71230823859037E-16,5.11614974084834E-16));
#7948=DIRECTION('',(-1.,-3.71230823859037E-16,5.11614974084834E-16));
#7949=DIRECTION('',(-3.71230823859037E-16,1.,4.20158285991929E-32));
#7950=DIRECTION('',(1.,3.71230823859037E-16,-5.11614974084834E-16));
#7951=DIRECTION('center_axis',(5.11614974084834E-16,1.4791141972894E-31,
1.));
#7952=DIRECTION('ref_axis',(0.707106781186547,0.707106781186548,-3.61766417531966E-16));
#7953=DIRECTION('',(3.71230823859037E-16,-1.,-4.20158285991929E-32));
#7954=DIRECTION('center_axis',(-5.11614974084834E-16,-1.4791141972894E-31,
-1.));
#7955=DIRECTION('ref_axis',(0.707106781186547,-0.707106781186548,-3.61766417531966E-16));
#7956=DIRECTION('center_axis',(5.11614974084834E-16,1.4791141972894E-31,
1.));
#7957=DIRECTION('ref_axis',(-0.707106781186547,-0.707106781186548,3.61766417531966E-16));
#7958=DIRECTION('',(5.11614974084834E-16,1.4791141972894E-31,1.));
#7959=DIRECTION('center_axis',(-1.,-3.71230823859037E-16,5.11614974084834E-16));
#7960=DIRECTION('ref_axis',(5.11614974084834E-16,-7.90427555932417E-33,
1.));
#7961=DIRECTION('',(-5.11614974084834E-16,-1.4791141972894E-31,-1.));
#7962=DIRECTION('center_axis',(5.11614974084834E-16,1.4791141972894E-31,
1.));
#7963=DIRECTION('ref_axis',(0.707106781186547,0.707106781186548,-3.61766417531966E-16));
#7964=DIRECTION('',(5.11614974084834E-16,1.4791141972894E-31,1.));
#7965=DIRECTION('center_axis',(3.71230823859037E-16,-1.,-4.20158285991929E-32));
#7966=DIRECTION('ref_axis',(-5.10702591327572E-16,-1.47572715126287E-31,
-1.));
#7967=DIRECTION('center_axis',(-5.11614974084834E-16,5.79246795456603E-16,
-1.));
#7968=DIRECTION('ref_axis',(0.707106781186548,0.707106781186547,4.78229195159746E-17));
#7969=DIRECTION('',(5.11614974084834E-16,-5.79246795456603E-16,1.));
#7970=DIRECTION('center_axis',(-5.11614974084834E-16,7.40148683083437E-16,
-1.));
#7971=DIRECTION('ref_axis',(-3.71230823859037E-16,1.,7.40148683083437E-16));
#7972=DIRECTION('',(-5.11614974084834E-16,5.79246795456603E-16,-1.));
#7973=DIRECTION('center_axis',(-3.71230823859037E-16,1.,5.79246795456603E-16));
#7974=DIRECTION('ref_axis',(5.28743715477731E-16,-7.04991620636974E-16,
1.));
#7975=DIRECTION('center_axis',(1.,3.71230823859037E-16,-5.11614974084834E-16));
#7976=DIRECTION('ref_axis',(-3.71230823859036E-16,1.,1.48029736616687E-15));
#7977=DIRECTION('center_axis',(-3.71230823859037E-16,1.,5.79246795456603E-16));
#7978=DIRECTION('ref_axis',(0.707106781186548,-1.47089504111747E-16,0.707106781186547));
#7979=DIRECTION('center_axis',(3.71230823859037E-16,-1.,-5.79246795456603E-16));
#7980=DIRECTION('ref_axis',(0.707106781186548,-1.47089504111747E-16,0.707106781186547));
#7981=DIRECTION('center_axis',(1.,3.71230823859037E-16,-5.11614974084834E-16));
#7982=DIRECTION('ref_axis',(9.92665845957721E-17,0.707106781186548,0.707106781186548));
#7983=DIRECTION('center_axis',(1.,3.71230823859037E-16,-5.11614974084834E-16));
#7984=DIRECTION('ref_axis',(-3.71230823859037E-16,1.,4.20158285991929E-32));
#7985=DIRECTION('',(-1.,-3.71230823859037E-16,5.11614974084834E-16));
#7986=DIRECTION('center_axis',(-3.71230823859037E-16,1.,5.79246795456603E-16));
#7987=DIRECTION('ref_axis',(5.28743715477731E-16,-7.04991620636974E-16,
1.));
#7988=DIRECTION('center_axis',(5.11614974084834E-16,-7.40148683083437E-16,
1.));
#7989=DIRECTION('ref_axis',(-3.71230823859037E-16,1.,7.40148683083437E-16));
#7990=DIRECTION('center_axis',(-3.71230823859037E-16,1.,5.79246795456603E-16));
#7991=DIRECTION('ref_axis',(-0.707106781186547,-6.72089169984135E-16,0.707106781186548));
#7992=DIRECTION('center_axis',(3.71230823859037E-16,-1.,-5.79246795456603E-16));
#7993=DIRECTION('ref_axis',(-0.707106781186547,-6.72089169984135E-16,0.707106781186548));
#7994=DIRECTION('center_axis',(5.11614974084834E-16,-5.79246795456603E-16,
1.));
#7995=DIRECTION('ref_axis',(-0.707106781186548,0.707106781186547,7.71355754579907E-16));
#7996=DIRECTION('',(5.11614974084834E-16,-5.79246795456603E-16,1.));
#7997=DIRECTION('',(-5.11614974084834E-16,5.79246795456603E-16,-1.));
#7998=DIRECTION('center_axis',(-3.71230823859037E-16,1.,5.79246795456603E-16));
#7999=DIRECTION('ref_axis',(5.11614974084834E-16,-5.79246795456603E-16,
1.));
#8000=DIRECTION('center_axis',(-5.11614974084834E-16,-1.4791141972894E-31,
-1.));
#8001=DIRECTION('ref_axis',(-1.,-1.15648231731818E-18,5.11614974084834E-16));
#8002=DIRECTION('center_axis',(5.11614974084834E-16,1.4791141972894E-31,
1.));
#8003=DIRECTION('ref_axis',(-1.,-1.15648231731818E-18,5.11614974084834E-16));
#8004=DIRECTION('',(-5.11614974084834E-16,-1.4791141972894E-31,-1.));
#8005=DIRECTION('',(-5.11614974084834E-16,-1.4791141972894E-31,-1.));
#8006=DIRECTION('center_axis',(1.,3.71230823859037E-16,-5.11614974084834E-16));
#8007=DIRECTION('ref_axis',(-5.11614974084834E-16,-3.38704602653169E-34,
-1.));
#8008=DIRECTION('',(-3.71230823859037E-16,1.,4.20158285991929E-32));
#8009=DIRECTION('',(-5.11614974084834E-16,-1.4791141972894E-31,-1.));
#8010=DIRECTION('center_axis',(-5.11614974084834E-16,-1.4791141972894E-31,
-1.));
#8011=DIRECTION('ref_axis',(1.,3.71230823859037E-16,-5.11614974084834E-16));
#8012=DIRECTION('center_axis',(5.11614974084834E-16,1.4791141972894E-31,
1.));
#8013=DIRECTION('ref_axis',(1.,3.71230823859037E-16,-5.11614974084834E-16));
#8014=DIRECTION('',(-5.11614974084834E-16,-1.4791141972894E-31,-1.));
#8015=DIRECTION('center_axis',(-1.,-1.18907409171501E-16,5.11614974084834E-16));
#8016=DIRECTION('ref_axis',(5.11614974084834E-16,1.08489069838783E-34,1.));
#8017=DIRECTION('',(1.18907409171501E-16,-1.,8.70766086671674E-32));
#8018=DIRECTION('center_axis',(5.11614974084834E-16,-1.4994086408206E-30,
1.));
#8019=DIRECTION('ref_axis',(1.,3.5527136788005E-16,-5.11614974084834E-16));
#8020=DIRECTION('center_axis',(3.71230823859037E-16,-1.,-5.55111512312578E-16));
#8021=DIRECTION('ref_axis',(-5.11614974084834E-16,5.55111512312578E-16,
-1.));
#8022=DIRECTION('',(-3.71230823859037E-16,1.,5.55111512312578E-16));
#8023=DIRECTION('center_axis',(3.71230823859037E-16,-1.,-5.55111512312578E-16));
#8024=DIRECTION('ref_axis',(1.,3.71230823859037E-16,-5.11614974084834E-16));
#8025=DIRECTION('',(-3.71230823859037E-16,1.,5.55111512312578E-16));
#8026=DIRECTION('center_axis',(1.,3.71230823859037E-16,-5.11614974084834E-16));
#8027=DIRECTION('ref_axis',(-5.11614974084834E-16,7.90427555932417E-33,
-1.));
#8028=DIRECTION('',(5.11614974084834E-16,-7.72329060608804E-16,1.));
#8029=DIRECTION('center_axis',(-3.71230823859037E-16,1.,4.20158285991929E-32));
#8030=DIRECTION('ref_axis',(-1.,-3.71230823859037E-16,5.11614974084834E-16));
#8031=DIRECTION('center_axis',(-3.71230823859037E-16,1.,4.20158285991929E-32));
#8032=DIRECTION('ref_axis',(-1.,-3.71230823859037E-16,5.11614974084834E-16));
#8033=DIRECTION('',(-3.71230823859037E-16,1.,4.20158285991929E-32));
#8034=DIRECTION('center_axis',(3.71230823859037E-16,-1.,-4.20158285991929E-32));
#8035=DIRECTION('ref_axis',(-5.11614974084834E-16,0.,-1.));
#8036=DIRECTION('center_axis',(-3.71230823859037E-16,1.,4.20158285991929E-32));
#8037=DIRECTION('ref_axis',(-6.34075609467072E-16,-1.93372582292189E-31,
-1.));
#8038=DIRECTION('center_axis',(-1.,-3.71230823859037E-16,3.89150294170099E-16));
#8039=DIRECTION('ref_axis',(3.89150294170099E-16,0.,1.));
#8040=DIRECTION('center_axis',(3.71230823859037E-16,-1.,-4.20158285991929E-32));
#8041=DIRECTION('ref_axis',(-6.34075609467072E-16,-1.93372582292189E-31,
-1.));
#8042=DIRECTION('center_axis',(3.71230823859037E-16,-1.,-4.20158285991929E-32));
#8043=DIRECTION('ref_axis',(-6.34075609467072E-16,-1.93372582292189E-31,
-1.));
#8044=DIRECTION('center_axis',(3.71230823859037E-16,-1.,-4.20158285991929E-32));
#8045=DIRECTION('ref_axis',(5.11614974084834E-16,1.4791141972894E-31,1.));
#8046=DIRECTION('',(-3.71230823859037E-16,1.,4.20158285991929E-32));
#8047=DIRECTION('center_axis',(3.71230823859037E-16,-1.,-4.20158285991929E-32));
#8048=DIRECTION('ref_axis',(5.11614974084834E-16,1.4791141972894E-31,1.));
#8049=DIRECTION('center_axis',(3.71230823859037E-16,-1.,-4.20158285991929E-32));
#8050=DIRECTION('ref_axis',(5.11614974084834E-16,1.4791141972894E-31,1.));
#8051=DIRECTION('center_axis',(3.71230823859037E-16,-1.,-4.20158285991929E-32));
#8052=DIRECTION('ref_axis',(-5.11614974084834E-16,-1.4791141972894E-31,
-1.));
#8053=DIRECTION('center_axis',(-3.71230823859037E-16,1.,4.20158285991929E-32));
#8054=DIRECTION('ref_axis',(5.11614974084834E-16,0.,1.));
#8055=DIRECTION('center_axis',(3.71230823859037E-16,-1.,-4.20158285991929E-32));
#8056=DIRECTION('ref_axis',(-3.89154338702596E-16,-1.02450257165691E-31,
-1.));
#8057=DIRECTION('center_axis',(-1.,-3.71230823859037E-16,6.34079653999569E-16));
#8058=DIRECTION('ref_axis',(-6.34079653999569E-16,0.,-1.));
#8059=DIRECTION('center_axis',(-3.71230823859037E-16,1.,4.20158285991929E-32));
#8060=DIRECTION('ref_axis',(-3.89154338702596E-16,-1.02450257165691E-31,
-1.));
#8061=DIRECTION('center_axis',(3.71230823859037E-16,-1.,-4.20158285991929E-32));
#8062=DIRECTION('ref_axis',(-5.11614974084834E-16,-1.4791141972894E-31,
-1.));
#8063=DIRECTION('center_axis',(-3.71230823859037E-16,1.,4.20158285991929E-32));
#8064=DIRECTION('ref_axis',(1.,3.71230823859037E-16,-5.11614974084834E-16));
#8065=DIRECTION('center_axis',(3.71230823859037E-16,-1.,-4.20158285991929E-32));
#8066=DIRECTION('ref_axis',(5.11614974084834E-16,1.4791141972894E-31,1.));
#8067=DIRECTION('center_axis',(3.71230823859037E-16,-1.,-4.20158285991929E-32));
#8068=DIRECTION('ref_axis',(5.11614974084834E-16,1.4791141972894E-31,1.));
#8069=DIRECTION('center_axis',(3.71230823859037E-16,-1.,-4.20158285991929E-32));
#8070=DIRECTION('ref_axis',(5.11614974084834E-16,1.4791141972894E-31,1.));
#8071=DIRECTION('',(3.71230823859037E-16,-1.,-4.20158285991929E-32));
#8072=DIRECTION('center_axis',(-3.71230823859037E-16,1.,4.20158285991929E-32));
#8073=DIRECTION('ref_axis',(5.11614974084834E-16,0.,1.));
#8074=DIRECTION('center_axis',(3.71230823859037E-16,-1.,-4.20158285991929E-32));
#8075=DIRECTION('ref_axis',(1.,3.71230823859037E-16,-5.11614974084834E-16));
#8076=DIRECTION('center_axis',(-1.,-3.71230823859037E-16,6.34079653999569E-16));
#8077=DIRECTION('ref_axis',(-6.34079653999569E-16,0.,-1.));
#8078=DIRECTION('center_axis',(3.71230823859037E-16,-1.,-4.20158285991929E-32));
#8079=DIRECTION('ref_axis',(1.,3.71230823859037E-16,-5.11614974084834E-16));
#8080=DIRECTION('center_axis',(3.71230823859037E-16,-1.,-4.20158285991929E-32));
#8081=DIRECTION('ref_axis',(1.,3.71230823859037E-16,-5.11614974084834E-16));
#8082=DIRECTION('',(-3.71230823859037E-16,1.,4.20158285991929E-32));
#8083=DIRECTION('center_axis',(-3.71230823859036E-16,1.,7.72329060608804E-16));
#8084=DIRECTION('ref_axis',(1.,3.71230823859036E-16,-5.11614974084834E-16));
#8085=DIRECTION('center_axis',(-3.71230823859036E-16,1.,7.72329060608804E-16));
#8086=DIRECTION('ref_axis',(1.,3.71230823859036E-16,-5.11614974084834E-16));
#8087=DIRECTION('center_axis',(3.71230823859037E-16,-1.,-4.20158285991929E-32));
#8088=DIRECTION('ref_axis',(-5.11614974084834E-16,0.,-1.));
#8089=DIRECTION('center_axis',(1.,3.71230823859037E-16,-3.89150294170099E-16));
#8090=DIRECTION('ref_axis',(3.89150294170099E-16,0.,1.));
#8091=DIRECTION('center_axis',(3.71230823859036E-16,-1.,-7.72329060608804E-16));
#8092=DIRECTION('ref_axis',(-5.11614974084834E-16,7.72329060608804E-16,
-1.));
#8093=DIRECTION('',(-5.11614974084834E-16,7.72329060608804E-16,-1.));
#8094=DIRECTION('center_axis',(1.,3.71230823859037E-16,-5.11614974084834E-16));
#8095=DIRECTION('ref_axis',(-5.11614974084834E-16,7.90427555932417E-33,
-1.));
#8096=DIRECTION('axis',(0.,0.,1.));
#8097=DIRECTION('refdir',(1.,0.,0.));
#8098=DIRECTION('center_axis',(0.,1.,0.));
#8099=DIRECTION('ref_axis',(0.,0.,1.));
#8100=DIRECTION('center_axis',(0.,1.,0.));
#8101=DIRECTION('ref_axis',(0.,0.,-1.));
#8102=DIRECTION('',(8.65956056235489E-17,-0.707106781186551,0.707106781186544));
#8103=DIRECTION('center_axis',(0.,-1.,0.));
#8104=DIRECTION('ref_axis',(0.,0.,-1.));
#8105=DIRECTION('center_axis',(0.,1.,0.));
#8106=DIRECTION('ref_axis',(0.,0.,1.));
#8107=DIRECTION('center_axis',(0.,-1.,0.));
#8108=DIRECTION('ref_axis',(0.,0.,-1.));
#8109=DIRECTION('',(0.,-1.,0.));
#8110=DIRECTION('center_axis',(0.,-1.,0.));
#8111=DIRECTION('ref_axis',(0.,0.,-1.));
#8112=DIRECTION('center_axis',(0.,-1.,0.));
#8113=DIRECTION('ref_axis',(0.,0.,-1.));
#8114=DIRECTION('center_axis',(0.,0.,-1.));
#8115=DIRECTION('ref_axis',(-1.,0.,0.));
#8116=DIRECTION('',(0.,1.,0.));
#8117=DIRECTION('',(1.,0.,0.));
#8118=DIRECTION('',(0.,1.,0.));
#8119=DIRECTION('',(1.,2.71050543121375E-15,0.));
#8120=DIRECTION('',(0.,1.,0.));
#8121=DIRECTION('',(-1.,0.,0.));
#8122=DIRECTION('center_axis',(1.,0.,0.));
#8123=DIRECTION('ref_axis',(0.,0.,-1.));
#8124=DIRECTION('',(0.,0.,1.));
#8125=DIRECTION('',(0.,0.,-1.));
#8126=DIRECTION('',(0.,1.,0.));
#8127=DIRECTION('center_axis',(0.,0.,1.));
#8128=DIRECTION('ref_axis',(1.,0.,0.));
#8129=DIRECTION('',(0.,-1.,0.));
#8130=DIRECTION('',(1.,0.,0.));
#8131=DIRECTION('',(1.,0.,0.));
#8132=DIRECTION('',(0.,1.,0.));
#8133=DIRECTION('',(-1.,-2.71050543121375E-15,0.));
#8134=DIRECTION('center_axis',(0.,-1.,0.));
#8135=DIRECTION('ref_axis',(0.,0.,-1.));
#8136=DIRECTION('',(1.,0.,0.));
#8137=DIRECTION('',(0.,0.,-1.));
#8138=DIRECTION('',(1.,0.,0.));
#8139=DIRECTION('',(0.,0.,-1.));
#8140=DIRECTION('center_axis',(-1.,0.,0.));
#8141=DIRECTION('ref_axis',(0.,0.,1.));
#8142=DIRECTION('',(0.,0.,1.));
#8143=DIRECTION('',(0.,0.,1.));
#8144=DIRECTION('center_axis',(0.,1.,0.));
#8145=DIRECTION('ref_axis',(0.,0.,1.));
#8146=DIRECTION('center_axis',(-2.71050543121375E-15,1.,0.));
#8147=DIRECTION('ref_axis',(-1.,-2.71050543121375E-15,0.));
#8148=DIRECTION('',(0.,0.,1.));
#8149=DIRECTION('center_axis',(-1.,0.,0.));
#8150=DIRECTION('ref_axis',(0.,0.,1.));
#8151=DIRECTION('',(0.,0.,1.));
#8152=DIRECTION('center_axis',(-0.96592582628907,0.258819045102516,0.));
#8153=DIRECTION('ref_axis',(-0.258819045102516,-0.96592582628907,0.));
#8154=DIRECTION('',(-0.250562807085728,-0.935113126531032,-0.250562807085726));
#8155=DIRECTION('',(0.250562807085728,0.935113126531032,-0.250562807085726));
#8156=DIRECTION('center_axis',(-0.96592582628907,-0.258819045102515,0.));
#8157=DIRECTION('ref_axis',(0.258819045102515,-0.96592582628907,0.));
#8158=DIRECTION('',(0.250562807085727,-0.935113126531032,-0.250562807085726));
#8159=DIRECTION('',(-0.250562807085727,0.935113126531032,-0.250562807085726));
#8160=DIRECTION('center_axis',(0.,0.258819045102515,0.96592582628907));
#8161=DIRECTION('ref_axis',(0.,-0.96592582628907,0.258819045102515));
#8162=DIRECTION('center_axis',(0.,0.258819045102515,-0.96592582628907));
#8163=DIRECTION('ref_axis',(0.,0.96592582628907,0.258819045102515));
#8164=DIRECTION('center_axis',(0.,0.,-1.));
#8165=DIRECTION('ref_axis',(-1.,0.,0.));
#8166=DIRECTION('',(0.,1.,0.));
#8167=DIRECTION('',(1.,0.,0.));
#8168=DIRECTION('',(0.,1.,0.));
#8169=DIRECTION('',(1.,2.71050543121375E-15,0.));
#8170=DIRECTION('',(0.,1.,0.));
#8171=DIRECTION('',(-1.,0.,0.));
#8172=DIRECTION('center_axis',(1.,0.,0.));
#8173=DIRECTION('ref_axis',(0.,0.,-1.));
#8174=DIRECTION('',(0.,0.,1.));
#8175=DIRECTION('',(0.,0.,-1.));
#8176=DIRECTION('',(0.,1.,0.));
#8177=DIRECTION('center_axis',(0.,0.,1.));
#8178=DIRECTION('ref_axis',(1.,0.,0.));
#8179=DIRECTION('',(0.,-1.,0.));
#8180=DIRECTION('',(1.,0.,0.));
#8181=DIRECTION('',(1.,0.,0.));
#8182=DIRECTION('',(0.,1.,0.));
#8183=DIRECTION('',(-1.,-2.71050543121375E-15,0.));
#8184=DIRECTION('center_axis',(0.,-1.,0.));
#8185=DIRECTION('ref_axis',(0.,0.,-1.));
#8186=DIRECTION('',(1.,0.,0.));
#8187=DIRECTION('',(0.,0.,-1.));
#8188=DIRECTION('',(1.,0.,0.));
#8189=DIRECTION('',(0.,0.,-1.));
#8190=DIRECTION('center_axis',(-1.,0.,0.));
#8191=DIRECTION('ref_axis',(0.,0.,1.));
#8192=DIRECTION('',(0.,0.,1.));
#8193=DIRECTION('',(0.,0.,1.));
#8194=DIRECTION('center_axis',(0.,1.,0.));
#8195=DIRECTION('ref_axis',(0.,0.,1.));
#8196=DIRECTION('center_axis',(-2.71050543121375E-15,1.,0.));
#8197=DIRECTION('ref_axis',(-1.,-2.71050543121375E-15,0.));
#8198=DIRECTION('',(0.,0.,1.));
#8199=DIRECTION('center_axis',(-1.,0.,0.));
#8200=DIRECTION('ref_axis',(0.,0.,1.));
#8201=DIRECTION('',(0.,0.,1.));
#8202=DIRECTION('center_axis',(-0.96592582628907,0.258819045102516,0.));
#8203=DIRECTION('ref_axis',(-0.258819045102516,-0.96592582628907,0.));
#8204=DIRECTION('',(-0.250562807085728,-0.935113126531032,-0.250562807085726));
#8205=DIRECTION('',(0.250562807085728,0.935113126531032,-0.250562807085726));
#8206=DIRECTION('center_axis',(-0.96592582628907,-0.258819045102515,0.));
#8207=DIRECTION('ref_axis',(0.258819045102515,-0.96592582628907,0.));
#8208=DIRECTION('',(0.250562807085727,-0.935113126531032,-0.250562807085726));
#8209=DIRECTION('',(-0.250562807085727,0.935113126531032,-0.250562807085726));
#8210=DIRECTION('center_axis',(0.,0.258819045102515,0.96592582628907));
#8211=DIRECTION('ref_axis',(0.,-0.96592582628907,0.258819045102515));
#8212=DIRECTION('center_axis',(0.,0.258819045102515,-0.96592582628907));
#8213=DIRECTION('ref_axis',(0.,0.96592582628907,0.258819045102515));
#8214=DIRECTION('center_axis',(0.,0.,-1.));
#8215=DIRECTION('ref_axis',(-1.,0.,0.));
#8216=DIRECTION('',(0.,1.,0.));
#8217=DIRECTION('',(1.,0.,0.));
#8218=DIRECTION('',(0.,1.,0.));
#8219=DIRECTION('',(-1.,0.,0.));
#8220=DIRECTION('',(0.,1.,0.));
#8221=DIRECTION('',(-1.,0.,0.));
#8222=DIRECTION('center_axis',(1.,0.,0.));
#8223=DIRECTION('ref_axis',(0.,0.,-1.));
#8224=DIRECTION('',(0.,0.,1.));
#8225=DIRECTION('',(0.,0.,-1.));
#8226=DIRECTION('',(0.,1.,0.));
#8227=DIRECTION('center_axis',(0.,0.,1.));
#8228=DIRECTION('ref_axis',(1.,0.,0.));
#8229=DIRECTION('',(0.,1.,0.));
#8230=DIRECTION('',(1.,0.,0.));
#8231=DIRECTION('',(0.,-1.,0.));
#8232=DIRECTION('',(1.,0.,0.));
#8233=DIRECTION('',(1.,0.,0.));
#8234=DIRECTION('center_axis',(0.,-1.,0.));
#8235=DIRECTION('ref_axis',(0.,0.,-1.));
#8236=DIRECTION('',(1.,0.,0.));
#8237=DIRECTION('',(0.,0.,-1.));
#8238=DIRECTION('',(1.,0.,0.));
#8239=DIRECTION('',(0.,0.,-1.));
#8240=DIRECTION('center_axis',(-1.,0.,0.));
#8241=DIRECTION('ref_axis',(0.,0.,1.));
#8242=DIRECTION('',(0.,0.,1.));
#8243=DIRECTION('',(0.,0.,1.));
#8244=DIRECTION('center_axis',(0.,1.,0.));
#8245=DIRECTION('ref_axis',(0.,0.,1.));
#8246=DIRECTION('center_axis',(0.,-1.,0.));
#8247=DIRECTION('ref_axis',(0.,0.,-1.));
#8248=DIRECTION('',(0.,0.,1.));
#8249=DIRECTION('center_axis',(-1.,0.,0.));
#8250=DIRECTION('ref_axis',(0.,0.,1.));
#8251=DIRECTION('',(0.,0.,1.));
#8252=DIRECTION('center_axis',(-0.96592582628907,-0.258819045102514,0.));
#8253=DIRECTION('ref_axis',(0.258819045102514,-0.96592582628907,0.));
#8254=DIRECTION('',(0.250562807085726,-0.935113126531032,-0.250562807085726));
#8255=DIRECTION('',(-0.250562807085726,0.935113126531032,-0.250562807085726));
#8256=DIRECTION('center_axis',(-0.96592582628907,0.258819045102514,0.));
#8257=DIRECTION('ref_axis',(-0.258819045102514,-0.96592582628907,0.));
#8258=DIRECTION('',(-0.250562807085726,-0.935113126531032,-0.250562807085726));
#8259=DIRECTION('',(0.250562807085726,0.935113126531032,-0.250562807085726));
#8260=DIRECTION('center_axis',(0.,0.258819045102515,0.96592582628907));
#8261=DIRECTION('ref_axis',(0.,-0.96592582628907,0.258819045102515));
#8262=DIRECTION('center_axis',(0.,0.258819045102515,-0.96592582628907));
#8263=DIRECTION('ref_axis',(0.,0.96592582628907,0.258819045102515));
#8264=DIRECTION('center_axis',(-2.06514699521048E-15,0.,-1.));
#8265=DIRECTION('ref_axis',(-1.,0.,2.06514699521048E-15));
#8266=DIRECTION('',(0.,1.,0.));
#8267=DIRECTION('',(1.,0.,0.));
#8268=DIRECTION('',(0.,1.,0.));
#8269=DIRECTION('',(-1.,0.,2.06514699521048E-15));
#8270=DIRECTION('',(0.,1.,0.));
#8271=DIRECTION('',(-1.,0.,2.06514699521048E-15));
#8272=DIRECTION('center_axis',(1.,0.,0.));
#8273=DIRECTION('ref_axis',(0.,0.,-1.));
#8274=DIRECTION('',(0.,0.,1.));
#8275=DIRECTION('',(0.,0.,-1.));
#8276=DIRECTION('',(0.,1.,0.));
#8277=DIRECTION('center_axis',(2.06514699521048E-15,0.,1.));
#8278=DIRECTION('ref_axis',(1.,0.,-2.06514699521048E-15));
#8279=DIRECTION('',(0.,1.,0.));
#8280=DIRECTION('',(1.,0.,0.));
#8281=DIRECTION('',(0.,-1.,0.));
#8282=DIRECTION('',(1.,0.,-2.06514699521048E-15));
#8283=DIRECTION('',(1.,0.,-2.06514699521048E-15));
#8284=DIRECTION('center_axis',(0.,-1.,0.));
#8285=DIRECTION('ref_axis',(0.,0.,-1.));
#8286=DIRECTION('',(1.,0.,0.));
#8287=DIRECTION('',(0.,0.,-1.));
#8288=DIRECTION('',(1.,0.,0.));
#8289=DIRECTION('',(0.,0.,-1.));
#8290=DIRECTION('center_axis',(-1.,0.,0.));
#8291=DIRECTION('ref_axis',(0.,0.,1.));
#8292=DIRECTION('',(0.,0.,1.));
#8293=DIRECTION('',(0.,0.,1.));
#8294=DIRECTION('center_axis',(0.,1.,0.));
#8295=DIRECTION('ref_axis',(0.,0.,1.));
#8296=DIRECTION('center_axis',(0.,-1.,0.));
#8297=DIRECTION('ref_axis',(0.,0.,-1.));
#8298=DIRECTION('',(0.,0.,1.));
#8299=DIRECTION('center_axis',(-1.,0.,0.));
#8300=DIRECTION('ref_axis',(0.,0.,1.));
#8301=DIRECTION('',(0.,0.,1.));
#8302=DIRECTION('center_axis',(-0.96592582628907,-0.258819045102514,0.));
#8303=DIRECTION('ref_axis',(0.258819045102514,-0.96592582628907,0.));
#8304=DIRECTION('',(0.250562807085726,-0.935113126531032,-0.250562807085726));
#8305=DIRECTION('',(-0.250562807085726,0.935113126531032,-0.250562807085726));
#8306=DIRECTION('center_axis',(-0.96592582628907,0.258819045102514,0.));
#8307=DIRECTION('ref_axis',(-0.258819045102514,-0.96592582628907,0.));
#8308=DIRECTION('',(-0.250562807085726,-0.935113126531032,-0.250562807085726));
#8309=DIRECTION('',(0.250562807085726,0.935113126531032,-0.250562807085726));
#8310=DIRECTION('center_axis',(0.,0.258819045102515,0.96592582628907));
#8311=DIRECTION('ref_axis',(0.,-0.96592582628907,0.258819045102515));
#8312=DIRECTION('center_axis',(0.,0.258819045102515,-0.96592582628907));
#8313=DIRECTION('ref_axis',(0.,0.96592582628907,0.258819045102515));
#8314=DIRECTION('center_axis',(0.,-1.,0.));
#8315=DIRECTION('ref_axis',(0.,0.,-1.));
#8316=DIRECTION('center_axis',(0.,-1.,0.));
#8317=DIRECTION('ref_axis',(0.,0.,-1.));
#8318=DIRECTION('',(0.,-1.,0.));
#8319=DIRECTION('center_axis',(0.,-1.,0.));
#8320=DIRECTION('ref_axis',(0.,0.,-1.));
#8321=DIRECTION('center_axis',(0.,-1.,0.));
#8322=DIRECTION('ref_axis',(0.,0.,-1.));
#8323=DIRECTION('center_axis',(0.,-1.,0.));
#8324=DIRECTION('ref_axis',(0.,0.,-1.));
#8325=DIRECTION('',(0.,-1.,0.));
#8326=DIRECTION('center_axis',(0.,-1.,0.));
#8327=DIRECTION('ref_axis',(0.,0.,-1.));
#8328=DIRECTION('center_axis',(0.,-1.,0.));
#8329=DIRECTION('ref_axis',(0.,0.,-1.));
#8330=DIRECTION('center_axis',(0.,-1.,0.));
#8331=DIRECTION('ref_axis',(0.,0.,-1.));
#8332=DIRECTION('',(0.,-1.,0.));
#8333=DIRECTION('center_axis',(0.,-1.,0.));
#8334=DIRECTION('ref_axis',(0.,0.,-1.));
#8335=DIRECTION('center_axis',(-1.,0.,1.32732227154065E-16));
#8336=DIRECTION('ref_axis',(0.,0.,1.));
#8337=DIRECTION('center_axis',(-1.,0.,1.32732227154065E-16));
#8338=DIRECTION('ref_axis',(1.32732227154065E-16,0.,1.));
#8339=DIRECTION('center_axis',(-1.,0.,1.32732227154065E-16));
#8340=DIRECTION('ref_axis',(1.32732227154065E-16,0.,1.));
#8341=DIRECTION('center_axis',(2.88945832737684E-32,-1.,2.17690789142188E-16));
#8342=DIRECTION('ref_axis',(0.,-2.17690789142188E-16,-1.));
#8343=DIRECTION('center_axis',(1.,0.,-1.32732227154065E-16));
#8344=DIRECTION('ref_axis',(1.32732227154065E-16,0.,1.));
#8345=DIRECTION('center_axis',(-1.,0.,1.32732227154065E-16));
#8346=DIRECTION('ref_axis',(0.,0.,1.));
#8347=DIRECTION('center_axis',(-1.,0.,1.32732227154065E-16));
#8348=DIRECTION('ref_axis',(1.32732227154065E-16,0.,1.));
#8349=DIRECTION('center_axis',(0.,-1.,0.));
#8350=DIRECTION('ref_axis',(0.,0.,-1.));
#8351=DIRECTION('center_axis',(1.,0.,-1.32732227154065E-16));
#8352=DIRECTION('ref_axis',(1.32732227154065E-16,0.,1.));
#8353=DIRECTION('center_axis',(1.,0.,-1.32732227154065E-16));
#8354=DIRECTION('ref_axis',(1.32732227154065E-16,0.,1.));
#8355=DIRECTION('center_axis',(-1.,0.,1.32732227154065E-16));
#8356=DIRECTION('ref_axis',(0.,1.,-3.82856869892695E-16));
#8357=DIRECTION('center_axis',(1.,0.,-1.32732227154065E-16));
#8358=DIRECTION('ref_axis',(1.32732227154065E-16,0.,1.));
#8359=DIRECTION('center_axis',(-1.35504630405397E-16,0.0174524064373016,
-0.999847695156391));
#8360=DIRECTION('ref_axis',(-3.85185988877447E-34,0.999847695156391,0.0174524064373016));
#8361=DIRECTION('center_axis',(-1.,0.,1.32732227154065E-16));
#8362=DIRECTION('ref_axis',(1.32732227154065E-16,0.,1.));
#8363=DIRECTION('center_axis',(4.51682101351324E-17,-0.0174524064372835,
-0.999847695156391));
#8364=DIRECTION('ref_axis',(0.,0.999847695156391,-0.0174524064372835));
#8365=DIRECTION('center_axis',(1.,0.,-1.44560289664734E-16));
#8366=DIRECTION('ref_axis',(-1.44560289664734E-16,0.,-1.));
#8367=DIRECTION('',(1.,0.,-1.44560289664734E-16));
#8368=DIRECTION('center_axis',(-1.,0.,1.32732227154065E-16));
#8369=DIRECTION('ref_axis',(1.32732227154065E-16,0.,1.));
#8370=DIRECTION('center_axis',(1.,0.,-1.44560289664734E-16));
#8371=DIRECTION('ref_axis',(-2.24108211710515E-32,1.,-6.12323399573677E-17));
#8372=DIRECTION('',(1.,0.,-1.44560289664734E-16));
#8373=DIRECTION('center_axis',(-1.,0.,1.32732227154065E-16));
#8374=DIRECTION('ref_axis',(1.32732227154065E-16,0.,1.));
#8375=DIRECTION('',(1.,0.,-1.44560289664734E-16));
#8376=DIRECTION('center_axis',(1.,0.,-1.44560289664734E-16));
#8377=DIRECTION('ref_axis',(-1.44560289664734E-16,0.,-1.));
#8378=DIRECTION('center_axis',(-1.,0.,1.44560289664734E-16));
#8379=DIRECTION('ref_axis',(-1.44560289664734E-16,0.,-1.));
#8380=DIRECTION('',(-1.,0.,1.44560289664734E-16));
#8381=DIRECTION('center_axis',(1.,0.,-1.44560289664734E-16));
#8382=DIRECTION('ref_axis',(-1.44560289664734E-16,0.,-1.));
#8383=DIRECTION('center_axis',(-1.,0.,1.32732227154065E-16));
#8384=DIRECTION('ref_axis',(1.32732227154065E-16,0.,1.));
#8385=DIRECTION('',(1.,0.,-1.44560289664734E-16));
#8386=DIRECTION('center_axis',(-1.,0.,1.32732227154065E-16));
#8387=DIRECTION('ref_axis',(1.32732227154065E-16,0.,1.));
#8388=DIRECTION('center_axis',(1.,0.,-1.44560289664734E-16));
#8389=DIRECTION('ref_axis',(-1.44560289664734E-16,0.,-1.));
#8390=DIRECTION('center_axis',(-1.,0.,1.32732227154065E-16));
#8391=DIRECTION('ref_axis',(1.32732227154065E-16,0.,1.));
#8392=DIRECTION('center_axis',(1.,0.,-1.44560289664734E-16));
#8393=DIRECTION('ref_axis',(-1.44560289664734E-16,0.,-1.));
#8394=DIRECTION('center_axis',(2.52292492992299E-18,0.999847695156391,0.0174524064373016));
#8395=DIRECTION('ref_axis',(0.,-0.0174524064373016,0.999847695156391));
#8396=DIRECTION('',(1.,0.,-1.44560289664734E-16));
#8397=DIRECTION('',(-1.32712011392966E-16,0.0174524064373016,-0.999847695156391));
#8398=DIRECTION('',(1.32712011392966E-16,-0.0174524064373016,0.999847695156391));
#8399=DIRECTION('center_axis',(-2.52292492992039E-18,0.999847695156391,
-0.0174524064372837));
#8400=DIRECTION('ref_axis',(-1.20370621524202E-35,0.0174524064372837,0.999847695156391));
#8401=DIRECTION('',(-1.32712011392966E-16,-0.0174524064372837,-0.999847695156391));
#8402=DIRECTION('',(1.,0.,-1.44560289664734E-16));
#8403=DIRECTION('',(1.32712011392966E-16,0.0174524064372837,0.999847695156391));
#8404=DIRECTION('center_axis',(-1.,0.,1.32732227154065E-16));
#8405=DIRECTION('ref_axis',(1.32732227154065E-16,0.,1.));
#8406=DIRECTION('',(1.32712011392966E-16,-0.0174524064373016,0.999847695156391));
#8407=DIRECTION('',(1.32732227154065E-16,0.,1.));
#8408=DIRECTION('',(1.32712011392966E-16,0.0174524064372837,0.999847695156391));
#8409=DIRECTION('center_axis',(1.,-1.23259516440783E-32,-1.32732227154065E-16));
#8410=DIRECTION('ref_axis',(-1.32732227154065E-16,0.,-1.));
#8411=DIRECTION('',(1.23259516440783E-32,1.,-1.78184314006146E-48));
#8412=DIRECTION('center_axis',(1.,-1.23259516440783E-32,-1.32732227154065E-16));
#8413=DIRECTION('ref_axis',(-1.32732227154065E-16,1.63605101351182E-48,
-1.));
#8414=DIRECTION('',(1.32732227154065E-16,0.,1.));
#8415=DIRECTION('center_axis',(-1.,1.23259516440783E-32,1.32732227154065E-16));
#8416=DIRECTION('ref_axis',(-1.32732227154065E-16,1.63605101351182E-48,
-1.));
#8417=DIRECTION('center_axis',(1.,0.,-1.44560289664734E-16));
#8418=DIRECTION('ref_axis',(-1.44560289664734E-16,0.,-1.));
#8419=DIRECTION('',(1.,0.,-1.44560289664734E-16));
#8420=DIRECTION('center_axis',(-1.,0.,1.44560289664734E-16));
#8421=DIRECTION('ref_axis',(1.44560289664734E-16,0.,1.));
#8422=DIRECTION('',(1.,0.,-1.44560289664734E-16));
#8423=DIRECTION('center_axis',(1.,-1.23259516440783E-32,-1.32732227154065E-16));
#8424=DIRECTION('ref_axis',(-1.32732227154065E-16,0.,-1.));
#8425=DIRECTION('',(1.32732227154065E-16,0.,1.));
#8426=DIRECTION('center_axis',(1.,-1.23259516440783E-32,-1.32732227154065E-16));
#8427=DIRECTION('ref_axis',(-1.32732227154065E-16,1.63605101351182E-48,
-1.));
#8428=DIRECTION('',(-1.23259516440783E-32,-1.,1.78184314006146E-48));
#8429=DIRECTION('center_axis',(-1.,1.23259516440783E-32,1.32732227154065E-16));
#8430=DIRECTION('ref_axis',(-1.32732227154065E-16,1.63605101351182E-48,
-1.));
#8431=DIRECTION('center_axis',(1.,0.,-1.44560289664734E-16));
#8432=DIRECTION('ref_axis',(-1.44560289664734E-16,0.,-1.));
#8433=DIRECTION('',(1.,0.,-1.44560289664734E-16));
#8434=DIRECTION('center_axis',(-1.,0.,1.44560289664734E-16));
#8435=DIRECTION('ref_axis',(1.44560289664734E-16,0.,1.));
#8436=DIRECTION('',(1.,0.,-1.44560289664734E-16));
#8437=DIRECTION('center_axis',(1.44560289664734E-16,0.,1.));
#8438=DIRECTION('ref_axis',(1.,0.,-1.44560289664734E-16));
#8439=DIRECTION('center_axis',(2.89120579329468E-16,2.89120579329468E-16,
1.));
#8440=DIRECTION('ref_axis',(1.,4.37905770101505E-47,-2.89120579329468E-16));
#8441=DIRECTION('',(-1.44560289664734E-16,0.,-1.));
#8442=DIRECTION('center_axis',(2.89120579329468E-16,2.89120579329468E-16,
1.));
#8443=DIRECTION('ref_axis',(1.,4.37905770101505E-47,-2.89120579329468E-16));
#8444=DIRECTION('',(1.44560289664734E-16,0.,1.));
#8445=DIRECTION('center_axis',(-1.,0.,1.44560289664734E-16));
#8446=DIRECTION('ref_axis',(0.,0.,1.));
#8447=DIRECTION('center_axis',(0.,1.,0.));
#8448=DIRECTION('ref_axis',(0.,0.,1.));
#8449=DIRECTION('center_axis',(1.,0.,-1.44560289664734E-16));
#8450=DIRECTION('ref_axis',(1.44560289664734E-16,0.,1.));
#8451=DIRECTION('center_axis',(-1.,0.,1.44560289664734E-16));
#8452=DIRECTION('ref_axis',(0.,0.,1.));
#8453=DIRECTION('center_axis',(0.,-1.,0.));
#8454=DIRECTION('ref_axis',(0.,0.,-1.));
#8455=DIRECTION('center_axis',(1.,0.,-1.44560289664734E-16));
#8456=DIRECTION('ref_axis',(1.44560289664734E-16,0.,1.));
#8457=DIRECTION('center_axis',(0.,1.,0.));
#8458=DIRECTION('ref_axis',(0.,0.,1.));
#8459=DIRECTION('',(-1.,0.,1.3695185336659E-16));
#8460=DIRECTION('',(1.44560289664734E-16,0.,1.));
#8461=DIRECTION('',(1.,0.,-1.3695185336659E-16));
#8462=DIRECTION('center_axis',(0.,-1.,0.));
#8463=DIRECTION('ref_axis',(0.,0.,-1.));
#8464=DIRECTION('center_axis',(0.,-1.,0.));
#8465=DIRECTION('ref_axis',(1.15648231731787E-15,0.,1.));
#8466=DIRECTION('',(0.,-1.,0.));
#8467=DIRECTION('',(0.,1.,0.));
#8468=DIRECTION('center_axis',(1.3695185336659E-16,0.,1.));
#8469=DIRECTION('ref_axis',(1.,0.,-1.3695185336659E-16));
#8470=DIRECTION('',(0.,-1.,0.));
#8471=DIRECTION('',(1.,0.,-1.3695185336659E-16));
#8472=DIRECTION('',(-1.,0.,1.3695185336659E-16));
#8473=DIRECTION('center_axis',(-1.3695185336659E-16,0.,-1.));
#8474=DIRECTION('ref_axis',(-1.,0.,1.3695185336659E-16));
#8475=DIRECTION('',(-1.,0.,1.3695185336659E-16));
#8476=DIRECTION('',(0.,-1.,0.));
#8477=DIRECTION('',(1.,0.,-1.3695185336659E-16));
#8478=DIRECTION('',(0.,1.,0.));
#8479=DIRECTION('center_axis',(0.,-1.,0.));
#8480=DIRECTION('ref_axis',(0.,0.,-1.));
#8481=DIRECTION('center_axis',(0.,-1.,0.));
#8482=DIRECTION('ref_axis',(0.,0.,1.));
#8483=DIRECTION('',(0.,-1.,0.));
#8484=DIRECTION('center_axis',(-1.,0.,1.44560289664734E-16));
#8485=DIRECTION('ref_axis',(1.44560289664734E-16,0.,1.));
#8486=DIRECTION('',(-1.44560289664734E-16,0.,-1.));
#8487=DIRECTION('center_axis',(0.,1.,0.));
#8488=DIRECTION('ref_axis',(0.,0.,1.));
#8489=DIRECTION('',(-1.32732227154065E-16,0.,-1.));
#8490=DIRECTION('',(1.44560289664734E-16,0.,1.));
#8491=DIRECTION('',(1.44560289664734E-16,0.,1.));
#8492=DIRECTION('',(1.27553196763E-16,0.,1.));
#8493=DIRECTION('center_axis',(0.,-1.,0.));
#8494=DIRECTION('ref_axis',(0.,0.,-1.));
#8495=DIRECTION('',(1.,0.,1.21820468818596E-16));
#8496=DIRECTION('center_axis',(0.,-1.,0.));
#8497=DIRECTION('ref_axis',(0.,0.,-1.));
#8498=DIRECTION('',(4.13029399042097E-16,0.,-1.));
#8499=DIRECTION('center_axis',(0.,-1.,0.));
#8500=DIRECTION('ref_axis',(0.,0.,-1.));
#8501=DIRECTION('',(-1.,0.,-4.85101643170248E-17));
#8502=DIRECTION('center_axis',(0.,1.,0.));
#8503=DIRECTION('ref_axis',(0.,0.,1.));
#8504=DIRECTION('',(1.88556899562696E-16,0.,-1.));
#8505=DIRECTION('center_axis',(0.,1.,0.));
#8506=DIRECTION('ref_axis',(0.,0.,1.));
#8507=DIRECTION('',(1.,0.,9.70203286340496E-17));
#8508=DIRECTION('center_axis',(0.,-1.,0.));
#8509=DIRECTION('ref_axis',(0.,0.,-1.));
#8510=DIRECTION('',(4.13029399042097E-16,0.,-1.));
#8511=DIRECTION('center_axis',(0.,-1.,0.));
#8512=DIRECTION('ref_axis',(0.,0.,1.));
#8513=DIRECTION('',(-1.,0.,0.));
#8514=DIRECTION('center_axis',(0.,-1.,0.));
#8515=DIRECTION('ref_axis',(0.,0.,-1.));
#8516=DIRECTION('center_axis',(1.,0.,-1.44560289664734E-16));
#8517=DIRECTION('ref_axis',(-1.44560289664734E-16,0.,-1.));
#8518=DIRECTION('center_axis',(-1.,0.,1.44560289664734E-16));
#8519=DIRECTION('ref_axis',(-1.44560289664734E-16,0.,-1.));
#8520=DIRECTION('center_axis',(-1.,0.,1.44560289664734E-16));
#8521=DIRECTION('ref_axis',(-1.44560289664734E-16,0.,-1.));
#8522=DIRECTION('center_axis',(-1.32712011392966E-16,0.0174524064373016,
-0.999847695156391));
#8523=DIRECTION('ref_axis',(0.,0.999847695156391,0.0174524064373016));
#8524=DIRECTION('center_axis',(-1.12943360529699E-14,-0.00872653549839337,
0.999961923064171));
#8525=DIRECTION('ref_axis',(-1.90391928829267E-5,-0.999961922882933,-0.00872653549681172));
#8526=DIRECTION('center_axis',(-1.32732227154065E-16,0.,-1.));
#8527=DIRECTION('ref_axis',(-1.,0.,1.32732227154065E-16));
#8528=DIRECTION('center_axis',(-1.29392966851066E-14,0.00872653549835066,
0.999961923064172));
#8529=DIRECTION('ref_axis',(-1.90391928977294E-5,-0.999961922882933,0.00872653549676902));
#8530=DIRECTION('center_axis',(-1.32712011392966E-16,-0.0174524064372837,
-0.999847695156391));
#8531=DIRECTION('ref_axis',(3.85185988877447E-34,0.999847695156391,-0.0174524064372837));
#8532=DIRECTION('center_axis',(1.,0.,-1.3695185336659E-16));
#8533=DIRECTION('ref_axis',(-1.3695185336659E-16,0.,-1.));
#8534=DIRECTION('center_axis',(-1.,0.,1.3695185336659E-16));
#8535=DIRECTION('ref_axis',(1.3695185336659E-16,0.,1.));
#8536=DIRECTION('center_axis',(0.,-1.,0.));
#8537=DIRECTION('ref_axis',(0.,0.,-1.));
#8538=DIRECTION('center_axis',(0.,-1.,0.));
#8539=DIRECTION('ref_axis',(0.,0.,-1.));
#8540=DIRECTION('center_axis',(0.,-1.,0.));
#8541=DIRECTION('ref_axis',(0.,0.,-1.));
#8542=DIRECTION('center_axis',(0.,-1.,0.));
#8543=DIRECTION('ref_axis',(0.,0.,-1.));
#8544=DIRECTION('',(0.,-1.,0.));
#8545=DIRECTION('center_axis',(0.,-1.,0.));
#8546=DIRECTION('ref_axis',(0.,0.,-1.));
#8547=DIRECTION('',(0.,-1.,0.));
#8548=DIRECTION('center_axis',(1.21820468818596E-16,0.,-1.));
#8549=DIRECTION('ref_axis',(-1.,0.,-1.21820468818596E-16));
#8550=DIRECTION('',(1.,0.,1.21820468818596E-16));
#8551=DIRECTION('',(0.,-1.,0.));
#8552=DIRECTION('center_axis',(0.,-1.,0.));
#8553=DIRECTION('ref_axis',(0.,0.,-1.));
#8554=DIRECTION('center_axis',(0.,-1.,0.));
#8555=DIRECTION('ref_axis',(0.,0.,-1.));
#8556=DIRECTION('',(0.,-1.,0.));
#8557=DIRECTION('center_axis',(-1.,0.,-4.13029399042097E-16));
#8558=DIRECTION('ref_axis',(-4.13029399042097E-16,0.,1.));
#8559=DIRECTION('',(4.13029399042097E-16,0.,-1.));
#8560=DIRECTION('',(0.,-1.,0.));
#8561=DIRECTION('center_axis',(0.,-1.,0.));
#8562=DIRECTION('ref_axis',(0.,0.,-1.));
#8563=DIRECTION('center_axis',(0.,-1.,0.));
#8564=DIRECTION('ref_axis',(0.,0.,-1.));
#8565=DIRECTION('',(0.,-1.,0.));
#8566=DIRECTION('center_axis',(-4.85101643170248E-17,0.,1.));
#8567=DIRECTION('ref_axis',(1.,0.,4.85101643170248E-17));
#8568=DIRECTION('',(-1.,0.,-4.85101643170248E-17));
#8569=DIRECTION('',(0.,-1.,0.));
#8570=DIRECTION('center_axis',(0.,-1.,0.));
#8571=DIRECTION('ref_axis',(0.,0.,-1.));
#8572=DIRECTION('center_axis',(0.,1.,0.));
#8573=DIRECTION('ref_axis',(0.,0.,1.));
#8574=DIRECTION('',(0.,-1.,0.));
#8575=DIRECTION('center_axis',(-1.,0.,-1.88556899562696E-16));
#8576=DIRECTION('ref_axis',(-1.88556899562696E-16,0.,1.));
#8577=DIRECTION('',(1.88556899562696E-16,0.,-1.));
#8578=DIRECTION('',(0.,-1.,0.));
#8579=DIRECTION('center_axis',(0.,-1.,0.));
#8580=DIRECTION('ref_axis',(0.,0.,-1.));
#8581=DIRECTION('center_axis',(0.,1.,0.));
#8582=DIRECTION('ref_axis',(0.,0.,1.));
#8583=DIRECTION('',(0.,-1.,0.));
#8584=DIRECTION('center_axis',(9.70203286340496E-17,0.,-1.));
#8585=DIRECTION('ref_axis',(-1.,0.,-9.70203286340496E-17));
#8586=DIRECTION('',(1.,0.,9.70203286340496E-17));
#8587=DIRECTION('',(0.,-1.,0.));
#8588=DIRECTION('center_axis',(0.,-1.,0.));
#8589=DIRECTION('ref_axis',(0.,0.,-1.));
#8590=DIRECTION('center_axis',(0.,-1.,0.));
#8591=DIRECTION('ref_axis',(0.,0.,-1.));
#8592=DIRECTION('',(0.,-1.,0.));
#8593=DIRECTION('center_axis',(-1.,0.,-4.13029399042097E-16));
#8594=DIRECTION('ref_axis',(-4.13029399042097E-16,0.,1.));
#8595=DIRECTION('',(4.13029399042097E-16,0.,-1.));
#8596=DIRECTION('',(0.,-1.,0.));
#8597=DIRECTION('center_axis',(0.,-1.,0.));
#8598=DIRECTION('ref_axis',(0.,0.,-1.));
#8599=DIRECTION('center_axis',(0.,-1.,0.));
#8600=DIRECTION('ref_axis',(0.,0.,1.));
#8601=DIRECTION('',(0.,-1.,0.));
#8602=DIRECTION('center_axis',(0.,0.,1.));
#8603=DIRECTION('ref_axis',(1.,0.,0.));
#8604=DIRECTION('',(-1.,0.,0.));
#8605=DIRECTION('',(0.,-1.,0.));
#8606=DIRECTION('center_axis',(0.,-1.,0.));
#8607=DIRECTION('ref_axis',(0.,0.,-1.));
#8608=DIRECTION('center_axis',(0.,-1.,0.));
#8609=DIRECTION('ref_axis',(0.,0.,-1.));
#8610=DIRECTION('',(0.,-1.,0.));
#8611=DIRECTION('center_axis',(1.,0.,-1.27553196763E-16));
#8612=DIRECTION('ref_axis',(-1.27553196763E-16,0.,-1.));
#8613=DIRECTION('',(1.27553196763E-16,0.,1.));
#8614=DIRECTION('center_axis',(0.,-1.,0.));
#8615=DIRECTION('ref_axis',(0.,0.,-1.));
#8616=DIRECTION('',(-1.38083988687754E-15,-6.10622663543835E-16,1.));
#8617=DIRECTION('',(-1.,-9.80697005085555E-16,-1.38083988687754E-15));
#8618=DIRECTION('',(-1.,1.3877787807815E-17,-1.01828708637969E-15));
#8619=DIRECTION('',(-1.38777878078144E-17,-1.,-6.10622663543835E-16));
#8620=CARTESIAN_POINT('',(0.,0.,0.));
#8621=CARTESIAN_POINT('',(0.,0.,0.));
#8622=CARTESIAN_POINT('Origin',(9.62498349269614E-47,0.531496062992126,
-0.078740157480315));
#8623=CARTESIAN_POINT('',(0.0393700787401575,0.531496062992126,-0.37992125984252));
#8624=CARTESIAN_POINT('Origin',(9.04378722877E-46,0.531496062992126,-0.37992125984252));
#8625=CARTESIAN_POINT('',(0.0393700787401575,0.531496062992126,-0.216535433070866));
#8626=CARTESIAN_POINT('',(0.0393700787401575,0.531496062992126,-0.078740157480315));
#8627=CARTESIAN_POINT('Origin',(4.65982005884496E-46,0.531496062992126,
-0.216535433070866));
#8628=CARTESIAN_POINT('Origin',(1.1160455250557E-46,-0.349409448818899,
-2.64411048187728E-47));
#8629=CARTESIAN_POINT('',(-9.90806760727484E-18,-0.34448818897638,-0.0809055118110236));
#8630=CARTESIAN_POINT('Origin',(1.10338461757861E-46,-0.34448818897638,
-2.60686948917478E-47));
#8631=CARTESIAN_POINT('',(1.06071770004889E-17,-0.350196850393703,-0.0866141732283466));
#8632=CARTESIAN_POINT('',(1.05107481186663E-17,-0.349409448818899,-0.0858267716535433));
#8633=CARTESIAN_POINT('',(0.0866141732283468,-0.350196850393702,1.63627554501052E-16));
#8634=CARTESIAN_POINT('Origin',(2.40786635263493E-16,-0.350196850393702,
2.18547839493141E-16));
#8635=CARTESIAN_POINT('Origin',(2.40786635263493E-16,-0.350196850393702,
2.18547839493141E-16));
#8636=CARTESIAN_POINT('Origin',(-6.94464244169335E-47,0.354330708661416,
2.68135147457969E-47));
#8637=CARTESIAN_POINT('',(-0.0236220472440945,0.275590551181102,-0.0995992963832559));
#8638=CARTESIAN_POINT('Ctrl Pts',(-0.0236220472440945,0.275590551181102,
-0.099599296383256));
#8639=CARTESIAN_POINT('Ctrl Pts',(-0.0236220472440945,0.272612777633322,
-0.099599296383256));
#8640=CARTESIAN_POINT('Ctrl Pts',(-0.0230247338423171,0.269444188956117,
-0.0997467230116245));
#8641=CARTESIAN_POINT('Ctrl Pts',(-0.0206107630369898,0.263627582217306,
-0.100273344072315));
#8642=CARTESIAN_POINT('Ctrl Pts',(-0.0187946596906223,0.260978591288108,
-0.100644299958111));
#8643=CARTESIAN_POINT('Ctrl Pts',(-0.014612170286257,0.256796101883743,
-0.101336064273438));
#8644=CARTESIAN_POINT('Ctrl Pts',(-0.0119630910253324,0.254979834161502,
-0.101702660991621));
#8645=CARTESIAN_POINT('Ctrl Pts',(-0.00614617363071609,0.252565743709457,
-0.102219231795262));
#8646=CARTESIAN_POINT('Ctrl Pts',(-0.00297747397883107,0.251968503937008,
-0.102362204724409));
#8647=CARTESIAN_POINT('Ctrl Pts',(0.00297747397883098,0.251968503937008,
-0.102362204724409));
#8648=CARTESIAN_POINT('Ctrl Pts',(0.006146173630716,0.252565743709457,-0.102219231795262));
#8649=CARTESIAN_POINT('Ctrl Pts',(0.0119630910253323,0.254979834161502,
-0.101702660991621));
#8650=CARTESIAN_POINT('Ctrl Pts',(0.0146121702862569,0.256796101883743,
-0.101336064273438));
#8651=CARTESIAN_POINT('Ctrl Pts',(0.0187946596906222,0.260978591288108,
-0.100644299958111));
#8652=CARTESIAN_POINT('Ctrl Pts',(0.0206107630369897,0.263627582217306,
-0.100273344072316));
#8653=CARTESIAN_POINT('Ctrl Pts',(0.023024733842317,0.269444188956117,-0.0997467230116245));
#8654=CARTESIAN_POINT('Ctrl Pts',(0.0236220472440944,0.272612777633322,
-0.0995992963832561));
#8655=CARTESIAN_POINT('Ctrl Pts',(0.0236220472440944,0.278568324728883,
-0.0995992963832561));
#8656=CARTESIAN_POINT('Ctrl Pts',(0.023024733842317,0.281736913406088,-0.0997467230116245));
#8657=CARTESIAN_POINT('Ctrl Pts',(0.0206107630369897,0.287553520144898,
-0.100273344072316));
#8658=CARTESIAN_POINT('Ctrl Pts',(0.0187946596906222,0.290202511074097,
-0.100644299958111));
#8659=CARTESIAN_POINT('Ctrl Pts',(0.0146121702862569,0.294385000478462,
-0.101336064273438));
#8660=CARTESIAN_POINT('Ctrl Pts',(0.0119630910253323,0.296201268200703,
-0.101702660991621));
#8661=CARTESIAN_POINT('Ctrl Pts',(0.00614617363071601,0.298615358652748,
-0.102219231795262));
#8662=CARTESIAN_POINT('Ctrl Pts',(0.00297747397883099,0.299212598425197,
-0.102362204724409));
#8663=CARTESIAN_POINT('Ctrl Pts',(-0.00297747397883107,0.299212598425197,
-0.102362204724409));
#8664=CARTESIAN_POINT('Ctrl Pts',(-0.00614617363071609,0.298615358652748,
-0.102219231795262));
#8665=CARTESIAN_POINT('Ctrl Pts',(-0.0119630910253324,0.296201268200703,
-0.101702660991621));
#8666=CARTESIAN_POINT('Ctrl Pts',(-0.014612170286257,0.294385000478462,
-0.101336064273438));
#8667=CARTESIAN_POINT('Ctrl Pts',(-0.0187946596906223,0.290202511074097,
-0.100644299958111));
#8668=CARTESIAN_POINT('Ctrl Pts',(-0.0206107630369898,0.287553520144898,
-0.100273344072315));
#8669=CARTESIAN_POINT('Ctrl Pts',(-0.0230247338423171,0.281736913406088,
-0.0997467230116245));
#8670=CARTESIAN_POINT('Ctrl Pts',(-0.0236220472440945,0.278568324728883,
-0.099599296383256));
#8671=CARTESIAN_POINT('Ctrl Pts',(-0.0236220472440945,0.275590551181102,
-0.099599296383256));
#8672=CARTESIAN_POINT('',(0.0216535433070866,0.275590551181101,-0.100045714642307));
#8673=CARTESIAN_POINT('',(-2.65179425012222E-18,0.253937007874014,-0.102362204724409));
#8674=CARTESIAN_POINT('Ctrl Pts',(0.0216535433070866,0.275590551181101,
-0.100045714642308));
#8675=CARTESIAN_POINT('Ctrl Pts',(0.0216535433070866,0.27831840131335,-0.100045714642308));
#8676=CARTESIAN_POINT('Ctrl Pts',(0.0211066897011524,0.281222234169972,
-0.100168861386811));
#8677=CARTESIAN_POINT('Ctrl Pts',(0.018894355861749,0.286554653948928,-0.100609623959708));
#8678=CARTESIAN_POINT('Ctrl Pts',(0.017229306207468,0.288983979591948,-0.100920437178886));
#8679=CARTESIAN_POINT('Ctrl Pts',(0.0133935635288758,0.29281972227054,-0.101500717035038));
#8680=CARTESIAN_POINT('Ctrl Pts',(0.0109641807396856,0.294484877667395,
-0.10180846688766));
#8681=CARTESIAN_POINT('Ctrl Pts',(0.00563156149916874,0.296697288312528,
-0.102242176737174));
#8682=CARTESIAN_POINT('Ctrl Pts',(0.00272765795629774,0.297244094488187,
-0.102362204724409));
#8683=CARTESIAN_POINT('Ctrl Pts',(-0.00272765795629774,0.297244094488187,
-0.102362204724409));
#8684=CARTESIAN_POINT('Ctrl Pts',(-0.00563156149916873,0.296697288312528,
-0.102242176737174));
#8685=CARTESIAN_POINT('Ctrl Pts',(-0.0109641807396856,0.294484877667395,
-0.10180846688766));
#8686=CARTESIAN_POINT('Ctrl Pts',(-0.0133935635288758,0.29281972227054,
-0.101500717035038));
#8687=CARTESIAN_POINT('Ctrl Pts',(-0.017229306207468,0.288983979591948,
-0.100920437178886));
#8688=CARTESIAN_POINT('Ctrl Pts',(-0.018894355861749,0.286554653948928,
-0.100609623959708));
#8689=CARTESIAN_POINT('Ctrl Pts',(-0.0211066897011524,0.281222234169972,
-0.100168861386811));
#8690=CARTESIAN_POINT('Ctrl Pts',(-0.0216535433070866,0.27831840131335,
-0.100045714642308));
#8691=CARTESIAN_POINT('Ctrl Pts',(-0.0216535433070866,0.272862701048852,
-0.100045714642308));
#8692=CARTESIAN_POINT('Ctrl Pts',(-0.0211066897011524,0.26995886819223,
-0.100168861386811));
#8693=CARTESIAN_POINT('Ctrl Pts',(-0.018894355861749,0.264626448413274,
-0.100609623959708));
#8694=CARTESIAN_POINT('Ctrl Pts',(-0.017229306207468,0.262197122770254,
-0.100920437178886));
#8695=CARTESIAN_POINT('Ctrl Pts',(-0.0133935635288758,0.258361380091662,
-0.101500717035038));
#8696=CARTESIAN_POINT('Ctrl Pts',(-0.0109641807396856,0.256696224694807,
-0.10180846688766));
#8697=CARTESIAN_POINT('Ctrl Pts',(-0.00563156149916874,0.254483814049673,
-0.102242176737174));
#8698=CARTESIAN_POINT('Ctrl Pts',(-0.00272765795629774,0.253937007874014,
-0.102362204724409));
#8699=CARTESIAN_POINT('Ctrl Pts',(-2.21962649485221E-18,0.253937007874014,
-0.102362204724409));
#8700=CARTESIAN_POINT('Ctrl Pts',(-2.21962649485221E-18,0.253937007874014,
-0.102362204724409));
#8701=CARTESIAN_POINT('Ctrl Pts',(0.00272765795629774,0.253937007874014,
-0.102362204724409));
#8702=CARTESIAN_POINT('Ctrl Pts',(0.00563156149916873,0.254483814049673,
-0.102242176737174));
#8703=CARTESIAN_POINT('Ctrl Pts',(0.0109641807396856,0.256696224694807,
-0.10180846688766));
#8704=CARTESIAN_POINT('Ctrl Pts',(0.0133935635288758,0.258361380091662,
-0.101500717035038));
#8705=CARTESIAN_POINT('Ctrl Pts',(0.017229306207468,0.262197122770254,-0.100920437178886));
#8706=CARTESIAN_POINT('Ctrl Pts',(0.018894355861749,0.264626448413274,-0.100609623959708));
#8707=CARTESIAN_POINT('Ctrl Pts',(0.0211066897011524,0.26995886819223,-0.100168861386811));
#8708=CARTESIAN_POINT('Ctrl Pts',(0.0216535433070866,0.272862701048852,
-0.100045714642308));
#8709=CARTESIAN_POINT('Ctrl Pts',(0.0216535433070866,0.275590551181101,
-0.100045714642308));
#8710=CARTESIAN_POINT('Origin',(-4.91889724535764E-47,0.275590551181101,
2.08549559133975E-47));
#8711=CARTESIAN_POINT('',(-0.00978760917886689,0.294905795013722,-3.94549313137185E-48));
#8712=CARTESIAN_POINT('',(-0.00216535433070866,0.29527559055118,1.65345186493076E-47));
#8713=CARTESIAN_POINT('Origin',(-0.00216535433070866,0.216535433070865,
1.05759598169081E-47));
#8714=CARTESIAN_POINT('',(0.00978760917886689,0.294905795013722,4.85787167833331E-47));
#8715=CARTESIAN_POINT('Origin',(-4.91889724535764E-47,0.275590551181101,
2.08549559133975E-47));
#8716=CARTESIAN_POINT('',(0.00216535433070866,0.29527559055118,2.81546725936872E-47));
#8717=CARTESIAN_POINT('Origin',(0.00216535433070866,0.216535433070865,2.21961137612878E-47));
#8718=CARTESIAN_POINT('',(-5.42533354444157E-47,0.29527559055118,2.23445956214974E-47));
#8719=CARTESIAN_POINT('Origin',(-4.91889724535764E-47,0.275590551181101,
2.08549559133975E-47));
#8720=CARTESIAN_POINT('',(-1.26796031955912E-17,0.253937007874014,-0.0714555744362163));
#8721=CARTESIAN_POINT('Ctrl Pts',(0.00978760917886971,0.294905795013721,
3.16391525561814E-17));
#8722=CARTESIAN_POINT('Ctrl Pts',(0.00978760917887048,0.294905795013721,
-0.00111638403717349));
#8723=CARTESIAN_POINT('Ctrl Pts',(0.00983305964674294,0.294882968086687,
-0.00223413019992155));
#8724=CARTESIAN_POINT('Ctrl Pts',(0.0101185700265593,0.294735743556982,
-0.00572888968063937));
#8725=CARTESIAN_POINT('Ctrl Pts',(0.0105106174042654,0.294531796715464,
-0.00796592531631043));
#8726=CARTESIAN_POINT('Ctrl Pts',(0.0114649196329152,0.293966732625944,
-0.0119790742080804));
#8727=CARTESIAN_POINT('Ctrl Pts',(0.01197479443414,0.293643434918795,-0.0137241095305064));
#8728=CARTESIAN_POINT('Ctrl Pts',(0.0136355729407096,0.292468222326032,
-0.0189478990574073));
#8729=CARTESIAN_POINT('Ctrl Pts',(0.0149765056601817,0.291351546096593,
-0.0225321331689189));
#8730=CARTESIAN_POINT('Ctrl Pts',(0.0186266883719995,0.287196411117325,
-0.0327921297492157));
#8731=CARTESIAN_POINT('Ctrl Pts',(0.0205521881842355,0.28361711111831,-0.0389194568863928));
#8732=CARTESIAN_POINT('Ctrl Pts',(0.0219023837585193,0.276161273368561,
-0.0492507617742551));
#8733=CARTESIAN_POINT('Ctrl Pts',(0.0217178410162917,0.272854624154588,
-0.0531187751136407));
#8734=CARTESIAN_POINT('Ctrl Pts',(0.0201674905591351,0.267301981040824,
-0.059122366945049));
#8735=CARTESIAN_POINT('Ctrl Pts',(0.0190114997268149,0.264855662233458,
-0.0615650450462749));
#8736=CARTESIAN_POINT('Ctrl Pts',(0.0160286475672379,0.260868439378819,
-0.0653597607294916));
#8737=CARTESIAN_POINT('Ctrl Pts',(0.0144126478398782,0.259263542331731,
-0.0668179702238969));
#8738=CARTESIAN_POINT('Ctrl Pts',(0.0105630702444473,0.256537891424319,
-0.069238254780891));
#8739=CARTESIAN_POINT('Ctrl Pts',(0.0083502453716453,0.255457559508696,
-0.0701642131924754));
#8740=CARTESIAN_POINT('Ctrl Pts',(0.00441429217987294,0.254330950324983,
-0.0711237871169313));
#8741=CARTESIAN_POINT('Ctrl Pts',(0.00284077682360117,0.254066659740298,
-0.071346258133283));
#8742=CARTESIAN_POINT('Ctrl Pts',(0.00084455502073438,0.253949263072626,
-0.0714452480747375));
#8743=CARTESIAN_POINT('Ctrl Pts',(0.000420649062948581,0.253937007874014,
-0.0714555744362163));
#8744=CARTESIAN_POINT('Ctrl Pts',(-2.27074121410602E-17,0.253937007874014,
-0.0714555744362163));
#8745=CARTESIAN_POINT('Ctrl Pts',(-2.270741214106E-17,0.253937007874014,
-0.0714555744362163));
#8746=CARTESIAN_POINT('Ctrl Pts',(-0.00104599301643438,0.253937007874014,
-0.0714555744362163));
#8747=CARTESIAN_POINT('Ctrl Pts',(-0.00207184780211906,0.254012774350354,
-0.0713917950971392));
#8748=CARTESIAN_POINT('Ctrl Pts',(-0.0049415028464138,0.254423802144089,
-0.0710444256659751));
#8749=CARTESIAN_POINT('Ctrl Pts',(-0.00668512185011748,0.254922469506714,
-0.0706222659461616));
#8750=CARTESIAN_POINT('Ctrl Pts',(-0.0107519789041713,0.256605804586711,
-0.0691735026454557));
#8751=CARTESIAN_POINT('Ctrl Pts',(-0.0128271110291348,0.257993955924276,
-0.0679605911647847));
#8752=CARTESIAN_POINT('Ctrl Pts',(-0.016616468116448,0.261424945809402,
-0.0648435427091634));
#8753=CARTESIAN_POINT('Ctrl Pts',(-0.0182693131239689,0.263656517190681,
-0.0627486170767741));
#8754=CARTESIAN_POINT('Ctrl Pts',(-0.0209975034862807,0.269241468129214,
-0.0571164034895525));
#8755=CARTESIAN_POINT('Ctrl Pts',(-0.0217136828346559,0.272655640192639,
-0.0534108148320803));
#8756=CARTESIAN_POINT('Ctrl Pts',(-0.0215574401037323,0.280818866233358,
-0.0432031478304135));
#8757=CARTESIAN_POINT('Ctrl Pts',(-0.0198794067756027,0.285095888268979,
-0.036707508426138));
#8758=CARTESIAN_POINT('Ctrl Pts',(-0.0163431750864135,0.289921932501761,
-0.0262913600224514));
#8759=CARTESIAN_POINT('Ctrl Pts',(-0.0151307071266212,0.291153184486232,
-0.023038435160188));
#8760=CARTESIAN_POINT('Ctrl Pts',(-0.0131983391135442,0.292787557120815,
-0.0175447551235295));
#8761=CARTESIAN_POINT('Ctrl Pts',(-0.012450269673861,0.293323095146108,
-0.0153233207392783));
#8762=CARTESIAN_POINT('Ctrl Pts',(-0.0113051197125599,0.294068617810008,
-0.0113536036646595));
#8763=CARTESIAN_POINT('Ctrl Pts',(-0.0108702668471323,0.294321714743488,
-0.00960442544562029));
#8764=CARTESIAN_POINT('Ctrl Pts',(-0.0101764576737576,0.294708304737455,
-0.00594368528591844));
#8765=CARTESIAN_POINT('Ctrl Pts',(-0.00978760917887632,0.294905795013718,
-0.0032234285809949));
#8766=CARTESIAN_POINT('Ctrl Pts',(-0.0097876091788741,0.294905795013719,
-3.56343693348638E-18));
#8767=CARTESIAN_POINT('',(-2.65179425012222E-18,0.253937007874014,1.92163522344877E-47));
#8768=CARTESIAN_POINT('Origin',(-5.42533354444157E-47,0.29527559055118,
2.23445956214974E-47));
#8769=CARTESIAN_POINT('',(-3.76315765070045E-14,0.29527559055118,0.00216535433070866));
#8770=CARTESIAN_POINT('Origin',(-5.42533354444157E-47,0.29527559055118,
2.23445956214974E-47));
#8771=CARTESIAN_POINT('Origin',(-5.42533354444157E-47,0.29527559055118,
2.23445956214974E-47));
#8772=CARTESIAN_POINT('Origin',(9.17583443268343E-46,0.531496062992126,
-0.384842519685039));
#8773=CARTESIAN_POINT('',(0.0295275590551181,0.531496062992126,-0.389763779527559));
#8774=CARTESIAN_POINT('',(0.0344488188976378,0.531496062992126,-0.384842519685039));
#8775=CARTESIAN_POINT('Origin',(9.30788163659681E-46,0.531496062992126,
-0.389763779527559));
#8776=CARTESIAN_POINT('Origin',(9.30788163659681E-46,0.531496062992126,
-0.389763779527559));
#8777=CARTESIAN_POINT('Origin',(1.1287064325328E-46,-0.354330708661419,
-2.68135147457977E-47));
#8778=CARTESIAN_POINT('',(9.90806760727484E-18,0.216535433070865,-0.0809055118110236));
#8779=CARTESIAN_POINT('',(-9.90806760727485E-18,-0.354330708661419,-0.0809055118110236));
#8780=CARTESIAN_POINT('',(-1.06663169088097E-15,0.216535433070865,0.0809055118110236));
#8781=CARTESIAN_POINT('Origin',(-3.39958834810587E-47,0.216535433070865,
1.6386036789098E-47));
#8782=CARTESIAN_POINT('Origin',(-3.39958834810587E-47,0.216535433070865,
1.6386036789098E-47));
#8783=CARTESIAN_POINT('Ctrl Pts',(-3.763131132758E-14,0.295275590551181,
0.00216535433054887));
#8784=CARTESIAN_POINT('Ctrl Pts',(-0.00216535433070864,0.29527559055118,
0.00216535433054887));
#8785=CARTESIAN_POINT('Ctrl Pts',(-0.00216535433070864,0.295275590551176,
-1.22137859691571E-13));
#8786=CARTESIAN_POINT('Ctrl Pts',(-0.00216535433070864,0.295275590551173,
-0.00216535433079315));
#8787=CARTESIAN_POINT('Ctrl Pts',(-3.763131132758E-14,0.295275590551174,
-0.00216535433079315));
#8788=CARTESIAN_POINT('Ctrl Pts',(0.00216535433063338,0.295275590551175,
-0.00216535433079315));
#8789=CARTESIAN_POINT('Ctrl Pts',(0.00216535433063338,0.295275590551178,
-1.22137859691574E-13));
#8790=CARTESIAN_POINT('Ctrl Pts',(0.00216535433063338,0.295275590551182,
0.00216535433054887));
#8791=CARTESIAN_POINT('Ctrl Pts',(-3.763131132758E-14,0.295275590551181,
0.00216535433054887));
#8792=CARTESIAN_POINT('Ctrl Pts',(-3.76313113275993E-14,0.295275590551339,
0.0809055118110336));
#8793=CARTESIAN_POINT('Ctrl Pts',(-0.0809055118111934,0.295275590551302,
0.0809055118110336));
#8794=CARTESIAN_POINT('Ctrl Pts',(-0.0809055118111934,0.295275590551181,
-1.22137859691578E-13));
#8795=CARTESIAN_POINT('Ctrl Pts',(-0.0809055118111934,0.295275590551061,
-0.0809055118112779));
#8796=CARTESIAN_POINT('Ctrl Pts',(-3.76313113275993E-14,0.295275590551098,
-0.0809055118112779));
#8797=CARTESIAN_POINT('Ctrl Pts',(0.0809055118111181,0.295275590551136,
-0.0809055118112779));
#8798=CARTESIAN_POINT('Ctrl Pts',(0.0809055118111181,0.295275590551257,
-1.2213785969169E-13));
#8799=CARTESIAN_POINT('Ctrl Pts',(0.0809055118111181,0.295275590551377,
0.0809055118110336));
#8800=CARTESIAN_POINT('Ctrl Pts',(-3.76313113275993E-14,0.295275590551339,
0.0809055118110336));
#8801=CARTESIAN_POINT('Ctrl Pts',(-1.05672362326911E-15,0.216535433070855,
0.0809055118110188));
#8802=CARTESIAN_POINT('Ctrl Pts',(-0.0809055118110247,0.216535433070817,
0.0809055118110188));
#8803=CARTESIAN_POINT('Ctrl Pts',(-0.0809055118110247,0.216535433070697,
-4.83887112877484E-15));
#8804=CARTESIAN_POINT('Ctrl Pts',(-0.0809055118110247,0.216535433070576,
-0.0809055118110285));
#8805=CARTESIAN_POINT('Ctrl Pts',(-1.05672362326912E-15,0.216535433070614,
-0.0809055118110285));
#8806=CARTESIAN_POINT('Ctrl Pts',(0.0809055118110226,0.216535433070651,
-0.0809055118110285));
#8807=CARTESIAN_POINT('Ctrl Pts',(0.0809055118110226,0.216535433070772,
-4.83887112888679E-15));
#8808=CARTESIAN_POINT('Ctrl Pts',(0.0809055118110226,0.216535433070892,
0.0809055118110188));
#8809=CARTESIAN_POINT('Ctrl Pts',(-1.05672362326911E-15,0.216535433070855,
0.0809055118110188));
#8810=CARTESIAN_POINT('Origin',(-1.0569888027555E-15,0.21653543307087,0.00216535433070771));
#8811=CARTESIAN_POINT('Origin',(-1.61138574514908E-17,0.323622047244094,
-0.248031496062992));
#8812=CARTESIAN_POINT('',(-0.184251968503937,0.323622047244094,-0.216535433070866));
#8813=CARTESIAN_POINT('',(-0.215748031496063,0.323622047244094,-0.216535433070866));
#8814=CARTESIAN_POINT('',(-1.38846174277986E-16,0.323622047244094,-0.216535433070866));
#8815=CARTESIAN_POINT('',(-0.184251968503937,0.323622047244094,-0.248031496062992));
#8816=CARTESIAN_POINT('',(-0.184251968503937,0.323622047244094,-0.248031496062992));
#8817=CARTESIAN_POINT('',(-0.215748031496063,0.323622047244094,-0.248031496062992));
#8818=CARTESIAN_POINT('',(-0.107874015748032,0.323622047244094,-0.248031496062992));
#8819=CARTESIAN_POINT('',(-0.215748031496063,0.323622047244094,-0.129921259842519));
#8820=CARTESIAN_POINT('Origin',(-0.215748031496063,0.481102362204724,-0.0118110236220468));
#8821=CARTESIAN_POINT('',(-0.215748031496063,0.696850393700787,-0.216535433070866));
#8822=CARTESIAN_POINT('',(-0.215748031496063,0.638582677165354,-0.216535433070866));
#8823=CARTESIAN_POINT('',(-0.215748031496063,0.614566929133858,-0.216535433070866));
#8824=CARTESIAN_POINT('',(-0.215748031496063,0.696850393700787,-0.353030995988495));
#8825=CARTESIAN_POINT('',(-0.215748031496063,0.696850393700787,-0.248031496062992));
#8826=CARTESIAN_POINT('',(-0.215748031496063,0.665354330708661,-0.353030995988495));
#8827=CARTESIAN_POINT('',(-0.215748031496063,0.581102362204724,-0.353030995988495));
#8828=CARTESIAN_POINT('',(-0.215748031496063,0.665354330708661,-0.248031496062992));
#8829=CARTESIAN_POINT('',(-0.215748031496063,0.665354330708661,-0.248031496062992));
#8830=CARTESIAN_POINT('',(-0.215748031496063,0.638582677165354,-0.248031496062992));
#8831=CARTESIAN_POINT('',(-0.215748031496063,0.481102362204724,-0.248031496062992));
#8832=CARTESIAN_POINT('',(-0.215748031496063,0.638582677165354,-0.0944881889763776));
#8833=CARTESIAN_POINT('Origin',(-0.184251968503937,0.481102362204724,-0.248031496062992));
#8834=CARTESIAN_POINT('',(-0.184251968503937,0.638582677165354,-0.216535433070866));
#8835=CARTESIAN_POINT('',(-0.184251968503937,0.696850393700787,-0.216535433070866));
#8836=CARTESIAN_POINT('',(-0.184251968503937,0.614566929133858,-0.216535433070866));
#8837=CARTESIAN_POINT('',(-0.184251968503937,0.638582677165354,-0.248031496062992));
#8838=CARTESIAN_POINT('',(-0.184251968503937,0.638582677165354,-0.21259842519685));
#8839=CARTESIAN_POINT('',(-0.184251968503937,0.665354330708661,-0.248031496062992));
#8840=CARTESIAN_POINT('',(-0.184251968503937,0.481102362204724,-0.248031496062992));
#8841=CARTESIAN_POINT('',(-0.184251968503937,0.665354330708661,-0.353030995988495));
#8842=CARTESIAN_POINT('',(-0.184251968503937,0.665354330708661,-0.248031496062992));
#8843=CARTESIAN_POINT('',(-0.184251968503937,0.696850393700787,-0.353030995988495));
#8844=CARTESIAN_POINT('',(-0.184251968503937,0.581102362204724,-0.353030995988495));
#8845=CARTESIAN_POINT('',(-0.184251968503937,0.696850393700787,-0.0118110236220468));
#8846=CARTESIAN_POINT('Origin',(-0.184251968503937,0.481102362204724,-0.248031496062992));
#8847=CARTESIAN_POINT('',(-0.184251968503937,0.265354330708661,-0.216535433070866));
#8848=CARTESIAN_POINT('',(-0.184251968503937,0.614566929133858,-0.216535433070866));
#8849=CARTESIAN_POINT('',(-0.184251968503937,0.265354330708661,-0.353030995988495));
#8850=CARTESIAN_POINT('',(-0.184251968503937,0.265354330708661,-0.248031496062992));
#8851=CARTESIAN_POINT('',(-0.184251968503937,0.296850393700787,-0.353030995988495));
#8852=CARTESIAN_POINT('',(-0.184251968503937,0.381102362204724,-0.353030995988495));
#8853=CARTESIAN_POINT('',(-0.184251968503937,0.296850393700787,-0.248031496062992));
#8854=CARTESIAN_POINT('',(-0.184251968503937,0.296850393700787,-0.248031496062992));
#8855=CARTESIAN_POINT('',(-0.184251968503937,0.481102362204724,-0.248031496062992));
#8856=CARTESIAN_POINT('Origin',(8.71034422237374E-17,0.696850393700787,
-0.00356624394978189));
#8857=CARTESIAN_POINT('',(0.215748031496063,0.696850393700787,-0.216535433070866));
#8858=CARTESIAN_POINT('',(0.184251968503937,0.696850393700787,-0.216535433070866));
#8859=CARTESIAN_POINT('',(-1.49773566252643E-16,0.696850393700787,-0.216535433070866));
#8860=CARTESIAN_POINT('',(0.215748031496063,0.696850393700787,-0.353030995988495));
#8861=CARTESIAN_POINT('',(0.215748031496063,0.696850393700787,-0.0118110236220472));
#8862=CARTESIAN_POINT('',(0.184251968503937,0.696850393700787,-0.353030995988495));
#8863=CARTESIAN_POINT('',(0.1,0.696850393700787,-0.353030995988495));
#8864=CARTESIAN_POINT('',(0.184251968503937,0.696850393700787,-0.248031496062992));
#8865=CARTESIAN_POINT('Origin',(8.71034422237374E-17,0.696850393700787,
-0.00356624394978189));
#8866=CARTESIAN_POINT('',(-1.49773566252643E-16,0.696850393700787,-0.216535433070866));
#8867=CARTESIAN_POINT('',(-0.1,0.696850393700787,-0.353030995988495));
#8868=CARTESIAN_POINT('Origin',(0.215748031496063,0.481102362204724,-0.248031496062992));
#8869=CARTESIAN_POINT('',(0.215748031496063,0.265354330708661,-0.216535433070866));
#8870=CARTESIAN_POINT('',(0.215748031496063,0.323622047244094,-0.216535433070866));
#8871=CARTESIAN_POINT('',(0.215748031496063,0.614566929133858,-0.216535433070866));
#8872=CARTESIAN_POINT('',(0.215748031496063,0.265354330708661,-0.353030995988495));
#8873=CARTESIAN_POINT('',(0.215748031496063,0.265354330708661,-0.248031496062992));
#8874=CARTESIAN_POINT('',(0.215748031496063,0.296850393700787,-0.353030995988495));
#8875=CARTESIAN_POINT('',(0.215748031496063,0.381102362204724,-0.353030995988495));
#8876=CARTESIAN_POINT('',(0.215748031496063,0.296850393700787,-0.248031496062992));
#8877=CARTESIAN_POINT('',(0.215748031496063,0.296850393700787,-0.248031496062992));
#8878=CARTESIAN_POINT('',(0.215748031496063,0.323622047244094,-0.248031496062992));
#8879=CARTESIAN_POINT('',(0.215748031496063,0.481102362204724,-0.248031496062992));
#8880=CARTESIAN_POINT('',(0.215748031496063,0.323622047244094,-0.248031496062992));
#8881=CARTESIAN_POINT('Origin',(8.71034422237374E-17,0.265354330708661,
-0.00356624394978189));
#8882=CARTESIAN_POINT('',(0.184251968503937,0.265354330708661,-0.216535433070866));
#8883=CARTESIAN_POINT('',(-1.49773566252643E-16,0.265354330708661,-0.216535433070866));
#8884=CARTESIAN_POINT('',(0.184251968503937,0.265354330708661,-0.353030995988495));
#8885=CARTESIAN_POINT('',(0.184251968503937,0.265354330708661,-0.248031496062992));
#8886=CARTESIAN_POINT('',(0.1,0.265354330708661,-0.353030995988495));
#8887=CARTESIAN_POINT('Origin',(0.184251968503937,0.481102362204724,-0.0118110236220471));
#8888=CARTESIAN_POINT('',(0.184251968503937,0.323622047244094,-0.216535433070866));
#8889=CARTESIAN_POINT('',(0.184251968503937,0.614566929133858,-0.216535433070866));
#8890=CARTESIAN_POINT('',(0.184251968503937,0.323622047244094,-0.248031496062992));
#8891=CARTESIAN_POINT('',(0.184251968503937,0.323622047244094,-0.12992125984252));
#8892=CARTESIAN_POINT('',(0.184251968503937,0.296850393700787,-0.248031496062992));
#8893=CARTESIAN_POINT('',(0.184251968503937,0.481102362204724,-0.248031496062992));
#8894=CARTESIAN_POINT('',(0.184251968503937,0.296850393700787,-0.353030995988495));
#8895=CARTESIAN_POINT('',(0.184251968503937,0.296850393700787,-0.248031496062992));
#8896=CARTESIAN_POINT('',(0.184251968503937,0.381102362204724,-0.353030995988495));
#8897=CARTESIAN_POINT('Origin',(0.184251968503937,0.481102362204724,-0.0118110236220471));
#8898=CARTESIAN_POINT('',(0.184251968503937,0.638582677165354,-0.216535433070866));
#8899=CARTESIAN_POINT('',(0.184251968503937,0.614566929133858,-0.216535433070866));
#8900=CARTESIAN_POINT('',(0.184251968503937,0.665354330708661,-0.353030995988495));
#8901=CARTESIAN_POINT('',(0.184251968503937,0.581102362204724,-0.353030995988495));
#8902=CARTESIAN_POINT('',(0.184251968503937,0.665354330708661,-0.248031496062992));
#8903=CARTESIAN_POINT('',(0.184251968503937,0.665354330708661,-0.248031496062992));
#8904=CARTESIAN_POINT('',(0.184251968503937,0.638582677165354,-0.248031496062992));
#8905=CARTESIAN_POINT('',(0.184251968503937,0.481102362204724,-0.248031496062992));
#8906=CARTESIAN_POINT('',(0.184251968503937,0.638582677165354,-0.0944881889763779));
#8907=CARTESIAN_POINT('Origin',(1.04740073434691E-16,0.481102362204724,
-0.011811023622047));
#8908=CARTESIAN_POINT('',(-0.0196850393700787,0.541338582677165,0.203037090913372));
#8909=CARTESIAN_POINT('',(0.0196850393700788,0.541338582677165,0.203037090913372));
#8910=CARTESIAN_POINT('Ctrl Pts',(-0.0196850393700787,0.541338582677165,
0.203037090913372));
#8911=CARTESIAN_POINT('Ctrl Pts',(-0.0196850393700787,0.543811759404527,
0.203037090913372));
#8912=CARTESIAN_POINT('Ctrl Pts',(-0.0191904926344773,0.546448841478553,
0.20308419431181));
#8913=CARTESIAN_POINT('Ctrl Pts',(-0.01718113547394,0.551298419056273,0.203254171792171));
#8914=CARTESIAN_POINT('Ctrl Pts',(-0.0156664002917112,0.553511032038468,
0.203374574586046));
#8915=CARTESIAN_POINT('Ctrl Pts',(-0.0121724534758304,0.557004978854349,
0.20360046431724));
#8916=CARTESIAN_POINT('Ctrl Pts',(-0.00995983868312558,0.558519717238757,
0.203720648073148));
#8917=CARTESIAN_POINT('Ctrl Pts',(-0.00511025507147453,0.560529076814791,
0.203890124226833));
#8918=CARTESIAN_POINT('Ctrl Pts',(-0.00247317090246275,0.561023622047244,
0.203937007874016));
#8919=CARTESIAN_POINT('Ctrl Pts',(0.00247317090246277,0.561023622047244,
0.203937007874016));
#8920=CARTESIAN_POINT('Ctrl Pts',(0.00511025507147456,0.560529076814791,
0.203890124226833));
#8921=CARTESIAN_POINT('Ctrl Pts',(0.00995983868312561,0.558519717238757,
0.203720648073148));
#8922=CARTESIAN_POINT('Ctrl Pts',(0.0121724534758304,0.557004978854349,
0.20360046431724));
#8923=CARTESIAN_POINT('Ctrl Pts',(0.0156664002917112,0.553511032038468,
0.203374574586046));
#8924=CARTESIAN_POINT('Ctrl Pts',(0.01718113547394,0.551298419056273,0.203254171792171));
#8925=CARTESIAN_POINT('Ctrl Pts',(0.0191904926344774,0.546448841478553,
0.20308419431181));
#8926=CARTESIAN_POINT('Ctrl Pts',(0.0196850393700788,0.543811759404527,
0.203037090913372));
#8927=CARTESIAN_POINT('Ctrl Pts',(0.0196850393700788,0.541338582677165,
0.203037090913372));
#8928=CARTESIAN_POINT('Ctrl Pts',(0.0196850393700788,0.541338582677165,
0.203037090913372));
#8929=CARTESIAN_POINT('Ctrl Pts',(0.0196850393700788,0.538865405949804,
0.203037090913372));
#8930=CARTESIAN_POINT('Ctrl Pts',(0.0191904926344774,0.536228323875778,
0.20308419431181));
#8931=CARTESIAN_POINT('Ctrl Pts',(0.01718113547394,0.531378746298058,0.203254171792171));
#8932=CARTESIAN_POINT('Ctrl Pts',(0.0156664002917112,0.529166133315863,
0.203374574586046));
#8933=CARTESIAN_POINT('Ctrl Pts',(0.0121724534758304,0.525672186499982,
0.20360046431724));
#8934=CARTESIAN_POINT('Ctrl Pts',(0.00995983868312561,0.524157448115573,
0.203720648073148));
#8935=CARTESIAN_POINT('Ctrl Pts',(0.00511025507147455,0.52214808853954,
0.203890124226833));
#8936=CARTESIAN_POINT('Ctrl Pts',(0.00247317090246277,0.521653543307087,
0.203937007874016));
#8937=CARTESIAN_POINT('Ctrl Pts',(-0.00247317090246275,0.521653543307087,
0.203937007874016));
#8938=CARTESIAN_POINT('Ctrl Pts',(-0.00511025507147453,0.52214808853954,
0.203890124226833));
#8939=CARTESIAN_POINT('Ctrl Pts',(-0.00995983868312558,0.524157448115573,
0.203720648073148));
#8940=CARTESIAN_POINT('Ctrl Pts',(-0.0121724534758304,0.525672186499982,
0.20360046431724));
#8941=CARTESIAN_POINT('Ctrl Pts',(-0.0156664002917112,0.529166133315863,
0.203374574586046));
#8942=CARTESIAN_POINT('Ctrl Pts',(-0.01718113547394,0.531378746298058,0.203254171792171));
#8943=CARTESIAN_POINT('Ctrl Pts',(-0.0191904926344773,0.536228323875778,
0.20308419431181));
#8944=CARTESIAN_POINT('Ctrl Pts',(-0.0196850393700787,0.538865405949804,
0.203037090913372));
#8945=CARTESIAN_POINT('Ctrl Pts',(-0.0196850393700787,0.541338582677165,
0.203037090913372));
#8946=CARTESIAN_POINT('Origin',(1.04740073434691E-16,0.481102362204724,
-0.011811023622047));
#8947=CARTESIAN_POINT('',(-0.0196850393700787,0.334645669291339,0.203037090913372));
#8948=CARTESIAN_POINT('',(0.0196850393700788,0.334645669291339,0.203037090913372));
#8949=CARTESIAN_POINT('Ctrl Pts',(-0.0196850393700786,0.334645669291339,
0.203037090913372));
#8950=CARTESIAN_POINT('Ctrl Pts',(-0.0196850393700786,0.3371188460187,0.203037090913372));
#8951=CARTESIAN_POINT('Ctrl Pts',(-0.0191904926344772,0.339755928092726,
0.20308419431181));
#8952=CARTESIAN_POINT('Ctrl Pts',(-0.0171811354739399,0.344605505670446,
0.203254171792171));
#8953=CARTESIAN_POINT('Ctrl Pts',(-0.0156664002917111,0.346818118652641,
0.203374574586046));
#8954=CARTESIAN_POINT('Ctrl Pts',(-0.0121724534758303,0.350312065468522,
0.20360046431724));
#8955=CARTESIAN_POINT('Ctrl Pts',(-0.0099598386831255,0.351826803852931,
0.203720648073148));
#8956=CARTESIAN_POINT('Ctrl Pts',(-0.00511025507147446,0.353836163428964,
0.203890124226833));
#8957=CARTESIAN_POINT('Ctrl Pts',(-0.00247317090246267,0.354330708661417,
0.203937007874016));
#8958=CARTESIAN_POINT('Ctrl Pts',(0.00247317090246285,0.354330708661417,
0.203937007874016));
#8959=CARTESIAN_POINT('Ctrl Pts',(0.00511025507147464,0.353836163428964,
0.203890124226833));
#8960=CARTESIAN_POINT('Ctrl Pts',(0.0099598386831257,0.351826803852931,
0.203720648073148));
#8961=CARTESIAN_POINT('Ctrl Pts',(0.0121724534758305,0.350312065468522,
0.20360046431724));
#8962=CARTESIAN_POINT('Ctrl Pts',(0.0156664002917113,0.346818118652641,
0.203374574586046));
#8963=CARTESIAN_POINT('Ctrl Pts',(0.01718113547394,0.344605505670446,0.203254171792171));
#8964=CARTESIAN_POINT('Ctrl Pts',(0.0191904926344774,0.339755928092726,
0.20308419431181));
#8965=CARTESIAN_POINT('Ctrl Pts',(0.0196850393700788,0.3371188460187,0.203037090913372));
#8966=CARTESIAN_POINT('Ctrl Pts',(0.0196850393700788,0.334645669291339,
0.203037090913372));
#8967=CARTESIAN_POINT('Ctrl Pts',(0.0196850393700788,0.334645669291339,
0.203037090913372));
#8968=CARTESIAN_POINT('Ctrl Pts',(0.0196850393700788,0.332172492563977,
0.203037090913372));
#8969=CARTESIAN_POINT('Ctrl Pts',(0.0191904926344774,0.329535410489951,
0.20308419431181));
#8970=CARTESIAN_POINT('Ctrl Pts',(0.01718113547394,0.324685832912231,0.203254171792171));
#8971=CARTESIAN_POINT('Ctrl Pts',(0.0156664002917113,0.322473219930036,
0.203374574586046));
#8972=CARTESIAN_POINT('Ctrl Pts',(0.0121724534758305,0.318979273114155,
0.20360046431724));
#8973=CARTESIAN_POINT('Ctrl Pts',(0.00995983868312569,0.317464534729747,
0.203720648073148));
#8974=CARTESIAN_POINT('Ctrl Pts',(0.00511025507147464,0.315455175153713,
0.203890124226833));
#8975=CARTESIAN_POINT('Ctrl Pts',(0.00247317090246284,0.31496062992126,
0.203937007874016));
#8976=CARTESIAN_POINT('Ctrl Pts',(-0.00247317090246267,0.31496062992126,
0.203937007874016));
#8977=CARTESIAN_POINT('Ctrl Pts',(-0.00511025507147446,0.315455175153713,
0.203890124226833));
#8978=CARTESIAN_POINT('Ctrl Pts',(-0.00995983868312551,0.317464534729747,
0.203720648073148));
#8979=CARTESIAN_POINT('Ctrl Pts',(-0.0121724534758303,0.318979273114155,
0.20360046431724));
#8980=CARTESIAN_POINT('Ctrl Pts',(-0.0156664002917111,0.322473219930036,
0.203374574586046));
#8981=CARTESIAN_POINT('Ctrl Pts',(-0.0171811354739399,0.324685832912231,
0.203254171792171));
#8982=CARTESIAN_POINT('Ctrl Pts',(-0.0191904926344772,0.329535410489951,
0.20308419431181));
#8983=CARTESIAN_POINT('Ctrl Pts',(-0.0196850393700786,0.332172492563977,
0.203037090913372));
#8984=CARTESIAN_POINT('Ctrl Pts',(-0.0196850393700786,0.334645669291339,
0.203037090913372));
#8985=CARTESIAN_POINT('Origin',(-0.1,0.691929133858268,-0.371397387758027));
#8986=CARTESIAN_POINT('',(-0.194094488188976,0.687007874015748,-0.389763779527559));
#8987=CARTESIAN_POINT('',(-0.205905511811024,0.687007874015748,-0.389763779527559));
#8988=CARTESIAN_POINT('',(-0.1,0.687007874015748,-0.389763779527559));
#8989=CARTESIAN_POINT('',(-0.205905511811024,0.687007874015748,-0.389763779527559));
#8990=CARTESIAN_POINT('',(-0.194094488188976,0.687007874015748,-0.389763779527559));
#8991=CARTESIAN_POINT('Origin',(-0.210826771653543,0.581102362204724,-0.371397387758027));
#8992=CARTESIAN_POINT('',(-0.205905511811024,0.675196850393701,-0.389763779527559));
#8993=CARTESIAN_POINT('',(-0.205905511811024,0.581102362204724,-0.389763779527559));
#8994=CARTESIAN_POINT('',(-0.205905511811024,0.675196850393701,-0.389763779527559));
#8995=CARTESIAN_POINT('Origin',(-0.207874015748031,0.670275590551181,-0.371397387758027));
#8996=CARTESIAN_POINT('',(-0.194094488188976,0.675196850393701,-0.389763779527559));
#8997=CARTESIAN_POINT('',(-0.207874015748031,0.675196850393701,-0.389763779527559));
#8998=CARTESIAN_POINT('',(-0.194094488188976,0.675196850393701,-0.389763779527559));
#8999=CARTESIAN_POINT('',(-0.207874015748031,0.665354330708661,-0.353030995988495));
#9000=CARTESIAN_POINT('Origin',(-0.189173228346457,0.581102362204724,-0.371397387758027));
#9001=CARTESIAN_POINT('',(-0.194094488188976,0.581102362204724,-0.389763779527559));
#9002=CARTESIAN_POINT('Origin',(-0.2,0.681102362204724,-0.389763779527559));
#9003=CARTESIAN_POINT('Origin',(0.192125984251968,0.670275590551181,-0.371397387758027));
#9004=CARTESIAN_POINT('',(0.194094488188976,0.675196850393701,-0.389763779527559));
#9005=CARTESIAN_POINT('',(0.205905511811024,0.675196850393701,-0.389763779527559));
#9006=CARTESIAN_POINT('',(0.192125984251968,0.675196850393701,-0.389763779527559));
#9007=CARTESIAN_POINT('',(0.215748031496063,0.665354330708661,-0.353030995988495));
#9008=CARTESIAN_POINT('',(0.205905511811024,0.675196850393701,-0.389763779527559));
#9009=CARTESIAN_POINT('',(0.192125984251968,0.665354330708661,-0.353030995988495));
#9010=CARTESIAN_POINT('',(0.194094488188976,0.675196850393701,-0.389763779527559));
#9011=CARTESIAN_POINT('Origin',(0.210826771653543,0.581102362204724,-0.371397387758027));
#9012=CARTESIAN_POINT('',(0.205905511811024,0.687007874015748,-0.389763779527559));
#9013=CARTESIAN_POINT('',(0.205905511811024,0.581102362204724,-0.389763779527559));
#9014=CARTESIAN_POINT('',(0.205905511811024,0.687007874015748,-0.389763779527559));
#9015=CARTESIAN_POINT('',(0.215748031496063,0.581102362204724,-0.353030995988495));
#9016=CARTESIAN_POINT('Origin',(0.1,0.691929133858268,-0.371397387758027));
#9017=CARTESIAN_POINT('',(0.194094488188976,0.687007874015748,-0.389763779527559));
#9018=CARTESIAN_POINT('',(0.1,0.687007874015748,-0.389763779527559));
#9019=CARTESIAN_POINT('',(0.194094488188976,0.687007874015748,-0.389763779527559));
#9020=CARTESIAN_POINT('Origin',(0.189173228346456,0.581102362204724,-0.371397387758027));
#9021=CARTESIAN_POINT('',(0.194094488188976,0.581102362204724,-0.389763779527559));
#9022=CARTESIAN_POINT('Origin',(0.184251968503937,0.665354330708661,-0.248031496062992));
#9023=CARTESIAN_POINT('',(0.215748031496063,0.665354330708661,-0.248031496062992));
#9024=CARTESIAN_POINT('',(0.215748031496063,0.665354330708661,-0.248031496062992));
#9025=CARTESIAN_POINT('',(0.184251968503937,0.665354330708661,-0.248031496062992));
#9026=CARTESIAN_POINT('Origin',(0.2,0.681102362204724,-0.389763779527559));
#9027=CARTESIAN_POINT('Origin',(0.210826771653543,0.381102362204724,-0.371397387758027));
#9028=CARTESIAN_POINT('',(0.205905511811024,0.275196850393701,-0.389763779527559));
#9029=CARTESIAN_POINT('',(0.205905511811024,0.275196850393701,-0.389763779527559));
#9030=CARTESIAN_POINT('',(0.205905511811024,0.287007874015748,-0.389763779527559));
#9031=CARTESIAN_POINT('',(0.205905511811024,0.381102362204724,-0.389763779527559));
#9032=CARTESIAN_POINT('',(0.205905511811024,0.287007874015748,-0.389763779527559));
#9033=CARTESIAN_POINT('Origin',(0.207874015748031,0.291929133858268,-0.371397387758027));
#9034=CARTESIAN_POINT('',(0.194094488188976,0.287007874015748,-0.389763779527559));
#9035=CARTESIAN_POINT('',(0.207874015748031,0.287007874015748,-0.389763779527559));
#9036=CARTESIAN_POINT('',(0.194094488188976,0.287007874015748,-0.389763779527559));
#9037=CARTESIAN_POINT('',(0.207874015748031,0.296850393700787,-0.353030995988495));
#9038=CARTESIAN_POINT('Origin',(0.189173228346456,0.381102362204724,-0.371397387758027));
#9039=CARTESIAN_POINT('',(0.194094488188976,0.275196850393701,-0.389763779527559));
#9040=CARTESIAN_POINT('',(0.194094488188976,0.381102362204724,-0.389763779527559));
#9041=CARTESIAN_POINT('',(0.194094488188976,0.275196850393701,-0.389763779527559));
#9042=CARTESIAN_POINT('Origin',(0.1,0.270275590551181,-0.371397387758027));
#9043=CARTESIAN_POINT('',(0.1,0.275196850393701,-0.389763779527559));
#9044=CARTESIAN_POINT('Origin',(8.71034422237374E-17,0.265354330708661,
-0.00356624394978189));
#9045=CARTESIAN_POINT('',(-0.215748031496063,0.265354330708661,-0.216535433070866));
#9046=CARTESIAN_POINT('',(-1.49773566252643E-16,0.265354330708661,-0.216535433070866));
#9047=CARTESIAN_POINT('',(-0.215748031496063,0.265354330708661,-0.353030995988495));
#9048=CARTESIAN_POINT('',(-0.215748031496063,0.265354330708661,-0.248031496062992));
#9049=CARTESIAN_POINT('',(-0.1,0.265354330708661,-0.353030995988495));
#9050=CARTESIAN_POINT('Origin',(0.215748031496063,0.481102362204724,-0.248031496062992));
#9051=CARTESIAN_POINT('',(0.215748031496063,0.638582677165354,-0.216535433070866));
#9052=CARTESIAN_POINT('',(0.215748031496063,0.614566929133858,-0.216535433070866));
#9053=CARTESIAN_POINT('',(0.215748031496063,0.638582677165354,-0.248031496062992));
#9054=CARTESIAN_POINT('',(0.215748031496063,0.638582677165354,-0.21259842519685));
#9055=CARTESIAN_POINT('',(0.215748031496063,0.481102362204724,-0.248031496062992));
#9056=CARTESIAN_POINT('Origin',(0.2,0.281102362204724,-0.389763779527559));
#9057=CARTESIAN_POINT('Origin',(-0.189173228346457,0.381102362204724,-0.371397387758027));
#9058=CARTESIAN_POINT('',(-0.194094488188976,0.275196850393701,-0.389763779527559));
#9059=CARTESIAN_POINT('',(-0.194094488188976,0.275196850393701,-0.389763779527559));
#9060=CARTESIAN_POINT('',(-0.194094488188976,0.287007874015748,-0.389763779527559));
#9061=CARTESIAN_POINT('',(-0.194094488188976,0.381102362204724,-0.389763779527559));
#9062=CARTESIAN_POINT('',(-0.194094488188976,0.287007874015748,-0.389763779527559));
#9063=CARTESIAN_POINT('Origin',(-0.192125984251968,0.291929133858268,-0.371397387758027));
#9064=CARTESIAN_POINT('',(-0.205905511811024,0.287007874015748,-0.389763779527559));
#9065=CARTESIAN_POINT('',(-0.192125984251968,0.287007874015748,-0.389763779527559));
#9066=CARTESIAN_POINT('',(-0.215748031496063,0.296850393700787,-0.353030995988495));
#9067=CARTESIAN_POINT('',(-0.205905511811024,0.287007874015748,-0.389763779527559));
#9068=CARTESIAN_POINT('',(-0.192125984251968,0.296850393700787,-0.353030995988495));
#9069=CARTESIAN_POINT('Origin',(-0.210826771653543,0.381102362204724,-0.371397387758027));
#9070=CARTESIAN_POINT('',(-0.205905511811024,0.275196850393701,-0.389763779527559));
#9071=CARTESIAN_POINT('',(-0.205905511811024,0.381102362204724,-0.389763779527559));
#9072=CARTESIAN_POINT('',(-0.205905511811024,0.275196850393701,-0.389763779527559));
#9073=CARTESIAN_POINT('',(-0.215748031496063,0.381102362204724,-0.353030995988495));
#9074=CARTESIAN_POINT('Origin',(-0.1,0.270275590551181,-0.371397387758027));
#9075=CARTESIAN_POINT('',(-0.1,0.275196850393701,-0.389763779527559));
#9076=CARTESIAN_POINT('Origin',(-0.2,0.281102362204724,-0.389763779527559));
#9077=CARTESIAN_POINT('Origin',(-0.184251968503937,0.296850393700787,-0.248031496062992));
#9078=CARTESIAN_POINT('',(-0.215748031496063,0.296850393700787,-0.248031496062992));
#9079=CARTESIAN_POINT('',(-0.215748031496063,0.296850393700787,-0.248031496062992));
#9080=CARTESIAN_POINT('',(-0.2,0.296850393700787,-0.248031496062992));
#9081=CARTESIAN_POINT('Origin',(-0.215748031496063,0.665354330708661,-0.248031496062992));
#9082=CARTESIAN_POINT('',(-0.215748031496063,0.665354330708661,-0.248031496062992));
#9083=CARTESIAN_POINT('Origin',(0.215748031496063,0.296850393700787,-0.248031496062992));
#9084=CARTESIAN_POINT('',(0.2,0.296850393700787,-0.248031496062992));
#9085=CARTESIAN_POINT('Origin',(2.01423218143635E-17,0.638582677165354,
-0.177165354330708));
#9086=CARTESIAN_POINT('',(-1.38846174277986E-16,0.638582677165354,-0.216535433070866));
#9087=CARTESIAN_POINT('',(0.0921259842519685,0.638582677165354,-0.248031496062992));
#9088=CARTESIAN_POINT('Origin',(2.01423218143635E-17,0.638582677165354,
-0.177165354330708));
#9089=CARTESIAN_POINT('',(-1.38846174277986E-16,0.638582677165354,-0.216535433070866));
#9090=CARTESIAN_POINT('',(-0.107874015748032,0.638582677165354,-0.248031496062992));
#9091=CARTESIAN_POINT('Origin',(-1.61138574514908E-17,0.323622047244094,
-0.248031496062992));
#9092=CARTESIAN_POINT('',(-1.38846174277986E-16,0.323622047244094,-0.216535433070866));
#9093=CARTESIAN_POINT('',(0.0921259842519685,0.323622047244094,-0.248031496062992));
#9094=CARTESIAN_POINT('Origin',(-0.215748031496063,0.481102362204724,-0.248031496062992));
#9095=CARTESIAN_POINT('',(-0.215748031496063,0.481102362204724,-0.248031496062992));
#9096=CARTESIAN_POINT('Origin',(-0.215748031496063,0.481102362204724,-0.248031496062992));
#9097=CARTESIAN_POINT('Origin',(-0.215748031496063,0.481102362204724,-0.0118110236220468));
#9098=CARTESIAN_POINT('',(-0.215748031496063,0.614566929133858,-0.216535433070866));
#9099=CARTESIAN_POINT('Origin',(0.184251968503937,0.481102362204724,-0.248031496062992));
#9100=CARTESIAN_POINT('Origin',(0.184251968503937,0.481102362204724,-0.248031496062992));
#9101=CARTESIAN_POINT('Origin',(-0.00582190748346138,0.661158908140531,
0.0393700787401579));
#9102=CARTESIAN_POINT('',(-0.00582190748346138,0.661158908140531,0.0393700787401579));
#9103=CARTESIAN_POINT('',(-0.00582190748346441,0.671252241218913,0.0393700787401579));
#9104=CARTESIAN_POINT('',(-0.0058219074834463,0.611538652352299,0.0393700787401579));
#9105=CARTESIAN_POINT('',(-0.00582190748346138,0.661158908140531,0.0295275590551183));
#9106=CARTESIAN_POINT('',(-0.00582190748346138,0.661158908140531,0.0393700787401579));
#9107=CARTESIAN_POINT('',(-0.00582190748346445,0.671252241218913,0.0295275590551183));
#9108=CARTESIAN_POINT('',(-0.00582190748346276,0.665721082156232,0.0295275590551183));
#9109=CARTESIAN_POINT('',(-0.00582190748346441,0.671252241218913,0.0393700787401579));
#9110=CARTESIAN_POINT('Origin',(0.0119326302206756,0.671252241218917,0.0393700787401579));
#9111=CARTESIAN_POINT('',(0.0119326302206756,0.671252241218917,0.0393700787401579));
#9112=CARTESIAN_POINT('',(-0.0160635313696772,0.655336615109323,0.0393700787401579));
#9113=CARTESIAN_POINT('',(0.0119326302206756,0.671252241218917,0.0295275590551183));
#9114=CARTESIAN_POINT('',(0.0119326302206756,0.671252241218917,0.0393700787401579));
#9115=CARTESIAN_POINT('',(0.00654137744174791,0.668187350940484,0.0295275590551183));
#9116=CARTESIAN_POINT('Origin',(-0.00582190748346441,0.671252241218913,
0.0393700787401579));
#9117=CARTESIAN_POINT('',(-0.00291095374174843,0.671252241218913,0.0393700787401579));
#9118=CARTESIAN_POINT('',(-0.00380282986005151,0.671252241218913,0.0295275590551183));
#9119=CARTESIAN_POINT('Origin',(-0.0102605419094952,0.657267502616335,0.0393700787401579));
#9120=CARTESIAN_POINT('',(-0.0102605419094994,0.671252241218909,0.0393700787401579));
#9121=CARTESIAN_POINT('',(-0.0102605419094952,0.657267502616335,0.0393700787401579));
#9122=CARTESIAN_POINT('',(-0.0102605419094809,0.609592949590197,0.0393700787401579));
#9123=CARTESIAN_POINT('',(-0.0102605419094994,0.671252241218909,0.0295275590551183));
#9124=CARTESIAN_POINT('',(-0.0102605419094994,0.671252241218909,0.0393700787401579));
#9125=CARTESIAN_POINT('',(-0.0102605419094952,0.657267502616335,0.0295275590551183));
#9126=CARTESIAN_POINT('',(-0.0102605419094994,0.671252241218909,0.0295275590551183));
#9127=CARTESIAN_POINT('',(-0.0102605419094952,0.657267502616335,0.0393700787401579));
#9128=CARTESIAN_POINT('Origin',(-0.00582190748346024,0.657267502616335,
0.0393700787401579));
#9129=CARTESIAN_POINT('',(-0.00582190748346024,0.657267502616335,0.0393700787401579));
#9130=CARTESIAN_POINT('',(-0.0029109537417452,0.657267502616338,0.0393700787401579));
#9131=CARTESIAN_POINT('',(-0.00582190748346024,0.657267502616335,0.0295275590551183));
#9132=CARTESIAN_POINT('',(-0.0102605419094952,0.657267502616335,0.0295275590551183));
#9133=CARTESIAN_POINT('',(-0.00582190748346024,0.657267502616335,0.0393700787401579));
#9134=CARTESIAN_POINT('Origin',(0.0196850396634078,0.671981879754705,0.0393700787401579));
#9135=CARTESIAN_POINT('',(0.0196850396634078,0.671981879754705,0.0393700787401579));
#9136=CARTESIAN_POINT('',(-0.0115195474267889,0.653980663840921,0.0393700787401579));
#9137=CARTESIAN_POINT('',(0.0196850396634078,0.671981879754705,0.0295275590551183));
#9138=CARTESIAN_POINT('',(-0.00582190748346024,0.657267502616335,0.0295275590551183));
#9139=CARTESIAN_POINT('',(0.0196850396634078,0.671981879754705,0.0393700787401579));
#9140=CARTESIAN_POINT('Origin',(0.0196850396634068,0.675234851560086,0.0393700787401579));
#9141=CARTESIAN_POINT('',(0.0196850396634068,0.675234851560086,0.0393700787401579));
#9142=CARTESIAN_POINT('',(0.0196850396634236,0.618576624062079,0.0393700787401579));
#9143=CARTESIAN_POINT('',(0.0196850396634068,0.675234851560086,0.0295275590551183));
#9144=CARTESIAN_POINT('',(0.0196850396634078,0.671981879754705,0.0295275590551183));
#9145=CARTESIAN_POINT('',(0.0196850396634068,0.675234851560086,0.0393700787401579));
#9146=CARTESIAN_POINT('Origin',(-0.00582190748346555,0.675234851560079,
0.0393700787401579));
#9147=CARTESIAN_POINT('',(-0.00582190748346555,0.675234851560079,0.0393700787401579));
#9148=CARTESIAN_POINT('',(-0.00291095374174974,0.675234851560083,0.0393700787401579));
#9149=CARTESIAN_POINT('',(-0.00582190748346555,0.675234851560079,0.0295275590551183));
#9150=CARTESIAN_POINT('',(0.0196850396634068,0.675234851560086,0.0295275590551183));
#9151=CARTESIAN_POINT('',(-0.00582190748346555,0.675234851560079,0.0393700787401579));
#9152=CARTESIAN_POINT('Origin',(-0.00582190748346689,0.679612682774799,
0.0393700787401579));
#9153=CARTESIAN_POINT('',(-0.00582190748346689,0.679612682774799,0.0393700787401579));
#9154=CARTESIAN_POINT('',(-0.00582190748344921,0.620765539669433,0.0393700787401579));
#9155=CARTESIAN_POINT('',(-0.00582190748346689,0.679612682774799,0.0295275590551183));
#9156=CARTESIAN_POINT('',(-0.00582190748346555,0.675234851560079,0.0295275590551183));
#9157=CARTESIAN_POINT('',(-0.00582190748346689,0.679612682774799,0.0393700787401579));
#9158=CARTESIAN_POINT('Origin',(-0.0102605419095019,0.679612682774799,0.0393700787401579));
#9159=CARTESIAN_POINT('',(-0.0102605419095019,0.679612682774799,0.0393700787401579));
#9160=CARTESIAN_POINT('',(-0.00513027095476839,0.679612682774799,0.0393700787401579));
#9161=CARTESIAN_POINT('',(-0.0102605419095019,0.679612682774799,0.0295275590551183));
#9162=CARTESIAN_POINT('',(-0.00582190748346689,0.679612682774799,0.0295275590551183));
#9163=CARTESIAN_POINT('',(-0.0102605419095019,0.679612682774799,0.0393700787401579));
#9164=CARTESIAN_POINT('Origin',(-0.0102605419095006,0.675234851560079,0.0393700787401579));
#9165=CARTESIAN_POINT('',(-0.0102605419095006,0.675234851560079,0.0393700787401579));
#9166=CARTESIAN_POINT('',(-0.0102605419094836,0.618576624062071,0.0393700787401579));
#9167=CARTESIAN_POINT('',(-0.0102605419095006,0.675234851560079,0.0295275590551183));
#9168=CARTESIAN_POINT('',(-0.0102605419095019,0.679612682774799,0.0295275590551183));
#9169=CARTESIAN_POINT('',(-0.0102605419095006,0.675234851560079,0.0393700787401579));
#9170=CARTESIAN_POINT('Origin',(-0.0196850396634106,0.675234851560075,0.0393700787401579));
#9171=CARTESIAN_POINT('',(-0.0196850396634106,0.675234851560075,0.0393700787401579));
#9172=CARTESIAN_POINT('',(-0.00984251983172216,0.675234851560079,0.0393700787401579));
#9173=CARTESIAN_POINT('',(-0.0196850396634106,0.675234851560075,0.0295275590551183));
#9174=CARTESIAN_POINT('',(-0.0102605419095006,0.675234851560079,0.0295275590551183));
#9175=CARTESIAN_POINT('',(-0.0196850396634106,0.675234851560075,0.0393700787401579));
#9176=CARTESIAN_POINT('Origin',(-0.0196850396634094,0.671252241218909,0.0393700787401579));
#9177=CARTESIAN_POINT('',(-0.0196850396634094,0.671252241218909,0.0393700787401579));
#9178=CARTESIAN_POINT('',(-0.0196850396633938,0.616585318891484,0.0393700787401579));
#9179=CARTESIAN_POINT('',(-0.0196850396634094,0.671252241218909,0.0295275590551183));
#9180=CARTESIAN_POINT('',(-0.0196850396634106,0.675234851560075,0.0295275590551183));
#9181=CARTESIAN_POINT('',(-0.0196850396634094,0.671252241218909,0.0393700787401579));
#9182=CARTESIAN_POINT('Origin',(-0.0102605419094994,0.671252241218909,0.0393700787401579));
#9183=CARTESIAN_POINT('',(-0.00513027095476602,0.671252241218913,0.0393700787401579));
#9184=CARTESIAN_POINT('',(-0.0196850396634094,0.671252241218909,0.0295275590551183));
#9185=CARTESIAN_POINT('Origin',(-0.00178375223663831,0.670283256171937,
0.0295275590551183));
#9186=CARTESIAN_POINT('Origin',(-8.86037294793213E-17,0.561918396564067,
0.0393700787401579));
#9187=CARTESIAN_POINT('',(-0.137795275590551,0.433070866141732,0.0393700787401579));
#9188=CARTESIAN_POINT('',(-0.0984251968503937,0.433070866141732,0.0393700787401579));
#9189=CARTESIAN_POINT('Origin',(-0.118110236220472,0.433070866141732,0.0393700787401579));
#9190=CARTESIAN_POINT('',(-0.137795275590551,0.669291338582677,0.0393700787401579));
#9191=CARTESIAN_POINT('',(-0.137795275590551,0.477809591982819,0.0393700787401579));
#9192=CARTESIAN_POINT('',(-0.118110236220472,0.688976377952756,0.0393700787401579));
#9193=CARTESIAN_POINT('Origin',(-0.118110236220472,0.669291338582677,0.0393700787401579));
#9194=CARTESIAN_POINT('',(0.118110236220472,0.688976377952756,0.0393700787401575));
#9195=CARTESIAN_POINT('',(-0.078740157480315,0.688976377952756,0.0393700787401579));
#9196=CARTESIAN_POINT('',(0.137795275590551,0.669291338582677,0.0393700787401575));
#9197=CARTESIAN_POINT('Origin',(0.118110236220472,0.669291338582677,0.0393700787401575));
#9198=CARTESIAN_POINT('',(0.137795275590551,0.433070866141732,0.0393700787401575));
#9199=CARTESIAN_POINT('',(0.137795275590551,0.635289906943449,0.0393700787401575));
#9200=CARTESIAN_POINT('',(0.0984251968503937,0.433070866141732,0.0393700787401575));
#9201=CARTESIAN_POINT('Origin',(0.118110236220472,0.433070866141732,0.0393700787401575));
#9202=CARTESIAN_POINT('',(0.0984251968503937,0.590551181102362,0.0393700787401575));
#9203=CARTESIAN_POINT('',(0.0984251968503937,0.477809591982819,0.0393700787401575));
#9204=CARTESIAN_POINT('',(0.0393700787401574,0.649606299212598,0.0393700787401579));
#9205=CARTESIAN_POINT('Origin',(0.0393700787401574,0.590551181102362,0.0393700787401579));
#9206=CARTESIAN_POINT('',(-0.0393700787401575,0.649606299212598,0.0393700787401579));
#9207=CARTESIAN_POINT('',(0.0393700787401574,0.649606299212598,0.0393700787401579));
#9208=CARTESIAN_POINT('',(-0.0984251968503937,0.590551181102362,0.0393700787401579));
#9209=CARTESIAN_POINT('Origin',(-0.0393700787401575,0.590551181102362,0.0393700787401579));
#9210=CARTESIAN_POINT('',(-0.0984251968503937,0.595919828203291,0.0393700787401579));
#9211=CARTESIAN_POINT('Origin',(0.127952755905512,0.275590551181102,-0.216535433070866));
#9212=CARTESIAN_POINT('',(0.104330708661417,0.275590551181102,-0.216535433070866));
#9213=CARTESIAN_POINT('Origin',(0.127952755905512,0.275590551181102,-0.216535433070866));
#9214=CARTESIAN_POINT('',(0.104330708661417,0.275590551181102,0.078740157480315));
#9215=CARTESIAN_POINT('',(0.104330708661417,0.275590551181102,-0.216535433070866));
#9216=CARTESIAN_POINT('Origin',(0.127952755905512,0.275590551181102,0.078740157480315));
#9217=CARTESIAN_POINT('Origin',(0.127952755905512,0.275590551181102,0.078740157480315));
#9218=CARTESIAN_POINT('Origin',(-0.127952755905512,0.275590551181102,-0.216535433070866));
#9219=CARTESIAN_POINT('',(-0.151574803149606,0.275590551181102,-0.216535433070866));
#9220=CARTESIAN_POINT('Origin',(-0.127952755905512,0.275590551181102,-0.216535433070866));
#9221=CARTESIAN_POINT('',(-0.151574803149606,0.275590551181102,0.0787401574803154));
#9222=CARTESIAN_POINT('',(-0.151574803149606,0.275590551181102,-0.216535433070866));
#9223=CARTESIAN_POINT('Origin',(-0.127952755905512,0.275590551181102,0.0787401574803154));
#9224=CARTESIAN_POINT('Origin',(-0.127952755905512,0.275590551181102,0.0787401574803154));
#9225=CARTESIAN_POINT('Origin',(-1.02307707362727E-16,0.275590551181102,
-0.216535433070866));
#9226=CARTESIAN_POINT('',(-0.0236220472440946,0.275590551181102,-0.216535433070866));
#9227=CARTESIAN_POINT('Origin',(-1.02307707362727E-16,0.275590551181102,
-0.216535433070866));
#9228=CARTESIAN_POINT('',(-0.0236220472440946,0.275590551181102,-0.216535433070866));
#9229=CARTESIAN_POINT('Origin',(0.0670799418265728,0.0885826788428346,0.226377952755906));
#9230=CARTESIAN_POINT('',(0.0670799418265728,0.0885826788428346,0.234251968503937));
#9231=CARTESIAN_POINT('',(0.0725568279979768,0.0730568971743335,0.234251968503937));
#9232=CARTESIAN_POINT('',(0.0670799418265728,0.0885826788428346,0.234251968503937));
#9233=CARTESIAN_POINT('',(0.0725568279979768,0.0730568971743335,0.226377952755906));
#9234=CARTESIAN_POINT('',(0.0725568279979768,0.0730568971743335,0.226377952755906));
#9235=CARTESIAN_POINT('',(0.0670799418265728,0.0885826788428346,0.226377952755906));
#9236=CARTESIAN_POINT('',(0.0679998337990614,0.0859749850773457,0.226377952755906));
#9237=CARTESIAN_POINT('',(0.0670799418265728,0.0885826788428346,0.226377952755906));
#9238=CARTESIAN_POINT('Origin',(0.0725568279979768,0.0730568971743335,0.226377952755906));
#9239=CARTESIAN_POINT('',(0.0688896955179933,0.0716757693571968,0.234251968503937));
#9240=CARTESIAN_POINT('',(0.0725568279979768,0.0730568971743335,0.234251968503937));
#9241=CARTESIAN_POINT('',(0.0688896955179933,0.0716757693571968,0.226377952755906));
#9242=CARTESIAN_POINT('',(0.0688896955179933,0.0716757693571968,0.226377952755906));
#9243=CARTESIAN_POINT('',(0.0384759265319404,0.0602212329858264,0.226377952755906));
#9244=CARTESIAN_POINT('Ctrl Pts',(0.0497920315637941,0.0838677942257134,
0.226377952755906));
#9245=CARTESIAN_POINT('Ctrl Pts',(0.0497920315637941,0.0838677942257134,
0.235826771653544));
#9246=CARTESIAN_POINT('Ctrl Pts',(0.0561261694837654,0.0838677942257134,
0.226377952755906));
#9247=CARTESIAN_POINT('Ctrl Pts',(0.0561261694837654,0.0838677942257134,
0.235826771653544));
#9248=CARTESIAN_POINT('Ctrl Pts',(0.0620793066265957,0.0818199150485795,
0.226377952755906));
#9249=CARTESIAN_POINT('Ctrl Pts',(0.0620793066265957,0.0818199150485795,
0.235826771653544));
#9250=CARTESIAN_POINT('Ctrl Pts',(0.0665560657580039,0.0771050304314583,
0.226377952755906));
#9251=CARTESIAN_POINT('Ctrl Pts',(0.0665560657580039,0.0771050304314583,
0.235826771653544));
#9252=CARTESIAN_POINT('Ctrl Pts',(0.0688896955179933,0.0716757693571968,
0.226377952755906));
#9253=CARTESIAN_POINT('Ctrl Pts',(0.0688896955179933,0.0716757693571968,
0.235826771653544));
#9254=CARTESIAN_POINT('',(0.0497920315637941,0.0838677942257134,0.234251968503937));
#9255=CARTESIAN_POINT('Ctrl Pts',(0.0688896955179933,0.0716757693571968,
0.234251968503937));
#9256=CARTESIAN_POINT('Ctrl Pts',(0.0665560657580039,0.0771050304314583,
0.234251968503937));
#9257=CARTESIAN_POINT('Ctrl Pts',(0.0620793066265957,0.0818199150485795,
0.234251968503937));
#9258=CARTESIAN_POINT('Ctrl Pts',(0.0561261694837654,0.0838677942257134,
0.234251968503937));
#9259=CARTESIAN_POINT('Ctrl Pts',(0.0497920315637941,0.0838677942257134,
0.234251968503937));
#9260=CARTESIAN_POINT('',(0.0497920315637941,0.0838677942257134,0.226377952755906));
#9261=CARTESIAN_POINT('',(0.0497920315637941,0.0838677942257134,0.226377952755906));
#9262=CARTESIAN_POINT('Ctrl Pts',(0.0688896955179933,0.0716757693571968,
0.226377952755906));
#9263=CARTESIAN_POINT('Ctrl Pts',(0.0665560657580039,0.0771050304314583,
0.226377952755906));
#9264=CARTESIAN_POINT('Ctrl Pts',(0.0620793066265957,0.0818199150485795,
0.226377952755906));
#9265=CARTESIAN_POINT('Ctrl Pts',(0.0561261694837654,0.0838677942257134,
0.226377952755906));
#9266=CARTESIAN_POINT('Ctrl Pts',(0.0497920315637941,0.0838677942257134,
0.226377952755906));
#9267=CARTESIAN_POINT('Origin',(0.0497920315637941,0.0838677942257134,0.226377952755906));
#9268=CARTESIAN_POINT('',(0.0370285055295661,0.0838677942257134,0.234251968503937));
#9269=CARTESIAN_POINT('',(0.0497920315637941,0.0838677942257134,0.234251968503937));
#9270=CARTESIAN_POINT('',(0.0370285055295661,0.0838677942257134,0.226377952755906));
#9271=CARTESIAN_POINT('',(0.0370285055295661,0.0838677942257134,0.226377952755906));
#9272=CARTESIAN_POINT('',(0.0248960157818971,0.0838677942257134,0.226377952755906));
#9273=CARTESIAN_POINT('Origin',(0.0370285055295661,0.0838677942257134,0.226377952755906));
#9274=CARTESIAN_POINT('',(0.0370285055295661,0.0611982479858158,0.234251968503937));
#9275=CARTESIAN_POINT('',(0.0370285055295661,0.0838677942257134,0.234251968503937));
#9276=CARTESIAN_POINT('',(0.0370285055295661,0.0611982479858158,0.226377952755906));
#9277=CARTESIAN_POINT('',(0.0370285055295661,0.0611982479858158,0.226377952755906));
#9278=CARTESIAN_POINT('',(0.0370285055295661,0.0714614561679748,0.226377952755906));
#9279=CARTESIAN_POINT('Origin',(0.0370285055295661,0.0611982479858158,0.226377952755906));
#9280=CARTESIAN_POINT('',(0.0428387673809685,0.0611982479858158,0.234251968503937));
#9281=CARTESIAN_POINT('',(0.0370285055295661,0.0611982479858158,0.234251968503937));
#9282=CARTESIAN_POINT('',(0.0428387673809685,0.0611982479858158,0.226377952755906));
#9283=CARTESIAN_POINT('',(0.0428387673809685,0.0611982479858158,0.226377952755906));
#9284=CARTESIAN_POINT('',(0.0185142527647831,0.0611982479858158,0.226377952755906));
#9285=CARTESIAN_POINT('Ctrl Pts',(0.0535067891409201,0.0703898917343457,
0.226377952755906));
#9286=CARTESIAN_POINT('Ctrl Pts',(0.0535067891409201,0.0703898917343457,
0.235826771653544));
#9287=CARTESIAN_POINT('Ctrl Pts',(0.0535067891409201,0.0668180094486476,
0.226377952755906));
#9288=CARTESIAN_POINT('Ctrl Pts',(0.0535067891409201,0.0668180094486476,
0.235826771653544));
#9289=CARTESIAN_POINT('Ctrl Pts',(0.0514112848666437,0.0629603765800933,
0.226377952755906));
#9290=CARTESIAN_POINT('Ctrl Pts',(0.0514112848666437,0.0629603765800933,
0.235826771653544));
#9291=CARTESIAN_POINT('Ctrl Pts',(0.0474107767066618,0.0611982479858158,
0.226377952755906));
#9292=CARTESIAN_POINT('Ctrl Pts',(0.0474107767066618,0.0611982479858158,
0.235826771653544));
#9293=CARTESIAN_POINT('Ctrl Pts',(0.0428387673809685,0.0611982479858158,
0.226377952755906));
#9294=CARTESIAN_POINT('Ctrl Pts',(0.0428387673809685,0.0611982479858158,
0.235826771653544));
#9295=CARTESIAN_POINT('',(0.0535067891409201,0.0703898917343457,0.234251968503937));
#9296=CARTESIAN_POINT('Ctrl Pts',(0.0428387673809685,0.0611982479858158,
0.234251968503937));
#9297=CARTESIAN_POINT('Ctrl Pts',(0.0474107767066618,0.0611982479858158,
0.234251968503937));
#9298=CARTESIAN_POINT('Ctrl Pts',(0.0514112848666437,0.0629603765800933,
0.234251968503937));
#9299=CARTESIAN_POINT('Ctrl Pts',(0.0535067891409201,0.0668180094486476,
0.234251968503937));
#9300=CARTESIAN_POINT('Ctrl Pts',(0.0535067891409201,0.0703898917343457,
0.234251968503937));
#9301=CARTESIAN_POINT('',(0.0535067891409201,0.0703898917343457,0.226377952755906));
#9302=CARTESIAN_POINT('',(0.0535067891409201,0.0703898917343457,0.226377952755906));
#9303=CARTESIAN_POINT('Ctrl Pts',(0.0428387673809685,0.0611982479858158,
0.226377952755906));
#9304=CARTESIAN_POINT('Ctrl Pts',(0.0474107767066618,0.0611982479858158,
0.226377952755906));
#9305=CARTESIAN_POINT('Ctrl Pts',(0.0514112848666437,0.0629603765800933,
0.226377952755906));
#9306=CARTESIAN_POINT('Ctrl Pts',(0.0535067891409201,0.0668180094486476,
0.226377952755906));
#9307=CARTESIAN_POINT('Ctrl Pts',(0.0535067891409201,0.0703898917343457,
0.226377952755906));
#9308=CARTESIAN_POINT('Origin',(0.0535067891409201,0.0703898917343457,0.226377952755906));
#9309=CARTESIAN_POINT('',(0.0535067891409201,0.0719615199400528,0.234251968503937));
#9310=CARTESIAN_POINT('',(0.0535067891409201,0.0703898917343457,0.234251968503937));
#9311=CARTESIAN_POINT('',(0.0535067891409201,0.0719615199400528,0.226377952755906));
#9312=CARTESIAN_POINT('',(0.0535067891409201,0.0719615199400528,0.226377952755906));
#9313=CARTESIAN_POINT('',(0.0535067891409201,0.0647225049222909,0.226377952755906));
#9314=CARTESIAN_POINT('Origin',(0.0535067891409201,0.0719615199400528,0.226377952755906));
#9315=CARTESIAN_POINT('',(0.0576501725923299,0.0719615199400528,0.234251968503937));
#9316=CARTESIAN_POINT('',(0.0535067891409201,0.0719615199400528,0.234251968503937));
#9317=CARTESIAN_POINT('',(0.0576501725923299,0.0719615199400528,0.226377952755906));
#9318=CARTESIAN_POINT('',(0.0576501725923299,0.0719615199400528,0.226377952755906));
#9319=CARTESIAN_POINT('',(0.0267533945704602,0.0719615199400528,0.226377952755906));
#9320=CARTESIAN_POINT('Origin',(0.0576501725923299,0.0719615199400528,0.226377952755906));
#9321=CARTESIAN_POINT('',(0.0576501725923299,0.0460534670944555,0.234251968503937));
#9322=CARTESIAN_POINT('',(0.0576501725923299,0.0719615199400528,0.234251968503937));
#9323=CARTESIAN_POINT('',(0.0576501725923299,0.0460534670944555,0.226377952755906));
#9324=CARTESIAN_POINT('',(0.0576501725923299,0.0460534670944555,0.226377952755906));
#9325=CARTESIAN_POINT('',(0.0576501725923299,0.0655083190251445,0.226377952755906));
#9326=CARTESIAN_POINT('Origin',(0.0576501725923299,0.0460534670944555,0.226377952755906));
#9327=CARTESIAN_POINT('',(0.0535067891409201,0.0460534670944555,0.234251968503937));
#9328=CARTESIAN_POINT('',(0.0576501725923299,0.0460534670944555,0.234251968503937));
#9329=CARTESIAN_POINT('',(0.0535067891409201,0.0460534670944555,0.226377952755906));
#9330=CARTESIAN_POINT('',(0.0535067891409201,0.0460534670944555,0.226377952755906));
#9331=CARTESIAN_POINT('',(0.0288250862961651,0.0460534670944555,0.226377952755906));
#9332=CARTESIAN_POINT('Origin',(0.0535067891409201,0.0460534670944555,0.226377952755906));
#9333=CARTESIAN_POINT('',(0.0535067891409201,0.0483394717573024,0.234251968503937));
#9334=CARTESIAN_POINT('',(0.0535067891409201,0.0460534670944555,0.234251968503937));
#9335=CARTESIAN_POINT('',(0.0535067891409201,0.0483394717573024,0.226377952755906));
#9336=CARTESIAN_POINT('',(0.0535067891409201,0.0483394717573024,0.226377952755906));
#9337=CARTESIAN_POINT('',(0.0535067891409201,0.0525542926023461,0.226377952755906));
#9338=CARTESIAN_POINT('Ctrl Pts',(0.0434578936438228,0.0570548645344059,
0.226377952755906));
#9339=CARTESIAN_POINT('Ctrl Pts',(0.0434578936438228,0.0570548645344059,
0.235826771653544));
#9340=CARTESIAN_POINT('Ctrl Pts',(0.0479346527752311,0.0570548645344059,
0.226377952755906));
#9341=CARTESIAN_POINT('Ctrl Pts',(0.0479346527752311,0.0570548645344059,
0.235826771653544));
#9342=CARTESIAN_POINT('Ctrl Pts',(0.0514589099637866,0.0553879861344134,
0.226377952755906));
#9343=CARTESIAN_POINT('Ctrl Pts',(0.0514589099637866,0.0553879861344134,
0.235826771653544));
#9344=CARTESIAN_POINT('Ctrl Pts',(0.0535067891409201,0.0516732285572874,
0.226377952755906));
#9345=CARTESIAN_POINT('Ctrl Pts',(0.0535067891409201,0.0516732285572874,
0.235826771653544));
#9346=CARTESIAN_POINT('Ctrl Pts',(0.0535067891409201,0.0483394717573024,
0.226377952755906));
#9347=CARTESIAN_POINT('Ctrl Pts',(0.0535067891409201,0.0483394717573024,
0.235826771653544));
#9348=CARTESIAN_POINT('',(0.0434578936438228,0.0570548645344059,0.234251968503937));
#9349=CARTESIAN_POINT('Ctrl Pts',(0.0535067891409201,0.0483394717573024,
0.234251968503937));
#9350=CARTESIAN_POINT('Ctrl Pts',(0.0535067891409201,0.0516732285572874,
0.234251968503937));
#9351=CARTESIAN_POINT('Ctrl Pts',(0.0514589099637866,0.0553879861344134,
0.234251968503937));
#9352=CARTESIAN_POINT('Ctrl Pts',(0.0479346527752311,0.0570548645344059,
0.234251968503937));
#9353=CARTESIAN_POINT('Ctrl Pts',(0.0434578936438228,0.0570548645344059,
0.234251968503937));
#9354=CARTESIAN_POINT('',(0.0434578936438228,0.0570548645344059,0.226377952755906));
#9355=CARTESIAN_POINT('',(0.0434578936438228,0.0570548645344059,0.226377952755906));
#9356=CARTESIAN_POINT('Ctrl Pts',(0.0535067891409201,0.0483394717573024,
0.226377952755906));
#9357=CARTESIAN_POINT('Ctrl Pts',(0.0535067891409201,0.0516732285572874,
0.226377952755906));
#9358=CARTESIAN_POINT('Ctrl Pts',(0.0514589099637866,0.0553879861344134,
0.226377952755906));
#9359=CARTESIAN_POINT('Ctrl Pts',(0.0479346527752311,0.0570548645344059,
0.226377952755906));
#9360=CARTESIAN_POINT('Ctrl Pts',(0.0434578936438228,0.0570548645344059,
0.226377952755906));
#9361=CARTESIAN_POINT('Origin',(0.0434578936438228,0.0570548645344059,0.226377952755906));
#9362=CARTESIAN_POINT('',(0.0370285055295661,0.0570548645344059,0.234251968503937));
#9363=CARTESIAN_POINT('',(0.0434578936438228,0.0570548645344059,0.234251968503937));
#9364=CARTESIAN_POINT('',(0.0370285055295661,0.0570548645344059,0.226377952755906));
#9365=CARTESIAN_POINT('',(0.0370285055295661,0.0570548645344059,0.226377952755906));
#9366=CARTESIAN_POINT('',(0.0217289468219115,0.0570548645344059,0.226377952755906));
#9367=CARTESIAN_POINT('Origin',(0.0370285055295661,0.0570548645344059,0.226377952755906));
#9368=CARTESIAN_POINT('',(0.0370285055295661,0.0386715770373462,0.234251968503937));
#9369=CARTESIAN_POINT('',(0.0370285055295661,0.0570548645344059,0.234251968503937));
#9370=CARTESIAN_POINT('',(0.0370285055295661,0.0386715770373462,0.226377952755906));
#9371=CARTESIAN_POINT('',(0.0370285055295661,0.0386715770373462,0.226377952755906));
#9372=CARTESIAN_POINT('',(0.0370285055295661,0.0580549913223209,0.226377952755906));
#9373=CARTESIAN_POINT('Ctrl Pts',(0.0428387673809685,0.0330994406716572,
0.226377952755906));
#9374=CARTESIAN_POINT('Ctrl Pts',(0.0428387673809685,0.0330994406716572,
0.235826771653544));
#9375=CARTESIAN_POINT('Ctrl Pts',(0.0401717619409803,0.0330994406716572,
0.226377952755906));
#9376=CARTESIAN_POINT('Ctrl Pts',(0.0401717619409803,0.0330994406716572,
0.235826771653544));
#9377=CARTESIAN_POINT('Ctrl Pts',(0.0380762576667042,0.0341471928087953,
0.226377952755906));
#9378=CARTESIAN_POINT('Ctrl Pts',(0.0380762576667042,0.0341471928087953,
0.235826771653544));
#9379=CARTESIAN_POINT('Ctrl Pts',(0.0370285055295661,0.0361474468887863,
0.226377952755906));
#9380=CARTESIAN_POINT('Ctrl Pts',(0.0370285055295661,0.0361474468887863,
0.235826771653544));
#9381=CARTESIAN_POINT('Ctrl Pts',(0.0370285055295661,0.0386715770373462,
0.226377952755906));
#9382=CARTESIAN_POINT('Ctrl Pts',(0.0370285055295661,0.0386715770373462,
0.235826771653544));
#9383=CARTESIAN_POINT('',(0.0428387673809685,0.0330994406716572,0.234251968503937));
#9384=CARTESIAN_POINT('Ctrl Pts',(0.0370285055295661,0.0386715770373462,
0.234251968503937));
#9385=CARTESIAN_POINT('Ctrl Pts',(0.0370285055295661,0.0361474468887863,
0.234251968503937));
#9386=CARTESIAN_POINT('Ctrl Pts',(0.0380762576667042,0.0341471928087953,
0.234251968503937));
#9387=CARTESIAN_POINT('Ctrl Pts',(0.0401717619409803,0.0330994406716572,
0.234251968503937));
#9388=CARTESIAN_POINT('Ctrl Pts',(0.0428387673809685,0.0330994406716572,
0.234251968503937));
#9389=CARTESIAN_POINT('',(0.0428387673809685,0.0330994406716572,0.226377952755906));
#9390=CARTESIAN_POINT('',(0.0428387673809685,0.0330994406716572,0.226377952755906));
#9391=CARTESIAN_POINT('Ctrl Pts',(0.0370285055295661,0.0386715770373462,
0.226377952755906));
#9392=CARTESIAN_POINT('Ctrl Pts',(0.0370285055295661,0.0361474468887863,
0.226377952755906));
#9393=CARTESIAN_POINT('Ctrl Pts',(0.0380762576667042,0.0341471928087953,
0.226377952755906));
#9394=CARTESIAN_POINT('Ctrl Pts',(0.0401717619409803,0.0330994406716572,
0.226377952755906));
#9395=CARTESIAN_POINT('Ctrl Pts',(0.0428387673809685,0.0330994406716572,
0.226377952755906));
#9396=CARTESIAN_POINT('Origin',(0.0428387673809685,0.0330994406716572,0.226377952755906));
#9397=CARTESIAN_POINT('',(0.0444103955866756,0.0330994406716572,0.234251968503937));
#9398=CARTESIAN_POINT('',(0.0428387673809685,0.0330994406716572,0.234251968503937));
#9399=CARTESIAN_POINT('',(0.0444103955866756,0.0330994406716572,0.226377952755906));
#9400=CARTESIAN_POINT('',(0.0444103955866756,0.0330994406716572,0.226377952755906));
#9401=CARTESIAN_POINT('',(0.0214193836904843,0.0330994406716572,0.226377952755906));
#9402=CARTESIAN_POINT('Origin',(0.0444103955866756,0.0330994406716572,0.226377952755906));
#9403=CARTESIAN_POINT('',(0.0444103955866756,0.029527558385959,0.234251968503937));
#9404=CARTESIAN_POINT('',(0.0444103955866756,0.0330994406716572,0.234251968503937));
#9405=CARTESIAN_POINT('',(0.0444103955866756,0.029527558385959,0.226377952755906));
#9406=CARTESIAN_POINT('',(0.0444103955866756,0.029527558385959,0.226377952755906));
#9407=CARTESIAN_POINT('',(0.0444103955866756,0.0460772793909465,0.226377952755906));
#9408=CARTESIAN_POINT('Origin',(0.0444103955866756,0.029527558385959,0.226377952755906));
#9409=CARTESIAN_POINT('',(0.0219313497353486,0.029527558385959,0.234251968503937));
#9410=CARTESIAN_POINT('',(0.0444103955866756,0.029527558385959,0.234251968503937));
#9411=CARTESIAN_POINT('',(0.0219313497353486,0.029527558385959,0.226377952755906));
#9412=CARTESIAN_POINT('',(0.0219313497353486,0.029527558385959,0.226377952755906));
#9413=CARTESIAN_POINT('',(0.0222051977933379,0.029527558385959,0.226377952755906));
#9414=CARTESIAN_POINT('Origin',(0.0219313497353486,0.029527558385959,0.226377952755906));
#9415=CARTESIAN_POINT('',(0.0219313497353486,0.0330994406716572,0.234251968503937));
#9416=CARTESIAN_POINT('',(0.0219313497353486,0.029527558385959,0.234251968503937));
#9417=CARTESIAN_POINT('',(0.0219313497353486,0.0330994406716572,0.226377952755906));
#9418=CARTESIAN_POINT('',(0.0219313497353486,0.0330994406716572,0.226377952755906));
#9419=CARTESIAN_POINT('',(0.0219313497353486,0.0442913382480976,0.226377952755906));
#9420=CARTESIAN_POINT('Origin',(0.0219313497353486,0.0330994406716572,0.226377952755906));
#9421=CARTESIAN_POINT('',(0.0233601026496279,0.0330994406716572,0.234251968503937));
#9422=CARTESIAN_POINT('',(0.0219313497353486,0.0330994406716572,0.234251968503937));
#9423=CARTESIAN_POINT('',(0.0233601026496279,0.0330994406716572,0.226377952755906));
#9424=CARTESIAN_POINT('',(0.0233601026496279,0.0330994406716572,0.226377952755906));
#9425=CARTESIAN_POINT('',(0.0109656748676744,0.0330994406716572,0.226377952755906));
#9426=CARTESIAN_POINT('Ctrl Pts',(0.0291227394038875,0.03910020291163,0.226377952755906));
#9427=CARTESIAN_POINT('Ctrl Pts',(0.0291227394038876,0.03910020291163,0.235826771653544));
#9428=CARTESIAN_POINT('Ctrl Pts',(0.0291227394038876,0.0362903221802141,
0.226377952755906));
#9429=CARTESIAN_POINT('Ctrl Pts',(0.0291227394038876,0.0362903221802141,
0.235826771653544));
#9430=CARTESIAN_POINT('Ctrl Pts',(0.0281702374610347,0.0340995677116527,
0.226377952755906));
#9431=CARTESIAN_POINT('Ctrl Pts',(0.0281702374610348,0.0340995677116527,
0.235826771653544));
#9432=CARTESIAN_POINT('Ctrl Pts',(0.0260747331867585,0.0330994406716572,
0.226377952755906));
#9433=CARTESIAN_POINT('Ctrl Pts',(0.0260747331867585,0.0330994406716572,
0.235826771653544));
#9434=CARTESIAN_POINT('Ctrl Pts',(0.0233601026496279,0.0330994406716572,
0.226377952755906));
#9435=CARTESIAN_POINT('Ctrl Pts',(0.0233601026496279,0.0330994406716572,
0.235826771653544));
#9436=CARTESIAN_POINT('',(0.0291227394038876,0.03910020291163,0.234251968503937));
#9437=CARTESIAN_POINT('Ctrl Pts',(0.0233601026496279,0.0330994406716572,
0.234251968503937));
#9438=CARTESIAN_POINT('Ctrl Pts',(0.0260747331867585,0.0330994406716572,
0.234251968503937));
#9439=CARTESIAN_POINT('Ctrl Pts',(0.0281702374610347,0.0340995677116527,
0.234251968503937));
#9440=CARTESIAN_POINT('Ctrl Pts',(0.0291227394038876,0.0362903221802141,
0.234251968503937));
#9441=CARTESIAN_POINT('Ctrl Pts',(0.0291227394038876,0.03910020291163,0.234251968503937));
#9442=CARTESIAN_POINT('',(0.0291227394038875,0.03910020291163,0.226377952755906));
#9443=CARTESIAN_POINT('',(0.0291227394038875,0.03910020291163,0.226377952755906));
#9444=CARTESIAN_POINT('Ctrl Pts',(0.0233601026496279,0.0330994406716572,
0.226377952755906));
#9445=CARTESIAN_POINT('Ctrl Pts',(0.0260747331867585,0.0330994406716572,
0.226377952755906));
#9446=CARTESIAN_POINT('Ctrl Pts',(0.0281702374610347,0.0340995677116527,
0.226377952755906));
#9447=CARTESIAN_POINT('Ctrl Pts',(0.0291227394038876,0.0362903221802141,
0.226377952755906));
#9448=CARTESIAN_POINT('Ctrl Pts',(0.0291227394038875,0.03910020291163,0.226377952755906));
#9449=CARTESIAN_POINT('Origin',(0.0291227394038875,0.03910020291163,0.226377952755906));
#9450=CARTESIAN_POINT('',(0.0291227394038875,0.0792481598028772,0.234251968503937));
#9451=CARTESIAN_POINT('',(0.0291227394038876,0.03910020291163,0.234251968503937));
#9452=CARTESIAN_POINT('',(0.0291227394038875,0.0792481598028772,0.226377952755906));
#9453=CARTESIAN_POINT('',(0.0291227394038875,0.0792481598028772,0.226377952755906));
#9454=CARTESIAN_POINT('',(0.0291227394038875,0.0490776605109331,0.226377952755906));
#9455=CARTESIAN_POINT('Ctrl Pts',(0.0239316038153396,0.0850107965571366,
0.226377952755906));
#9456=CARTESIAN_POINT('Ctrl Pts',(0.0239316038153396,0.0850107965571366,
0.235826771653544));
#9457=CARTESIAN_POINT('Ctrl Pts',(0.026265233575329,0.0850107965571366,
0.226377952755906));
#9458=CARTESIAN_POINT('Ctrl Pts',(0.026265233575329,0.0850107965571366,
0.235826771653544));
#9459=CARTESIAN_POINT('Ctrl Pts',(0.0281702374610347,0.0840106695171409,
0.226377952755906));
#9460=CARTESIAN_POINT('Ctrl Pts',(0.0281702374610347,0.0840106695171409,
0.235826771653544));
#9461=CARTESIAN_POINT('Ctrl Pts',(0.0291227394038875,0.081915165242865,
0.226377952755906));
#9462=CARTESIAN_POINT('Ctrl Pts',(0.0291227394038875,0.081915165242865,
0.235826771653544));
#9463=CARTESIAN_POINT('Ctrl Pts',(0.0291227394038875,0.0792481598028772,
0.226377952755906));
#9464=CARTESIAN_POINT('Ctrl Pts',(0.0291227394038875,0.0792481598028772,
0.235826771653544));
#9465=CARTESIAN_POINT('',(0.0239316038153396,0.0850107965571366,0.234251968503937));
#9466=CARTESIAN_POINT('Ctrl Pts',(0.0291227394038875,0.0792481598028772,
0.234251968503937));
#9467=CARTESIAN_POINT('Ctrl Pts',(0.0291227394038875,0.081915165242865,
0.234251968503937));
#9468=CARTESIAN_POINT('Ctrl Pts',(0.0281702374610347,0.0840106695171409,
0.234251968503937));
#9469=CARTESIAN_POINT('Ctrl Pts',(0.026265233575329,0.0850107965571366,
0.234251968503937));
#9470=CARTESIAN_POINT('Ctrl Pts',(0.0239316038153396,0.0850107965571366,
0.234251968503937));
#9471=CARTESIAN_POINT('',(0.0239316038153396,0.0850107965571366,0.226377952755906));
#9472=CARTESIAN_POINT('',(0.0239316038153396,0.0850107965571366,0.226377952755906));
#9473=CARTESIAN_POINT('Ctrl Pts',(0.0291227394038875,0.0792481598028772,
0.226377952755906));
#9474=CARTESIAN_POINT('Ctrl Pts',(0.0291227394038875,0.081915165242865,
0.226377952755906));
#9475=CARTESIAN_POINT('Ctrl Pts',(0.0281702374610347,0.0840106695171409,
0.226377952755906));
#9476=CARTESIAN_POINT('Ctrl Pts',(0.026265233575329,0.0850107965571366,
0.226377952755906));
#9477=CARTESIAN_POINT('Ctrl Pts',(0.0239316038153396,0.0850107965571366,
0.226377952755906));
#9478=CARTESIAN_POINT('Origin',(0.0239316038153396,0.0850107965571366,0.226377952755906));
#9479=CARTESIAN_POINT('',(0.0219313497353486,0.0850107965571366,0.234251968503937));
#9480=CARTESIAN_POINT('',(0.0239316038153396,0.0850107965571366,0.234251968503937));
#9481=CARTESIAN_POINT('',(0.0219313497353486,0.0850107965571366,0.226377952755906));
#9482=CARTESIAN_POINT('',(0.0219313497353486,0.0850107965571366,0.226377952755906));
#9483=CARTESIAN_POINT('',(0.0119658019076699,0.0850107965571366,0.226377952755906));
#9484=CARTESIAN_POINT('Origin',(0.0219313497353486,0.0850107965571366,0.226377952755906));
#9485=CARTESIAN_POINT('',(0.0219313497353486,0.0885826788428346,0.234251968503937));
#9486=CARTESIAN_POINT('',(0.0219313497353486,0.0850107965571366,0.234251968503937));
#9487=CARTESIAN_POINT('',(0.0219313497353486,0.0885826788428346,0.226377952755906));
#9488=CARTESIAN_POINT('',(0.0219313497353486,0.0885826788428346,0.226377952755906));
#9489=CARTESIAN_POINT('',(0.0219313497353486,0.0720329573336862,0.226377952755906));
#9490=CARTESIAN_POINT('Origin',(0.0219313497353486,0.0885826788428346,0.226377952755906));
#9491=CARTESIAN_POINT('',(0.0219313497353486,0.0885826788428346,0.234251968503937));
#9492=CARTESIAN_POINT('',(0.0109656748676744,0.0885826788428346,0.226377952755906));
#9493=CARTESIAN_POINT('Origin',(0.043627849145511,0.0639842118543744,0.234251968503937));
#9494=CARTESIAN_POINT('Origin',(-0.0373142711100978,0.0885826788428346,
0.226377952755906));
#9495=CARTESIAN_POINT('',(-0.0373142711100977,0.0885826788428346,0.234251968503937));
#9496=CARTESIAN_POINT('',(-0.0373142711100977,0.0850107965571366,0.234251968503937));
#9497=CARTESIAN_POINT('',(-0.0373142711100977,0.0885826788428346,0.234251968503937));
#9498=CARTESIAN_POINT('',(-0.0373142711100978,0.0850107965571366,0.226377952755906));
#9499=CARTESIAN_POINT('',(-0.0373142711100978,0.0850107965571366,0.226377952755906));
#9500=CARTESIAN_POINT('',(-0.0373142711100978,0.0885826788428346,0.226377952755906));
#9501=CARTESIAN_POINT('',(-0.0373142711100977,0.0738188984765354,0.226377952755906));
#9502=CARTESIAN_POINT('',(-0.0373142711100978,0.0885826788428346,0.226377952755906));
#9503=CARTESIAN_POINT('Origin',(-0.0373142711100978,0.0850107965571366,
0.226377952755906));
#9504=CARTESIAN_POINT('',(-0.039409775384374,0.0850107965571366,0.234251968503937));
#9505=CARTESIAN_POINT('',(-0.0373142711100977,0.0850107965571366,0.234251968503937));
#9506=CARTESIAN_POINT('',(-0.039409775384374,0.0850107965571366,0.226377952755906));
#9507=CARTESIAN_POINT('',(-0.039409775384374,0.0850107965571366,0.226377952755906));
#9508=CARTESIAN_POINT('',(-0.0186571355550488,0.0850107965571366,0.226377952755906));
#9509=CARTESIAN_POINT('Ctrl Pts',(-0.044839036458635,0.0800101613571591,
0.226377952755906));
#9510=CARTESIAN_POINT('Ctrl Pts',(-0.044839036458635,0.0800101613571591,
0.235826771653544));
#9511=CARTESIAN_POINT('Ctrl Pts',(-0.044839036458635,0.0822961660200059,
0.226377952755906));
#9512=CARTESIAN_POINT('Ctrl Pts',(-0.044839036458635,0.0822961660200059,
0.235826771653544));
#9513=CARTESIAN_POINT('Ctrl Pts',(-0.0438865345157823,0.0840582946142839,
0.226377952755906));
#9514=CARTESIAN_POINT('Ctrl Pts',(-0.0438865345157823,0.0840582946142839,
0.235826771653544));
#9515=CARTESIAN_POINT('Ctrl Pts',(-0.0418862804357913,0.0850107965571366,
0.226377952755906));
#9516=CARTESIAN_POINT('Ctrl Pts',(-0.0418862804357913,0.0850107965571366,
0.235826771653544));
#9517=CARTESIAN_POINT('Ctrl Pts',(-0.039409775384374,0.0850107965571366,
0.226377952755906));
#9518=CARTESIAN_POINT('Ctrl Pts',(-0.039409775384374,0.0850107965571366,
0.235826771653544));
#9519=CARTESIAN_POINT('',(-0.044839036458635,0.0800101613571591,0.234251968503937));
#9520=CARTESIAN_POINT('Ctrl Pts',(-0.039409775384374,0.0850107965571366,
0.234251968503937));
#9521=CARTESIAN_POINT('Ctrl Pts',(-0.0418862804357913,0.0850107965571366,
0.234251968503937));
#9522=CARTESIAN_POINT('Ctrl Pts',(-0.0438865345157823,0.0840582946142839,
0.234251968503937));
#9523=CARTESIAN_POINT('Ctrl Pts',(-0.044839036458635,0.0822961660200059,
0.234251968503937));
#9524=CARTESIAN_POINT('Ctrl Pts',(-0.044839036458635,0.0800101613571591,
0.234251968503937));
#9525=CARTESIAN_POINT('',(-0.044839036458635,0.0800101613571591,0.226377952755906));
#9526=CARTESIAN_POINT('',(-0.044839036458635,0.0800101613571591,0.226377952755906));
#9527=CARTESIAN_POINT('Ctrl Pts',(-0.039409775384374,0.0850107965571366,
0.226377952755906));
#9528=CARTESIAN_POINT('Ctrl Pts',(-0.0418862804357913,0.0850107965571366,
0.226377952755906));
#9529=CARTESIAN_POINT('Ctrl Pts',(-0.0438865345157823,0.0840582946142839,
0.226377952755906));
#9530=CARTESIAN_POINT('Ctrl Pts',(-0.044839036458635,0.0822961660200059,
0.226377952755906));
#9531=CARTESIAN_POINT('Ctrl Pts',(-0.044839036458635,0.0800101613571591,
0.226377952755906));
#9532=CARTESIAN_POINT('Origin',(-0.044839036458635,0.0800101613571591,0.226377952755906));
#9533=CARTESIAN_POINT('',(-0.044839036458635,0.0388144523287742,0.234251968503937));
#9534=CARTESIAN_POINT('',(-0.044839036458635,0.0800101613571591,0.234251968503937));
#9535=CARTESIAN_POINT('',(-0.044839036458635,0.0388144523287742,0.226377952755906));
#9536=CARTESIAN_POINT('',(-0.044839036458635,0.0388144523287742,0.226377952755906));
#9537=CARTESIAN_POINT('',(-0.044839036458635,0.0695326397336976,0.226377952755906));
#9538=CARTESIAN_POINT('Ctrl Pts',(-0.0446485360700646,0.0353854453345039,
0.226377952755906));
#9539=CARTESIAN_POINT('Ctrl Pts',(-0.0446485360700646,0.0353854453345039,
0.235826771653544));
#9540=CARTESIAN_POINT('Ctrl Pts',(-0.044839036458635,0.0359569465002157,
0.226377952755906));
#9541=CARTESIAN_POINT('Ctrl Pts',(-0.044839036458635,0.0359569465002157,
0.235826771653544));
#9542=CARTESIAN_POINT('Ctrl Pts',(-0.044839036458635,0.0388144523287742,
0.226377952755906));
#9543=CARTESIAN_POINT('Ctrl Pts',(-0.044839036458635,0.0388144523287742,
0.235826771653544));
#9544=CARTESIAN_POINT('',(-0.0446485360700646,0.0353854453345039,0.234251968503937));
#9545=CARTESIAN_POINT('Ctrl Pts',(-0.044839036458635,0.0388144523287742,
0.234251968503937));
#9546=CARTESIAN_POINT('Ctrl Pts',(-0.044839036458635,0.0359569465002157,
0.234251968503937));
#9547=CARTESIAN_POINT('Ctrl Pts',(-0.0446485360700646,0.0353854453345039,
0.234251968503937));
#9548=CARTESIAN_POINT('',(-0.0446485360700646,0.0353854453345039,0.226377952755906));
#9549=CARTESIAN_POINT('',(-0.0446485360700646,0.0353854453345039,0.226377952755906));
#9550=CARTESIAN_POINT('Ctrl Pts',(-0.044839036458635,0.0388144523287742,
0.226377952755906));
#9551=CARTESIAN_POINT('Ctrl Pts',(-0.044839036458635,0.0359569465002157,
0.226377952755906));
#9552=CARTESIAN_POINT('Ctrl Pts',(-0.0446485360700646,0.0353854453345039,
0.226377952755906));
#9553=CARTESIAN_POINT('Ctrl Pts',(-0.0435055337386413,0.0342900681002232,
0.226377952755906));
#9554=CARTESIAN_POINT('Ctrl Pts',(-0.0435055337386413,0.0342900681002232,
0.235826771653544));
#9555=CARTESIAN_POINT('Ctrl Pts',(-0.0443627854872087,0.0346234437802217,
0.226377952755906));
#9556=CARTESIAN_POINT('Ctrl Pts',(-0.0443627854872087,0.0346234437802217,
0.235826771653544));
#9557=CARTESIAN_POINT('Ctrl Pts',(-0.0446485360700646,0.0353854453345039,
0.226377952755906));
#9558=CARTESIAN_POINT('Ctrl Pts',(-0.0446485360700646,0.0353854453345039,
0.235826771653544));
#9559=CARTESIAN_POINT('',(-0.0435055337386413,0.0342900681002232,0.234251968503937));
#9560=CARTESIAN_POINT('Ctrl Pts',(-0.0446485360700646,0.0353854453345039,
0.234251968503937));
#9561=CARTESIAN_POINT('Ctrl Pts',(-0.0443627854872087,0.0346234437802217,
0.234251968503937));
#9562=CARTESIAN_POINT('Ctrl Pts',(-0.0435055337386413,0.0342900681002232,
0.234251968503937));
#9563=CARTESIAN_POINT('',(-0.0435055337386413,0.0342900681002232,0.226377952755906));
#9564=CARTESIAN_POINT('',(-0.0435055337386413,0.0342900681002232,0.226377952755906));
#9565=CARTESIAN_POINT('Ctrl Pts',(-0.0446485360700646,0.0353854453345039,
0.226377952755906));
#9566=CARTESIAN_POINT('Ctrl Pts',(-0.0443627854872087,0.0346234437802217,
0.226377952755906));
#9567=CARTESIAN_POINT('Ctrl Pts',(-0.0435055337386413,0.0342900681002232,
0.226377952755906));
#9568=CARTESIAN_POINT('Ctrl Pts',(-0.0400765267443709,0.03405194261451,
0.226377952755906));
#9569=CARTESIAN_POINT('Ctrl Pts',(-0.0400765267443709,0.03405194261451,
0.235826771653544));
#9570=CARTESIAN_POINT('Ctrl Pts',(-0.0429340325729295,0.03405194261451,
0.226377952755906));
#9571=CARTESIAN_POINT('Ctrl Pts',(-0.0429340325729295,0.03405194261451,
0.235826771653544));
#9572=CARTESIAN_POINT('Ctrl Pts',(-0.0435055337386413,0.0342900681002232,
0.226377952755906));
#9573=CARTESIAN_POINT('Ctrl Pts',(-0.0435055337386413,0.0342900681002232,
0.235826771653544));
#9574=CARTESIAN_POINT('',(-0.0400765267443709,0.03405194261451,0.234251968503937));
#9575=CARTESIAN_POINT('Ctrl Pts',(-0.0435055337386413,0.0342900681002232,
0.234251968503937));
#9576=CARTESIAN_POINT('Ctrl Pts',(-0.0429340325729295,0.03405194261451,
0.234251968503937));
#9577=CARTESIAN_POINT('Ctrl Pts',(-0.0400765267443709,0.03405194261451,
0.234251968503937));
#9578=CARTESIAN_POINT('',(-0.0400765267443709,0.03405194261451,0.226377952755906));
#9579=CARTESIAN_POINT('',(-0.0400765267443709,0.03405194261451,0.226377952755906));
#9580=CARTESIAN_POINT('Ctrl Pts',(-0.0435055337386413,0.0342900681002232,
0.226377952755906));
#9581=CARTESIAN_POINT('Ctrl Pts',(-0.0429340325729295,0.03405194261451,
0.226377952755906));
#9582=CARTESIAN_POINT('Ctrl Pts',(-0.0400765267443709,0.03405194261451,
0.226377952755906));
#9583=CARTESIAN_POINT('Origin',(-0.0400765267443709,0.03405194261451,0.226377952755906));
#9584=CARTESIAN_POINT('',(-0.0369332703329566,0.03405194261451,0.234251968503937));
#9585=CARTESIAN_POINT('',(-0.0400765267443709,0.03405194261451,0.234251968503937));
#9586=CARTESIAN_POINT('',(-0.0369332703329566,0.03405194261451,0.226377952755906));
#9587=CARTESIAN_POINT('',(-0.0369332703329566,0.03405194261451,0.226377952755906));
#9588=CARTESIAN_POINT('',(-0.0200382633721854,0.03405194261451,0.226377952755906));
#9589=CARTESIAN_POINT('Ctrl Pts',(-0.0148828503559135,0.0492919737001551,
0.226377952755906));
#9590=CARTESIAN_POINT('Ctrl Pts',(-0.0148828503559135,0.0492919737001551,
0.235826771653544));
#9591=CARTESIAN_POINT('Ctrl Pts',(-0.017597480893044,0.0432912114601823,
0.226377952755906));
#9592=CARTESIAN_POINT('Ctrl Pts',(-0.017597480893044,0.0432912114601823,
0.235826771653544));
#9593=CARTESIAN_POINT('Ctrl Pts',(-0.0234077427444463,0.037242824123067,
0.226377952755906));
#9594=CARTESIAN_POINT('Ctrl Pts',(-0.0234077427444463,0.037242824123067,
0.235826771653544));
#9595=CARTESIAN_POINT('Ctrl Pts',(-0.0314563841615528,0.03405194261451,
0.226377952755906));
#9596=CARTESIAN_POINT('Ctrl Pts',(-0.0314563841615528,0.03405194261451,
0.235826771653544));
#9597=CARTESIAN_POINT('Ctrl Pts',(-0.0369332703329566,0.03405194261451,
0.226377952755906));
#9598=CARTESIAN_POINT('Ctrl Pts',(-0.0369332703329566,0.03405194261451,
0.235826771653544));
#9599=CARTESIAN_POINT('',(-0.0148828503559135,0.0492919737001551,0.234251968503937));
#9600=CARTESIAN_POINT('Ctrl Pts',(-0.0369332703329566,0.03405194261451,
0.234251968503937));
#9601=CARTESIAN_POINT('Ctrl Pts',(-0.0314563841615528,0.03405194261451,
0.234251968503937));
#9602=CARTESIAN_POINT('Ctrl Pts',(-0.0234077427444463,0.037242824123067,
0.234251968503937));
#9603=CARTESIAN_POINT('Ctrl Pts',(-0.017597480893044,0.0432912114601823,
0.234251968503937));
#9604=CARTESIAN_POINT('Ctrl Pts',(-0.0148828503559135,0.0492919737001551,
0.234251968503937));
#9605=CARTESIAN_POINT('',(-0.0148828503559135,0.0492919737001551,0.226377952755906));
#9606=CARTESIAN_POINT('',(-0.0148828503559135,0.0492919737001551,0.226377952755906));
#9607=CARTESIAN_POINT('Ctrl Pts',(-0.0369332703329566,0.03405194261451,
0.226377952755906));
#9608=CARTESIAN_POINT('Ctrl Pts',(-0.0314563841615528,0.03405194261451,
0.226377952755906));
#9609=CARTESIAN_POINT('Ctrl Pts',(-0.0234077427444463,0.037242824123067,
0.226377952755906));
#9610=CARTESIAN_POINT('Ctrl Pts',(-0.017597480893044,0.0432912114601823,
0.226377952755906));
#9611=CARTESIAN_POINT('Ctrl Pts',(-0.0148828503559135,0.0492919737001551,
0.226377952755906));
#9612=CARTESIAN_POINT('Origin',(-0.0148828503559135,0.0492919737001551,
0.226377952755906));
#9613=CARTESIAN_POINT('',(-0.0111204676816448,0.0480060960773039,0.234251968503937));
#9614=CARTESIAN_POINT('',(-0.0148828503559135,0.0492919737001551,0.234251968503937));
#9615=CARTESIAN_POINT('',(-0.0111204676816448,0.0480060960773039,0.226377952755906));
#9616=CARTESIAN_POINT('',(-0.0111204676816448,0.0480060960773039,0.226377952755906));
#9617=CARTESIAN_POINT('',(-0.00971361921928827,0.0475252744509291,0.226377952755906));
#9618=CARTESIAN_POINT('Origin',(-0.0111204676816448,0.0480060960773039,
0.226377952755906));
#9619=CARTESIAN_POINT('',(-0.017740356184472,0.029527558385959,0.234251968503937));
#9620=CARTESIAN_POINT('',(-0.0111204676816448,0.0480060960773039,0.234251968503937));
#9621=CARTESIAN_POINT('',(-0.017740356184472,0.029527558385959,0.226377952755906));
#9622=CARTESIAN_POINT('',(-0.017740356184472,0.029527558385959,0.226377952755906));
#9623=CARTESIAN_POINT('',(-0.00873400074508583,0.0546676009074106,0.226377952755906));
#9624=CARTESIAN_POINT('Origin',(-0.017740356184472,0.029527558385959,0.226377952755906));
#9625=CARTESIAN_POINT('',(-0.0601743177385657,0.029527558385959,0.234251968503937));
#9626=CARTESIAN_POINT('',(-0.017740356184472,0.029527558385959,0.234251968503937));
#9627=CARTESIAN_POINT('',(-0.0601743177385657,0.029527558385959,0.226377952755906));
#9628=CARTESIAN_POINT('',(-0.0601743177385657,0.029527558385959,0.226377952755906));
#9629=CARTESIAN_POINT('',(-0.00887017809223587,0.029527558385959,0.226377952755906));
#9630=CARTESIAN_POINT('Origin',(-0.0601743177385657,0.029527558385959,0.226377952755906));
#9631=CARTESIAN_POINT('',(-0.0601743177385657,0.0330994406716571,0.234251968503937));
#9632=CARTESIAN_POINT('',(-0.0601743177385657,0.029527558385959,0.234251968503937));
#9633=CARTESIAN_POINT('',(-0.0601743177385657,0.0330994406716571,0.226377952755906));
#9634=CARTESIAN_POINT('',(-0.0601743177385657,0.0330994406716571,0.226377952755906));
#9635=CARTESIAN_POINT('',(-0.0601743177385657,0.0442913382480976,0.226377952755906));
#9636=CARTESIAN_POINT('Origin',(-0.0601743177385657,0.0330994406716571,
0.226377952755906));
#9637=CARTESIAN_POINT('',(-0.0583169389500028,0.0330994406716571,0.234251968503937));
#9638=CARTESIAN_POINT('',(-0.0601743177385657,0.0330994406716571,0.234251968503937));
#9639=CARTESIAN_POINT('',(-0.0583169389500028,0.0330994406716571,0.226377952755906));
#9640=CARTESIAN_POINT('',(-0.0583169389500028,0.0330994406716571,0.226377952755906));
#9641=CARTESIAN_POINT('',(-0.0300871588692828,0.0330994406716572,0.226377952755906));
#9642=CARTESIAN_POINT('Ctrl Pts',(-0.0527448025843138,0.0388144523287742,
0.226377952755906));
#9643=CARTESIAN_POINT('Ctrl Pts',(-0.0527448025843138,0.0388144523287742,
0.235826771653544));
#9644=CARTESIAN_POINT('Ctrl Pts',(-0.0527448025843138,0.0361950719859288,
0.226377952755906));
#9645=CARTESIAN_POINT('Ctrl Pts',(-0.0527448025843138,0.0361950719859288,
0.235826771653544));
#9646=CARTESIAN_POINT('Ctrl Pts',(-0.0537449296243091,0.03405194261451,
0.226377952755906));
#9647=CARTESIAN_POINT('Ctrl Pts',(-0.0537449296243091,0.03405194261451,
0.235826771653544));
#9648=CARTESIAN_POINT('Ctrl Pts',(-0.055602308412872,0.0330994406716571,
0.226377952755906));
#9649=CARTESIAN_POINT('Ctrl Pts',(-0.055602308412872,0.0330994406716571,
0.235826771653544));
#9650=CARTESIAN_POINT('Ctrl Pts',(-0.0583169389500028,0.0330994406716571,
0.226377952755906));
#9651=CARTESIAN_POINT('Ctrl Pts',(-0.0583169389500028,0.0330994406716571,
0.235826771653544));
#9652=CARTESIAN_POINT('',(-0.0527448025843138,0.0388144523287742,0.234251968503937));
#9653=CARTESIAN_POINT('Ctrl Pts',(-0.0583169389500028,0.0330994406716571,
0.234251968503937));
#9654=CARTESIAN_POINT('Ctrl Pts',(-0.055602308412872,0.0330994406716571,
0.234251968503937));
#9655=CARTESIAN_POINT('Ctrl Pts',(-0.0537449296243091,0.03405194261451,
0.234251968503937));
#9656=CARTESIAN_POINT('Ctrl Pts',(-0.0527448025843138,0.0361950719859288,
0.234251968503937));
#9657=CARTESIAN_POINT('Ctrl Pts',(-0.0527448025843138,0.0388144523287742,
0.234251968503937));
#9658=CARTESIAN_POINT('',(-0.0527448025843138,0.0388144523287742,0.226377952755906));
#9659=CARTESIAN_POINT('',(-0.0527448025843138,0.0388144523287742,0.226377952755906));
#9660=CARTESIAN_POINT('Ctrl Pts',(-0.0583169389500028,0.0330994406716571,
0.226377952755906));
#9661=CARTESIAN_POINT('Ctrl Pts',(-0.055602308412872,0.0330994406716571,
0.226377952755906));
#9662=CARTESIAN_POINT('Ctrl Pts',(-0.0537449296243091,0.03405194261451,
0.226377952755906));
#9663=CARTESIAN_POINT('Ctrl Pts',(-0.0527448025843138,0.0361950719859288,
0.226377952755906));
#9664=CARTESIAN_POINT('Ctrl Pts',(-0.0527448025843138,0.0388144523287742,
0.226377952755906));
#9665=CARTESIAN_POINT('Origin',(-0.0527448025843138,0.0388144523287742,
0.226377952755906));
#9666=CARTESIAN_POINT('',(-0.0527448025843138,0.0789624092200212,0.234251968503937));
#9667=CARTESIAN_POINT('',(-0.0527448025843138,0.0388144523287742,0.234251968503937));
#9668=CARTESIAN_POINT('',(-0.0527448025843138,0.0789624092200212,0.226377952755906));
#9669=CARTESIAN_POINT('',(-0.0527448025843138,0.0789624092200212,0.226377952755906));
#9670=CARTESIAN_POINT('',(-0.0527448025843138,0.0489347852195051,0.226377952755906));
#9671=CARTESIAN_POINT('Ctrl Pts',(-0.0583169389500028,0.0850107965571366,
0.226377952755906));
#9672=CARTESIAN_POINT('Ctrl Pts',(-0.0583169389500028,0.0850107965571366,
0.235826771653544));
#9673=CARTESIAN_POINT('Ctrl Pts',(-0.0554594331214441,0.0850107965571366,
0.226377952755906));
#9674=CARTESIAN_POINT('Ctrl Pts',(-0.0554594331214441,0.0850107965571366,
0.235826771653544));
#9675=CARTESIAN_POINT('Ctrl Pts',(-0.053649679430024,0.0841059197114264,
0.226377952755906));
#9676=CARTESIAN_POINT('Ctrl Pts',(-0.053649679430024,0.0841059197114264,
0.235826771653544));
#9677=CARTESIAN_POINT('Ctrl Pts',(-0.0527448025843138,0.0820104154371504,
0.226377952755906));
#9678=CARTESIAN_POINT('Ctrl Pts',(-0.0527448025843138,0.0820104154371504,
0.235826771653544));
#9679=CARTESIAN_POINT('Ctrl Pts',(-0.0527448025843138,0.0789624092200212,
0.226377952755906));
#9680=CARTESIAN_POINT('Ctrl Pts',(-0.0527448025843138,0.0789624092200212,
0.235826771653544));
#9681=CARTESIAN_POINT('',(-0.0583169389500028,0.0850107965571366,0.234251968503937));
#9682=CARTESIAN_POINT('Ctrl Pts',(-0.0527448025843138,0.0789624092200212,
0.234251968503937));
#9683=CARTESIAN_POINT('Ctrl Pts',(-0.0527448025843138,0.0820104154371504,
0.234251968503937));
#9684=CARTESIAN_POINT('Ctrl Pts',(-0.053649679430024,0.0841059197114264,
0.234251968503937));
#9685=CARTESIAN_POINT('Ctrl Pts',(-0.0554594331214441,0.0850107965571366,
0.234251968503937));
#9686=CARTESIAN_POINT('Ctrl Pts',(-0.0583169389500028,0.0850107965571366,
0.234251968503937));
#9687=CARTESIAN_POINT('',(-0.0583169389500028,0.0850107965571366,0.226377952755906));
#9688=CARTESIAN_POINT('',(-0.0583169389500028,0.0850107965571366,0.226377952755906));
#9689=CARTESIAN_POINT('Ctrl Pts',(-0.0527448025843138,0.0789624092200212,
0.226377952755906));
#9690=CARTESIAN_POINT('Ctrl Pts',(-0.0527448025843138,0.0820104154371504,
0.226377952755906));
#9691=CARTESIAN_POINT('Ctrl Pts',(-0.053649679430024,0.0841059197114264,
0.226377952755906));
#9692=CARTESIAN_POINT('Ctrl Pts',(-0.0554594331214441,0.0850107965571366,
0.226377952755906));
#9693=CARTESIAN_POINT('Ctrl Pts',(-0.0583169389500028,0.0850107965571366,
0.226377952755906));
#9694=CARTESIAN_POINT('Origin',(-0.0583169389500028,0.0850107965571366,
0.226377952755906));
#9695=CARTESIAN_POINT('',(-0.0601743177385657,0.0850107965571366,0.234251968503937));
#9696=CARTESIAN_POINT('',(-0.0583169389500028,0.0850107965571366,0.234251968503937));
#9697=CARTESIAN_POINT('',(-0.0601743177385657,0.0850107965571366,0.226377952755906));
#9698=CARTESIAN_POINT('',(-0.0601743177385657,0.0850107965571366,0.226377952755906));
#9699=CARTESIAN_POINT('',(-0.0291584694750013,0.0850107965571366,0.226377952755906));
#9700=CARTESIAN_POINT('Origin',(-0.0601743177385657,0.0850107965571366,
0.226377952755906));
#9701=CARTESIAN_POINT('',(-0.0601743177385657,0.0885826788428346,0.234251968503937));
#9702=CARTESIAN_POINT('',(-0.0601743177385657,0.0850107965571366,0.234251968503937));
#9703=CARTESIAN_POINT('',(-0.0601743177385657,0.0885826788428346,0.226377952755906));
#9704=CARTESIAN_POINT('',(-0.0601743177385657,0.0885826788428346,0.226377952755906));
#9705=CARTESIAN_POINT('',(-0.0601743177385657,0.0720329573336862,0.226377952755906));
#9706=CARTESIAN_POINT('Origin',(-0.0601743177385657,0.0885826788428346,
0.226377952755906));
#9707=CARTESIAN_POINT('',(-0.0601743177385657,0.0885826788428346,0.234251968503937));
#9708=CARTESIAN_POINT('',(-0.0300871588692828,0.0885826788428346,0.226377952755906));
#9709=CARTESIAN_POINT('Origin',(-0.0413838789829657,0.0532456461036508,
0.234251968503937));
#9710=CARTESIAN_POINT('Origin',(-0.0740808461042173,0.0885826788428346,
0.226377952755906));
#9711=CARTESIAN_POINT('',(-0.0740808461042173,0.0885826788428346,0.234251968503937));
#9712=CARTESIAN_POINT('',(-0.0686992101270988,0.0689135137229236,0.234251968503937));
#9713=CARTESIAN_POINT('',(-0.0740808461042173,0.0885826788428346,0.234251968503937));
#9714=CARTESIAN_POINT('',(-0.0686992101270988,0.0689135137229236,0.226377952755906));
#9715=CARTESIAN_POINT('',(-0.0686992101270988,0.0689135137229236,0.226377952755906));
#9716=CARTESIAN_POINT('',(-0.0740808461042173,0.0885826788428346,0.226377952755906));
#9717=CARTESIAN_POINT('',(-0.0677429345535992,0.0654184534410185,0.226377952755906));
#9718=CARTESIAN_POINT('',(-0.0740808461042173,0.0885826788428346,0.226377952755906));
#9719=CARTESIAN_POINT('Origin',(-0.0686992101270988,0.0689135137229236,
0.226377952755906));
#9720=CARTESIAN_POINT('',(-0.0726520931899378,0.0678181364886429,0.234251968503937));
#9721=CARTESIAN_POINT('',(-0.0686992101270988,0.0689135137229236,0.234251968503937));
#9722=CARTESIAN_POINT('',(-0.0726520931899378,0.0678181364886429,0.226377952755906));
#9723=CARTESIAN_POINT('',(-0.0726520931899378,0.0678181364886429,0.226377952755906));
#9724=CARTESIAN_POINT('',(-0.0380676934554242,0.0774017653307374,0.226377952755906));
#9725=CARTESIAN_POINT('Ctrl Pts',(-0.0774622280013449,0.0769621551400303,
0.226377952755906));
#9726=CARTESIAN_POINT('Ctrl Pts',(-0.0774622280013449,0.0769621551400303,
0.235826771653544));
#9727=CARTESIAN_POINT('Ctrl Pts',(-0.0758429746984949,0.0746285253800405,
0.226377952755906));
#9728=CARTESIAN_POINT('Ctrl Pts',(-0.0758429746984949,0.0746285253800405,
0.235826771653544));
#9729=CARTESIAN_POINT('Ctrl Pts',(-0.0726520931899378,0.0678181364886429,
0.226377952755906));
#9730=CARTESIAN_POINT('Ctrl Pts',(-0.0726520931899378,0.0678181364886429,
0.235826771653544));
#9731=CARTESIAN_POINT('',(-0.0774622280013449,0.0769621551400303,0.234251968503937));
#9732=CARTESIAN_POINT('Ctrl Pts',(-0.0726520931899378,0.0678181364886429,
0.234251968503937));
#9733=CARTESIAN_POINT('Ctrl Pts',(-0.0758429746984949,0.0746285253800405,
0.234251968503937));
#9734=CARTESIAN_POINT('Ctrl Pts',(-0.0774622280013449,0.0769621551400303,
0.234251968503937));
#9735=CARTESIAN_POINT('',(-0.0774622280013449,0.0769621551400303,0.226377952755906));
#9736=CARTESIAN_POINT('',(-0.0774622280013449,0.0769621551400303,0.226377952755906));
#9737=CARTESIAN_POINT('Ctrl Pts',(-0.0726520931899378,0.0678181364886429,
0.226377952755906));
#9738=CARTESIAN_POINT('Ctrl Pts',(-0.0758429746984949,0.0746285253800405,
0.226377952755906));
#9739=CARTESIAN_POINT('Ctrl Pts',(-0.0774622280013449,0.0769621551400303,
0.226377952755906));
#9740=CARTESIAN_POINT('Ctrl Pts',(-0.093130884961274,0.085106046751422,
0.226377952755906));
#9741=CARTESIAN_POINT('Ctrl Pts',(-0.093130884961274,0.085106046751422,
0.235826771653544));
#9742=CARTESIAN_POINT('Ctrl Pts',(-0.0882731250527244,0.085106046751422,
0.226377952755906));
#9743=CARTESIAN_POINT('Ctrl Pts',(-0.0882731250527244,0.085106046751422,
0.235826771653544));
#9744=CARTESIAN_POINT('Ctrl Pts',(-0.0801768585384752,0.0807245378142988,
0.226377952755906));
#9745=CARTESIAN_POINT('Ctrl Pts',(-0.0801768585384752,0.0807245378142988,
0.235826771653544));
#9746=CARTESIAN_POINT('Ctrl Pts',(-0.0774622280013449,0.0769621551400303,
0.226377952755906));
#9747=CARTESIAN_POINT('Ctrl Pts',(-0.0774622280013449,0.0769621551400303,
0.235826771653544));
#9748=CARTESIAN_POINT('',(-0.093130884961274,0.085106046751422,0.234251968503937));
#9749=CARTESIAN_POINT('Ctrl Pts',(-0.0774622280013449,0.0769621551400303,
0.234251968503937));
#9750=CARTESIAN_POINT('Ctrl Pts',(-0.0801768585384752,0.0807245378142988,
0.234251968503937));
#9751=CARTESIAN_POINT('Ctrl Pts',(-0.0882731250527244,0.085106046751422,
0.234251968503937));
#9752=CARTESIAN_POINT('Ctrl Pts',(-0.093130884961274,0.085106046751422,
0.234251968503937));
#9753=CARTESIAN_POINT('',(-0.093130884961274,0.085106046751422,0.226377952755906));
#9754=CARTESIAN_POINT('',(-0.093130884961274,0.085106046751422,0.226377952755906));
#9755=CARTESIAN_POINT('Ctrl Pts',(-0.0774622280013449,0.0769621551400303,
0.226377952755906));
#9756=CARTESIAN_POINT('Ctrl Pts',(-0.0801768585384752,0.0807245378142988,
0.226377952755906));
#9757=CARTESIAN_POINT('Ctrl Pts',(-0.0882731250527244,0.085106046751422,
0.226377952755906));
#9758=CARTESIAN_POINT('Ctrl Pts',(-0.093130884961274,0.085106046751422,
0.226377952755906));
#9759=CARTESIAN_POINT('Ctrl Pts',(-0.114419303384035,0.0596742448772512,
0.226377952755906));
#9760=CARTESIAN_POINT('Ctrl Pts',(-0.114419303384035,0.0596742448772512,
0.235826771653544));
#9761=CARTESIAN_POINT('Ctrl Pts',(-0.114419303384035,0.0671037600315032,
0.226377952755906));
#9762=CARTESIAN_POINT('Ctrl Pts',(-0.114419303384035,0.0671037600315032,
0.235826771653544));
#9763=CARTESIAN_POINT('Ctrl Pts',(-0.108466166241204,0.0789624092200212,
0.226377952755906));
#9764=CARTESIAN_POINT('Ctrl Pts',(-0.108466166241204,0.0789624092200212,
0.235826771653544));
#9765=CARTESIAN_POINT('Ctrl Pts',(-0.098845896618391,0.085106046751422,
0.226377952755906));
#9766=CARTESIAN_POINT('Ctrl Pts',(-0.098845896618391,0.085106046751422,
0.235826771653544));
#9767=CARTESIAN_POINT('Ctrl Pts',(-0.093130884961274,0.085106046751422,
0.226377952755906));
#9768=CARTESIAN_POINT('Ctrl Pts',(-0.093130884961274,0.085106046751422,
0.235826771653544));
#9769=CARTESIAN_POINT('',(-0.114419303384035,0.0596742448772512,0.234251968503937));
#9770=CARTESIAN_POINT('Ctrl Pts',(-0.093130884961274,0.085106046751422,
0.234251968503937));
#9771=CARTESIAN_POINT('Ctrl Pts',(-0.098845896618391,0.085106046751422,
0.234251968503937));
#9772=CARTESIAN_POINT('Ctrl Pts',(-0.108466166241204,0.0789624092200212,
0.234251968503937));
#9773=CARTESIAN_POINT('Ctrl Pts',(-0.114419303384035,0.0671037600315032,
0.234251968503937));
#9774=CARTESIAN_POINT('Ctrl Pts',(-0.114419303384035,0.0596742448772512,
0.234251968503937));
#9775=CARTESIAN_POINT('',(-0.114419303384035,0.0596742448772512,0.226377952755906));
#9776=CARTESIAN_POINT('',(-0.114419303384035,0.0596742448772512,0.226377952755906));
#9777=CARTESIAN_POINT('Ctrl Pts',(-0.093130884961274,0.085106046751422,
0.226377952755906));
#9778=CARTESIAN_POINT('Ctrl Pts',(-0.098845896618391,0.085106046751422,
0.226377952755906));
#9779=CARTESIAN_POINT('Ctrl Pts',(-0.108466166241204,0.0789624092200212,
0.226377952755906));
#9780=CARTESIAN_POINT('Ctrl Pts',(-0.114419303384035,0.0671037600315032,
0.226377952755906));
#9781=CARTESIAN_POINT('Ctrl Pts',(-0.114419303384035,0.0596742448772512,
0.226377952755906));
#9782=CARTESIAN_POINT('Ctrl Pts',(-0.0920831328241358,0.0336709418373688,
0.226377952755906));
#9783=CARTESIAN_POINT('Ctrl Pts',(-0.0920831328241358,0.0336709418373688,
0.235826771653544));
#9784=CARTESIAN_POINT('Ctrl Pts',(-0.0980362699669661,0.0336709418373688,
0.226377952755906));
#9785=CARTESIAN_POINT('Ctrl Pts',(-0.0980362699669661,0.0336709418373688,
0.235826771653544));
#9786=CARTESIAN_POINT('Ctrl Pts',(-0.108370916046919,0.0401003299516256,
0.226377952755906));
#9787=CARTESIAN_POINT('Ctrl Pts',(-0.108370916046919,0.0401003299516256,
0.235826771653544));
#9788=CARTESIAN_POINT('Ctrl Pts',(-0.114419303384035,0.0520542293344283,
0.226377952755906));
#9789=CARTESIAN_POINT('Ctrl Pts',(-0.114419303384035,0.0520542293344283,
0.235826771653544));
#9790=CARTESIAN_POINT('Ctrl Pts',(-0.114419303384035,0.0596742448772512,
0.226377952755906));
#9791=CARTESIAN_POINT('Ctrl Pts',(-0.114419303384035,0.0596742448772512,
0.235826771653544));
#9792=CARTESIAN_POINT('',(-0.0920831328241358,0.0336709418373688,0.234251968503937));
#9793=CARTESIAN_POINT('Ctrl Pts',(-0.114419303384035,0.0596742448772512,
0.234251968503937));
#9794=CARTESIAN_POINT('Ctrl Pts',(-0.114419303384035,0.0520542293344283,
0.234251968503937));
#9795=CARTESIAN_POINT('Ctrl Pts',(-0.108370916046919,0.0401003299516256,
0.234251968503937));
#9796=CARTESIAN_POINT('Ctrl Pts',(-0.0980362699669661,0.0336709418373688,
0.234251968503937));
#9797=CARTESIAN_POINT('Ctrl Pts',(-0.0920831328241358,0.0336709418373688,
0.234251968503937));
#9798=CARTESIAN_POINT('',(-0.0920831328241358,0.0336709418373688,0.226377952755906));
#9799=CARTESIAN_POINT('',(-0.0920831328241358,0.0336709418373688,0.226377952755906));
#9800=CARTESIAN_POINT('Ctrl Pts',(-0.114419303384035,0.0596742448772512,
0.226377952755906));
#9801=CARTESIAN_POINT('Ctrl Pts',(-0.114419303384035,0.0520542293344283,
0.226377952755906));
#9802=CARTESIAN_POINT('Ctrl Pts',(-0.108370916046919,0.0401003299516256,
0.226377952755906));
#9803=CARTESIAN_POINT('Ctrl Pts',(-0.0980362699669661,0.0336709418373688,
0.226377952755906));
#9804=CARTESIAN_POINT('Ctrl Pts',(-0.0920831328241358,0.0336709418373688,
0.226377952755906));
#9805=CARTESIAN_POINT('Ctrl Pts',(-0.0703660885270909,0.0459582169001705,
0.226377952755906));
#9806=CARTESIAN_POINT('Ctrl Pts',(-0.0703660885270909,0.0459582169001705,
0.235826771653544));
#9807=CARTESIAN_POINT('Ctrl Pts',(-0.0746999723670717,0.0401479550487681,
0.226377952755906));
#9808=CARTESIAN_POINT('Ctrl Pts',(-0.0746999723670717,0.0401479550487681,
0.235826771653544));
#9809=CARTESIAN_POINT('Ctrl Pts',(-0.0864633713613039,0.0336709418373688,
0.226377952755906));
#9810=CARTESIAN_POINT('Ctrl Pts',(-0.0864633713613039,0.0336709418373688,
0.235826771653544));
#9811=CARTESIAN_POINT('Ctrl Pts',(-0.0920831328241358,0.0336709418373688,
0.226377952755906));
#9812=CARTESIAN_POINT('Ctrl Pts',(-0.0920831328241358,0.0336709418373688,
0.235826771653544));
#9813=CARTESIAN_POINT('',(-0.0703660885270909,0.0459582169001705,0.234251968503937));
#9814=CARTESIAN_POINT('Ctrl Pts',(-0.0920831328241358,0.0336709418373688,
0.234251968503937));
#9815=CARTESIAN_POINT('Ctrl Pts',(-0.0864633713613039,0.0336709418373688,
0.234251968503937));
#9816=CARTESIAN_POINT('Ctrl Pts',(-0.0746999723670717,0.0401479550487681,
0.234251968503937));
#9817=CARTESIAN_POINT('Ctrl Pts',(-0.0703660885270909,0.0459582169001705,
0.234251968503937));
#9818=CARTESIAN_POINT('',(-0.0703660885270909,0.0459582169001705,0.226377952755906));
#9819=CARTESIAN_POINT('',(-0.0703660885270909,0.0459582169001705,0.226377952755906));
#9820=CARTESIAN_POINT('Ctrl Pts',(-0.0920831328241358,0.0336709418373688,
0.226377952755906));
#9821=CARTESIAN_POINT('Ctrl Pts',(-0.0864633713613039,0.0336709418373688,
0.226377952755906));
#9822=CARTESIAN_POINT('Ctrl Pts',(-0.0746999723670717,0.0401479550487681,
0.226377952755906));
#9823=CARTESIAN_POINT('Ctrl Pts',(-0.0703660885270909,0.0459582169001705,
0.226377952755906));
#9824=CARTESIAN_POINT('Origin',(-0.0703660885270909,0.0459582169001705,
0.226377952755906));
#9825=CARTESIAN_POINT('',(-0.0669847066299634,0.0436245871401811,0.234251968503937));
#9826=CARTESIAN_POINT('',(-0.0703660885270909,0.0459582169001705,0.234251968503937));
#9827=CARTESIAN_POINT('',(-0.0669847066299634,0.0436245871401811,0.226377952755906));
#9828=CARTESIAN_POINT('',(-0.0669847066299634,0.0436245871401811,0.226377952755906));
#9829=CARTESIAN_POINT('',(-0.0495953727950799,0.031623497592163,0.226377952755906));
#9830=CARTESIAN_POINT('Ctrl Pts',(-0.0726520931899378,0.0370523237344964,
0.226377952755906));
#9831=CARTESIAN_POINT('Ctrl Pts',(-0.0726520931899378,0.0370523237344964,
0.235826771653544));
#9832=CARTESIAN_POINT('Ctrl Pts',(-0.0696040869728087,0.0397193291744843,
0.226377952755906));
#9833=CARTESIAN_POINT('Ctrl Pts',(-0.0696040869728087,0.0397193291744843,
0.235826771653544));
#9834=CARTESIAN_POINT('Ctrl Pts',(-0.0669847066299634,0.0436245871401811,
0.226377952755906));
#9835=CARTESIAN_POINT('Ctrl Pts',(-0.0669847066299634,0.0436245871401811,
0.235826771653544));
#9836=CARTESIAN_POINT('',(-0.0726520931899378,0.0370523237344964,0.234251968503937));
#9837=CARTESIAN_POINT('Ctrl Pts',(-0.0669847066299634,0.0436245871401811,
0.234251968503937));
#9838=CARTESIAN_POINT('Ctrl Pts',(-0.0696040869728087,0.0397193291744843,
0.234251968503937));
#9839=CARTESIAN_POINT('Ctrl Pts',(-0.0726520931899378,0.0370523237344964,
0.234251968503937));
#9840=CARTESIAN_POINT('',(-0.0726520931899378,0.0370523237344964,0.226377952755906));
#9841=CARTESIAN_POINT('',(-0.0726520931899378,0.0370523237344964,0.226377952755906));
#9842=CARTESIAN_POINT('Ctrl Pts',(-0.0669847066299634,0.0436245871401811,
0.226377952755906));
#9843=CARTESIAN_POINT('Ctrl Pts',(-0.0696040869728087,0.0397193291744843,
0.226377952755906));
#9844=CARTESIAN_POINT('Ctrl Pts',(-0.0726520931899378,0.0370523237344964,
0.226377952755906));
#9845=CARTESIAN_POINT('Ctrl Pts',(-0.0941310120012693,0.0285274313459635,
0.226377952755906));
#9846=CARTESIAN_POINT('Ctrl Pts',(-0.0941310120012693,0.0285274313459635,
0.235826771653544));
#9847=CARTESIAN_POINT('Ctrl Pts',(-0.0878921242755831,0.0285274313459635,
0.226377952755906));
#9848=CARTESIAN_POINT('Ctrl Pts',(-0.0878921242755831,0.0285274313459635,
0.235826771653544));
#9849=CARTESIAN_POINT('Ctrl Pts',(-0.0774622280013449,0.0326708147973733,
0.226377952755906));
#9850=CARTESIAN_POINT('Ctrl Pts',(-0.0774622280013449,0.0326708147973733,
0.235826771653544));
#9851=CARTESIAN_POINT('Ctrl Pts',(-0.0726520931899378,0.0370523237344964,
0.226377952755906));
#9852=CARTESIAN_POINT('Ctrl Pts',(-0.0726520931899378,0.0370523237344964,
0.235826771653544));
#9853=CARTESIAN_POINT('',(-0.0941310120012693,0.0285274313459635,0.234251968503937));
#9854=CARTESIAN_POINT('Ctrl Pts',(-0.0726520931899378,0.0370523237344964,
0.234251968503937));
#9855=CARTESIAN_POINT('Ctrl Pts',(-0.0774622280013449,0.0326708147973733,
0.234251968503937));
#9856=CARTESIAN_POINT('Ctrl Pts',(-0.0878921242755831,0.0285274313459635,
0.234251968503937));
#9857=CARTESIAN_POINT('Ctrl Pts',(-0.0941310120012693,0.0285274313459635,
0.234251968503937));
#9858=CARTESIAN_POINT('',(-0.0941310120012693,0.0285274313459635,0.226377952755906));
#9859=CARTESIAN_POINT('',(-0.0941310120012693,0.0285274313459635,0.226377952755906));
#9860=CARTESIAN_POINT('Ctrl Pts',(-0.0726520931899378,0.0370523237344964,
0.226377952755906));
#9861=CARTESIAN_POINT('Ctrl Pts',(-0.0774622280013449,0.0326708147973733,
0.226377952755906));
#9862=CARTESIAN_POINT('Ctrl Pts',(-0.0878921242755831,0.0285274313459635,
0.226377952755906));
#9863=CARTESIAN_POINT('Ctrl Pts',(-0.0941310120012693,0.0285274313459635,
0.226377952755906));
#9864=CARTESIAN_POINT('Ctrl Pts',(-0.116467182561168,0.0387192021344889,
0.226377952755906));
#9865=CARTESIAN_POINT('Ctrl Pts',(-0.116467182561168,0.0387192021344889,
0.235826771653544));
#9866=CARTESIAN_POINT('Ctrl Pts',(-0.10784703997835,0.0285274313459635,
0.226377952755906));
#9867=CARTESIAN_POINT('Ctrl Pts',(-0.10784703997835,0.0285274313459635,
0.235826771653544));
#9868=CARTESIAN_POINT('Ctrl Pts',(-0.0941310120012693,0.0285274313459635,
0.226377952755906));
#9869=CARTESIAN_POINT('Ctrl Pts',(-0.0941310120012693,0.0285274313459635,
0.235826771653544));
#9870=CARTESIAN_POINT('',(-0.116467182561168,0.0387192021344889,0.234251968503937));
#9871=CARTESIAN_POINT('Ctrl Pts',(-0.0941310120012693,0.0285274313459635,
0.234251968503937));
#9872=CARTESIAN_POINT('Ctrl Pts',(-0.10784703997835,0.0285274313459635,
0.234251968503937));
#9873=CARTESIAN_POINT('Ctrl Pts',(-0.116467182561168,0.0387192021344889,
0.234251968503937));
#9874=CARTESIAN_POINT('',(-0.116467182561168,0.0387192021344889,0.226377952755906));
#9875=CARTESIAN_POINT('',(-0.116467182561168,0.0387192021344889,0.226377952755906));
#9876=CARTESIAN_POINT('Ctrl Pts',(-0.0941310120012693,0.0285274313459635,
0.226377952755906));
#9877=CARTESIAN_POINT('Ctrl Pts',(-0.10784703997835,0.0285274313459635,
0.226377952755906));
#9878=CARTESIAN_POINT('Ctrl Pts',(-0.116467182561168,0.0387192021344889,
0.226377952755906));
#9879=CARTESIAN_POINT('Ctrl Pts',(-0.123563322035422,0.0588646182258264,
0.226377952755906));
#9880=CARTESIAN_POINT('Ctrl Pts',(-0.123563322035422,0.0588646182258264,
0.235826771653544));
#9881=CARTESIAN_POINT('Ctrl Pts',(-0.123563322035422,0.0471964694258791,
0.226377952755906));
#9882=CARTESIAN_POINT('Ctrl Pts',(-0.123563322035422,0.0471964694258791,
0.235826771653544));
#9883=CARTESIAN_POINT('Ctrl Pts',(-0.116467182561168,0.0387192021344889,
0.226377952755906));
#9884=CARTESIAN_POINT('Ctrl Pts',(-0.116467182561168,0.0387192021344889,
0.235826771653544));
#9885=CARTESIAN_POINT('',(-0.123563322035422,0.0588646182258264,0.234251968503937));
#9886=CARTESIAN_POINT('Ctrl Pts',(-0.116467182561168,0.0387192021344889,
0.234251968503937));
#9887=CARTESIAN_POINT('Ctrl Pts',(-0.123563322035422,0.0471964694258791,
0.234251968503937));
#9888=CARTESIAN_POINT('Ctrl Pts',(-0.123563322035422,0.0588646182258264,
0.234251968503937));
#9889=CARTESIAN_POINT('',(-0.123563322035422,0.0588646182258264,0.226377952755906));
#9890=CARTESIAN_POINT('',(-0.123563322035422,0.0588646182258264,0.226377952755906));
#9891=CARTESIAN_POINT('Ctrl Pts',(-0.116467182561168,0.0387192021344889,
0.226377952755906));
#9892=CARTESIAN_POINT('Ctrl Pts',(-0.123563322035422,0.0471964694258791,
0.226377952755906));
#9893=CARTESIAN_POINT('Ctrl Pts',(-0.123563322035422,0.0588646182258264,
0.226377952755906));
#9894=CARTESIAN_POINT('Ctrl Pts',(-0.0938452614184134,0.0895828058828303,
0.226377952755906));
#9895=CARTESIAN_POINT('Ctrl Pts',(-0.0938452614184134,0.0895828058828303,
0.235826771653544));
#9896=CARTESIAN_POINT('Ctrl Pts',(-0.101846277738377,0.0895828058828303,
0.226377952755906));
#9897=CARTESIAN_POINT('Ctrl Pts',(-0.101846277738377,0.0895828058828303,
0.235826771653544));
#9898=CARTESIAN_POINT('Ctrl Pts',(-0.115705181006886,0.0813912891742957,
0.226377952755906));
#9899=CARTESIAN_POINT('Ctrl Pts',(-0.115705181006886,0.0813912891742957,
0.235826771653544));
#9900=CARTESIAN_POINT('Ctrl Pts',(-0.123563322035422,0.067437135711502,
0.226377952755906));
#9901=CARTESIAN_POINT('Ctrl Pts',(-0.123563322035422,0.067437135711502,
0.235826771653544));
#9902=CARTESIAN_POINT('Ctrl Pts',(-0.123563322035422,0.0588646182258264,
0.226377952755906));
#9903=CARTESIAN_POINT('Ctrl Pts',(-0.123563322035422,0.0588646182258264,
0.235826771653544));
#9904=CARTESIAN_POINT('',(-0.0938452614184134,0.0895828058828303,0.234251968503937));
#9905=CARTESIAN_POINT('Ctrl Pts',(-0.123563322035422,0.0588646182258264,
0.234251968503937));
#9906=CARTESIAN_POINT('Ctrl Pts',(-0.123563322035422,0.067437135711502,
0.234251968503937));
#9907=CARTESIAN_POINT('Ctrl Pts',(-0.115705181006886,0.0813912891742957,
0.234251968503937));
#9908=CARTESIAN_POINT('Ctrl Pts',(-0.101846277738377,0.0895828058828303,
0.234251968503937));
#9909=CARTESIAN_POINT('Ctrl Pts',(-0.0938452614184134,0.0895828058828303,
0.234251968503937));
#9910=CARTESIAN_POINT('',(-0.0938452614184134,0.0895828058828303,0.226377952755906));
#9911=CARTESIAN_POINT('',(-0.0938452614184134,0.0895828058828303,0.226377952755906));
#9912=CARTESIAN_POINT('Ctrl Pts',(-0.123563322035422,0.0588646182258264,
0.226377952755906));
#9913=CARTESIAN_POINT('Ctrl Pts',(-0.123563322035422,0.067437135711502,
0.226377952755906));
#9914=CARTESIAN_POINT('Ctrl Pts',(-0.115705181006886,0.0813912891742957,
0.226377952755906));
#9915=CARTESIAN_POINT('Ctrl Pts',(-0.101846277738377,0.0895828058828303,
0.226377952755906));
#9916=CARTESIAN_POINT('Ctrl Pts',(-0.0938452614184134,0.0895828058828303,
0.226377952755906));
#9917=CARTESIAN_POINT('Ctrl Pts',(-0.0784623550413402,0.0846774208771382,
0.226377952755906));
#9918=CARTESIAN_POINT('Ctrl Pts',(-0.0784623550413402,0.0846774208771382,
0.235826771653544));
#9919=CARTESIAN_POINT('Ctrl Pts',(-0.0822247377156091,0.0872491761228409,
0.226377952755906));
#9920=CARTESIAN_POINT('Ctrl Pts',(-0.0822247377156091,0.0872491761228409,
0.235826771653544));
#9921=CARTESIAN_POINT('Ctrl Pts',(-0.0895590026755756,0.0895828058828303,
0.226377952755906));
#9922=CARTESIAN_POINT('Ctrl Pts',(-0.0895590026755756,0.0895828058828303,
0.235826771653544));
#9923=CARTESIAN_POINT('Ctrl Pts',(-0.0938452614184134,0.0895828058828303,
0.226377952755906));
#9924=CARTESIAN_POINT('Ctrl Pts',(-0.0938452614184134,0.0895828058828303,
0.235826771653544));
#9925=CARTESIAN_POINT('',(-0.0784623550413402,0.0846774208771382,0.234251968503937));
#9926=CARTESIAN_POINT('Ctrl Pts',(-0.0938452614184134,0.0895828058828303,
0.234251968503937));
#9927=CARTESIAN_POINT('Ctrl Pts',(-0.0895590026755756,0.0895828058828303,
0.234251968503937));
#9928=CARTESIAN_POINT('Ctrl Pts',(-0.0822247377156091,0.0872491761228409,
0.234251968503937));
#9929=CARTESIAN_POINT('Ctrl Pts',(-0.0784623550413402,0.0846774208771382,
0.234251968503937));
#9930=CARTESIAN_POINT('',(-0.0784623550413402,0.0846774208771382,0.226377952755906));
#9931=CARTESIAN_POINT('',(-0.0784623550413402,0.0846774208771382,0.226377952755906));
#9932=CARTESIAN_POINT('Ctrl Pts',(-0.0938452614184134,0.0895828058828303,
0.226377952755906));
#9933=CARTESIAN_POINT('Ctrl Pts',(-0.0895590026755756,0.0895828058828303,
0.226377952755906));
#9934=CARTESIAN_POINT('Ctrl Pts',(-0.0822247377156091,0.0872491761228409,
0.226377952755906));
#9935=CARTESIAN_POINT('Ctrl Pts',(-0.0784623550413402,0.0846774208771382,
0.226377952755906));
#9936=CARTESIAN_POINT('Origin',(-0.0784623550413402,0.0846774208771382,
0.226377952755906));
#9937=CARTESIAN_POINT('',(-0.0771288523213461,0.0885826788428346,0.234251968503937));
#9938=CARTESIAN_POINT('',(-0.0784623550413402,0.0846774208771382,0.234251968503937));
#9939=CARTESIAN_POINT('',(-0.0771288523213461,0.0885826788428346,0.226377952755906));
#9940=CARTESIAN_POINT('',(-0.0771288523213461,0.0885826788428346,0.226377952755906));
#9941=CARTESIAN_POINT('',(-0.078283500539502,0.0852012090610933,0.226377952755906));
#9942=CARTESIAN_POINT('Origin',(-0.0771288523213461,0.0885826788428346,
0.226377952755906));
#9943=CARTESIAN_POINT('',(-0.0771288523213461,0.0885826788428346,0.234251968503937));
#9944=CARTESIAN_POINT('',(-0.038564426160673,0.0885826788428346,0.226377952755906));
#9945=CARTESIAN_POINT('Origin',(-0.0959232481656071,0.0599197724699315,
0.234251968503937));
#9946=CARTESIAN_POINT('Origin',(0.0138827083182422,0.0885826788428346,0.226377952755906));
#9947=CARTESIAN_POINT('',(0.0138827083182422,0.0885826788428346,0.234251968503937));
#9948=CARTESIAN_POINT('',(0.0138827083182422,0.0850107965571366,0.234251968503937));
#9949=CARTESIAN_POINT('',(0.0138827083182422,0.0885826788428346,0.234251968503937));
#9950=CARTESIAN_POINT('',(0.0138827083182422,0.0850107965571366,0.226377952755906));
#9951=CARTESIAN_POINT('',(0.0138827083182422,0.0850107965571366,0.226377952755906));
#9952=CARTESIAN_POINT('',(0.0138827083182422,0.0885826788428346,0.226377952755906));
#9953=CARTESIAN_POINT('',(0.0138827083182422,0.0738188984765354,0.226377952755906));
#9954=CARTESIAN_POINT('',(0.0138827083182422,0.0885826788428346,0.226377952755906));
#9955=CARTESIAN_POINT('Origin',(0.0138827083182422,0.0850107965571366,0.226377952755906));
#9956=CARTESIAN_POINT('',(0.0121205797239644,0.0850107965571366,0.234251968503937));
#9957=CARTESIAN_POINT('',(0.0138827083182422,0.0850107965571366,0.234251968503937));
#9958=CARTESIAN_POINT('',(0.0121205797239644,0.0850107965571366,0.226377952755906));
#9959=CARTESIAN_POINT('',(0.0121205797239644,0.0850107965571366,0.226377952755906));
#9960=CARTESIAN_POINT('',(0.00694135415912118,0.0850107965571366,0.226377952755906));
#9961=CARTESIAN_POINT('Ctrl Pts',(0.00645319316399004,0.0775336563057417,
0.226377952755906));
#9962=CARTESIAN_POINT('Ctrl Pts',(0.00645319316399004,0.0775336563057417,
0.235826771653544));
#9963=CARTESIAN_POINT('Ctrl Pts',(0.00645319316399004,0.0811531636885827,
0.226377952755906));
#9964=CARTESIAN_POINT('Ctrl Pts',(0.00645319316399004,0.0811531636885827,
0.235826771653544));
#9965=CARTESIAN_POINT('Ctrl Pts',(0.00745332020398551,0.08362966874,0.226377952755906));
#9966=CARTESIAN_POINT('Ctrl Pts',(0.00745332020398551,0.08362966874,0.235826771653544));
#9967=CARTESIAN_POINT('Ctrl Pts',(0.00969169976968969,0.0850107965571366,
0.226377952755906));
#9968=CARTESIAN_POINT('Ctrl Pts',(0.00969169976968969,0.0850107965571366,
0.235826771653544));
#9969=CARTESIAN_POINT('Ctrl Pts',(0.0121205797239644,0.0850107965571366,
0.226377952755906));
#9970=CARTESIAN_POINT('Ctrl Pts',(0.0121205797239644,0.0850107965571366,
0.235826771653544));
#9971=CARTESIAN_POINT('',(0.00645319316399004,0.0775336563057417,0.234251968503937));
#9972=CARTESIAN_POINT('Ctrl Pts',(0.0121205797239644,0.0850107965571366,
0.234251968503937));
#9973=CARTESIAN_POINT('Ctrl Pts',(0.00969169976968969,0.0850107965571366,
0.234251968503937));
#9974=CARTESIAN_POINT('Ctrl Pts',(0.00745332020398551,0.08362966874,0.234251968503937));
#9975=CARTESIAN_POINT('Ctrl Pts',(0.00645319316399004,0.0811531636885827,
0.234251968503937));
#9976=CARTESIAN_POINT('Ctrl Pts',(0.00645319316399004,0.0775336563057417,
0.234251968503937));
#9977=CARTESIAN_POINT('',(0.00645319316399004,0.0775336563057417,0.226377952755906));
#9978=CARTESIAN_POINT('',(0.00645319316399004,0.0775336563057417,0.226377952755906));
#9979=CARTESIAN_POINT('Ctrl Pts',(0.0121205797239644,0.0850107965571366,
0.226377952755906));
#9980=CARTESIAN_POINT('Ctrl Pts',(0.00969169976968969,0.0850107965571366,
0.226377952755906));
#9981=CARTESIAN_POINT('Ctrl Pts',(0.00745332020398551,0.08362966874,0.226377952755906));
#9982=CARTESIAN_POINT('Ctrl Pts',(0.00645319316399004,0.0811531636885827,
0.226377952755906));
#9983=CARTESIAN_POINT('Ctrl Pts',(0.00645319316399004,0.0775336563057417,
0.226377952755906));
#9984=CARTESIAN_POINT('Origin',(0.00645319316399004,0.0775336563057417,
0.226377952755906));
#9985=CARTESIAN_POINT('',(0.00645319316399008,0.0394812036887713,0.234251968503937));
#9986=CARTESIAN_POINT('',(0.00645319316399004,0.0775336563057417,0.234251968503937));
#9987=CARTESIAN_POINT('',(0.00645319316399004,0.0394812036887713,0.226377952755906));
#9988=CARTESIAN_POINT('',(0.00645319316399004,0.0394812036887713,0.226377952755906));
#9989=CARTESIAN_POINT('',(0.00645319316399004,0.068294387207989,0.226377952755906));
#9990=CARTESIAN_POINT('Ctrl Pts',(0.0121205797239644,0.0330994406716572,
0.226377952755906));
#9991=CARTESIAN_POINT('Ctrl Pts',(0.0121205797239644,0.0330994406716572,
0.235826771653544));
#9992=CARTESIAN_POINT('Ctrl Pts',(0.00954882447826177,0.0330994406716572,
0.226377952755906));
#9993=CARTESIAN_POINT('Ctrl Pts',(0.00954882447826177,0.0330994406716572,
0.235826771653544));
#9994=CARTESIAN_POINT('Ctrl Pts',(0.00754857039827083,0.034194817905938,
0.226377952755906));
#9995=CARTESIAN_POINT('Ctrl Pts',(0.00754857039827083,0.034194817905938,
0.235826771653544));
#9996=CARTESIAN_POINT('Ctrl Pts',(0.00645319316399004,0.0366236978602126,
0.226377952755906));
#9997=CARTESIAN_POINT('Ctrl Pts',(0.00645319316399004,0.0366236978602126,
0.235826771653544));
#9998=CARTESIAN_POINT('Ctrl Pts',(0.00645319316399004,0.0394812036887713,
0.226377952755906));
#9999=CARTESIAN_POINT('Ctrl Pts',(0.00645319316399004,0.0394812036887713,
0.235826771653544));
#10000=CARTESIAN_POINT('',(0.0121205797239644,0.0330994406716572,0.234251968503937));
#10001=CARTESIAN_POINT('Ctrl Pts',(0.00645319316399008,0.0394812036887713,
0.234251968503937));
#10002=CARTESIAN_POINT('Ctrl Pts',(0.00645319316399008,0.0366236978602126,
0.234251968503937));
#10003=CARTESIAN_POINT('Ctrl Pts',(0.00754857039827083,0.034194817905938,
0.234251968503937));
#10004=CARTESIAN_POINT('Ctrl Pts',(0.00954882447826177,0.0330994406716572,
0.234251968503937));
#10005=CARTESIAN_POINT('Ctrl Pts',(0.0121205797239644,0.0330994406716572,
0.234251968503937));
#10006=CARTESIAN_POINT('',(0.0121205797239644,0.0330994406716572,0.226377952755906));
#10007=CARTESIAN_POINT('',(0.0121205797239644,0.0330994406716572,0.226377952755906));
#10008=CARTESIAN_POINT('Ctrl Pts',(0.00645319316399004,0.0394812036887713,
0.226377952755906));
#10009=CARTESIAN_POINT('Ctrl Pts',(0.00645319316399004,0.0366236978602126,
0.226377952755906));
#10010=CARTESIAN_POINT('Ctrl Pts',(0.00754857039827083,0.034194817905938,
0.226377952755906));
#10011=CARTESIAN_POINT('Ctrl Pts',(0.00954882447826177,0.0330994406716572,
0.226377952755906));
#10012=CARTESIAN_POINT('Ctrl Pts',(0.0121205797239644,0.0330994406716572,
0.226377952755906));
#10013=CARTESIAN_POINT('Origin',(0.0121205797239644,0.0330994406716572,
0.226377952755906));
#10014=CARTESIAN_POINT('',(0.0138827083182422,0.0330994406716572,0.234251968503937));
#10015=CARTESIAN_POINT('',(0.0121205797239644,0.0330994406716572,0.234251968503937));
#10016=CARTESIAN_POINT('',(0.0138827083182422,0.0330994406716572,0.226377952755906));
#10017=CARTESIAN_POINT('',(0.0138827083182422,0.0330994406716572,0.226377952755906));
#10018=CARTESIAN_POINT('',(0.00606028986198232,0.0330994406716572,0.226377952755906));
#10019=CARTESIAN_POINT('Origin',(0.0138827083182422,0.0330994406716572,
0.226377952755906));
#10020=CARTESIAN_POINT('',(0.0138827083182422,0.029527558385959,0.234251968503937));
#10021=CARTESIAN_POINT('',(0.0138827083182422,0.0330994406716572,0.234251968503937));
#10022=CARTESIAN_POINT('',(0.0138827083182422,0.029527558385959,0.226377952755906));
#10023=CARTESIAN_POINT('',(0.0138827083182422,0.029527558385959,0.226377952755906));
#10024=CARTESIAN_POINT('',(0.0138827083182422,0.0460772793909465,0.226377952755906));
#10025=CARTESIAN_POINT('Origin',(0.0138827083182422,0.029527558385959,0.226377952755906));
#10026=CARTESIAN_POINT('',(-0.00873921282451264,0.029527558385959,0.234251968503937));
#10027=CARTESIAN_POINT('',(0.0138827083182422,0.029527558385959,0.234251968503937));
#10028=CARTESIAN_POINT('',(-0.00873921282451268,0.029527558385959,0.226377952755906));
#10029=CARTESIAN_POINT('',(-0.00873921282451268,0.029527558385959,0.226377952755906));
#10030=CARTESIAN_POINT('',(0.00694135415912118,0.029527558385959,0.226377952755906));
#10031=CARTESIAN_POINT('Origin',(-0.00873921282451268,0.029527558385959,
0.226377952755906));
#10032=CARTESIAN_POINT('',(-0.00873921282451268,0.0330994406716572,0.234251968503937));
#10033=CARTESIAN_POINT('',(-0.00873921282451264,0.029527558385959,0.234251968503937));
#10034=CARTESIAN_POINT('',(-0.00873921282451268,0.0330994406716572,0.226377952755906));
#10035=CARTESIAN_POINT('',(-0.00873921282451268,0.0330994406716572,0.226377952755906));
#10036=CARTESIAN_POINT('',(-0.00873921282451268,0.0442913382480976,0.226377952755906));
#10037=CARTESIAN_POINT('Origin',(-0.00873921282451268,0.0330994406716572,
0.226377952755906));
#10038=CARTESIAN_POINT('',(-0.00688183403594965,0.0330994406716572,0.234251968503937));
#10039=CARTESIAN_POINT('',(-0.00873921282451268,0.0330994406716572,0.234251968503937));
#10040=CARTESIAN_POINT('',(-0.00688183403594965,0.0330994406716572,0.226377952755906));
#10041=CARTESIAN_POINT('',(-0.00688183403594965,0.0330994406716572,0.226377952755906));
#10042=CARTESIAN_POINT('',(-0.00436960641225622,0.0330994406716572,0.226377952755906));
#10043=CARTESIAN_POINT('Ctrl Pts',(-0.00135732276740319,0.0394812036887713,
0.226377952755906));
#10044=CARTESIAN_POINT('Ctrl Pts',(-0.00135732276740319,0.0394812036887713,
0.235826771653544));
#10045=CARTESIAN_POINT('Ctrl Pts',(-0.00135732276740319,0.0363855723744994,
0.226377952755906));
#10046=CARTESIAN_POINT('Ctrl Pts',(-0.00135732276740318,0.0363855723744994,
0.235826771653544));
#10047=CARTESIAN_POINT('Ctrl Pts',(-0.00230982471025602,0.0342424430030805,
0.226377952755906));
#10048=CARTESIAN_POINT('Ctrl Pts',(-0.00230982471025601,0.0342424430030805,
0.235826771653544));
#10049=CARTESIAN_POINT('Ctrl Pts',(-0.00435770388738961,0.0330994406716572,
0.226377952755906));
#10050=CARTESIAN_POINT('Ctrl Pts',(-0.0043577038873896,0.0330994406716572,
0.235826771653544));
#10051=CARTESIAN_POINT('Ctrl Pts',(-0.00688183403594965,0.0330994406716572,
0.226377952755906));
#10052=CARTESIAN_POINT('Ctrl Pts',(-0.00688183403594964,0.0330994406716572,
0.235826771653544));
#10053=CARTESIAN_POINT('',(-0.00135732276740319,0.0394812036887713,0.234251968503937));
#10054=CARTESIAN_POINT('Ctrl Pts',(-0.00688183403594965,0.0330994406716572,
0.234251968503937));
#10055=CARTESIAN_POINT('Ctrl Pts',(-0.00435770388738961,0.0330994406716572,
0.234251968503937));
#10056=CARTESIAN_POINT('Ctrl Pts',(-0.00230982471025602,0.0342424430030805,
0.234251968503937));
#10057=CARTESIAN_POINT('Ctrl Pts',(-0.00135732276740318,0.0363855723744994,
0.234251968503937));
#10058=CARTESIAN_POINT('Ctrl Pts',(-0.00135732276740319,0.0394812036887713,
0.234251968503937));
#10059=CARTESIAN_POINT('',(-0.00135732276740319,0.0394812036887713,0.226377952755906));
#10060=CARTESIAN_POINT('',(-0.00135732276740319,0.0394812036887713,0.226377952755906));
#10061=CARTESIAN_POINT('Ctrl Pts',(-0.00688183403594965,0.0330994406716572,
0.226377952755906));
#10062=CARTESIAN_POINT('Ctrl Pts',(-0.00435770388738961,0.0330994406716572,
0.226377952755906));
#10063=CARTESIAN_POINT('Ctrl Pts',(-0.00230982471025602,0.0342424430030805,
0.226377952755906));
#10064=CARTESIAN_POINT('Ctrl Pts',(-0.00135732276740319,0.0363855723744994,
0.226377952755906));
#10065=CARTESIAN_POINT('Ctrl Pts',(-0.00135732276740319,0.0394812036887713,
0.226377952755906));
#10066=CARTESIAN_POINT('Origin',(-0.00135732276740319,0.0394812036887713,
0.226377952755906));
#10067=CARTESIAN_POINT('',(-0.0013573227674032,0.078438533151452,0.234251968503937));
#10068=CARTESIAN_POINT('',(-0.00135732276740319,0.0394812036887713,0.234251968503937));
#10069=CARTESIAN_POINT('',(-0.0013573227674032,0.078438533151452,0.226377952755906));
#10070=CARTESIAN_POINT('',(-0.0013573227674032,0.078438533151452,0.226377952755906));
#10071=CARTESIAN_POINT('',(-0.0013573227674032,0.0492681608995035,0.226377952755906));
#10072=CARTESIAN_POINT('Ctrl Pts',(-0.00688183403594965,0.0850107965571366,
0.226377952755906));
#10073=CARTESIAN_POINT('Ctrl Pts',(-0.00688183403594965,0.0850107965571366,
0.235826771653544));
#10074=CARTESIAN_POINT('Ctrl Pts',(-0.00435770388738965,0.0850107965571366,
0.226377952755906));
#10075=CARTESIAN_POINT('Ctrl Pts',(-0.00435770388738965,0.0850107965571366,
0.235826771653544));
#10076=CARTESIAN_POINT('Ctrl Pts',(-0.00230982471025604,0.0839630444199984,
0.226377952755906));
#10077=CARTESIAN_POINT('Ctrl Pts',(-0.00230982471025604,0.0839630444199984,
0.235826771653544));
#10078=CARTESIAN_POINT('Ctrl Pts',(-0.00135732276740321,0.0817246648542945,
0.226377952755906));
#10079=CARTESIAN_POINT('Ctrl Pts',(-0.00135732276740321,0.0817246648542945,
0.235826771653544));
#10080=CARTESIAN_POINT('Ctrl Pts',(-0.0013573227674032,0.078438533151452,
0.226377952755906));
#10081=CARTESIAN_POINT('Ctrl Pts',(-0.0013573227674032,0.078438533151452,
0.235826771653544));
#10082=CARTESIAN_POINT('',(-0.00688183403594965,0.0850107965571366,0.234251968503937));
#10083=CARTESIAN_POINT('Ctrl Pts',(-0.0013573227674032,0.078438533151452,
0.234251968503937));
#10084=CARTESIAN_POINT('Ctrl Pts',(-0.0013573227674032,0.0817246648542945,
0.234251968503937));
#10085=CARTESIAN_POINT('Ctrl Pts',(-0.00230982471025603,0.0839630444199984,
0.234251968503937));
#10086=CARTESIAN_POINT('Ctrl Pts',(-0.00435770388738965,0.0850107965571366,
0.234251968503937));
#10087=CARTESIAN_POINT('Ctrl Pts',(-0.00688183403594965,0.0850107965571366,
0.234251968503937));
#10088=CARTESIAN_POINT('',(-0.00688183403594965,0.0850107965571366,0.226377952755906));
#10089=CARTESIAN_POINT('',(-0.00688183403594965,0.0850107965571366,0.226377952755906));
#10090=CARTESIAN_POINT('Ctrl Pts',(-0.0013573227674032,0.078438533151452,
0.226377952755906));
#10091=CARTESIAN_POINT('Ctrl Pts',(-0.00135732276740321,0.0817246648542945,
0.226377952755906));
#10092=CARTESIAN_POINT('Ctrl Pts',(-0.00230982471025604,0.0839630444199984,
0.226377952755906));
#10093=CARTESIAN_POINT('Ctrl Pts',(-0.00435770388738965,0.0850107965571366,
0.226377952755906));
#10094=CARTESIAN_POINT('Ctrl Pts',(-0.00688183403594965,0.0850107965571366,
0.226377952755906));
#10095=CARTESIAN_POINT('Origin',(-0.00688183403594965,0.0850107965571366,
0.226377952755906));
#10096=CARTESIAN_POINT('',(-0.00873921282451268,0.0850107965571366,0.234251968503937));
#10097=CARTESIAN_POINT('',(-0.00688183403594965,0.0850107965571366,0.234251968503937));
#10098=CARTESIAN_POINT('',(-0.00873921282451268,0.0850107965571366,0.226377952755906));
#10099=CARTESIAN_POINT('',(-0.00873921282451268,0.0850107965571366,0.226377952755906));
#10100=CARTESIAN_POINT('',(-0.00344091701797473,0.0850107965571366,0.226377952755906));
#10101=CARTESIAN_POINT('Origin',(-0.00873921282451268,0.0850107965571366,
0.226377952755906));
#10102=CARTESIAN_POINT('',(-0.00873921282451268,0.0885826788428346,0.234251968503937));
#10103=CARTESIAN_POINT('',(-0.00873921282451268,0.0850107965571366,0.234251968503937));
#10104=CARTESIAN_POINT('',(-0.00873921282451268,0.0885826788428346,0.226377952755906));
#10105=CARTESIAN_POINT('',(-0.00873921282451268,0.0885826788428346,0.226377952755906));
#10106=CARTESIAN_POINT('',(-0.00873921282451268,0.0720329573336862,0.226377952755906));
#10107=CARTESIAN_POINT('Origin',(-0.00873921282451268,0.0885826788428346,
0.226377952755906));
#10108=CARTESIAN_POINT('',(-0.00873921282451268,0.0885826788428346,0.234251968503937));
#10109=CARTESIAN_POINT('',(-0.00436960641225626,0.0885826788428346,0.226377952755906));
#10110=CARTESIAN_POINT('Origin',(0.00256280662102945,0.0590572749878421,
0.234251968503937));
#10111=CARTESIAN_POINT('Origin',(0.122563179997751,0.0885826788428346,0.226377952755906));
#10112=CARTESIAN_POINT('',(0.122563179997751,0.0885826788428346,0.234251968503937));
#10113=CARTESIAN_POINT('',(0.128040066169154,0.0730568971743335,0.234251968503937));
#10114=CARTESIAN_POINT('',(0.122563179997751,0.0885826788428346,0.234251968503937));
#10115=CARTESIAN_POINT('',(0.128040066169154,0.0730568971743335,0.226377952755906));
#10116=CARTESIAN_POINT('',(0.128040066169154,0.0730568971743335,0.226377952755906));
#10117=CARTESIAN_POINT('',(0.122563179997751,0.0885826788428346,0.226377952755906));
#10118=CARTESIAN_POINT('',(0.120412947767037,0.0946781197751197,0.226377952755906));
#10119=CARTESIAN_POINT('',(0.122563179997751,0.0885826788428346,0.226377952755906));
#10120=CARTESIAN_POINT('Origin',(0.128040066169154,0.0730568971743335,0.226377952755906));
#10121=CARTESIAN_POINT('',(0.124372933689171,0.0716757693571968,0.234251968503937));
#10122=CARTESIAN_POINT('',(0.128040066169154,0.0730568971743335,0.234251968503937));
#10123=CARTESIAN_POINT('',(0.124372933689171,0.0716757693571968,0.226377952755906));
#10124=CARTESIAN_POINT('',(0.124372933689171,0.0716757693571968,0.226377952755906));
#10125=CARTESIAN_POINT('',(0.0696637349308205,0.0510710061884673,0.226377952755906));
#10126=CARTESIAN_POINT('Ctrl Pts',(0.105275269734972,0.0838677942257134,
0.226377952755906));
#10127=CARTESIAN_POINT('Ctrl Pts',(0.105275269734972,0.0838677942257134,
0.235826771653544));
#10128=CARTESIAN_POINT('Ctrl Pts',(0.111609407654943,0.0838677942257134,
0.226377952755906));
#10129=CARTESIAN_POINT('Ctrl Pts',(0.111609407654943,0.0838677942257134,
0.235826771653544));
#10130=CARTESIAN_POINT('Ctrl Pts',(0.117562544797773,0.0818199150485795,
0.226377952755906));
#10131=CARTESIAN_POINT('Ctrl Pts',(0.117562544797773,0.0818199150485795,
0.235826771653544));
#10132=CARTESIAN_POINT('Ctrl Pts',(0.122039303929181,0.0771050304314583,
0.226377952755906));
#10133=CARTESIAN_POINT('Ctrl Pts',(0.122039303929181,0.0771050304314583,
0.235826771653544));
#10134=CARTESIAN_POINT('Ctrl Pts',(0.124372933689171,0.0716757693571968,
0.226377952755906));
#10135=CARTESIAN_POINT('Ctrl Pts',(0.124372933689171,0.0716757693571968,
0.235826771653544));
#10136=CARTESIAN_POINT('',(0.105275269734972,0.0838677942257134,0.234251968503937));
#10137=CARTESIAN_POINT('Ctrl Pts',(0.124372933689171,0.0716757693571968,
0.234251968503937));
#10138=CARTESIAN_POINT('Ctrl Pts',(0.122039303929181,0.0771050304314583,
0.234251968503937));
#10139=CARTESIAN_POINT('Ctrl Pts',(0.117562544797773,0.0818199150485795,
0.234251968503937));
#10140=CARTESIAN_POINT('Ctrl Pts',(0.111609407654943,0.0838677942257134,
0.234251968503937));
#10141=CARTESIAN_POINT('Ctrl Pts',(0.105275269734972,0.0838677942257134,
0.234251968503937));
#10142=CARTESIAN_POINT('',(0.105275269734972,0.0838677942257134,0.226377952755906));
#10143=CARTESIAN_POINT('',(0.105275269734972,0.0838677942257134,0.226377952755906));
#10144=CARTESIAN_POINT('Ctrl Pts',(0.124372933689171,0.0716757693571968,
0.226377952755906));
#10145=CARTESIAN_POINT('Ctrl Pts',(0.122039303929181,0.0771050304314583,
0.226377952755906));
#10146=CARTESIAN_POINT('Ctrl Pts',(0.117562544797773,0.0818199150485795,
0.226377952755906));
#10147=CARTESIAN_POINT('Ctrl Pts',(0.111609407654943,0.0838677942257134,
0.226377952755906));
#10148=CARTESIAN_POINT('Ctrl Pts',(0.105275269734972,0.0838677942257134,
0.226377952755906));
#10149=CARTESIAN_POINT('Origin',(0.105275269734972,0.0838677942257134,0.226377952755906));
#10150=CARTESIAN_POINT('',(0.0925117437007437,0.0838677942257134,0.234251968503937));
#10151=CARTESIAN_POINT('',(0.105275269734972,0.0838677942257134,0.234251968503937));
#10152=CARTESIAN_POINT('',(0.0925117437007437,0.0838677942257134,0.226377952755906));
#10153=CARTESIAN_POINT('',(0.0925117437007437,0.0838677942257134,0.226377952755906));
#10154=CARTESIAN_POINT('',(0.0526376348674858,0.0838677942257134,0.226377952755906));
#10155=CARTESIAN_POINT('Origin',(0.0925117437007437,0.0838677942257134,
0.226377952755906));
#10156=CARTESIAN_POINT('',(0.0925117437007437,0.0611982479858158,0.234251968503937));
#10157=CARTESIAN_POINT('',(0.0925117437007437,0.0838677942257134,0.234251968503937));
#10158=CARTESIAN_POINT('',(0.0925117437007437,0.0611982479858158,0.226377952755906));
#10159=CARTESIAN_POINT('',(0.0925117437007437,0.0611982479858158,0.226377952755906));
#10160=CARTESIAN_POINT('',(0.0925117437007437,0.0714614561679748,0.226377952755906));
#10161=CARTESIAN_POINT('Origin',(0.0925117437007437,0.0611982479858158,
0.226377952755906));
#10162=CARTESIAN_POINT('',(0.0983220055521461,0.0611982479858158,0.234251968503937));
#10163=CARTESIAN_POINT('',(0.0925117437007437,0.0611982479858158,0.234251968503937));
#10164=CARTESIAN_POINT('',(0.0983220055521461,0.0611982479858158,0.226377952755906));
#10165=CARTESIAN_POINT('',(0.0983220055521461,0.0611982479858158,0.226377952755906));
#10166=CARTESIAN_POINT('',(0.046255871850372,0.0611982479858158,0.226377952755906));
#10167=CARTESIAN_POINT('Ctrl Pts',(0.108990027312098,0.0703898917343457,
0.226377952755906));
#10168=CARTESIAN_POINT('Ctrl Pts',(0.108990027312098,0.0703898917343457,
0.235826771653544));
#10169=CARTESIAN_POINT('Ctrl Pts',(0.108990027312098,0.0668180094486476,
0.226377952755906));
#10170=CARTESIAN_POINT('Ctrl Pts',(0.108990027312098,0.0668180094486476,
0.235826771653544));
#10171=CARTESIAN_POINT('Ctrl Pts',(0.106894523037822,0.0629603765800937,
0.226377952755906));
#10172=CARTESIAN_POINT('Ctrl Pts',(0.106894523037822,0.0629603765800937,
0.235826771653544));
#10173=CARTESIAN_POINT('Ctrl Pts',(0.10289401487784,0.0611982479858158,
0.226377952755906));
#10174=CARTESIAN_POINT('Ctrl Pts',(0.10289401487784,0.0611982479858158,
0.235826771653544));
#10175=CARTESIAN_POINT('Ctrl Pts',(0.0983220055521461,0.0611982479858158,
0.226377952755906));
#10176=CARTESIAN_POINT('Ctrl Pts',(0.0983220055521461,0.0611982479858158,
0.235826771653544));
#10177=CARTESIAN_POINT('',(0.108990027312098,0.0703898917343457,0.234251968503937));
#10178=CARTESIAN_POINT('Ctrl Pts',(0.0983220055521461,0.0611982479858158,
0.234251968503937));
#10179=CARTESIAN_POINT('Ctrl Pts',(0.10289401487784,0.0611982479858158,
0.234251968503937));
#10180=CARTESIAN_POINT('Ctrl Pts',(0.106894523037822,0.0629603765800937,
0.234251968503937));
#10181=CARTESIAN_POINT('Ctrl Pts',(0.108990027312098,0.0668180094486476,
0.234251968503937));
#10182=CARTESIAN_POINT('Ctrl Pts',(0.108990027312098,0.0703898917343457,
0.234251968503937));
#10183=CARTESIAN_POINT('',(0.108990027312098,0.0703898917343457,0.226377952755906));
#10184=CARTESIAN_POINT('',(0.108990027312098,0.0703898917343457,0.226377952755906));
#10185=CARTESIAN_POINT('Ctrl Pts',(0.0983220055521461,0.0611982479858158,
0.226377952755906));
#10186=CARTESIAN_POINT('Ctrl Pts',(0.10289401487784,0.0611982479858158,
0.226377952755906));
#10187=CARTESIAN_POINT('Ctrl Pts',(0.106894523037822,0.0629603765800937,
0.226377952755906));
#10188=CARTESIAN_POINT('Ctrl Pts',(0.108990027312098,0.0668180094486476,
0.226377952755906));
#10189=CARTESIAN_POINT('Ctrl Pts',(0.108990027312098,0.0703898917343457,
0.226377952755906));
#10190=CARTESIAN_POINT('Origin',(0.108990027312098,0.0703898917343457,0.226377952755906));
#10191=CARTESIAN_POINT('',(0.108990027312098,0.0719615199400528,0.234251968503937));
#10192=CARTESIAN_POINT('',(0.108990027312098,0.0703898917343457,0.234251968503937));
#10193=CARTESIAN_POINT('',(0.108990027312098,0.0719615199400528,0.226377952755906));
#10194=CARTESIAN_POINT('',(0.108990027312098,0.0719615199400528,0.226377952755906));
#10195=CARTESIAN_POINT('',(0.108990027312098,0.0647225049222909,0.226377952755906));
#10196=CARTESIAN_POINT('Origin',(0.108990027312098,0.0719615199400528,0.226377952755906));
#10197=CARTESIAN_POINT('',(0.113133410763507,0.0719615199400528,0.234251968503937));
#10198=CARTESIAN_POINT('',(0.108990027312098,0.0719615199400528,0.234251968503937));
#10199=CARTESIAN_POINT('',(0.113133410763507,0.0719615199400528,0.226377952755906));
#10200=CARTESIAN_POINT('',(0.113133410763507,0.0719615199400528,0.226377952755906));
#10201=CARTESIAN_POINT('',(0.0544950136560488,0.0719615199400528,0.226377952755906));
#10202=CARTESIAN_POINT('Origin',(0.113133410763507,0.0719615199400528,0.226377952755906));
#10203=CARTESIAN_POINT('',(0.113133410763507,0.0460534670944559,0.234251968503937));
#10204=CARTESIAN_POINT('',(0.113133410763507,0.0719615199400528,0.234251968503937));
#10205=CARTESIAN_POINT('',(0.113133410763507,0.0460534670944559,0.226377952755906));
#10206=CARTESIAN_POINT('',(0.113133410763507,0.0460534670944559,0.226377952755906));
#10207=CARTESIAN_POINT('',(0.113133410763507,0.0655083190251445,0.226377952755906));
#10208=CARTESIAN_POINT('Origin',(0.113133410763507,0.0460534670944559,0.226377952755906));
#10209=CARTESIAN_POINT('',(0.108990027312098,0.0460534670944559,0.234251968503937));
#10210=CARTESIAN_POINT('',(0.113133410763507,0.0460534670944559,0.234251968503937));
#10211=CARTESIAN_POINT('',(0.108990027312098,0.0460534670944559,0.226377952755906));
#10212=CARTESIAN_POINT('',(0.108990027312098,0.0460534670944559,0.226377952755906));
#10213=CARTESIAN_POINT('',(0.0565667053817539,0.0460534670944555,0.226377952755906));
#10214=CARTESIAN_POINT('Origin',(0.108990027312098,0.0460534670944559,0.226377952755906));
#10215=CARTESIAN_POINT('',(0.108990027312098,0.0483394717573024,0.234251968503937));
#10216=CARTESIAN_POINT('',(0.108990027312098,0.0460534670944559,0.234251968503937));
#10217=CARTESIAN_POINT('',(0.108990027312098,0.0483394717573024,0.226377952755906));
#10218=CARTESIAN_POINT('',(0.108990027312098,0.0483394717573024,0.226377952755906));
#10219=CARTESIAN_POINT('',(0.108990027312098,0.0525542926023461,0.226377952755906));
#10220=CARTESIAN_POINT('Ctrl Pts',(0.0989411318150004,0.0570548645344059,
0.226377952755906));
#10221=CARTESIAN_POINT('Ctrl Pts',(0.0989411318150004,0.0570548645344059,
0.235826771653544));
#10222=CARTESIAN_POINT('Ctrl Pts',(0.103417890946409,0.0570548645344059,
0.226377952755906));
#10223=CARTESIAN_POINT('Ctrl Pts',(0.103417890946409,0.0570548645344059,
0.235826771653544));
#10224=CARTESIAN_POINT('Ctrl Pts',(0.106942148134964,0.0553879861344134,
0.226377952755906));
#10225=CARTESIAN_POINT('Ctrl Pts',(0.106942148134964,0.0553879861344134,
0.235826771653544));
#10226=CARTESIAN_POINT('Ctrl Pts',(0.108990027312098,0.0516732285572874,
0.226377952755906));
#10227=CARTESIAN_POINT('Ctrl Pts',(0.108990027312098,0.0516732285572874,
0.235826771653544));
#10228=CARTESIAN_POINT('Ctrl Pts',(0.108990027312098,0.0483394717573024,
0.226377952755906));
#10229=CARTESIAN_POINT('Ctrl Pts',(0.108990027312098,0.0483394717573024,
0.235826771653544));
#10230=CARTESIAN_POINT('',(0.0989411318150004,0.0570548645344059,0.234251968503937));
#10231=CARTESIAN_POINT('Ctrl Pts',(0.108990027312098,0.0483394717573024,
0.234251968503937));
#10232=CARTESIAN_POINT('Ctrl Pts',(0.108990027312098,0.0516732285572874,
0.234251968503937));
#10233=CARTESIAN_POINT('Ctrl Pts',(0.106942148134964,0.0553879861344134,
0.234251968503937));
#10234=CARTESIAN_POINT('Ctrl Pts',(0.103417890946409,0.0570548645344059,
0.234251968503937));
#10235=CARTESIAN_POINT('Ctrl Pts',(0.0989411318150004,0.0570548645344059,
0.234251968503937));
#10236=CARTESIAN_POINT('',(0.0989411318150004,0.0570548645344059,0.226377952755906));
#10237=CARTESIAN_POINT('',(0.0989411318150004,0.0570548645344059,0.226377952755906));
#10238=CARTESIAN_POINT('Ctrl Pts',(0.108990027312098,0.0483394717573024,
0.226377952755906));
#10239=CARTESIAN_POINT('Ctrl Pts',(0.108990027312098,0.0516732285572874,
0.226377952755906));
#10240=CARTESIAN_POINT('Ctrl Pts',(0.106942148134964,0.0553879861344134,
0.226377952755906));
#10241=CARTESIAN_POINT('Ctrl Pts',(0.103417890946409,0.0570548645344059,
0.226377952755906));
#10242=CARTESIAN_POINT('Ctrl Pts',(0.0989411318150004,0.0570548645344059,
0.226377952755906));
#10243=CARTESIAN_POINT('Origin',(0.0989411318150004,0.0570548645344059,
0.226377952755906));
#10244=CARTESIAN_POINT('',(0.0925117437007437,0.0570548645344059,0.234251968503937));
#10245=CARTESIAN_POINT('',(0.0989411318150004,0.0570548645344059,0.234251968503937));
#10246=CARTESIAN_POINT('',(0.0925117437007437,0.0570548645344059,0.226377952755906));
#10247=CARTESIAN_POINT('',(0.0925117437007437,0.0570548645344059,0.226377952755906));
#10248=CARTESIAN_POINT('',(0.0494705659075004,0.0570548645344059,0.226377952755906));
#10249=CARTESIAN_POINT('Origin',(0.0925117437007437,0.0570548645344059,
0.226377952755906));
#10250=CARTESIAN_POINT('',(0.0925117437007437,0.0386715770373463,0.234251968503937));
#10251=CARTESIAN_POINT('',(0.0925117437007437,0.0570548645344059,0.234251968503937));
#10252=CARTESIAN_POINT('',(0.0925117437007437,0.0386715770373463,0.226377952755906));
#10253=CARTESIAN_POINT('',(0.0925117437007437,0.0386715770373463,0.226377952755906));
#10254=CARTESIAN_POINT('',(0.0925117437007437,0.0580549913223209,0.226377952755906));
#10255=CARTESIAN_POINT('Ctrl Pts',(0.0983220055521461,0.0330994406716572,
0.226377952755906));
#10256=CARTESIAN_POINT('Ctrl Pts',(0.0983220055521461,0.0330994406716572,
0.235826771653544));
#10257=CARTESIAN_POINT('Ctrl Pts',(0.0956550001121583,0.0330994406716572,
0.226377952755906));
#10258=CARTESIAN_POINT('Ctrl Pts',(0.0956550001121583,0.0330994406716572,
0.235826771653544));
#10259=CARTESIAN_POINT('Ctrl Pts',(0.0935594958378819,0.0341471928087953,
0.226377952755906));
#10260=CARTESIAN_POINT('Ctrl Pts',(0.0935594958378819,0.0341471928087953,
0.235826771653544));
#10261=CARTESIAN_POINT('Ctrl Pts',(0.0925117437007437,0.0361474468887863,
0.226377952755906));
#10262=CARTESIAN_POINT('Ctrl Pts',(0.0925117437007437,0.0361474468887863,
0.235826771653544));
#10263=CARTESIAN_POINT('Ctrl Pts',(0.0925117437007437,0.0386715770373463,
0.226377952755906));
#10264=CARTESIAN_POINT('Ctrl Pts',(0.0925117437007437,0.0386715770373463,
0.235826771653544));
#10265=CARTESIAN_POINT('',(0.0983220055521461,0.0330994406716572,0.234251968503937));
#10266=CARTESIAN_POINT('Ctrl Pts',(0.0925117437007437,0.0386715770373463,
0.234251968503937));
#10267=CARTESIAN_POINT('Ctrl Pts',(0.0925117437007437,0.0361474468887863,
0.234251968503937));
#10268=CARTESIAN_POINT('Ctrl Pts',(0.0935594958378819,0.0341471928087953,
0.234251968503937));
#10269=CARTESIAN_POINT('Ctrl Pts',(0.0956550001121583,0.0330994406716572,
0.234251968503937));
#10270=CARTESIAN_POINT('Ctrl Pts',(0.0983220055521461,0.0330994406716572,
0.234251968503937));
#10271=CARTESIAN_POINT('',(0.0983220055521461,0.0330994406716572,0.226377952755906));
#10272=CARTESIAN_POINT('',(0.0983220055521461,0.0330994406716572,0.226377952755906));
#10273=CARTESIAN_POINT('Ctrl Pts',(0.0925117437007437,0.0386715770373463,
0.226377952755906));
#10274=CARTESIAN_POINT('Ctrl Pts',(0.0925117437007437,0.0361474468887863,
0.226377952755906));
#10275=CARTESIAN_POINT('Ctrl Pts',(0.0935594958378819,0.0341471928087953,
0.226377952755906));
#10276=CARTESIAN_POINT('Ctrl Pts',(0.0956550001121583,0.0330994406716572,
0.226377952755906));
#10277=CARTESIAN_POINT('Ctrl Pts',(0.0983220055521461,0.0330994406716572,
0.226377952755906));
#10278=CARTESIAN_POINT('Origin',(0.0983220055521461,0.0330994406716572,
0.226377952755906));
#10279=CARTESIAN_POINT('',(0.0998936337578532,0.0330994406716572,0.234251968503937));
#10280=CARTESIAN_POINT('',(0.0983220055521461,0.0330994406716572,0.234251968503937));
#10281=CARTESIAN_POINT('',(0.0998936337578532,0.0330994406716572,0.226377952755906));
#10282=CARTESIAN_POINT('',(0.0998936337578532,0.0330994406716572,0.226377952755906));
#10283=CARTESIAN_POINT('',(0.0491610027760732,0.0330994406716572,0.226377952755906));
#10284=CARTESIAN_POINT('Origin',(0.0998936337578532,0.0330994406716572,
0.226377952755906));
#10285=CARTESIAN_POINT('',(0.0998936337578532,0.0295275583859591,0.234251968503937));
#10286=CARTESIAN_POINT('',(0.0998936337578532,0.0330994406716572,0.234251968503937));
#10287=CARTESIAN_POINT('',(0.0998936337578532,0.0295275583859591,0.226377952755906));
#10288=CARTESIAN_POINT('',(0.0998936337578532,0.0295275583859591,0.226377952755906));
#10289=CARTESIAN_POINT('',(0.0998936337578532,0.0460772793909465,0.226377952755906));
#10290=CARTESIAN_POINT('Origin',(0.0998936337578532,0.0295275583859591,
0.226377952755906));
#10291=CARTESIAN_POINT('',(0.0774145879065264,0.029527558385959,0.234251968503937));
#10292=CARTESIAN_POINT('',(0.0998936337578532,0.0295275583859591,0.234251968503937));
#10293=CARTESIAN_POINT('',(0.0774145879065264,0.029527558385959,0.226377952755906));
#10294=CARTESIAN_POINT('',(0.0774145879065264,0.029527558385959,0.226377952755906));
#10295=CARTESIAN_POINT('',(0.0499468168789268,0.029527558385959,0.226377952755906));
#10296=CARTESIAN_POINT('Origin',(0.0774145879065264,0.029527558385959,0.226377952755906));
#10297=CARTESIAN_POINT('',(0.0774145879065264,0.0330994406716572,0.234251968503937));
#10298=CARTESIAN_POINT('',(0.0774145879065264,0.029527558385959,0.234251968503937));
#10299=CARTESIAN_POINT('',(0.0774145879065264,0.0330994406716572,0.226377952755906));
#10300=CARTESIAN_POINT('',(0.0774145879065264,0.0330994406716572,0.226377952755906));
#10301=CARTESIAN_POINT('',(0.0774145879065264,0.0442913382480976,0.226377952755906));
#10302=CARTESIAN_POINT('Origin',(0.0774145879065264,0.0330994406716572,
0.226377952755906));
#10303=CARTESIAN_POINT('',(0.0788433408208055,0.0330994406716572,0.234251968503937));
#10304=CARTESIAN_POINT('',(0.0774145879065264,0.0330994406716572,0.234251968503937));
#10305=CARTESIAN_POINT('',(0.0788433408208055,0.0330994406716572,0.226377952755906));
#10306=CARTESIAN_POINT('',(0.0788433408208055,0.0330994406716572,0.226377952755906));
#10307=CARTESIAN_POINT('',(0.0387072939532632,0.0330994406716572,0.226377952755906));
#10308=CARTESIAN_POINT('Ctrl Pts',(0.0846059775750654,0.03910020291163,
0.226377952755906));
#10309=CARTESIAN_POINT('Ctrl Pts',(0.0846059775750654,0.03910020291163,
0.235826771653544));
#10310=CARTESIAN_POINT('Ctrl Pts',(0.0846059775750654,0.0362903221802141,
0.226377952755906));
#10311=CARTESIAN_POINT('Ctrl Pts',(0.0846059775750654,0.0362903221802141,
0.235826771653544));
#10312=CARTESIAN_POINT('Ctrl Pts',(0.0836534756322122,0.0340995677116527,
0.226377952755906));
#10313=CARTESIAN_POINT('Ctrl Pts',(0.0836534756322122,0.0340995677116527,
0.235826771653544));
#10314=CARTESIAN_POINT('Ctrl Pts',(0.0815579713579362,0.0330994406716572,
0.226377952755906));
#10315=CARTESIAN_POINT('Ctrl Pts',(0.0815579713579362,0.0330994406716572,
0.235826771653544));
#10316=CARTESIAN_POINT('Ctrl Pts',(0.0788433408208055,0.0330994406716572,
0.226377952755906));
#10317=CARTESIAN_POINT('Ctrl Pts',(0.0788433408208055,0.0330994406716572,
0.235826771653544));
#10318=CARTESIAN_POINT('',(0.0846059775750654,0.03910020291163,0.234251968503937));
#10319=CARTESIAN_POINT('Ctrl Pts',(0.0788433408208055,0.0330994406716572,
0.234251968503937));
#10320=CARTESIAN_POINT('Ctrl Pts',(0.0815579713579362,0.0330994406716572,
0.234251968503937));
#10321=CARTESIAN_POINT('Ctrl Pts',(0.0836534756322122,0.0340995677116527,
0.234251968503937));
#10322=CARTESIAN_POINT('Ctrl Pts',(0.0846059775750654,0.0362903221802141,
0.234251968503937));
#10323=CARTESIAN_POINT('Ctrl Pts',(0.0846059775750654,0.03910020291163,
0.234251968503937));
#10324=CARTESIAN_POINT('',(0.0846059775750654,0.03910020291163,0.226377952755906));
#10325=CARTESIAN_POINT('',(0.0846059775750654,0.03910020291163,0.226377952755906));
#10326=CARTESIAN_POINT('Ctrl Pts',(0.0788433408208055,0.0330994406716572,
0.226377952755906));
#10327=CARTESIAN_POINT('Ctrl Pts',(0.0815579713579362,0.0330994406716572,
0.226377952755906));
#10328=CARTESIAN_POINT('Ctrl Pts',(0.0836534756322122,0.0340995677116527,
0.226377952755906));
#10329=CARTESIAN_POINT('Ctrl Pts',(0.0846059775750654,0.0362903221802141,
0.226377952755906));
#10330=CARTESIAN_POINT('Ctrl Pts',(0.0846059775750654,0.03910020291163,
0.226377952755906));
#10331=CARTESIAN_POINT('Origin',(0.0846059775750654,0.03910020291163,0.226377952755906));
#10332=CARTESIAN_POINT('',(0.0846059775750654,0.0792481598028772,0.234251968503937));
#10333=CARTESIAN_POINT('',(0.0846059775750654,0.03910020291163,0.234251968503937));
#10334=CARTESIAN_POINT('',(0.0846059775750654,0.0792481598028772,0.226377952755906));
#10335=CARTESIAN_POINT('',(0.0846059775750654,0.0792481598028772,0.226377952755906));
#10336=CARTESIAN_POINT('',(0.0846059775750654,0.0490776605109331,0.226377952755906));
#10337=CARTESIAN_POINT('Ctrl Pts',(0.0794148419865173,0.0850107965571366,
0.226377952755906));
#10338=CARTESIAN_POINT('Ctrl Pts',(0.0794148419865173,0.0850107965571366,
0.235826771653544));
#10339=CARTESIAN_POINT('Ctrl Pts',(0.0817484717465067,0.0850107965571366,
0.226377952755906));
#10340=CARTESIAN_POINT('Ctrl Pts',(0.0817484717465067,0.0850107965571366,
0.235826771653544));
#10341=CARTESIAN_POINT('Ctrl Pts',(0.0836534756322122,0.0840106695171413,
0.226377952755906));
#10342=CARTESIAN_POINT('Ctrl Pts',(0.0836534756322122,0.0840106695171413,
0.235826771653544));
#10343=CARTESIAN_POINT('Ctrl Pts',(0.0846059775750654,0.081915165242865,
0.226377952755906));
#10344=CARTESIAN_POINT('Ctrl Pts',(0.0846059775750654,0.081915165242865,
0.235826771653544));
#10345=CARTESIAN_POINT('Ctrl Pts',(0.0846059775750654,0.0792481598028772,
0.226377952755906));
#10346=CARTESIAN_POINT('Ctrl Pts',(0.0846059775750654,0.0792481598028772,
0.235826771653544));
#10347=CARTESIAN_POINT('',(0.0794148419865173,0.0850107965571366,0.234251968503937));
#10348=CARTESIAN_POINT('Ctrl Pts',(0.0846059775750654,0.0792481598028772,
0.234251968503937));
#10349=CARTESIAN_POINT('Ctrl Pts',(0.0846059775750654,0.081915165242865,
0.234251968503937));
#10350=CARTESIAN_POINT('Ctrl Pts',(0.0836534756322122,0.0840106695171413,
0.234251968503937));
#10351=CARTESIAN_POINT('Ctrl Pts',(0.0817484717465067,0.0850107965571366,
0.234251968503937));
#10352=CARTESIAN_POINT('Ctrl Pts',(0.0794148419865173,0.0850107965571366,
0.234251968503937));
#10353=CARTESIAN_POINT('',(0.0794148419865173,0.0850107965571366,0.226377952755906));
#10354=CARTESIAN_POINT('',(0.0794148419865173,0.0850107965571366,0.226377952755906));
#10355=CARTESIAN_POINT('Ctrl Pts',(0.0846059775750654,0.0792481598028772,
0.226377952755906));
#10356=CARTESIAN_POINT('Ctrl Pts',(0.0846059775750654,0.081915165242865,
0.226377952755906));
#10357=CARTESIAN_POINT('Ctrl Pts',(0.0836534756322122,0.0840106695171413,
0.226377952755906));
#10358=CARTESIAN_POINT('Ctrl Pts',(0.0817484717465067,0.0850107965571366,
0.226377952755906));
#10359=CARTESIAN_POINT('Ctrl Pts',(0.0794148419865173,0.0850107965571366,
0.226377952755906));
#10360=CARTESIAN_POINT('Origin',(0.0794148419865173,0.0850107965571366,
0.226377952755906));
#10361=CARTESIAN_POINT('',(0.0774145879065264,0.0850107965571366,0.234251968503937));
#10362=CARTESIAN_POINT('',(0.0794148419865173,0.0850107965571366,0.234251968503937));
#10363=CARTESIAN_POINT('',(0.0774145879065264,0.0850107965571366,0.226377952755906));
#10364=CARTESIAN_POINT('',(0.0774145879065264,0.0850107965571366,0.226377952755906));
#10365=CARTESIAN_POINT('',(0.0397074209932587,0.0850107965571366,0.226377952755906));
#10366=CARTESIAN_POINT('Origin',(0.0774145879065264,0.0850107965571366,
0.226377952755906));
#10367=CARTESIAN_POINT('',(0.0774145879065264,0.0885826788428346,0.234251968503937));
#10368=CARTESIAN_POINT('',(0.0774145879065264,0.0850107965571366,0.234251968503937));
#10369=CARTESIAN_POINT('',(0.0774145879065264,0.0885826788428346,0.226377952755906));
#10370=CARTESIAN_POINT('',(0.0774145879065264,0.0885826788428346,0.226377952755906));
#10371=CARTESIAN_POINT('',(0.0774145879065264,0.0720329573336862,0.226377952755906));
#10372=CARTESIAN_POINT('Origin',(0.0774145879065264,0.0885826788428346,
0.226377952755906));
#10373=CARTESIAN_POINT('',(0.0774145879065264,0.0885826788428346,0.234251968503937));
#10374=CARTESIAN_POINT('',(0.0387072939532632,0.0885826788428346,0.226377952755906));
#10375=CARTESIAN_POINT('Origin',(0.099111087316689,0.0639842118543744,0.234251968503937));
#10376=CARTESIAN_POINT('Origin',(-0.108267716535433,0.0590551181102358,
0.236220472440945));
#10377=CARTESIAN_POINT('',(-0.108267716535433,0.102362204724409,0.226377952755906));
#10378=CARTESIAN_POINT('',(-0.108267716535433,0.0157480314960628,0.226377952755906));
#10379=CARTESIAN_POINT('Origin',(-0.108267716535433,0.0590551181102358,
0.226377952755906));
#10380=CARTESIAN_POINT('',(-0.108267716535433,0.102362204724409,0.236220472440945));
#10381=CARTESIAN_POINT('',(-0.108267716535433,0.102362204724409,0.236220472440945));
#10382=CARTESIAN_POINT('',(-0.108267716535433,0.0157480314960628,0.236220472440945));
#10383=CARTESIAN_POINT('Origin',(-0.108267716535433,0.0590551181102358,
0.236220472440945));
#10384=CARTESIAN_POINT('',(-0.108267716535433,0.0157480314960628,0.236220472440945));
#10385=CARTESIAN_POINT('Origin',(-0.108267716535433,0.0157480314960628,
0.236220472440945));
#10386=CARTESIAN_POINT('',(0.108267716535433,0.0157480314960629,0.226377952755906));
#10387=CARTESIAN_POINT('',(0.108267716535433,0.0157480314960629,0.226377952755906));
#10388=CARTESIAN_POINT('',(0.108267716535433,0.0157480314960629,0.236220472440945));
#10389=CARTESIAN_POINT('',(-0.0541338582677161,0.0157480314960628,0.236220472440945));
#10390=CARTESIAN_POINT('',(0.108267716535433,0.0157480314960629,0.236220472440945));
#10391=CARTESIAN_POINT('Origin',(0.108267716535433,0.0590551181102362,0.236220472440945));
#10392=CARTESIAN_POINT('',(0.108267716535433,0.102362204724409,0.226377952755906));
#10393=CARTESIAN_POINT('Origin',(0.108267716535433,0.0590551181102362,0.226377952755906));
#10394=CARTESIAN_POINT('',(0.108267716535433,0.102362204724409,0.236220472440945));
#10395=CARTESIAN_POINT('Origin',(0.108267716535433,0.0590551181102362,0.236220472440945));
#10396=CARTESIAN_POINT('',(0.108267716535433,0.102362204724409,0.236220472440945));
#10397=CARTESIAN_POINT('Origin',(0.108267716535433,0.102362204724409,0.236220472440945));
#10398=CARTESIAN_POINT('',(-0.108267716535433,0.102362204724409,0.226377952755906));
#10399=CARTESIAN_POINT('',(0.0541338582677169,0.102362204724409,0.236220472440945));
#10400=CARTESIAN_POINT('Origin',(2.04678040262434E-16,0.0590551181102362,
0.226377952755906));
#10401=CARTESIAN_POINT('Origin',(-0.216535433070866,0.187007874015748,0.216535433070867));
#10402=CARTESIAN_POINT('',(-0.236220472440945,-5.60397044300319E-16,0.216535433070867));
#10403=CARTESIAN_POINT('',(-0.216535433070866,-5.68292678882008E-16,0.236220472440945));
#10404=CARTESIAN_POINT('Origin',(-0.216535433070866,-2.18616135692983E-16,
0.216535433070867));
#10405=CARTESIAN_POINT('',(-0.216535433070866,0.118110236220472,0.236220472440945));
#10406=CARTESIAN_POINT('',(-0.216535433070866,0.187007874015748,0.236220472440945));
#10407=CARTESIAN_POINT('',(-0.236220472440945,0.118110236220472,0.216535433070867));
#10408=CARTESIAN_POINT('Origin',(-0.216535433070866,0.118110236220472,0.216535433070867));
#10409=CARTESIAN_POINT('',(-0.236220472440945,0.187007874015748,0.216535433070867));
#10410=CARTESIAN_POINT('Origin',(-0.18805302146405,0.118110236220472,0.18805302146405));
#10411=CARTESIAN_POINT('',(-0.078740157480315,0.118110236220472,0.236220472440945));
#10412=CARTESIAN_POINT('',(-0.0940265107320252,0.118110236220472,0.236220472440945));
#10413=CARTESIAN_POINT('',(-0.236220472440945,0.118110236220472,0.078740157480315));
#10414=CARTESIAN_POINT('Origin',(-0.078740157480315,0.118110236220472,0.078740157480315));
#10415=CARTESIAN_POINT('',(-0.236220472440945,0.118110236220472,0.0989477705745449));
#10416=CARTESIAN_POINT('Origin',(2.31636700865181E-16,-4.87908051668437E-16,
0.236220472440945));
#10417=CARTESIAN_POINT('',(0.216535433070867,-4.07523424454866E-16,0.236220472440945));
#10418=CARTESIAN_POINT('',(2.31636700865181E-16,-4.87908051668437E-16,0.236220472440945));
#10419=CARTESIAN_POINT('',(0.216535433070867,0.118110236220472,0.236220472440945));
#10420=CARTESIAN_POINT('',(0.216535433070866,0.187007874015748,0.236220472440945));
#10421=CARTESIAN_POINT('',(0.0787401574803154,0.118110236220472,0.236220472440945));
#10422=CARTESIAN_POINT('',(0.0940265107320256,0.118110236220472,0.236220472440945));
#10423=CARTESIAN_POINT('',(0.078740157480315,0.688976377952756,0.236220472440945));
#10424=CARTESIAN_POINT('',(0.078740157480315,0.748031496062992,0.236220472440945));
#10425=CARTESIAN_POINT('',(-0.078740157480315,0.688976377952756,0.236220472440945));
#10426=CARTESIAN_POINT('',(-2.41325675416358E-17,0.688976377952756,0.236220472440945));
#10427=CARTESIAN_POINT('',(-0.078740157480315,0.748031496062992,0.236220472440945));
#10428=CARTESIAN_POINT('',(0.0590551181102366,0.177165354330709,0.236220472440945));
#10429=CARTESIAN_POINT('',(-0.0590551181102362,0.177165354330709,0.236220472440945));
#10430=CARTESIAN_POINT('Origin',(2.09577028316342E-16,0.177165354330709,
0.236220472440945));
#10431=CARTESIAN_POINT('',(-0.0590551181102362,0.610236220472441,0.236220472440945));
#10432=CARTESIAN_POINT('',(-0.0590551181102362,0.30511811023622,0.236220472440945));
#10433=CARTESIAN_POINT('',(0.0590551181102362,0.610236220472441,0.236220472440945));
#10434=CARTESIAN_POINT('Origin',(1.36226909686456E-16,0.610236220472441,
0.236220472440945));
#10435=CARTESIAN_POINT('',(0.0590551181102366,0.0885826771653539,0.236220472440945));
#10436=CARTESIAN_POINT('Origin',(0.216535433070866,0.187007874015748,0.216535433070866));
#10437=CARTESIAN_POINT('',(0.236220472440945,0.118110236220472,0.216535433070866));
#10438=CARTESIAN_POINT('Origin',(0.216535433070867,0.118110236220472,0.216535433070866));
#10439=CARTESIAN_POINT('',(0.236220472440945,-3.85012403107074E-16,0.216535433070866));
#10440=CARTESIAN_POINT('Origin',(0.216535433070867,-5.78468812658406E-17,
0.216535433070866));
#10441=CARTESIAN_POINT('',(0.236220472440945,0.187007874015748,0.216535433070866));
#10442=CARTESIAN_POINT('Origin',(0.188053021464051,0.118110236220472,0.18805302146405));
#10443=CARTESIAN_POINT('',(0.236220472440945,0.118110236220472,0.0787401574803146));
#10444=CARTESIAN_POINT('',(0.236220472440945,0.118110236220472,0.0989477705745449));
#10445=CARTESIAN_POINT('Origin',(0.078740157480315,0.118110236220472,0.078740157480315));
#10446=CARTESIAN_POINT('Origin',(1.07405913353298E-16,0.334645669291339,
0.236220472440945));
#10447=CARTESIAN_POINT('',(0.0196850393700789,0.334645669291339,0.226377952755906));
#10448=CARTESIAN_POINT('Origin',(1.02370332899707E-16,0.334645669291339,
0.226377952755906));
#10449=CARTESIAN_POINT('',(0.0196850393700788,0.334645669291339,0.236220472440945));
#10450=CARTESIAN_POINT('Origin',(3.06751328312534E-17,0.541338582677165,
0.236220472440945));
#10451=CARTESIAN_POINT('',(0.0196850393700788,0.541338582677165,0.226377952755906));
#10452=CARTESIAN_POINT('Origin',(2.56395523776625E-17,0.541338582677165,
0.226377952755906));
#10453=CARTESIAN_POINT('',(0.0196850393700788,0.541338582677165,0.236220472440945));
#10454=CARTESIAN_POINT('Ctrl Pts',(-0.0984251968503939,0.433070866141732,
0.0393700787401579));
#10455=CARTESIAN_POINT('Ctrl Pts',(-0.0984251968503939,0.413385826771654,
0.0393700787401578));
#10456=CARTESIAN_POINT('Ctrl Pts',(-0.118110236220472,0.413385826771654,
0.0393700787401578));
#10457=CARTESIAN_POINT('Ctrl Pts',(-0.137795275590551,0.413385826771654,
0.0393700787401578));
#10458=CARTESIAN_POINT('Ctrl Pts',(-0.137795275590551,0.433070866141732,
0.0393700787401579));
#10459=CARTESIAN_POINT('Ctrl Pts',(-0.0787401574803148,0.433070866141732,
0.039370078740158));
#10460=CARTESIAN_POINT('Ctrl Pts',(-0.0787401574803148,0.393700787401574,
0.0393700787401579));
#10461=CARTESIAN_POINT('Ctrl Pts',(-0.118110236220472,0.393700787401574,
0.0393700787401579));
#10462=CARTESIAN_POINT('Ctrl Pts',(-0.15748031496063,0.393700787401574,
0.0393700787401579));
#10463=CARTESIAN_POINT('Ctrl Pts',(-0.15748031496063,0.433070866141732,
0.0393700787401581));
#10464=CARTESIAN_POINT('Ctrl Pts',(-0.0787401574803149,0.433070866141732,
0.019685039370079));
#10465=CARTESIAN_POINT('Ctrl Pts',(-0.0787401574803148,0.393700787401575,
0.0196850393700788));
#10466=CARTESIAN_POINT('Ctrl Pts',(-0.118110236220472,0.393700787401575,
0.0196850393700788));
#10467=CARTESIAN_POINT('Ctrl Pts',(-0.15748031496063,0.393700787401575,
0.0196850393700788));
#10468=CARTESIAN_POINT('Ctrl Pts',(-0.15748031496063,0.433070866141732,
0.019685039370079));
#10469=CARTESIAN_POINT('',(-0.078740157480315,0.433070866141732,0.019685039370079));
#10470=CARTESIAN_POINT('Origin',(-0.0984251968503937,0.433070866141732,
0.019685039370079));
#10471=CARTESIAN_POINT('',(-0.15748031496063,0.433070866141732,0.019685039370079));
#10472=CARTESIAN_POINT('Origin',(-0.118110236220472,0.433070866141732,0.019685039370079));
#10473=CARTESIAN_POINT('Origin',(-0.137795275590551,0.433070866141732,0.019685039370079));
#10474=CARTESIAN_POINT('Origin',(-0.0984251968503937,0.595919828203291,
0.019685039370079));
#10475=CARTESIAN_POINT('',(-0.078740157480315,0.590551181102362,0.019685039370079));
#10476=CARTESIAN_POINT('Origin',(-0.0984251968503937,0.590551181102362,
0.019685039370079));
#10477=CARTESIAN_POINT('',(-0.078740157480315,0.595919828203291,0.019685039370079));
#10478=CARTESIAN_POINT('Origin',(-0.137795275590551,0.477809591982819,0.019685039370079));
#10479=CARTESIAN_POINT('',(-0.15748031496063,0.669291338582677,0.019685039370079));
#10480=CARTESIAN_POINT('Origin',(-0.137795275590551,0.669291338582677,0.019685039370079));
#10481=CARTESIAN_POINT('',(-0.15748031496063,0.477809591982819,0.019685039370079));
#10482=CARTESIAN_POINT('Origin',(-0.0393700787401575,0.590551181102362,
0.0196850393700789));
#10483=CARTESIAN_POINT('',(-0.0393700787401575,0.62992125984252,0.0196850393700789));
#10484=CARTESIAN_POINT('Origin',(-0.0393700787401575,0.649606299212598,
0.0196850393700789));
#10485=CARTESIAN_POINT('Origin',(-0.0393700787401575,0.590551181102362,
0.0196850393700789));
#10486=CARTESIAN_POINT('Ctrl Pts',(-0.137795275590551,0.669291338582676,
0.0393700787401578));
#10487=CARTESIAN_POINT('Ctrl Pts',(-0.13779527559055,0.688976377952755,
0.0393700787401582));
#10488=CARTESIAN_POINT('Ctrl Pts',(-0.118110236220471,0.688976377952756,
0.0393700787401578));
#10489=CARTESIAN_POINT('Ctrl Pts',(-0.15748031496063,0.669291338582676,
0.0393700787401581));
#10490=CARTESIAN_POINT('Ctrl Pts',(-0.157480314960629,0.708661417322834,
0.0393700787401589));
#10491=CARTESIAN_POINT('Ctrl Pts',(-0.118110236220471,0.708661417322835,
0.0393700787401581));
#10492=CARTESIAN_POINT('Ctrl Pts',(-0.15748031496063,0.669291338582676,
0.0196850393700787));
#10493=CARTESIAN_POINT('Ctrl Pts',(-0.157480314960629,0.708661417322834,
0.0196850393700794));
#10494=CARTESIAN_POINT('Ctrl Pts',(-0.118110236220471,0.708661417322835,
0.0196850393700786));
#10495=CARTESIAN_POINT('',(-0.118110236220472,0.708661417322835,0.019685039370079));
#10496=CARTESIAN_POINT('Origin',(-0.118110236220472,0.688976377952756,0.019685039370079));
#10497=CARTESIAN_POINT('Origin',(-0.118110236220472,0.669291338582677,0.019685039370079));
#10498=CARTESIAN_POINT('Origin',(0.0393700787401574,0.649606299212598,0.0196850393700789));
#10499=CARTESIAN_POINT('',(0.0393700787401574,0.62992125984252,0.0196850393700789));
#10500=CARTESIAN_POINT('Origin',(0.0393700787401574,0.649606299212598,0.0196850393700789));
#10501=CARTESIAN_POINT('',(0.0393700787401574,0.62992125984252,0.0196850393700789));
#10502=CARTESIAN_POINT('Origin',(-0.078740157480315,0.688976377952756,0.019685039370079));
#10503=CARTESIAN_POINT('',(0.118110236220472,0.708661417322835,0.0196850393700789));
#10504=CARTESIAN_POINT('Origin',(0.118110236220472,0.688976377952756,0.0196850393700789));
#10505=CARTESIAN_POINT('',(-0.078740157480315,0.708661417322835,0.019685039370079));
#10506=CARTESIAN_POINT('Origin',(0.0393700787401574,0.590551181102362,0.0196850393700789));
#10507=CARTESIAN_POINT('',(0.078740157480315,0.590551181102362,0.0196850393700789));
#10508=CARTESIAN_POINT('Origin',(0.0984251968503937,0.590551181102362,0.0196850393700789));
#10509=CARTESIAN_POINT('Origin',(0.0393700787401574,0.590551181102362,0.0196850393700789));
#10510=CARTESIAN_POINT('Ctrl Pts',(0.118110236220473,0.688976377952756,
0.0393700787401575));
#10511=CARTESIAN_POINT('Ctrl Pts',(0.137795275590551,0.688976377952756,
0.0393700787401574));
#10512=CARTESIAN_POINT('Ctrl Pts',(0.137795275590551,0.669291338582678,
0.0393700787401574));
#10513=CARTESIAN_POINT('Ctrl Pts',(0.118110236220473,0.708661417322835,
0.0393700787401579));
#10514=CARTESIAN_POINT('Ctrl Pts',(0.157480314960631,0.708661417322835,
0.0393700787401576));
#10515=CARTESIAN_POINT('Ctrl Pts',(0.15748031496063,0.669291338582678,0.0393700787401578));
#10516=CARTESIAN_POINT('Ctrl Pts',(0.118110236220473,0.708661417322834,
0.0196850393700789));
#10517=CARTESIAN_POINT('Ctrl Pts',(0.15748031496063,0.708661417322835,0.0196850393700786));
#10518=CARTESIAN_POINT('Ctrl Pts',(0.15748031496063,0.669291338582678,0.0196850393700788));
#10519=CARTESIAN_POINT('',(0.15748031496063,0.669291338582677,0.0196850393700789));
#10520=CARTESIAN_POINT('Origin',(0.137795275590551,0.669291338582677,0.0196850393700789));
#10521=CARTESIAN_POINT('Origin',(0.118110236220472,0.669291338582677,0.0196850393700789));
#10522=CARTESIAN_POINT('Origin',(0.0984251968503937,0.477809591982819,0.0196850393700789));
#10523=CARTESIAN_POINT('',(0.078740157480315,0.433070866141732,0.0196850393700789));
#10524=CARTESIAN_POINT('Origin',(0.0984251968503937,0.433070866141732,0.0196850393700789));
#10525=CARTESIAN_POINT('',(0.078740157480315,0.477809591982819,0.0196850393700789));
#10526=CARTESIAN_POINT('Origin',(0.137795275590551,0.635289906943449,0.0196850393700789));
#10527=CARTESIAN_POINT('',(0.15748031496063,0.433070866141732,0.0196850393700789));
#10528=CARTESIAN_POINT('Origin',(0.137795275590551,0.433070866141732,0.0196850393700789));
#10529=CARTESIAN_POINT('',(0.15748031496063,0.635289906943449,0.0196850393700789));
#10530=CARTESIAN_POINT('Ctrl Pts',(0.137795275590551,0.433070866141732,
0.0393700787401575));
#10531=CARTESIAN_POINT('Ctrl Pts',(0.137795275590551,0.413385826771654,
0.0393700787401574));
#10532=CARTESIAN_POINT('Ctrl Pts',(0.118110236220472,0.413385826771654,
0.0393700787401575));
#10533=CARTESIAN_POINT('Ctrl Pts',(0.0984251968503938,0.413385826771654,
0.0393700787401575));
#10534=CARTESIAN_POINT('Ctrl Pts',(0.0984251968503938,0.433070866141732,
0.0393700787401576));
#10535=CARTESIAN_POINT('Ctrl Pts',(0.15748031496063,0.433070866141732,0.0393700787401577));
#10536=CARTESIAN_POINT('Ctrl Pts',(0.15748031496063,0.393700787401575,0.0393700787401575));
#10537=CARTESIAN_POINT('Ctrl Pts',(0.118110236220472,0.393700787401575,
0.0393700787401576));
#10538=CARTESIAN_POINT('Ctrl Pts',(0.0787401574803148,0.393700787401575,
0.0393700787401577));
#10539=CARTESIAN_POINT('Ctrl Pts',(0.0787401574803149,0.433070866141732,
0.0393700787401578));
#10540=CARTESIAN_POINT('Ctrl Pts',(0.15748031496063,0.433070866141732,0.0196850393700788));
#10541=CARTESIAN_POINT('Ctrl Pts',(0.15748031496063,0.393700787401575,0.0196850393700786));
#10542=CARTESIAN_POINT('Ctrl Pts',(0.118110236220472,0.393700787401575,
0.0196850393700787));
#10543=CARTESIAN_POINT('Ctrl Pts',(0.0787401574803148,0.393700787401575,
0.0196850393700787));
#10544=CARTESIAN_POINT('Ctrl Pts',(0.0787401574803149,0.433070866141732,
0.0196850393700789));
#10545=CARTESIAN_POINT('Origin',(0.118110236220472,0.433070866141732,0.0196850393700789));
#10546=CARTESIAN_POINT('Origin',(0.15748031496063,0.708661417322835,-0.216535433070866));
#10547=CARTESIAN_POINT('',(0.15748031496063,0.669291338582677,-0.216535433070866));
#10548=CARTESIAN_POINT('',(0.15748031496063,0.669291338582677,-0.216535433070866));
#10549=CARTESIAN_POINT('',(0.15748031496063,0.433070866141732,-0.216535433070866));
#10550=CARTESIAN_POINT('',(0.15748031496063,0.728346456692913,-0.216535433070866));
#10551=CARTESIAN_POINT('',(0.15748031496063,0.433070866141732,-0.216535433070866));
#10552=CARTESIAN_POINT('Origin',(0.118110236220472,0.669291338582677,-0.216535433070866));
#10553=CARTESIAN_POINT('',(0.118110236220472,0.708661417322835,-0.216535433070866));
#10554=CARTESIAN_POINT('',(0.118110236220472,0.708661417322835,-0.216535433070866));
#10555=CARTESIAN_POINT('Origin',(0.118110236220472,0.669291338582677,-0.216535433070866));
#10556=CARTESIAN_POINT('Origin',(-0.15748031496063,0.708661417322835,-0.216535433070866));
#10557=CARTESIAN_POINT('',(-0.118110236220473,0.708661417322835,-0.216535433070866));
#10558=CARTESIAN_POINT('',(-0.118110236220473,0.708661417322835,-0.216535433070866));
#10559=CARTESIAN_POINT('',(-0.0787401574803154,0.708661417322835,-0.216535433070866));
#10560=CARTESIAN_POINT('Origin',(-0.118110236220473,0.669291338582677,-0.216535433070866));
#10561=CARTESIAN_POINT('',(-0.15748031496063,0.669291338582677,-0.216535433070866));
#10562=CARTESIAN_POINT('',(-0.15748031496063,0.669291338582677,-0.216535433070866));
#10563=CARTESIAN_POINT('Origin',(-0.118110236220473,0.669291338582677,-0.216535433070866));
#10564=CARTESIAN_POINT('Origin',(-0.15748031496063,0.393700787401575,-0.216535433070866));
#10565=CARTESIAN_POINT('',(-0.15748031496063,0.433070866141732,-0.216535433070866));
#10566=CARTESIAN_POINT('',(-0.15748031496063,0.433070866141732,-0.216535433070866));
#10567=CARTESIAN_POINT('',(-0.15748031496063,0.570866141732283,-0.216535433070866));
#10568=CARTESIAN_POINT('Origin',(-0.118110236220472,0.433070866141732,-0.216535433070866));
#10569=CARTESIAN_POINT('',(-0.078740157480315,0.433070866141732,-0.216535433070866));
#10570=CARTESIAN_POINT('',(-0.078740157480315,0.433070866141732,-0.216535433070866));
#10571=CARTESIAN_POINT('Origin',(-0.118110236220472,0.433070866141732,-0.216535433070866));
#10572=CARTESIAN_POINT('Origin',(-8.86037294793213E-17,0.561918396564067,
0.0393700787401579));
#10573=CARTESIAN_POINT('Origin',(-0.0393700787401575,0.590551181102362,
-0.216535433070866));
#10574=CARTESIAN_POINT('',(-0.0393700787401579,0.62992125984252,-0.216535433070866));
#10575=CARTESIAN_POINT('',(-0.0393700787401579,0.62992125984252,-0.216535433070866));
#10576=CARTESIAN_POINT('',(-0.0787401574803154,0.590551181102362,-0.216535433070866));
#10577=CARTESIAN_POINT('Origin',(-0.0393700787401575,0.590551181102362,
-0.216535433070866));
#10578=CARTESIAN_POINT('',(-0.0787401574803154,0.590551181102362,-0.216535433070866));
#10579=CARTESIAN_POINT('Origin',(-0.0787401574803154,0.62992125984252,-0.216535433070866));
#10580=CARTESIAN_POINT('',(-0.0787401574803154,0.688976377952756,-0.216535433070866));
#10581=CARTESIAN_POINT('Origin',(-2.77692348555972E-16,0.748031496062992,
-0.216535433070866));
#10582=CARTESIAN_POINT('',(-0.177165354330709,0.748031496062992,-0.216535433070866));
#10583=CARTESIAN_POINT('',(-0.236220472440945,0.688976377952756,-0.216535433070866));
#10584=CARTESIAN_POINT('Origin',(-0.177165354330709,0.688976377952756,-0.216535433070866));
#10585=CARTESIAN_POINT('',(0.177165354330708,0.748031496062992,-0.216535433070866));
#10586=CARTESIAN_POINT('',(-2.77692348555972E-16,0.748031496062992,-0.216535433070866));
#10587=CARTESIAN_POINT('',(0.236220472440944,0.688976377952756,-0.216535433070866));
#10588=CARTESIAN_POINT('Origin',(0.177165354330708,0.688976377952756,-0.216535433070866));
#10589=CARTESIAN_POINT('',(0.236220472440945,-5.0539187882789E-17,-0.216535433070866));
#10590=CARTESIAN_POINT('',(0.236220472440945,-5.0539187882789E-17,-0.216535433070866));
#10591=CARTESIAN_POINT('',(4.09560153308362E-47,-1.38231508479412E-16,-0.216535433070866));
#10592=CARTESIAN_POINT('',(4.09560153308362E-47,-1.38231508479412E-16,-0.216535433070866));
#10593=CARTESIAN_POINT('',(-0.236220472440945,-2.25923829076035E-16,-0.216535433070866));
#10594=CARTESIAN_POINT('',(4.09560153308362E-47,-1.38231508479412E-16,-0.216535433070866));
#10595=CARTESIAN_POINT('',(-0.236220472440945,-2.25923829076035E-16,-0.216535433070866));
#10596=CARTESIAN_POINT('',(0.0393700787401572,0.62992125984252,-0.216535433070866));
#10597=CARTESIAN_POINT('',(0.0393700787401572,0.62992125984252,-0.216535433070866));
#10598=CARTESIAN_POINT('',(0.0787401574803146,0.590551181102362,-0.216535433070866));
#10599=CARTESIAN_POINT('Origin',(0.0393700787401573,0.590551181102362,-0.216535433070866));
#10600=CARTESIAN_POINT('',(0.078740157480315,0.433070866141732,-0.216535433070866));
#10601=CARTESIAN_POINT('',(0.0787401574803146,0.570866141732283,-0.216535433070866));
#10602=CARTESIAN_POINT('Origin',(0.118110236220472,0.433070866141732,-0.216535433070866));
#10603=CARTESIAN_POINT('Origin',(0.118110236220472,0.433070866141732,-0.216535433070866));
#10604=CARTESIAN_POINT('',(0.078740157480315,0.433070866141732,-0.216535433070866));
#10605=CARTESIAN_POINT('Origin',(0.078740157480315,0.393700787401575,-0.216535433070866));
#10606=CARTESIAN_POINT('',(0.0787401574803146,0.590551181102362,-0.216535433070866));
#10607=CARTESIAN_POINT('Origin',(0.0393700787401573,0.590551181102362,-0.216535433070866));
#10608=CARTESIAN_POINT('',(0.0393700787401572,0.62992125984252,-0.216535433070866));
#10609=CARTESIAN_POINT('Origin',(0.0787401574803146,0.62992125984252,-0.216535433070866));
#10610=CARTESIAN_POINT('Origin',(0.177165354330709,0.688976377952756,0.123031496062993));
#10611=CARTESIAN_POINT('',(0.177165354330709,0.748031496062992,0.078740157480315));
#10612=CARTESIAN_POINT('',(0.177165354330709,0.748031496062992,0.123031496062993));
#10613=CARTESIAN_POINT('',(0.236220472440945,0.688976377952756,0.078740157480315));
#10614=CARTESIAN_POINT('Origin',(0.177165354330709,0.688976377952756,0.078740157480315));
#10615=CARTESIAN_POINT('',(0.236220472440945,0.688976377952756,0.123031496062992));
#10616=CARTESIAN_POINT('Origin',(0.078740157480315,0.688976377952756,0.078740157480315));
#10617=CARTESIAN_POINT('',(0.078740157480315,0.748031496062992,0.177165354330709));
#10618=CARTESIAN_POINT('Origin',(0.078740157480315,0.688976377952756,0.177165354330709));
#10619=CARTESIAN_POINT('Origin',(0.078740157480315,0.688976377952756,0.078740157480315));
#10620=CARTESIAN_POINT('Origin',(0.078740157480315,0.748031496062992,0.0787401574803154));
#10621=CARTESIAN_POINT('Origin',(-5.43460502631811E-17,0.688976377952756,
0.177165354330709));
#10622=CARTESIAN_POINT('',(-0.078740157480315,0.748031496062992,0.177165354330709));
#10623=CARTESIAN_POINT('Origin',(-0.078740157480315,0.688976377952756,0.177165354330709));
#10624=CARTESIAN_POINT('',(-7.6269130412337E-17,0.748031496062992,0.177165354330709));
#10625=CARTESIAN_POINT('Origin',(-0.078740157480315,0.688976377952756,0.0787401574803154));
#10626=CARTESIAN_POINT('',(-0.177165354330709,0.748031496062992,0.0787401574803154));
#10627=CARTESIAN_POINT('',(-0.236220472440945,0.688976377952756,0.0787401574803154));
#10628=CARTESIAN_POINT('Origin',(-0.177165354330709,0.688976377952756,0.0787401574803154));
#10629=CARTESIAN_POINT('Origin',(-0.078740157480315,0.688976377952756,0.0787401574803154));
#10630=CARTESIAN_POINT('Origin',(-0.078740157480315,0.748031496062992,0.0787401574803154));
#10631=CARTESIAN_POINT('Origin',(-0.177165354330709,0.688976377952756,0.123031496062993));
#10632=CARTESIAN_POINT('',(-0.236220472440945,0.688976377952756,0.123031496062993));
#10633=CARTESIAN_POINT('',(-0.177165354330709,0.748031496062992,0.123031496062993));
#10634=CARTESIAN_POINT('Origin',(-4.60556476907917E-17,0.748031496062992,
0.236220472440945));
#10635=CARTESIAN_POINT('Origin',(2.09577028316342E-16,0.177165354330709,
0.236220472440945));
#10636=CARTESIAN_POINT('',(-0.0590551181102362,0.177165354330709,0.226377952755906));
#10637=CARTESIAN_POINT('',(0.0590551181102366,0.177165354330709,0.226377952755906));
#10638=CARTESIAN_POINT('Origin',(2.04541447862751E-16,0.177165354330709,
0.226377952755906));
#10639=CARTESIAN_POINT('',(-0.0590551181102362,0.177165354330709,0.236220472440945));
#10640=CARTESIAN_POINT('',(0.0590551181102366,0.177165354330709,0.236220472440945));
#10641=CARTESIAN_POINT('Origin',(0.0590551181102366,0.177165354330709,0.236220472440945));
#10642=CARTESIAN_POINT('',(0.0590551181102362,0.610236220472441,0.226377952755906));
#10643=CARTESIAN_POINT('',(0.0590551181102366,0.177165354330709,0.226377952755906));
#10644=CARTESIAN_POINT('',(0.0590551181102362,0.610236220472441,0.236220472440945));
#10645=CARTESIAN_POINT('Origin',(1.36226909686456E-16,0.610236220472441,
0.236220472440945));
#10646=CARTESIAN_POINT('',(-0.0590551181102362,0.610236220472441,0.226377952755906));
#10647=CARTESIAN_POINT('Origin',(1.31191329232865E-16,0.610236220472441,
0.226377952755906));
#10648=CARTESIAN_POINT('',(-0.0590551181102362,0.610236220472441,0.236220472440945));
#10649=CARTESIAN_POINT('Origin',(-0.0590551181102362,0.610236220472441,
0.236220472440945));
#10650=CARTESIAN_POINT('',(-0.0590551181102362,0.610236220472441,0.226377952755906));
#10651=CARTESIAN_POINT('Origin',(1.79935098420494E-16,0.393700787401575,
0.226377952755906));
#10652=CARTESIAN_POINT('Origin',(0.078740157480315,0.748031496062992,0.0787401574803154));
#10653=CARTESIAN_POINT('',(0.236220472440945,0.748031496062992,0.078740157480315));
#10654=CARTESIAN_POINT('Origin',(-0.078740157480315,0.748031496062992,0.0787401574803154));
#10655=CARTESIAN_POINT('',(-0.236220472440945,0.748031496062992,0.0787401574803154));
#10656=CARTESIAN_POINT('Origin',(0.236220472440945,0.374015748031496,0.00984251968503945));
#10657=CARTESIAN_POINT('',(0.236220472440945,-4.00215731071815E-16,0.236220472440945));
#10658=CARTESIAN_POINT('Origin',(3.15398184704453E-16,-0.551181102362205,
2.18547839493141E-16));
#10659=CARTESIAN_POINT('',(0.0866141732283468,-0.551181102362205,1.74838271594513E-16));
#10660=CARTESIAN_POINT('Origin',(3.15398184704453E-16,-0.551181102362205,
2.18547839493141E-16));
#10661=CARTESIAN_POINT('',(0.0866141732283468,-0.551181102362205,1.63627554501052E-16));
#10662=CARTESIAN_POINT('Origin',(3.11744338012927E-16,-0.541338582677165,
2.18547839493141E-16));
#10663=CARTESIAN_POINT('',(4.0326361471648E-16,-0.551181102362205,0.116141732283465));
#10664=CARTESIAN_POINT('Origin',(3.15398184704453E-16,-0.551181102362205,
2.18547839493141E-16));
#10665=CARTESIAN_POINT('',(3.7619976781889E-16,-0.541338582677165,0.125984251968504));
#10666=CARTESIAN_POINT('Origin',(3.56940927296462E-16,-0.541338582677165,
0.116141732283465));
#10667=CARTESIAN_POINT('',(2.62717529298584E-16,-0.541338582677165,-0.125984251968504));
#10668=CARTESIAN_POINT('Origin',(3.11744338012927E-16,-0.541338582677165,
2.18547839493141E-16));
#10669=CARTESIAN_POINT('Origin',(3.11744338012927E-16,-0.541338582677165,
2.18547839493141E-16));
#10670=CARTESIAN_POINT('Origin',(1.73994317742398E-16,-0.170275590551181,
2.18547839493141E-16));
#10671=CARTESIAN_POINT('',(-1.64363579339991E-17,0.210629921259843,-0.125984251968504));
#10672=CARTESIAN_POINT('',(1.24967509028055E-16,-0.170275590551181,-0.125984251968504));
#10673=CARTESIAN_POINT('',(9.70458805863075E-17,0.210629921259843,0.125984251968504));
#10674=CARTESIAN_POINT('Origin',(3.25904507803441E-17,0.210629921259843,
2.18547839493141E-16));
#10675=CARTESIAN_POINT('Origin',(3.25904507803441E-17,0.210629921259843,
2.18547839493141E-16));
#10676=CARTESIAN_POINT('Origin',(3.15398184704453E-16,-0.551181102362205,
2.18547839493141E-16));
#10677=CARTESIAN_POINT('Origin',(3.11744338012927E-16,-0.541338582677165,
2.18547839493141E-16));
#10678=CARTESIAN_POINT('',(1.96820296653352E-16,-0.551181102362205,-0.187007874015748));
#10679=CARTESIAN_POINT('Origin',(3.15398184704453E-16,-0.551181102362205,
2.18547839493141E-16));
#10680=CARTESIAN_POINT('',(1.994073914382E-16,-0.541338582677165,-0.177165354330708));
#10681=CARTESIAN_POINT('Origin',(1.93166449961826E-16,-0.541338582677165,
-0.187007874015748));
#10682=CARTESIAN_POINT('Origin',(3.11744338012927E-16,-0.541338582677165,
2.18547839493141E-16));
#10683=CARTESIAN_POINT('Origin',(3.15398184704453E-16,-0.551181102362205,
2.18547839493141E-16));
#10684=CARTESIAN_POINT('',(1.84338413700605E-16,-0.551181102362205,-0.206692913385827));
#10685=CARTESIAN_POINT('Origin',(3.15398184704453E-16,-0.551181102362205,
2.18547839493141E-16));
#10686=CARTESIAN_POINT('Origin',(1.73994317742398E-16,-0.170275590551181,
2.18547839493141E-16));
#10687=CARTESIAN_POINT('',(1.2323089894498E-16,0.210629921259843,0.177165354330709));
#10688=CARTESIAN_POINT('',(-3.6353498974201E-17,0.210629921259842,-0.177165354330708));
#10689=CARTESIAN_POINT('Origin',(3.25904507803441E-17,0.210629921259843,
2.18547839493141E-16));
#10690=CARTESIAN_POINT('Origin',(3.25904507803441E-17,0.210629921259843,
2.18547839493141E-16));
#10691=CARTESIAN_POINT('',(1.05050367987853E-16,-0.170275590551181,-0.177165354330708));
#10692=CARTESIAN_POINT('Origin',(3.11744338012927E-16,-0.541338582677165,
2.18547839493141E-16));
#10693=CARTESIAN_POINT('',(-0.216535433070866,-0.541338582677165,3.05966975290398E-16));
#10694=CARTESIAN_POINT('',(1.74443625532705E-16,-0.541338582677165,-0.216535433070866));
#10695=CARTESIAN_POINT('Origin',(3.11744338012927E-16,-0.541338582677165,
2.18547839493141E-16));
#10696=CARTESIAN_POINT('Origin',(1.80684567009079E-16,-0.541338582677165,
-0.206692913385827));
#10697=CARTESIAN_POINT('Origin',(3.11744338012927E-16,-0.541338582677165,
2.18547839493141E-16));
#10698=CARTESIAN_POINT('Origin',(1.10782769979E-16,-1.38231508479412E-16,
2.18547839493141E-16));
#10699=CARTESIAN_POINT('',(-0.216535433070866,-5.13795280808401E-17,3.02812666970918E-16));
#10700=CARTESIAN_POINT('',(-0.216535433070866,-2.18616135692983E-16,3.02812666970918E-16));
#10701=CARTESIAN_POINT('Origin',(1.10782769979E-16,-1.38231508479412E-16,
2.18547839493141E-16));
#10702=CARTESIAN_POINT('Origin',(1.10782769979E-16,-1.38231508479412E-16,
2.18547839493141E-16));
#10703=CARTESIAN_POINT('Origin',(3.25904507803441E-17,0.210629921259843,
2.18547839493141E-16));
#10704=CARTESIAN_POINT('Origin',(9.15758300147882E-17,0.210629921259843,
0.151574803149607));
#10705=CARTESIAN_POINT('Origin',(4.09560153308362E-47,-1.38231508479412E-16,
-0.216535433070866));
#10706=CARTESIAN_POINT('',(-0.236220472440945,-5.75600372265059E-16,0.236220472440945));
#10707=CARTESIAN_POINT('Origin',(-0.236220472440945,0.374015748031496,0.00984251968503976));
#10708=CARTESIAN_POINT('',(0.,0.,0.));
#10709=CARTESIAN_POINT('Origin',(0.0503937007874015,-0.133858267716535,
0.));
#10710=CARTESIAN_POINT('',(0.0503937007874015,-0.125984251968504,-0.0393700787401575));
#10711=CARTESIAN_POINT('Origin',(0.0503937007874015,-0.125984251968504,
0.));
#10712=CARTESIAN_POINT('',(0.0503937007874015,-0.133858267716535,-0.0314960629921261));
#10713=CARTESIAN_POINT('',(0.0503937007874015,-0.133858267716535,-0.0314960629921261));
#10714=CARTESIAN_POINT('Origin',(0.0503937007874015,-0.133858267716535,
0.));
#10715=CARTESIAN_POINT('Origin',(0.0503937007874015,-0.133858267716535,
0.));
#10716=CARTESIAN_POINT('',(0.0503937007874015,0.,-0.0393700787401575));
#10717=CARTESIAN_POINT('Origin',(0.0503937007874015,0.,0.));
#10718=CARTESIAN_POINT('',(0.0503937007874015,-0.133858267716535,-0.0393700787401575));
#10719=CARTESIAN_POINT('Origin',(0.0503937007874015,-0.133858267716535,
0.));
#10720=CARTESIAN_POINT('Origin',(0.0503937007874015,0.,0.));
#10721=CARTESIAN_POINT('Origin',(-0.215748031496063,-0.179527559055118,
-0.184251968503937));
#10722=CARTESIAN_POINT('',(-0.215748031496063,-0.102362204724409,-0.184251968503937));
#10723=CARTESIAN_POINT('',(-0.215748031496063,0.,-0.184251968503937));
#10724=CARTESIAN_POINT('',(-0.215748031496063,-0.179527559055118,-0.184251968503937));
#10725=CARTESIAN_POINT('',(-0.184251968503937,-0.102362204724409,-0.184251968503937));
#10726=CARTESIAN_POINT('',(-1.0322844488189,-0.102362204724409,-0.184251968503937));
#10727=CARTESIAN_POINT('',(-0.184251968503937,-0.031496062992126,-0.184251968503937));
#10728=CARTESIAN_POINT('',(-0.184251968503937,-0.179527559055118,-0.184251968503937));
#10729=CARTESIAN_POINT('',(-0.182677165354331,-0.031496062992126,-0.184251968503937));
#10730=CARTESIAN_POINT('',(-0.215748031496063,-0.0314960629921261,-0.184251968503937));
#10731=CARTESIAN_POINT('',(-0.182677165354331,0.,-0.184251968503937));
#10732=CARTESIAN_POINT('',(-0.182677165354331,-0.179527559055118,-0.184251968503937));
#10733=CARTESIAN_POINT('',(-0.215748031496063,0.,-0.184251968503937));
#10734=CARTESIAN_POINT('Origin',(-0.215748031496063,-0.179527559055118,
-0.215748031496063));
#10735=CARTESIAN_POINT('',(-0.215748031496063,-0.102362204724409,-0.215748031496063));
#10736=CARTESIAN_POINT('',(-0.215748031496063,-0.102362204724409,-0.236220472440945));
#10737=CARTESIAN_POINT('',(-0.215748031496063,0.,-0.215748031496063));
#10738=CARTESIAN_POINT('',(-0.215748031496063,0.,-0.215748031496063));
#10739=CARTESIAN_POINT('',(-0.215748031496063,-0.179527559055118,-0.215748031496063));
#10740=CARTESIAN_POINT('Origin',(-0.215748031496063,-0.179527559055118,
-0.215748031496063));
#10741=CARTESIAN_POINT('',(-0.184251968503937,-0.031496062992126,-0.215748031496063));
#10742=CARTESIAN_POINT('',(-0.184251968503937,-0.102362204724409,-0.215748031496063));
#10743=CARTESIAN_POINT('',(-0.184251968503937,-0.179527559055118,-0.215748031496063));
#10744=CARTESIAN_POINT('',(-1.0322844488189,-0.102362204724409,-0.215748031496063));
#10745=CARTESIAN_POINT('',(-0.182677165354331,0.,-0.215748031496063));
#10746=CARTESIAN_POINT('',(-0.215748031496063,0.,-0.215748031496063));
#10747=CARTESIAN_POINT('',(-0.182677165354331,-0.031496062992126,-0.215748031496063));
#10748=CARTESIAN_POINT('',(-0.182677165354331,-0.179527559055118,-0.215748031496063));
#10749=CARTESIAN_POINT('',(-0.215748031496063,-0.0314960629921261,-0.215748031496063));
#10750=CARTESIAN_POINT('Origin',(0.0503937007874015,-0.133858267716535,
0.));
#10751=CARTESIAN_POINT('',(-0.207308686852563,-0.133858267716535,-0.192691313147437));
#10752=CARTESIAN_POINT('',(-0.192691313147437,-0.133858267716535,-0.192691313147437));
#10753=CARTESIAN_POINT('',(-1.0322844488189,-0.133858267716535,-0.192691313147437));
#10754=CARTESIAN_POINT('',(-0.207308686852563,-0.133858267716535,-0.207308686852563));
#10755=CARTESIAN_POINT('',(-0.207308686852563,-0.133858267716535,0.));
#10756=CARTESIAN_POINT('',(-0.192691313147437,-0.133858267716535,-0.207308686852563));
#10757=CARTESIAN_POINT('',(-1.0322844488189,-0.133858267716535,-0.207308686852563));
#10758=CARTESIAN_POINT('',(-0.192691313147437,-0.133858267716535,0.));
#10759=CARTESIAN_POINT('Origin',(-0.182677165354331,-0.179527559055118,
-0.215748031496063));
#10760=CARTESIAN_POINT('',(-0.182677165354331,-0.031496062992126,-0.236220472440945));
#10761=CARTESIAN_POINT('',(-0.182677165354331,0.,-0.215748031496063));
#10762=CARTESIAN_POINT('Origin',(0.,0.,0.));
#10763=CARTESIAN_POINT('Origin',(8.53702498020066E-17,-0.0314960629921255,
-0.236220472440945));
#10764=CARTESIAN_POINT('',(-0.184251968503937,-0.031496062992126,-0.236220472440945));
#10765=CARTESIAN_POINT('Origin',(-0.184251968503937,0.,-0.236220472440945));
#10766=CARTESIAN_POINT('',(-0.184251968503937,-0.10236220472441,-0.236220472440945));
#10767=CARTESIAN_POINT('Origin',(-0.146318875781717,0.0392060246031401,
-0.236220472440945));
#10768=CARTESIAN_POINT('',(-0.151963052677222,0.0181416696622098,-0.151963052677222));
#10769=CARTESIAN_POINT('',(-0.147415085537764,0.0351149140978176,-0.252584914462235));
#10770=CARTESIAN_POINT('Origin',(-0.226886204975172,-0.0607939753968581,
-0.236220472440945));
#10771=CARTESIAN_POINT('',(-0.222924259204907,-0.0755801583083207,-0.177075740795093));
#10772=CARTESIAN_POINT('',(-0.227472226344364,-0.0586069138727129,-0.227472226344364));
#10773=CARTESIAN_POINT('Origin',(-1.0322844488189,-0.102362204724409,-0.215748031496063));
#10774=CARTESIAN_POINT('Origin',(-1.0322844488189,-0.102362204724409,-0.184251968503937));
#10775=CARTESIAN_POINT('Origin',(-0.215748031496063,-0.179527559055118,
0.215748031496063));
#10776=CARTESIAN_POINT('',(-0.215748031496063,-0.102362204724409,0.215748031496063));
#10777=CARTESIAN_POINT('',(-0.215748031496063,0.,0.215748031496063));
#10778=CARTESIAN_POINT('',(-0.215748031496063,-0.179527559055118,0.215748031496063));
#10779=CARTESIAN_POINT('',(-0.184251968503937,-0.102362204724409,0.215748031496063));
#10780=CARTESIAN_POINT('',(-1.0322844488189,-0.102362204724409,0.215748031496063));
#10781=CARTESIAN_POINT('',(-0.184251968503937,-0.031496062992126,0.215748031496063));
#10782=CARTESIAN_POINT('',(-0.184251968503937,-0.179527559055118,0.215748031496063));
#10783=CARTESIAN_POINT('',(-0.182677165354331,-0.031496062992126,0.215748031496063));
#10784=CARTESIAN_POINT('',(-0.215748031496063,-0.0314960629921261,0.215748031496063));
#10785=CARTESIAN_POINT('',(-0.182677165354331,0.,0.215748031496063));
#10786=CARTESIAN_POINT('',(-0.182677165354331,-0.179527559055118,0.215748031496063));
#10787=CARTESIAN_POINT('',(-0.215748031496063,0.,0.215748031496063));
#10788=CARTESIAN_POINT('Origin',(-0.215748031496063,-0.179527559055118,
0.184251968503937));
#10789=CARTESIAN_POINT('',(-0.215748031496063,-0.102362204724409,0.184251968503937));
#10790=CARTESIAN_POINT('',(-0.215748031496063,-0.102362204724409,-0.236220472440945));
#10791=CARTESIAN_POINT('',(-0.215748031496063,0.,0.184251968503937));
#10792=CARTESIAN_POINT('',(-0.215748031496063,0.,0.184251968503937));
#10793=CARTESIAN_POINT('',(-0.215748031496063,-0.179527559055118,0.184251968503937));
#10794=CARTESIAN_POINT('Origin',(-0.215748031496063,-0.179527559055118,
0.184251968503937));
#10795=CARTESIAN_POINT('',(-0.184251968503937,-0.031496062992126,0.184251968503937));
#10796=CARTESIAN_POINT('',(-0.184251968503937,-0.102362204724409,0.184251968503937));
#10797=CARTESIAN_POINT('',(-0.184251968503937,-0.179527559055118,0.184251968503937));
#10798=CARTESIAN_POINT('',(-1.0322844488189,-0.102362204724409,0.184251968503937));
#10799=CARTESIAN_POINT('',(-0.182677165354331,0.,0.184251968503937));
#10800=CARTESIAN_POINT('',(-0.215748031496063,0.,0.184251968503937));
#10801=CARTESIAN_POINT('',(-0.182677165354331,-0.031496062992126,0.184251968503937));
#10802=CARTESIAN_POINT('',(-0.182677165354331,-0.179527559055118,0.184251968503937));
#10803=CARTESIAN_POINT('',(-0.215748031496063,-0.0314960629921261,0.184251968503937));
#10804=CARTESIAN_POINT('Origin',(0.0503937007874015,-0.133858267716535,
0.));
#10805=CARTESIAN_POINT('',(-0.207308686852563,-0.133858267716535,0.207308686852563));
#10806=CARTESIAN_POINT('',(-0.192691313147437,-0.133858267716535,0.207308686852563));
#10807=CARTESIAN_POINT('',(-1.0322844488189,-0.133858267716535,0.207308686852563));
#10808=CARTESIAN_POINT('',(-0.207308686852563,-0.133858267716535,0.192691313147437));
#10809=CARTESIAN_POINT('',(-0.207308686852563,-0.133858267716535,0.));
#10810=CARTESIAN_POINT('',(-0.192691313147437,-0.133858267716535,0.192691313147437));
#10811=CARTESIAN_POINT('',(-1.0322844488189,-0.133858267716535,0.192691313147437));
#10812=CARTESIAN_POINT('',(-0.192691313147437,-0.133858267716535,0.));
#10813=CARTESIAN_POINT('Origin',(-0.182677165354331,-0.179527559055118,
0.184251968503937));
#10814=CARTESIAN_POINT('',(-0.182677165354331,-0.031496062992126,-0.236220472440945));
#10815=CARTESIAN_POINT('',(-0.182677165354331,0.,0.184251968503937));
#10816=CARTESIAN_POINT('Origin',(0.,0.,0.));
#10817=CARTESIAN_POINT('Origin',(8.53702498020066E-17,-0.0314960629921255,
-0.236220472440945));
#10818=CARTESIAN_POINT('',(-0.184251968503937,-0.031496062992126,-0.236220472440945));
#10819=CARTESIAN_POINT('Origin',(-0.184251968503937,0.,-0.236220472440945));
#10820=CARTESIAN_POINT('',(-0.184251968503937,-0.10236220472441,-0.236220472440945));
#10821=CARTESIAN_POINT('Origin',(-0.146318875781717,0.0392060246031401,
-0.236220472440945));
#10822=CARTESIAN_POINT('',(-0.177075740795093,-0.0755801583083203,0.222924259204907));
#10823=CARTESIAN_POINT('',(-0.122302397419893,0.128836742068348,0.122302397419893));
#10824=CARTESIAN_POINT('Origin',(-0.226886204975172,-0.0607939753968581,
-0.236220472440945));
#10825=CARTESIAN_POINT('',(-0.197811571087035,-0.169301986278851,0.197811571087035));
#10826=CARTESIAN_POINT('',(-0.252584914462235,0.0351149140978172,0.147415085537765));
#10827=CARTESIAN_POINT('Origin',(-1.0322844488189,-0.102362204724409,0.184251968503937));
#10828=CARTESIAN_POINT('Origin',(-1.0322844488189,-0.102362204724409,0.215748031496063));
#10829=CARTESIAN_POINT('Origin',(0.182677165354331,-0.179527559055118,0.215748031496063));
#10830=CARTESIAN_POINT('',(0.184251968503937,-0.102362204724409,0.215748031496063));
#10831=CARTESIAN_POINT('',(0.184251968503937,-0.0314960629921259,0.215748031496063));
#10832=CARTESIAN_POINT('',(0.184251968503937,-0.179527559055118,0.215748031496063));
#10833=CARTESIAN_POINT('',(0.215748031496063,-0.102362204724409,0.215748031496063));
#10834=CARTESIAN_POINT('',(-1.0322844488189,-0.102362204724409,0.215748031496063));
#10835=CARTESIAN_POINT('',(0.215748031496063,0.,0.215748031496063));
#10836=CARTESIAN_POINT('',(0.215748031496063,-0.179527559055118,0.215748031496063));
#10837=CARTESIAN_POINT('',(0.182677165354331,0.,0.215748031496063));
#10838=CARTESIAN_POINT('',(0.182677165354331,0.,0.215748031496063));
#10839=CARTESIAN_POINT('',(0.182677165354331,-0.0314960629921259,0.215748031496063));
#10840=CARTESIAN_POINT('',(0.182677165354331,-0.179527559055118,0.215748031496063));
#10841=CARTESIAN_POINT('',(0.182677165354331,-0.0314960629921259,0.215748031496063));
#10842=CARTESIAN_POINT('Origin',(0.182677165354331,-0.179527559055118,0.184251968503937));
#10843=CARTESIAN_POINT('',(0.182677165354331,-0.0314960629921259,0.184251968503937));
#10844=CARTESIAN_POINT('',(0.182677165354331,-0.0314960629921259,-0.236220472440945));
#10845=CARTESIAN_POINT('',(0.182677165354331,0.,0.184251968503937));
#10846=CARTESIAN_POINT('',(0.182677165354331,0.,0.184251968503937));
#10847=CARTESIAN_POINT('',(0.182677165354331,-0.179527559055118,0.184251968503937));
#10848=CARTESIAN_POINT('Origin',(0.182677165354331,-0.179527559055118,0.184251968503937));
#10849=CARTESIAN_POINT('',(0.215748031496063,-0.102362204724409,0.184251968503937));
#10850=CARTESIAN_POINT('',(0.215748031496063,0.,0.184251968503937));
#10851=CARTESIAN_POINT('',(0.215748031496063,-0.179527559055118,0.184251968503937));
#10852=CARTESIAN_POINT('',(0.184251968503937,-0.102362204724409,0.184251968503937));
#10853=CARTESIAN_POINT('',(-1.0322844488189,-0.102362204724409,0.184251968503937));
#10854=CARTESIAN_POINT('',(0.184251968503937,-0.0314960629921259,0.184251968503937));
#10855=CARTESIAN_POINT('',(0.184251968503937,-0.179527559055118,0.184251968503937));
#10856=CARTESIAN_POINT('',(0.182677165354331,-0.0314960629921259,0.184251968503937));
#10857=CARTESIAN_POINT('',(0.182677165354331,0.,0.184251968503937));
#10858=CARTESIAN_POINT('Origin',(0.0503937007874015,-0.133858267716535,
0.));
#10859=CARTESIAN_POINT('',(0.192691313147437,-0.133858267716535,0.207308686852563));
#10860=CARTESIAN_POINT('',(0.207308686852563,-0.133858267716535,0.207308686852563));
#10861=CARTESIAN_POINT('',(-1.0322844488189,-0.133858267716535,0.207308686852563));
#10862=CARTESIAN_POINT('',(0.192691313147437,-0.133858267716535,0.192691313147437));
#10863=CARTESIAN_POINT('',(0.192691313147437,-0.133858267716535,0.));
#10864=CARTESIAN_POINT('',(0.207308686852563,-0.133858267716536,0.192691313147437));
#10865=CARTESIAN_POINT('',(-1.0322844488189,-0.133858267716535,0.192691313147437));
#10866=CARTESIAN_POINT('',(0.207308686852563,-0.133858267716535,0.));
#10867=CARTESIAN_POINT('Origin',(0.215748031496063,-0.179527559055118,0.184251968503937));
#10868=CARTESIAN_POINT('',(0.215748031496063,-0.102362204724409,-0.236220472440945));
#10869=CARTESIAN_POINT('',(0.215748031496063,0.,0.184251968503937));
#10870=CARTESIAN_POINT('Origin',(0.,0.,0.));
#10871=CARTESIAN_POINT('Origin',(0.,-0.0314960629921259,-0.236220472440945));
#10872=CARTESIAN_POINT('',(0.184251968503937,-0.0314960629921259,-0.236220472440945));
#10873=CARTESIAN_POINT('Origin',(0.184251968503937,0.,-0.236220472440945));
#10874=CARTESIAN_POINT('',(0.184251968503937,-0.102362204724409,-0.236220472440945));
#10875=CARTESIAN_POINT('Origin',(0.146318875781717,0.0392060246031398,-0.236220472440945));
#10876=CARTESIAN_POINT('',(0.177075740795093,-0.0755801583083207,0.222924259204907));
#10877=CARTESIAN_POINT('',(0.122302397419893,0.128836742068347,0.122302397419893));
#10878=CARTESIAN_POINT('Origin',(0.226886204975172,-0.0607939753968578,
-0.236220472440945));
#10879=CARTESIAN_POINT('',(0.197811571087035,-0.169301986278851,0.197811571087035));
#10880=CARTESIAN_POINT('',(0.252584914462235,0.0351149140978176,0.147415085537765));
#10881=CARTESIAN_POINT('Origin',(-1.0322844488189,-0.102362204724409,0.184251968503937));
#10882=CARTESIAN_POINT('Origin',(-1.0322844488189,-0.102362204724409,0.215748031496063));
#10883=CARTESIAN_POINT('Origin',(0.182677165354331,-0.179527559055118,-0.184251968503937));
#10884=CARTESIAN_POINT('',(0.184251968503937,-0.102362204724409,-0.184251968503937));
#10885=CARTESIAN_POINT('',(0.184251968503937,-0.0314960629921259,-0.184251968503937));
#10886=CARTESIAN_POINT('',(0.184251968503937,-0.179527559055118,-0.184251968503937));
#10887=CARTESIAN_POINT('',(0.215748031496063,-0.102362204724409,-0.184251968503937));
#10888=CARTESIAN_POINT('',(-1.0322844488189,-0.102362204724409,-0.184251968503937));
#10889=CARTESIAN_POINT('',(0.215748031496063,0.,-0.184251968503937));
#10890=CARTESIAN_POINT('',(0.215748031496063,-0.179527559055118,-0.184251968503937));
#10891=CARTESIAN_POINT('',(0.182677165354331,0.,-0.184251968503937));
#10892=CARTESIAN_POINT('',(0.182677165354331,0.,-0.184251968503937));
#10893=CARTESIAN_POINT('',(0.182677165354331,-0.0314960629921259,-0.184251968503937));
#10894=CARTESIAN_POINT('',(0.182677165354331,-0.179527559055118,-0.184251968503937));
#10895=CARTESIAN_POINT('',(0.182677165354331,-0.0314960629921259,-0.184251968503937));
#10896=CARTESIAN_POINT('Origin',(0.182677165354331,-0.179527559055118,-0.215748031496063));
#10897=CARTESIAN_POINT('',(0.182677165354331,-0.0314960629921259,-0.215748031496063));
#10898=CARTESIAN_POINT('',(0.182677165354331,-0.0314960629921259,-0.236220472440945));
#10899=CARTESIAN_POINT('',(0.182677165354331,0.,-0.215748031496063));
#10900=CARTESIAN_POINT('',(0.182677165354331,0.,-0.215748031496063));
#10901=CARTESIAN_POINT('',(0.182677165354331,-0.179527559055118,-0.215748031496063));
#10902=CARTESIAN_POINT('Origin',(0.182677165354331,-0.179527559055118,-0.215748031496063));
#10903=CARTESIAN_POINT('',(0.215748031496063,-0.102362204724409,-0.215748031496063));
#10904=CARTESIAN_POINT('',(0.215748031496063,0.,-0.215748031496063));
#10905=CARTESIAN_POINT('',(0.215748031496063,-0.179527559055118,-0.215748031496063));
#10906=CARTESIAN_POINT('',(0.184251968503937,-0.102362204724409,-0.215748031496063));
#10907=CARTESIAN_POINT('',(-1.0322844488189,-0.102362204724409,-0.215748031496063));
#10908=CARTESIAN_POINT('',(0.184251968503937,-0.0314960629921259,-0.215748031496063));
#10909=CARTESIAN_POINT('',(0.184251968503937,-0.179527559055118,-0.215748031496063));
#10910=CARTESIAN_POINT('',(0.182677165354331,-0.0314960629921259,-0.215748031496063));
#10911=CARTESIAN_POINT('',(0.182677165354331,0.,-0.215748031496063));
#10912=CARTESIAN_POINT('Origin',(0.0503937007874015,-0.133858267716535,
0.));
#10913=CARTESIAN_POINT('',(0.192691313147437,-0.133858267716535,-0.192691313147437));
#10914=CARTESIAN_POINT('',(0.207308686852563,-0.133858267716535,-0.192691313147437));
#10915=CARTESIAN_POINT('',(-1.0322844488189,-0.133858267716535,-0.192691313147437));
#10916=CARTESIAN_POINT('',(0.192691313147436,-0.133858267716535,-0.207308686852563));
#10917=CARTESIAN_POINT('',(0.192691313147437,-0.133858267716535,0.));
#10918=CARTESIAN_POINT('',(0.207308686852563,-0.133858267716535,-0.207308686852563));
#10919=CARTESIAN_POINT('',(-1.0322844488189,-0.133858267716535,-0.207308686852563));
#10920=CARTESIAN_POINT('',(0.207308686852563,-0.133858267716535,0.));
#10921=CARTESIAN_POINT('Origin',(0.215748031496063,-0.179527559055118,-0.215748031496063));
#10922=CARTESIAN_POINT('',(0.215748031496063,-0.102362204724409,-0.236220472440945));
#10923=CARTESIAN_POINT('',(0.215748031496063,0.,-0.215748031496063));
#10924=CARTESIAN_POINT('Origin',(0.,0.,0.));
#10925=CARTESIAN_POINT('Origin',(0.,-0.0314960629921259,-0.236220472440945));
#10926=CARTESIAN_POINT('',(0.184251968503937,-0.0314960629921259,-0.236220472440945));
#10927=CARTESIAN_POINT('Origin',(0.184251968503937,0.,-0.236220472440945));
#10928=CARTESIAN_POINT('',(0.184251968503937,-0.102362204724409,-0.236220472440945));
#10929=CARTESIAN_POINT('Origin',(0.146318875781717,0.0392060246031398,-0.236220472440945));
#10930=CARTESIAN_POINT('',(0.151963052677222,0.0181416696622095,-0.151963052677222));
#10931=CARTESIAN_POINT('',(0.147415085537765,0.0351149140978173,-0.252584914462235));
#10932=CARTESIAN_POINT('Origin',(0.226886204975172,-0.0607939753968578,
-0.236220472440945));
#10933=CARTESIAN_POINT('',(0.222924259204907,-0.0755801583083204,-0.177075740795093));
#10934=CARTESIAN_POINT('',(0.227472226344364,-0.0586069138727126,-0.227472226344364));
#10935=CARTESIAN_POINT('Origin',(-1.0322844488189,-0.102362204724409,-0.215748031496063));
#10936=CARTESIAN_POINT('Origin',(-1.0322844488189,-0.102362204724409,-0.184251968503937));
#10937=CARTESIAN_POINT('Origin',(-0.2251968503937,0.0196850393700787,-0.118110236220473));
#10938=CARTESIAN_POINT('',(-0.2251968503937,0.0196850393700787,-0.0935039370078755));
#10939=CARTESIAN_POINT('Origin',(-0.2251968503937,0.0196850393700787,-0.118110236220473));
#10940=CARTESIAN_POINT('',(-0.2251968503937,0.,-0.0935039370078755));
#10941=CARTESIAN_POINT('',(-0.2251968503937,0.0196850393700787,-0.0935039370078755));
#10942=CARTESIAN_POINT('Origin',(-0.2251968503937,0.,-0.118110236220473));
#10943=CARTESIAN_POINT('Origin',(-0.225196850393701,0.0196850393700787,
-2.35621889453543E-15));
#10944=CARTESIAN_POINT('',(-0.225196850393701,0.0196850393700787,0.0246062992125961));
#10945=CARTESIAN_POINT('Origin',(-0.225196850393701,0.0196850393700787,
-2.35621889453543E-15));
#10946=CARTESIAN_POINT('',(-0.225196850393701,0.,0.0246062992125961));
#10947=CARTESIAN_POINT('',(-0.225196850393701,0.0196850393700787,0.0246062992125961));
#10948=CARTESIAN_POINT('Origin',(-0.225196850393701,0.,-2.35621889453543E-15));
#10949=CARTESIAN_POINT('Origin',(-0.225196850393702,0.0196850393700787,
0.118110236220472));
#10950=CARTESIAN_POINT('',(-0.225196850393702,0.0196850393700787,0.142716535433072));
#10951=CARTESIAN_POINT('Origin',(-0.225196850393702,0.0196850393700787,
0.118110236220472));
#10952=CARTESIAN_POINT('',(-0.225196850393702,0.,0.142716535433072));
#10953=CARTESIAN_POINT('',(-0.225196850393702,0.0196850393700787,0.142716535433072));
#10954=CARTESIAN_POINT('Origin',(-0.225196850393702,0.,0.118110236220472));
#10955=CARTESIAN_POINT('Origin',(-1.02047244094488,0.216535433070866,1.88353559592922E-16));
#10956=CARTESIAN_POINT('',(-1.02047244094488,0.216535433070866,0.177165354330709));
#10957=CARTESIAN_POINT('',(-1.02047244094488,0.216535433070866,-0.177165354330708));
#10958=CARTESIAN_POINT('Origin',(-1.02047244094488,0.216535433070866,1.88353559592922E-16));
#10959=CARTESIAN_POINT('Origin',(-1.02047244094488,0.216535433070866,1.88353559592922E-16));
#10960=CARTESIAN_POINT('',(-1.03228346456693,0.216535433070866,-0.188976377952756));
#10961=CARTESIAN_POINT('Origin',(-1.02047244094488,0.216535433070866,-0.188976377952756));
#10962=CARTESIAN_POINT('Origin',(-1.03228346456693,0.216535433070866,1.89921263063246E-16));
#10963=CARTESIAN_POINT('Origin',(-1.02047244094488,0.216535433070866,1.88353559592922E-16));
#10964=CARTESIAN_POINT('',(-1.03228346456693,0.216535433070866,-0.106299212598425));
#10965=CARTESIAN_POINT('Origin',(-1.03228346456693,0.216535433070866,1.89921263063246E-16));
#10966=CARTESIAN_POINT('',(-1.02047244094488,0.216535433070866,-0.118110236220472));
#10967=CARTESIAN_POINT('Origin',(-1.02047244094488,0.216535433070866,-0.106299212598425));
#10968=CARTESIAN_POINT('',(-1.02047244094488,0.216535433070866,0.118110236220473));
#10969=CARTESIAN_POINT('Origin',(-1.02047244094488,0.216535433070866,1.88353559592922E-16));
#10970=CARTESIAN_POINT('Origin',(-1.02047244094488,0.216535433070866,1.88353559592922E-16));
#10971=CARTESIAN_POINT('Origin',(-1.02047244094488,0.216535433070866,1.88353559592922E-16));
#10972=CARTESIAN_POINT('',(-1.02047244094488,3.29793952696724E-5,-0.00377906438602579));
#10973=CARTESIAN_POINT('',(-1.02047244094488,3.29793952696212E-5,0.00377906438602614));
#10974=CARTESIAN_POINT('Origin',(-1.02047244094488,0.216535433070866,1.88353559592922E-16));
#10975=CARTESIAN_POINT('',(-1.03228346456693,0.0118422041412112,-0.00357293360133325));
#10976=CARTESIAN_POINT('Origin',(-1.02047244094488,0.0118422041412113,-0.00357293360133325));
#10977=CARTESIAN_POINT('',(-1.03228346456693,0.0118422041412112,0.00357293360133382));
#10978=CARTESIAN_POINT('Origin',(-1.03228346456693,0.216535433070866,1.89921263063246E-16));
#10979=CARTESIAN_POINT('Origin',(-1.02047244094488,0.0118422041412112,0.00357293360133382));
#10980=CARTESIAN_POINT('Origin',(-1.03228346456693,0.216535433070866,1.90060964588962E-16));
#10981=CARTESIAN_POINT('',(-0.481102362204725,0.216535433070866,0.177165354330709));
#10982=CARTESIAN_POINT('',(-1.03228346456693,0.216535433070866,0.177165354330709));
#10983=CARTESIAN_POINT('Origin',(-0.481102362204725,0.216535433070866,1.10382064773755E-16));
#10984=CARTESIAN_POINT('Origin',(-1.03228346456693,0.216535433070866,1.90060964588962E-16));
#10985=CARTESIAN_POINT('',(-0.481102362204725,3.29793952696078E-5,0.00377906438602616));
#10986=CARTESIAN_POINT('',(-1.03228346456693,3.29793952696212E-5,0.00377906438602614));
#10987=CARTESIAN_POINT('',(-0.481102362204724,3.29793952696212E-5,-0.00377906438602587));
#10988=CARTESIAN_POINT('Origin',(-0.481102362204725,0.216535433070866,1.10382064773755E-16));
#10989=CARTESIAN_POINT('',(-1.03228346456693,3.29793952696724E-5,-0.00377906438602579));
#10990=CARTESIAN_POINT('Origin',(-1.03228346456693,0.216535433070866,1.90060964588962E-16));
#10991=CARTESIAN_POINT('',(-0.481102362204724,0.216535433070866,0.118110236220473));
#10992=CARTESIAN_POINT('Origin',(-0.481102362204724,0.216535433070866,1.10382064773755E-16));
#10993=CARTESIAN_POINT('',(-1.03228346456693,0.216535433070866,0.118110236220473));
#10994=CARTESIAN_POINT('Origin',(-1.03228346456693,0.216535433070866,1.90060964588962E-16));
#10995=CARTESIAN_POINT('',(-1.03228346456693,0.216535433070866,0.0787401574803151));
#10996=CARTESIAN_POINT('Origin',(-1.03228346456693,0.216535433070866,1.90060964588962E-16));
#10997=CARTESIAN_POINT('',(-0.481102362204725,0.216535433070866,0.0787401574803151));
#10998=CARTESIAN_POINT('',(-1.03228346456693,0.216535433070866,0.0787401574803151));
#10999=CARTESIAN_POINT('Origin',(-0.481102362204725,0.216535433070866,1.10382064773755E-16));
#11000=CARTESIAN_POINT('Origin',(-0.481102362204724,0.452755905511811,0.236220472440945));
#11001=CARTESIAN_POINT('Origin',(-1.03228346456693,0.,1.43536687839722E-16));
#11002=CARTESIAN_POINT('Origin',(-0.481102362204724,0.452755905511811,0.236220472440945));
#11003=CARTESIAN_POINT('Origin',(-1.03228346456693,-3.29743723479668E-5,
-5.75569810158043E-7));
#11004=CARTESIAN_POINT('',(-1.02047244094488,0.,-0.00188967609642159));
#11005=CARTESIAN_POINT('',(-0.481102362204725,0.,-0.00188967609642167));
#11006=CARTESIAN_POINT('',(-1.03228346456693,0.,-0.00188967609642159));
#11007=CARTESIAN_POINT('',(-1.02047244094488,3.29793952696895E-5,-0.00377906438602579));
#11008=CARTESIAN_POINT('',(-0.481102362204725,-3.29743723479668E-5,-5.75569810237722E-7));
#11009=CARTESIAN_POINT('Origin',(-1.03228346456693,-3.29743723479684E-5,
5.75569810444553E-7));
#11010=CARTESIAN_POINT('',(-1.02047244094488,0.,0.00188967609642391));
#11011=CARTESIAN_POINT('',(-1.02047244094488,0.,0.00188967609642391));
#11012=CARTESIAN_POINT('',(-0.481102362204725,0.,0.00188967609642383));
#11013=CARTESIAN_POINT('',(-1.03228346456693,0.,0.00188967609642391));
#11014=CARTESIAN_POINT('',(-0.481102362204725,-3.29743723479684E-5,5.75569810364874E-7));
#11015=CARTESIAN_POINT('Origin',(-1.03228346456693,0.,1.43536687839722E-16));
#11016=CARTESIAN_POINT('',(-1.03228346456693,0.0118110236220472,-0.00178660285479836));
#11017=CARTESIAN_POINT('',(-1.03228346456693,0.0118092247459416,-0.00168354531172905));
#11018=CARTESIAN_POINT('',(-1.03228346456693,0.0118110236220472,0.0017866028548009));
#11019=CARTESIAN_POINT('',(-1.03228346456693,0.0118110236220472,1.43536687839722E-16));
#11020=CARTESIAN_POINT('',(-1.03228346456693,0.0118422041412112,0.00357293360133382));
#11021=CARTESIAN_POINT('Origin',(-0.362992125984252,-3.29015559633271E-33,
5.56315013594954E-17));
#11022=CARTESIAN_POINT('',(-0.362992125984252,0.31496062992126,-0.236220472440945));
#11023=CARTESIAN_POINT('',(-0.362992125984252,0.440944881889764,-0.236220472440945));
#11024=CARTESIAN_POINT('',(-0.362992125984252,-3.29015559633271E-33,-0.236220472440945));
#11025=CARTESIAN_POINT('',(-0.362992125984252,0.452755905511811,-0.224409448818898));
#11026=CARTESIAN_POINT('Origin',(-0.362992125984252,0.440944881889764,-0.224409448818898));
#11027=CARTESIAN_POINT('',(-0.362992125984252,0.452755905511811,-0.0984251968503936));
#11028=CARTESIAN_POINT('',(-0.362992125984252,0.452755905511811,5.56315013594954E-17));
#11029=CARTESIAN_POINT('Origin',(-0.362992125984252,0.31496062992126,-0.0984251968503936));
#11030=CARTESIAN_POINT('Origin',(-0.362992125984252,0.31496062992126,-0.0984251968503936));
#11031=CARTESIAN_POINT('',(0.207874015748032,0.452755905511811,-0.0984251968503937));
#11032=CARTESIAN_POINT('',(-0.362992125984252,0.452755905511811,-0.0984251968503936));
#11033=CARTESIAN_POINT('',(0.207874015748032,0.31496062992126,-0.236220472440945));
#11034=CARTESIAN_POINT('Origin',(0.207874015748032,0.31496062992126,-0.0984251968503937));
#11035=CARTESIAN_POINT('',(-0.362992125984252,0.31496062992126,-0.236220472440945));
#11036=CARTESIAN_POINT('Origin',(-0.362992125984252,-3.29015559633271E-33,
5.56315013594954E-17));
#11037=CARTESIAN_POINT('',(-0.362992125984252,0.452755905511811,0.0984251968503937));
#11038=CARTESIAN_POINT('',(-0.362992125984252,0.452755905511811,0.224409448818898));
#11039=CARTESIAN_POINT('',(-0.362992125984252,0.452755905511811,5.56315013594954E-17));
#11040=CARTESIAN_POINT('',(-0.362992125984252,0.440944881889764,0.236220472440945));
#11041=CARTESIAN_POINT('Origin',(-0.362992125984252,0.440944881889764,0.224409448818898));
#11042=CARTESIAN_POINT('',(-0.362992125984252,0.31496062992126,0.236220472440945));
#11043=CARTESIAN_POINT('',(-0.362992125984252,-3.29015559633271E-33,0.236220472440945));
#11044=CARTESIAN_POINT('Origin',(-0.362992125984252,0.31496062992126,0.0984251968503937));
#11045=CARTESIAN_POINT('Origin',(-0.362992125984252,0.31496062992126,0.0984251968503937));
#11046=CARTESIAN_POINT('',(0.207874015748032,0.31496062992126,0.236220472440945));
#11047=CARTESIAN_POINT('',(-0.362992125984252,0.31496062992126,0.236220472440945));
#11048=CARTESIAN_POINT('',(0.207874015748032,0.452755905511811,0.0984251968503937));
#11049=CARTESIAN_POINT('Origin',(0.207874015748032,0.31496062992126,0.0984251968503937));
#11050=CARTESIAN_POINT('',(-0.362992125984252,0.452755905511811,0.0984251968503937));
#11051=CARTESIAN_POINT('Origin',(0.207874015748032,0.393700787401575,-3.00503279303069E-17));
#11052=CARTESIAN_POINT('',(0.266929133858268,0.393700787401575,-0.0984251968503937));
#11053=CARTESIAN_POINT('Origin',(0.207874015748032,0.393700787401575,-0.0984251968503937));
#11054=CARTESIAN_POINT('',(0.207874015748032,0.452755905511811,-0.0984251968503937));
#11055=CARTESIAN_POINT('',(0.266929133858268,0.393700787401575,0.0984251968503937));
#11056=CARTESIAN_POINT('Origin',(0.207874015748032,0.393700787401575,0.0984251968503937));
#11057=CARTESIAN_POINT('',(0.266929133858268,0.393700787401575,0.0984251968503936));
#11058=CARTESIAN_POINT('Origin',(0.207874015748032,0.31496062992126,-0.0984251968503937));
#11059=CARTESIAN_POINT('',(0.266929133858268,0.31496062992126,-0.177165354330709));
#11060=CARTESIAN_POINT('Origin',(0.207874015748032,0.31496062992126,-0.177165354330709));
#11061=CARTESIAN_POINT('Origin',(0.266929133858268,0.31496062992126,-0.0984251968503937));
#11062=CARTESIAN_POINT('Origin',(0.207874015748032,0.31496062992126,0.0984251968503937));
#11063=CARTESIAN_POINT('',(0.266929133858268,0.31496062992126,0.177165354330709));
#11064=CARTESIAN_POINT('Origin',(0.207874015748032,0.31496062992126,0.177165354330709));
#11065=CARTESIAN_POINT('Origin',(0.266929133858268,0.31496062992126,0.0984251968503937));
#11066=CARTESIAN_POINT('Origin',(0.,0.452755905511811,0.));
#11067=CARTESIAN_POINT('',(-0.481102362204725,0.452755905511811,-0.224409448818898));
#11068=CARTESIAN_POINT('',(-0.481102362204725,0.452755905511811,-0.224409448818898));
#11069=CARTESIAN_POINT('',(-0.481102362204724,0.452755905511811,0.224409448818898));
#11070=CARTESIAN_POINT('',(-0.481102362204724,0.452755905511811,0.236220472440945));
#11071=CARTESIAN_POINT('',(-0.362992125984252,0.452755905511811,0.224409448818898));
#11072=CARTESIAN_POINT('Origin',(0.207874015748032,0.452755905511811,-0.177165354330709));
#11073=CARTESIAN_POINT('',(0.207874015748032,0.,-0.236220472440945));
#11074=CARTESIAN_POINT('',(0.266929133858268,0.,-0.177165354330709));
#11075=CARTESIAN_POINT('Origin',(0.207874015748032,0.,-0.177165354330709));
#11076=CARTESIAN_POINT('',(0.207874015748032,0.452755905511811,-0.236220472440945));
#11077=CARTESIAN_POINT('',(0.266929133858268,0.452755905511811,-0.177165354330709));
#11078=CARTESIAN_POINT('Origin',(0.266929133858268,0.452755905511811,-0.236220472440945));
#11079=CARTESIAN_POINT('',(-0.481102362204725,0.440944881889764,-0.236220472440945));
#11080=CARTESIAN_POINT('',(-0.481102362204725,0.,-0.236220472440945));
#11081=CARTESIAN_POINT('',(-0.481102362204725,0.452755905511811,-0.236220472440945));
#11082=CARTESIAN_POINT('',(-0.362992125984252,0.440944881889764,-0.236220472440945));
#11083=CARTESIAN_POINT('',(0.266929133858268,0.,-0.236220472440945));
#11084=CARTESIAN_POINT('Origin',(0.266929133858268,0.452755905511811,0.236220472440945));
#11085=CARTESIAN_POINT('',(-0.481102362204724,0.440944881889764,0.236220472440945));
#11086=CARTESIAN_POINT('',(-0.481102362204724,0.440944881889764,0.236220472440945));
#11087=CARTESIAN_POINT('',(-0.481102362204724,0.,0.236220472440945));
#11088=CARTESIAN_POINT('',(-0.481102362204724,0.452755905511811,0.236220472440945));
#11089=CARTESIAN_POINT('',(0.207874015748032,0.,0.236220472440945));
#11090=CARTESIAN_POINT('',(0.266929133858268,0.,0.236220472440945));
#11091=CARTESIAN_POINT('',(0.207874015748032,0.452755905511811,0.236220472440945));
#11092=CARTESIAN_POINT('Origin',(0.207874015748032,0.452755905511811,0.177165354330709));
#11093=CARTESIAN_POINT('',(0.266929133858268,0.,0.177165354330709));
#11094=CARTESIAN_POINT('Origin',(0.207874015748032,0.,0.177165354330709));
#11095=CARTESIAN_POINT('',(0.266929133858268,0.452755905511811,0.177165354330709));
#11096=CARTESIAN_POINT('Origin',(0.266929133858268,0.452755905511811,0.236220472440945));
#11097=CARTESIAN_POINT('',(0.266929133858268,0.,0.236220472440945));
#11098=CARTESIAN_POINT('Origin',(0.,0.,0.));
#11099=CARTESIAN_POINT('',(-1.02047244094488,0.,1.41968984369399E-16));
#11100=CARTESIAN_POINT('',(-0.481102362204724,0.,0.236220472440945));
#11101=CARTESIAN_POINT('',(-0.481102362204724,0.,0.236220472440945));
#11102=CARTESIAN_POINT('',(0.223622047244094,0.,-0.133858267716535));
#11103=CARTESIAN_POINT('',(0.223622047244094,0.,0.133858267716536));
#11104=CARTESIAN_POINT('',(0.223622047244094,0.,-0.133858267716535));
#11105=CARTESIAN_POINT('',(0.2,0.,-0.15748031496063));
#11106=CARTESIAN_POINT('Origin',(0.2,0.,-0.133858267716535));
#11107=CARTESIAN_POINT('',(-0.0803149606299211,0.,-0.15748031496063));
#11108=CARTESIAN_POINT('',(-0.0803149606299211,0.,-0.15748031496063));
#11109=CARTESIAN_POINT('',(-0.103937007874016,0.,-0.133858267716535));
#11110=CARTESIAN_POINT('Origin',(-0.0803149606299211,0.,-0.133858267716535));
#11111=CARTESIAN_POINT('',(-0.103937007874016,0.,-0.0925196850393701));
#11112=CARTESIAN_POINT('',(-0.103937007874016,0.,-0.0925196850393701));
#11113=CARTESIAN_POINT('',(-0.0803149606299211,0.,-0.0688976377952755));
#11114=CARTESIAN_POINT('Origin',(-0.0803149606299211,0.,-0.0925196850393701));
#11115=CARTESIAN_POINT('',(0.0956692913385826,0.,-0.0688976377952756));
#11116=CARTESIAN_POINT('',(0.0956692913385826,0.,-0.0688976377952756));
#11117=CARTESIAN_POINT('',(0.119291338582677,0.,-0.0452755905511811));
#11118=CARTESIAN_POINT('Origin',(0.0956692913385826,0.,-0.0452755905511811));
#11119=CARTESIAN_POINT('',(0.119291338582677,0.,0.0452755905511811));
#11120=CARTESIAN_POINT('',(0.119291338582677,0.,0.0452755905511811));
#11121=CARTESIAN_POINT('',(0.0956692913385826,0.,0.0688976377952756));
#11122=CARTESIAN_POINT('Origin',(0.0956692913385826,0.,0.0452755905511811));
#11123=CARTESIAN_POINT('',(-0.0803149606299213,0.,0.0688976377952756));
#11124=CARTESIAN_POINT('',(-0.0803149606299213,0.,0.0688976377952756));
#11125=CARTESIAN_POINT('',(-0.103937007874016,0.,0.0925196850393701));
#11126=CARTESIAN_POINT('Origin',(-0.0803149606299213,0.,0.0925196850393701));
#11127=CARTESIAN_POINT('',(-0.103937007874016,0.,0.133858267716535));
#11128=CARTESIAN_POINT('',(-0.103937007874016,0.,0.133858267716535));
#11129=CARTESIAN_POINT('',(-0.0803149606299213,0.,0.15748031496063));
#11130=CARTESIAN_POINT('Origin',(-0.0803149606299213,0.,0.133858267716535));
#11131=CARTESIAN_POINT('',(0.2,0.,0.15748031496063));
#11132=CARTESIAN_POINT('',(0.2,0.,0.15748031496063));
#11133=CARTESIAN_POINT('Origin',(0.2,0.,0.133858267716536));
#11134=CARTESIAN_POINT('Origin',(-0.481102362204724,0.452755905511811,0.236220472440945));
#11135=CARTESIAN_POINT('Origin',(-0.481102362204725,0.440944881889764,-0.224409448818898));
#11136=CARTESIAN_POINT('Origin',(-0.481102362204724,0.440944881889764,0.224409448818898));
#11137=CARTESIAN_POINT('Origin',(-1.02047244094488,0.0117762503735937,0.000205555214882379));
#11138=CARTESIAN_POINT('Origin',(-1.02047221606824,0.0118107987625343,-0.00178660481711747));
#11139=CARTESIAN_POINT('Origin',(-1.02047244094488,0.0118110236220472,1.41968984369399E-16));
#11140=CARTESIAN_POINT('Origin',(-1.02047221606824,0.0118107987625343,0.00178660481712029));
#11141=CARTESIAN_POINT('Origin',(-1.02047244094488,0.0117762503735937,-0.000205555214881884));
#11142=CARTESIAN_POINT('Origin',(-3.07332899287229E-17,0.440944881889764,
-0.224409448818898));
#11143=CARTESIAN_POINT('Origin',(3.0733289928723E-17,0.440944881889764,
0.224409448818898));
#11144=CARTESIAN_POINT('Origin',(-0.225196850393702,0.0196850393700787,
0.118110236220472));
#11145=CARTESIAN_POINT('Origin',(-0.225196850393701,0.0196850393700787,
-2.35621889453543E-15));
#11146=CARTESIAN_POINT('Origin',(-0.2251968503937,0.0196850393700787,-0.118110236220473));
#11147=CARTESIAN_POINT('Origin',(0.2,0.0196850393700787,-0.133858267716535));
#11148=CARTESIAN_POINT('',(0.223622047244094,0.0196850393700787,-0.133858267716535));
#11149=CARTESIAN_POINT('',(0.223622047244094,0.0196850393700787,-0.133858267716535));
#11150=CARTESIAN_POINT('',(0.2,0.0196850393700787,-0.15748031496063));
#11151=CARTESIAN_POINT('Origin',(0.2,0.0196850393700787,-0.133858267716535));
#11152=CARTESIAN_POINT('',(0.2,0.0196850393700787,-0.15748031496063));
#11153=CARTESIAN_POINT('Origin',(-0.0803149606299211,0.0196850393700787,
-0.15748031496063));
#11154=CARTESIAN_POINT('',(-0.0803149606299211,0.0196850393700787,-0.15748031496063));
#11155=CARTESIAN_POINT('',(-0.0803149606299211,0.0196850393700787,-0.15748031496063));
#11156=CARTESIAN_POINT('',(-0.0803149606299211,0.0196850393700787,-0.15748031496063));
#11157=CARTESIAN_POINT('Origin',(-0.0803149606299211,0.0196850393700787,
-0.133858267716535));
#11158=CARTESIAN_POINT('',(-0.103937007874016,0.0196850393700787,-0.133858267716535));
#11159=CARTESIAN_POINT('Origin',(-0.0803149606299211,0.0196850393700787,
-0.133858267716535));
#11160=CARTESIAN_POINT('',(-0.103937007874016,0.0196850393700787,-0.133858267716535));
#11161=CARTESIAN_POINT('Origin',(-0.103937007874016,0.0196850393700787,
-0.0925196850393701));
#11162=CARTESIAN_POINT('',(-0.103937007874016,0.0196850393700787,-0.0925196850393701));
#11163=CARTESIAN_POINT('',(-0.103937007874016,0.0196850393700787,-0.0925196850393701));
#11164=CARTESIAN_POINT('',(-0.103937007874016,0.0196850393700787,-0.0925196850393701));
#11165=CARTESIAN_POINT('Origin',(-0.0803149606299211,0.0196850393700787,
-0.0925196850393701));
#11166=CARTESIAN_POINT('',(-0.0803149606299211,0.0196850393700787,-0.0688976377952755));
#11167=CARTESIAN_POINT('Origin',(-0.0803149606299211,0.0196850393700787,
-0.0925196850393701));
#11168=CARTESIAN_POINT('',(-0.0803149606299211,0.0196850393700787,-0.0688976377952755));
#11169=CARTESIAN_POINT('Origin',(0.0956692913385826,0.0196850393700787,
-0.0688976377952756));
#11170=CARTESIAN_POINT('',(0.0956692913385826,0.0196850393700787,-0.0688976377952756));
#11171=CARTESIAN_POINT('',(0.0956692913385826,0.0196850393700787,-0.0688976377952756));
#11172=CARTESIAN_POINT('',(0.0956692913385826,0.0196850393700787,-0.0688976377952756));
#11173=CARTESIAN_POINT('Origin',(0.0956692913385826,0.0196850393700787,
-0.0452755905511811));
#11174=CARTESIAN_POINT('',(0.119291338582677,0.0196850393700787,-0.0452755905511811));
#11175=CARTESIAN_POINT('Origin',(0.0956692913385826,0.0196850393700787,
-0.0452755905511811));
#11176=CARTESIAN_POINT('',(0.119291338582677,0.0196850393700787,-0.0452755905511811));
#11177=CARTESIAN_POINT('Origin',(0.119291338582677,0.0196850393700787,0.0452755905511811));
#11178=CARTESIAN_POINT('',(0.119291338582677,0.0196850393700787,0.0452755905511811));
#11179=CARTESIAN_POINT('',(0.119291338582677,0.0196850393700787,0.0452755905511811));
#11180=CARTESIAN_POINT('',(0.119291338582677,0.0196850393700787,0.0452755905511811));
#11181=CARTESIAN_POINT('Origin',(0.0956692913385826,0.0196850393700787,
0.0452755905511811));
#11182=CARTESIAN_POINT('',(0.0956692913385826,0.0196850393700787,0.0688976377952756));
#11183=CARTESIAN_POINT('Origin',(0.0956692913385826,0.0196850393700787,
0.0452755905511811));
#11184=CARTESIAN_POINT('',(0.0956692913385826,0.0196850393700787,0.0688976377952756));
#11185=CARTESIAN_POINT('Origin',(-0.0803149606299213,0.0196850393700787,
0.0688976377952756));
#11186=CARTESIAN_POINT('',(-0.0803149606299213,0.0196850393700787,0.0688976377952756));
#11187=CARTESIAN_POINT('',(-0.0803149606299213,0.0196850393700787,0.0688976377952756));
#11188=CARTESIAN_POINT('',(-0.0803149606299213,0.0196850393700787,0.0688976377952756));
#11189=CARTESIAN_POINT('Origin',(-0.0803149606299213,0.0196850393700787,
0.0925196850393701));
#11190=CARTESIAN_POINT('',(-0.103937007874016,0.0196850393700787,0.0925196850393701));
#11191=CARTESIAN_POINT('Origin',(-0.0803149606299213,0.0196850393700787,
0.0925196850393701));
#11192=CARTESIAN_POINT('',(-0.103937007874016,0.0196850393700787,0.0925196850393701));
#11193=CARTESIAN_POINT('Origin',(-0.103937007874016,0.0196850393700787,
0.133858267716535));
#11194=CARTESIAN_POINT('',(-0.103937007874016,0.0196850393700787,0.133858267716535));
#11195=CARTESIAN_POINT('',(-0.103937007874016,0.0196850393700787,0.133858267716535));
#11196=CARTESIAN_POINT('',(-0.103937007874016,0.0196850393700787,0.133858267716535));
#11197=CARTESIAN_POINT('Origin',(-0.0803149606299213,0.0196850393700787,
0.133858267716535));
#11198=CARTESIAN_POINT('',(-0.0803149606299213,0.0196850393700787,0.15748031496063));
#11199=CARTESIAN_POINT('Origin',(-0.0803149606299213,0.0196850393700787,
0.133858267716535));
#11200=CARTESIAN_POINT('',(-0.0803149606299213,0.0196850393700787,0.15748031496063));
#11201=CARTESIAN_POINT('Origin',(0.2,0.0196850393700787,0.15748031496063));
#11202=CARTESIAN_POINT('',(0.2,0.0196850393700787,0.15748031496063));
#11203=CARTESIAN_POINT('',(0.2,0.0196850393700787,0.15748031496063));
#11204=CARTESIAN_POINT('',(0.2,0.0196850393700787,0.15748031496063));
#11205=CARTESIAN_POINT('Origin',(0.2,0.0196850393700787,0.133858267716536));
#11206=CARTESIAN_POINT('',(0.223622047244094,0.0196850393700787,0.133858267716536));
#11207=CARTESIAN_POINT('Origin',(0.2,0.0196850393700787,0.133858267716536));
#11208=CARTESIAN_POINT('',(0.223622047244094,0.0196850393700787,0.133858267716536));
#11209=CARTESIAN_POINT('Origin',(0.223622047244094,0.0196850393700787,-0.133858267716535));
#11210=CARTESIAN_POINT('',(0.223622047244094,0.0196850393700787,-0.133858267716535));
#11211=CARTESIAN_POINT('Origin',(0.2,0.0196850393700787,-0.133858267716535));
#11212=CARTESIAN_POINT('',(-0.375,0.531496062992125,0.216535433070866));
#11213=CARTESIAN_POINT('',(0.375,0.0503937007874027,1.74838271594513E-15));
#11214=UNCERTAINTY_MEASURE_WITH_UNIT(LENGTH_MEASURE(0.000393700787401575),
#11224,'DISTANCE_ACCURACY_VALUE',
'Maximum model space distance between geometric entities at asserted c
onnectivities');
#11215=UNCERTAINTY_MEASURE_WITH_UNIT(LENGTH_MEASURE(0.000393700787401575),
#11224,'DISTANCE_ACCURACY_VALUE',
'Maximum model space distance between geometric entities at asserted c
onnectivities');
#11216=UNCERTAINTY_MEASURE_WITH_UNIT(LENGTH_MEASURE(0.000393700787401575),
#11224,'DISTANCE_ACCURACY_VALUE',
'Maximum model space distance between geometric entities at asserted c
onnectivities');
#11217=UNCERTAINTY_MEASURE_WITH_UNIT(LENGTH_MEASURE(0.000393700787401575),
#11224,'DISTANCE_ACCURACY_VALUE',
'Maximum model space distance between geometric entities at asserted c
onnectivities');
#11218=(
GEOMETRIC_REPRESENTATION_CONTEXT(3)
GLOBAL_UNCERTAINTY_ASSIGNED_CONTEXT((#11214))
GLOBAL_UNIT_ASSIGNED_CONTEXT((#11224,#11228,#11229))
REPRESENTATION_CONTEXT('','3D')
);
#11219=(
GEOMETRIC_REPRESENTATION_CONTEXT(3)
GLOBAL_UNCERTAINTY_ASSIGNED_CONTEXT((#11215))
GLOBAL_UNIT_ASSIGNED_CONTEXT((#11224,#11228,#11229))
REPRESENTATION_CONTEXT('','3D')
);
#11220=(
GEOMETRIC_REPRESENTATION_CONTEXT(3)
GLOBAL_UNCERTAINTY_ASSIGNED_CONTEXT((#11216))
GLOBAL_UNIT_ASSIGNED_CONTEXT((#11224,#11228,#11229))
REPRESENTATION_CONTEXT('','3D')
);
#11221=(
GEOMETRIC_REPRESENTATION_CONTEXT(3)
GLOBAL_UNCERTAINTY_ASSIGNED_CONTEXT((#11217))
GLOBAL_UNIT_ASSIGNED_CONTEXT((#11224,#11228,#11229))
REPRESENTATION_CONTEXT('','3D')
);
#11222=DIMENSIONAL_EXPONENTS(1.,0.,0.,0.,0.,0.,0.);
#11223=DIMENSIONAL_EXPONENTS(0.,1.,0.,0.,0.,0.,0.);
#11224=(
CONVERSION_BASED_UNIT('inch',#11227)
LENGTH_UNIT()
NAMED_UNIT(#11222)
);
#11225=(
LENGTH_UNIT()
NAMED_UNIT(*)
SI_UNIT(.MILLI.,.METRE.)
);
#11226=(
LENGTH_UNIT()
NAMED_UNIT(*)
SI_UNIT(.CENTI.,.METRE.)
);
#11227=LENGTH_MEASURE_WITH_UNIT(LENGTH_MEASURE(25.4),#11225);
#11228=(
NAMED_UNIT(*)
PLANE_ANGLE_UNIT()
SI_UNIT($,.RADIAN.)
);
#11229=(
NAMED_UNIT(*)
SI_UNIT($,.STERADIAN.)
SOLID_ANGLE_UNIT()
);
#11230=SHAPE_DEFINITION_REPRESENTATION(#11233,#11238);
#11231=SHAPE_DEFINITION_REPRESENTATION(#11234,#11239);
#11232=SHAPE_DEFINITION_REPRESENTATION(#11235,#11240);
#11233=PRODUCT_DEFINITION_SHAPE('',$,#11242);
#11234=PRODUCT_DEFINITION_SHAPE('',$,#11243);
#11235=PRODUCT_DEFINITION_SHAPE('',$,#11244);
#11236=PRODUCT_DEFINITION_SHAPE($,$,#17);
#11237=PRODUCT_DEFINITION_SHAPE($,$,#18);
#11238=SHAPE_REPRESENTATION('',(#6515,#6993,#6994),#11218);
#11239=SHAPE_REPRESENTATION('',(#6516),#11219);
#11240=SHAPE_REPRESENTATION('',(#6824),#11220);
#11241=PRODUCT_DEFINITION_CONTEXT('part definition',#11252,'design');
#11242=PRODUCT_DEFINITION('PowerConnector','PowerConnector',#11245,#11241);
#11243=PRODUCT_DEFINITION('Part1','FCR7350',#11246,#11241);
#11244=PRODUCT_DEFINITION('FCR7350R','FCR7350R',#11247,#11241);
#11245=PRODUCT_DEFINITION_FORMATION('',$,#11254);
#11246=PRODUCT_DEFINITION_FORMATION('',$,#11255);
#11247=PRODUCT_DEFINITION_FORMATION('ANY',$,#11256);
#11248=PRODUCT_RELATED_PRODUCT_CATEGORY('PowerConnector',
'PowerConnector',(#11254));
#11249=PRODUCT_RELATED_PRODUCT_CATEGORY('FCR7350','FCR7350',(#11255));
#11250=PRODUCT_RELATED_PRODUCT_CATEGORY('FCR7350R','FCR7350R',(#11256));
#11251=APPLICATION_PROTOCOL_DEFINITION('international standard',
'automotive_design',2009,#11252);
#11252=APPLICATION_CONTEXT(
'Core Data for Automotive Mechanical Design Process');
#11253=PRODUCT_CONTEXT('part definition',#11252,'mechanical');
#11254=PRODUCT('PowerConnector','PowerConnector',$,(#11253));
#11255=PRODUCT('Part1','FCR7350',$,(#11253));
#11256=PRODUCT('FCR7350R','FCR7350R','STEP AP214',(#11253));
ENDSEC;
END-ISO-10303-21;
